"date","isin","cusip","ticker","ticker_raw","name","sector","prior_shares","today_shares","shares_delta","prior_weight","today_weight","weight_delta","price","dollar_flow","flow_type","gap_days","yahoo_ticker","adv_30d","overhang_days","par_value","price_vs_par_pct","signal_score"
"2026-06-08","-","-","USD","USD","USD CASH","Cash and/or Derivatives","-13021134.0","-8020974.0","5000160.0","-0.001","-0.0006","0.0004","100.0","500016000.0","UNCHANGED","4","","","","","",""
"2026-06-08","US0669224778","066922477","XTSLA","XTSLA","BLK CSH FND TREASURY SL AGENCY","Cash and/or Derivatives","47974919.0","41217577.0","-6757342.0","0.0035","0.0031","-0.0004","1.0","-6757342.0","UNCHANGED","4","","","","","",""
"2026-06-08","US0970232049","097023204","BA","BA","BOEING CO","Industrial","7796555.0","7771579.0","-24976.0","0.0392","0.0391","-0.0001","67.68","-1690375.68","SELL","4","BA",6729392,0.0,25.0,170.72,0.0
"2026-06-08","US5949728530","594972853","STRC","MSTR","STRATEGY INC","Industrial","4630084.0","4615244.0","-14840.0","0.0324","0.0332","0.0008","96.85","-1437254.0","SELL","4","STRC",3301747,0.0,25.0,287.4,0.0
"2026-06-08","US68389X2045","68389X204","ORCL-D","ORCL","ORACLE CORPORATION","Industrial","6781450.0","6759050.0","-22400.0","0.0332","0.0306","-0.0026","60.88","-1363712.0","SELL","4","ORCL-PD",1159455,0.0,25.0,143.52,0.0
"2026-06-08","US9497468044","949746804","WFC-L","WFC","WELLS FARGO & COMPANY SERIES L","Financial Institutions","269106.0","268238.0","-868.0","0.023","0.023","0.0","1153.0","-1000804.0","SELL","4","WFC-PL",5438,0.2,1000.0,15.3,0.0
"2026-06-08","US42824C2089","42824C208","HPE-A","HPE","HEWLETT PACKARD ENTERPRISE CONV PR","Industrial","2034700.0","2028176.0","-6524.0","0.0207","0.0193","-0.0014","128.09","-835659.16","SELL","4","","","",1000.0,-87.19,""
"2026-06-08","US0605056821","060505682","BAC-L","BAC","BANK OF AMERICA CORP","Financial Institutions","153856.0","153352.0","-504.0","0.0138","0.0139","0.0001","1219.1","-614426.4","SELL","4","BAC-PL",8165,0.1,1000.0,21.91,0.0
"2026-06-08","US0126532003","012653200","ALB","ALB","ALBEMARLE CORP","Industrial","3119864.0","3109868.0","-9996.0","0.0152","0.014","-0.0012","60.46","-604358.16","SELL","4","ALB",2015715,0.0,25.0,141.84,0.0
"2026-06-08","US1730802014","173080201","C","C","CITIGROUP CAPITAL XIII","Financial Institutions","6093250.0","6073734.0","-19516.0","0.0128","0.013","0.0002","28.76","-561280.16","SELL","4","C",10577477,0.0,25.0,15.04,0.0
"2026-06-08","US5950173022","595017302","MCHP","MCHP","MICROCHIP TECHNOLOGY INCORPORATED","Industrial","2012676.0","2006236.0","-6440.0","0.0119","0.0115","-0.0004","77.07","-496330.8","SELL","4","MCHP",11325955,0.0,25.0,208.28,0.0
"2026-06-08","US65339F6557","65339F655","NEE-V","NEE","NEXTERA ENERGY INC","Utility","3119864.0","3109868.0","-9996.0","0.0108","0.0107","-0.0001","46.47","-464514.12","SELL","4","NEE-PV",543641,0.0,25.0,85.88,0.0
"2026-06-08","US48251W5004","48251W500","KKR-D","KKR","KKR & CO INC","Financial Institutions","3506513.0","3495285.0","-11228.0","0.0106","0.0105","-0.0001","40.34","-452937.52","SELL","4","KKR-PD",170803,0.1,25.0,61.36,0.0
"2026-06-08","US65339F6631","65339F663","NEE-S","NEECU","NEXTERA ENERGY UNITS INC","Utility","2712912.0","2704232.0","-8680.0","0.0105","0.0105","0.0","52.07","-451967.6","SELL","4","NEE-PS",330208,0.0,25.0,108.28,0.0
"2026-06-08","US8425878423","842587842","SO-A","SO","SOUTHERN COMPANY (THE)","Utility","2710214.0","2701534.0","-8680.0","0.01","0.01","0.0","49.88","-432958.4","SELL","4","SOPA",2899873,0.0,25.0,99.52,0.0
"2026-06-08","US03769M3043","03769M304","APO","APO","APOLLO GLOBAL MANAGEMENT INC","Financial Institutions","1947837.0","1941593.0","-6244.0","0.0094","0.0095","0.0001","65.48","-408857.12","SELL","4","APO",3372152,0.0,25.0,161.92,0.0
"2026-06-08","US48128B6487","48128B648","JPM-EE","JPM","JPMORGAN CHASE & CO","Financial Institutions","5018904.0","5002832.0","-16072.0","0.0093","0.0094","0.0001","25.25","-405818.0","SELL","4","","","",25.0,1.0,""
"2026-06-08","US48128B6552","48128B655","JPM-DD","JPM","JPMORGAN CHASE & CO","Financial Institutions","4601794.0","4587066.0","-14728.0","0.0081","0.0081","0.0","23.77","-350084.56","SELL","4","","","",25.0,-4.92,""
"2026-06-08","US10950A2050","10950A205","BTSG","BTSG","BRIGHTSPRING HEALTH SERVICES UNITS","Industrial","541897.0","540161.0","-1736.0","0.0075","0.0078","0.0003","195.26","-338971.36","SELL","4","BTSG",2852979,0.0,1000.0,-80.47,0.0
"2026-06-08","US94988U1512","94988U151","WFC-Z","WFC","WELLS FARGO & COMPANY","Financial Institutions","5412464.0","5395132.0","-17332.0","0.0074","0.0074","0.0","18.42","-319255.44","SELL","4","WFC-PZ",181022,0.1,25.0,-26.32,2.63
"2026-06-08","US65339F1194","65339F119","NEE-T","NEECV","NEXTERA ENERGY UNITS INC","Utility","2031990.0","2025494.0","-6496.0","0.0073","0.0074","0.0001","48.84","-317264.64","SELL","4","NEE-PT",159625,0.0,25.0,95.36,0.0
"2026-06-08","US48128B5497","48128B549","JPM-LL","JPM","JPMORGAN CHASE NON-CUMULATIVE PREF","Financial Institutions","4999529.0","4983513.0","-16016.0","0.0069","0.0069","0.0","18.52","-296616.32","SELL","4","","","",25.0,-25.92,""
"2026-06-08","US48128B5232","48128B523","JPM-MM","JPM","JPMORGAN CHASE AND CO DS REPSTG T","Financial Institutions","5404918.0","5387614.0","-17304.0","0.0068","0.0068","0.0","16.99","-293994.96","SELL","4","","","",25.0,-32.04,""
"2026-06-08","US69331C3060","69331C306","PCG-A","PCG","PG&E CORPORATION","Utility","2180564.0","2173592.0","-6972.0","0.0066","0.0066","0.0","40.81","-284527.32","SELL","4","PCG-PA",6087,1.1,25.0,63.24,0.0
"2026-06-08","US00206R7061","00206R706","T-C","T","AT&T INC","Industrial","4740263.0","4725087.0","-15176.0","0.0063","0.0063","0.0","17.94","-272257.44","SELL","4","T-PC",108280,0.1,25.0,-28.24,2.82
"2026-06-08","US03990B3096","03990B309","ARES-B","ARES","ARES MANAGEMENT CORP","Financial Institutions","2031441.0","2024945.0","-6496.0","0.0064","0.0063","-0.0001","41.74","-271143.04","SELL","4","ARES-PB",123582,0.1,25.0,66.96,0.0
"2026-06-08","US5949728795","594972879","STRF","MSTR","STRATEGY INC","Industrial","684055.0","681255.0","-2800.0","0.0048","0.0048","0.0","94.5","-264600.0","SELL","4","STRF",85079,0.0,25.0,278.0,0.0
"2026-06-08","US1167942077","116794207","BRKR","BRKR","BRUKER CORPORATION","Industrial","187182.0","186594.0","-588.0","0.0063","0.0058","-0.0005","419.49","-246660.12","SELL","4","BRKR",2615138,0.0,1000.0,-58.05,0.0
"2026-06-08","US69351T8669","69351T866","PPL","PPL","PPL CORPORATION","Utility","1557129.0","1552145.0","-4984.0","0.0054","0.0055","0.0001","47.97","-239082.48","SELL","4","PPL",8671482,0.0,25.0,91.88,0.0
"2026-06-08","US00206R3003","00206R300","T","T","AT&T INC","Industrial","3581324.0","3569844.0","-11480.0","0.0054","0.0055","0.0001","20.62","-236717.6","SELL","4","T",35773551,0.0,25.0,-17.52,0.0
"2026-06-08","US48128B5802","48128B580","JPM-JJ","JPM","JPMORGAN CHASE DRC","Financial Institutions","4047212.0","4034248.0","-12964.0","0.0054","0.0055","0.0001","18.23","-236333.72","SELL","4","","","",25.0,-27.08,""
"2026-06-08","US14040H8245","14040H824","COF-I","COF","CAPITAL ONE FINANCIAL CORPORATION","Financial Institutions","4054545.0","4041553.0","-12992.0","0.0054","0.0054","0.0","17.95","-233206.4","SELL","4","COF-PI",107030,0.1,25.0,-28.2,2.82
"2026-06-08","US38144G8042","38144G804","GS-D","GS","GOLDMAN SACHS GROUP INC","Financial Institutions","3662380.0","3650648.0","-11732.0","0.0052","0.0052","0.0","19.16","-224785.12","SELL","4","GS-PD",105318,0.1,25.0,-23.36,2.34
"2026-06-08","US61762V8384","61762V838","MS-Q","MS","MORGAN STANLEY","Financial Institutions","2696942.0","2688318.0","-8624.0","0.005","0.0051","0.0001","25.39","-218963.36","SELL","4","MS-PQ",56020,0.2,25.0,1.56,0.0
"2026-06-08","US61761J4067","61761J406","MS-I","MS","MORGAN STANLEY","Financial Institutions","2696702.0","2688078.0","-8624.0","0.005","0.005","0.0","25.2","-217324.8","SELL","4","MS-PI",50583,0.2,25.0,0.8,0.0
"2026-06-08","US61762V8533","61762V853","MS-P","MS","MORGAN STANLEY DS REPRESENTING F","Financial Institutions","2712913.0","2704233.0","-8680.0","0.005","0.005","0.0","24.97","-216739.6","SELL","4","MS-PP",58304,0.1,25.0,-0.12,0.01
"2026-06-08","US0605052291","060505229","BAC-GG","BAC","BANK OF AMERICA CORP","Financial Institutions","2697063.0","2688439.0","-8624.0","0.0049","0.005","0.0001","24.82","-214047.68","SELL","4","","","",25.0,-0.72,""
"2026-06-08","US26441C5013","26441C501","DUK-A","DUK","DUKE ENERGY CORP","Utility","2707405.0","2698725.0","-8680.0","0.0049","0.0049","0.0","24.63","-213788.4","SELL","4","DUK-PA",63894,0.1,25.0,-1.48,0.15
"2026-06-08","US61762V6065","61762V606","MS-K","MS","MORGAN STANLEY","Financial Institutions","2712913.0","2704233.0","-8680.0","0.0047","0.0047","0.0","23.54","-204327.2","SELL","4","MS-PK",45723,0.2,25.0,-5.84,1.17
"2026-06-08","US00206R5081","00206R508","T-A","T","AT&T INC","Industrial","3248599.0","3238183.0","-10416.0","0.0046","0.0046","0.0","19.14","-199362.24","SELL","4","T-PA",82618,0.1,25.0,-23.44,2.34
"2026-06-08","US0200028381","020002838","ALL-H","ALL","ALLSTATE CORPORATION (THE)","Financial Institutions","3113128.0","3103160.0","-9968.0","0.0046","0.0046","0.0","19.89","-198263.52","SELL","4","ALL-PH",68375,0.1,25.0,-20.44,2.04
"2026-06-08","US61763E2072","61763E207","MS-F","MS","MORGAN STANLEY","Financial Institutions","2321674.0","2314226.0","-7448.0","0.0043","0.0044","0.0001","25.54","-190221.92","SELL","4","MS-PF",75923,0.1,25.0,2.16,0.0
"2026-06-08","US65339K8374","65339K837","NEE-U","NEE","NEXTERA ENERGY CAPITAL HOLDINGS IN","Utility","2362825.0","2355125.0","-7700.0","0.0043","0.0043","0.0","24.61","-189497.0","SELL","4","","","",25.0,-1.56,""
"2026-06-08","CA67000B2030","67000B203","NOVTV","NOVT","NOVANTA TANGIBLE EQUITY UNITS INC","Industrial","855941.0","853197.0","-2744.0","0.0043","0.0044","0.0001","68.92","-189116.48","SELL","4","","","",25.0,175.68,""
"2026-06-08","US5949728613","594972861","STRD","MSTR","STRATEGY INC","Industrial","740634.0","737848.0","-2786.0","0.0038","0.0037","-0.0001","67.51","-188082.86","SELL","4","STRD",102450,0.0,25.0,170.04,0.0
"2026-06-08","US61762V8616","61762V861","MS-O","MS","MORGAN STANLEY","Financial Institutions","3500111.0","3488911.0","-11200.0","0.0044","0.0043","-0.0001","16.75","-187600.0","SELL","4","MS-PO",103606,0.1,25.0,-33.0,3.3
"2026-06-08","US14040H7825","14040H782","COF-J","COF","CAPITAL ONE FINANCIAL CORPORATION","Financial Institutions","3373174.0","3362366.0","-10808.0","0.0043","0.0043","0.0","17.29","-186870.32","SELL","4","COF-PJ",92023,0.1,25.0,-30.84,3.08
"2026-06-08","US61762V2007","61762V200","MS-E","MS","MORGAN STANLEY DS","Financial Institutions","2289325.0","2281989.0","-7336.0","0.0043","0.0043","0.0","25.36","-186040.96","SELL","4","MS-PE",41895,0.2,25.0,1.44,0.0
"2026-06-08","US06053U6010","06053U601","BAC-KK","BAC","BANK AMER DS REPRESENTING NON CU","Financial Institutions","2729982.0","2721246.0","-8736.0","0.0043","0.0043","0.0","21.2","-185203.2","SELL","4","","","",25.0,-15.2,""
"2026-06-08","US61747S5047","61747S504","MS","MS","MORGAN STANLEY","Financial Institutions","2960709.0","2951217.0","-9492.0","0.0042","0.0043","0.0001","19.45","-184619.4","SELL","4","MS",5346127,0.0,25.0,-22.2,0.0
"2026-06-08","US04686J8615","04686J861","ATH-A","ATH","ATHENE HOLDING DS REPRESENTING P","Financial Institutions","2326970.0","2319522.0","-7448.0","0.0042","0.0042","0.0","24.59","-183146.32","SELL","4","ATH-PA",30814,0.2,25.0,-1.64,0.33
"2026-06-08","US98389B8789","98389B878","XEL","XEL","XCEL ENERGY INC","Utility","2436050.0","2428350.0","-7700.0","0.0043","0.0043","0.0","23.78","-183106.0","SELL","4","XEL",5375022,0.0,25.0,-4.88,0.0
"2026-06-08","US94988U1280","94988U128","WFC-AA","WFC","WELLS FARGO & COMPANY","Financial Institutions","3123608.0","3113612.0","-9996.0","0.0042","0.0042","0.0","18.26","-182526.96","SELL","4","","","",25.0,-26.96,""
"2026-06-08","US95002Y4008","95002Y400","WFC-DD","WFC","WELLS FARGO & COMPANY","Financial Institutions","3335711.0","3325015.0","-10696.0","0.0041","0.0041","0.0","16.54","-176911.84","SELL","4","","","",25.0,-33.84,""
"2026-06-08","US1729672428","172967242","C-II","C","CITIGROUP INC","Financial Institutions","2170331.0","2163387.0","-6944.0","0.004","0.004","0.0","24.82","-172350.08","SELL","4","CPII",2207,3.1,25.0,-0.72,2.23
"2026-06-08","US0605051798","060505179","BAC-K","BAC","BANK OF AMERICA CORP","Financial Institutions","2071481.0","2064845.0","-6636.0","0.0039","0.0039","0.0","25.62","-170014.32","SELL","4","BAC-PK",46877,0.1,25.0,2.48,0.0
"2026-06-08","US55261F8648","55261F864","MTB-J","MTB","M T BK DEP INT PERP PFD STK SER J","Financial Institutions","2029522.0","2023026.0","-6496.0","0.0039","0.0039","0.0","25.87","-168051.52","SELL","4","MTB-PJ",40258,0.2,25.0,3.48,0.0
"2026-06-08","US8425878001","842587800","SO","SO","SOUTHERN COMPANY (THE)","Utility","2702192.0","2693540.0","-8652.0","0.0038","0.0039","0.0001","19.35","-167416.2","SELL","4","SO",5417430,0.0,25.0,-22.6,0.0
"2026-06-08","US5949728878","594972887","STRK","MSTR","STRATEGY INC","Industrial","740648.0","738254.0","-2394.0","0.0037","0.0038","0.0001","68.65","-164348.1","SELL","4","STRK",143981,0.0,25.0,174.6,0.0
"2026-06-08","US9029731554","902973155","USB-B","USB","US BANCORP","Financial Institutions","2712913.0","2704233.0","-8680.0","0.0038","0.0038","0.0","18.87","-163791.6","SELL","4","","","",25.0,-24.52,""
"2026-06-08","US7593518852","759351885","RGA","RGA","REINSURANCE GROUP OF AMERICA INCOR","Financial Institutions","1893358.0","1887058.0","-6300.0","0.0035","0.0036","0.0001","25.44","-160272.0","SELL","4","RGA",363570,0.0,25.0,1.76,0.0
"2026-06-08","US0357108705","035710870","NLY-F","NLY","ANNALY CAPITAL MANAGEMENT INC","Financial Institutions","1953305.0","1947061.0","-6244.0","0.0037","0.0037","0.0","25.52","-159346.88","SELL","4","NLY-PF",36452,0.2,25.0,2.08,0.0
"2026-06-08","US59156R8503","59156R850","MET-F","MET","METLIFE INC","Financial Institutions","2698402.0","2689750.0","-8652.0","0.0036","0.0037","0.0001","18.31","-158418.12","SELL","4","MET-PF",93336,0.1,25.0,-26.76,2.68
"2026-06-08","US8085136005","808513600","SCHW-D","SCHW","CHARLES SCHWAB CORPORATION (THE)","Financial Institutions","2034701.0","2028177.0","-6524.0","0.0036","0.0037","0.0001","24.25","-158207.0","SELL","4","SCHW-PD",50440,0.1,25.0,-3.0,0.3
"2026-06-08","US06055H2022","06055H202","BAC-LL","BAC","BANK OF AMERICA CORPORATION DEPOSI","Financial Institutions","2502244.0","2494236.0","-8008.0","0.0036","0.0036","0.0","19.58","-156796.64","SELL","4","","","",25.0,-21.68,""
"2026-06-08","US59156R8768","59156R876","MET-E","MET","METLIFE INC","Financial Institutions","2171971.0","2165027.0","-6944.0","0.0035","0.0035","0.0","22.03","-152976.32","SELL","4","MET-PE",57019,0.1,25.0,-11.88,1.19
"2026-06-08","US00775V1044","00775V104","AEGON","AEGON","AEGON FUNDING CORPORATION II","Financial Institutions","2509452.0","2501416.0","-8036.0","0.0035","0.0035","0.0","18.95","-152282.2","SELL","4","","","",25.0,-24.2,""
"2026-06-08","US95002Y2028","95002Y202","WFC-CC","WFC","WELLS FARGO & COMPANY","Financial Institutions","2792039.0","2783107.0","-8932.0","0.0035","0.0035","0.0","17.0","-151844.0","SELL","4","","","",25.0,-32.0,""
"2026-06-08","US48128B6222","48128B622","JPM-GG","JPM","JPMORGAN CHASE & CO","Financial Institutions","2417683.0","2409927.0","-7756.0","0.0034","0.0034","0.0","19.06","-147829.36","SELL","4","","","",25.0,-23.76,""
"2026-06-08","US89832Q6952","89832Q695","TFC-R","TFC","TRUIST FINANCIAL DRC CORP","Financial Institutions","2502027.0","2494019.0","-8008.0","0.0034","0.0034","0.0","18.2","-145745.6","SELL","4","TFC-PR",59397,0.1,25.0,-27.2,2.72
"2026-06-08","US3453708378","345370837","F","F","FORD MOTOR COMPANY","Industrial","2156310.0","2149394.0","-6916.0","0.0033","0.0032","-0.0001","20.25","-140049.0","SELL","4","F",71835587,0.0,25.0,-19.0,0.0
"2026-06-08","US94988U6560","94988U656","WFC-Y","WFC","WELLS FARGO & COMPANY","Financial Institutions","1872284.0","1866292.0","-5992.0","0.0032","0.0032","0.0","23.01","-137875.92","SELL","4","WFC-PY",33983,0.2,25.0,-7.96,1.59
"2026-06-08","US8168516040","816851604","SRE","SRE","SEMPRA ENERGY","Utility","2048613.0","2042061.0","-6552.0","0.0032","0.0032","0.0","20.94","-137198.88","SELL","4","SRE",3491992,0.0,25.0,-16.24,0.0
"2026-06-08","US3453708451","345370845","F","F","FORD MOTOR COMPANY","Industrial","2020762.0","2014294.0","-6468.0","0.0032","0.0031","-0.0001","20.98","-135698.64","SELL","4","F",71835587,0.0,25.0,-16.08,0.0
"2026-06-08","US0200027888","020002788","ALL-J","ALL","ALLSTATE DEP REPSTG TH NON CUM PE","Financial Institutions","1616379.0","1611199.0","-5180.0","0.0031","0.0031","0.0","26.05","-134939.0","SELL","4","ALL-PJ",31492,0.2,25.0,4.2,0.0
"2026-06-08","US65339K8606","65339K860","NEE-N","NEE","NEXTERA ENERGY CAPITAL HOLDINGS IN","Utility","1852886.0","1846950.0","-5936.0","0.0031","0.0031","0.0","22.54","-133797.44","SELL","4","","","",25.0,-9.84,""
"2026-06-08","US06055H8060","06055H806","BAC-QQ","BAC","BANK OF AMERICA CORP","Financial Institutions","2487785.0","2479805.0","-7980.0","0.0031","0.0031","0.0","16.67","-133026.6","SELL","4","","","",25.0,-33.32,""
"2026-06-08","US03769M2052","03769M205","APO","APO","APOLLO GLOBAL MANAGEMENT INC","Financial Institutions","1614580.0","1609400.0","-5180.0","0.003","0.003","0.0","25.42","-131675.6","SELL","4","APO",3372355,0.0,25.0,1.68,0.0
"2026-06-08","US65339K8291","65339K829","NEE-Z","NEE","NEXTERA ENERGY CAPITAL HOLDINGS IN","Utility","1616818.0","1611638.0","-5180.0","0.003","0.003","0.0","24.95","-129241.0","SELL","4","","","",25.0,-0.2,""
"2026-06-08","US4932678430","493267843","KEY","KEY","KEYCORP","Financial Institutions","1621220.0","1616040.0","-5180.0","0.003","0.003","0.0","24.92","-129085.6","SELL","4","KEY",10362974,0.0,25.0,-0.32,0.0
"2026-06-08","US0605051954","060505195","BAC-HH","BAC","BANK OF AMERICA DEP REPRESENTING","Financial Institutions","1631064.0","1625828.0","-5236.0","0.0029","0.0029","0.0","24.3","-127234.8","SELL","4","","","",25.0,-2.8,""
"2026-06-08","US38143Y6656","38143Y665","GS-A","GS","GOLDMAN SACHS GROUP INC","Financial Institutions","2026067.0","2019571.0","-6496.0","0.0029","0.0029","0.0","19.4","-126022.4","SELL","4","GS-PA",51745,0.1,25.0,-22.4,2.24
"2026-06-08","US00123Q8722","00123Q872","AGNC-F","AGNC","AGNC INVESTMENT CORP","Financial Institutions","1553067.0","1548083.0","-4984.0","0.0029","0.0029","0.0","25.15","-125347.6","SELL","4","","","",25.0,0.6,""
"2026-06-08","US2333317921","233331792","DTE-H","DTE","DTE ENERGY COMPANY","Utility","1622167.0","1616959.0","-5208.0","0.0029","0.0029","0.0","23.98","-124887.84","SELL","4","","","",25.0,-4.08,""
"2026-06-08","US48251W6093","48251W609","KKR-T","KKR","KKR & CO INC","Financial Institutions","1586123.0","1581055.0","-5068.0","0.0029","0.0029","0.0","24.61","-124723.48","SELL","4","","","",25.0,-1.56,""
"2026-06-08","US04686J8383","04686J838","ATH","ATH","ATHENE HOLDING LTD","Financial Institutions","1545739.0","1540783.0","-4956.0","0.0028","0.0029","0.0001","24.99","-123850.44","SELL","4","","","",25.0,-0.04,""
"2026-06-08","US1258968452","125896845","CMS","CMS","CMS ENERGY CORPORATION","Utility","1703186.0","1697726.0","-5460.0","0.0028","0.0028","0.0","22.41","-122358.6","SELL","4","CMS",2930592,0.0,25.0,-10.36,0.0
"2026-06-08","US87165B2025","87165B202","SYF-A","SYF","SYNCHRONY FINANCIAL","Financial Institutions","2028021.0","2021721.0","-6300.0","0.0029","0.0029","0.0","19.38","-122094.0","SELL","4","SYF-PA",55023,0.1,25.0,-22.48,2.25
"2026-06-08","US8425878670","842587867","SO","SO","SOUTHERN COMPANY (THE)","Utility","1522279.0","1517407.0","-4872.0","0.0028","0.0028","0.0","25.03","-121946.16","SELL","4","SO",5417434,0.0,25.0,0.12,0.0
"2026-06-08","US12542R3084","12542R308","CHSINC","CHSINC","CHS CUMULATIVE REDEEMABLE PREF CLA","Industrial","1448719.0","1444071.0","-4648.0","0.0028","0.0028","0.0","26.15","-121545.2","SELL","4","","","",25.0,4.6,""
"2026-06-08","US7838922018","783892201","EIX-M","EIX","SCE TRUST VII","Utility","1492166.0","1487378.0","-4788.0","0.0027","0.0027","0.0","24.85","-118981.8","SELL","4","","","",25.0,-0.6,""
"2026-06-08","US21871X2080","21871X208","CRBG","CRBG","COREBRIDGE FINANCIAL INC","Financial Institutions","1627831.0","1622623.0","-5208.0","0.0027","0.0027","0.0","22.21","-115669.68","SELL","4","CRBG",7234740,0.0,25.0,-11.16,0.0
"2026-06-08","US12542R8034","12542R803","CHSINC","CHSINC","CHS INC","Industrial","1396967.0","1392487.0","-4480.0","0.0026","0.0027","0.0001","25.74","-115315.2","SELL","4","","","",25.0,2.96,""
"2026-06-08","US8794337613","879433761","TDS-VV","TDS","TELEPHONE AND DATA SYSTEMS INC","Industrial","1862875.0","1856911.0","-5964.0","0.0027","0.0027","0.0","19.25","-114807.0","SELL","4","","","",25.0,-23.0,""
"2026-06-08","US3453708113","345370811","F","F","FORD MOTOR COMPANY","Industrial","1619487.0","1614307.0","-5180.0","0.0027","0.0026","-0.0001","21.93","-113597.4","SELL","4","F",71836512,0.0,25.0,-12.28,0.0
"2026-06-08","US59156R5046","59156R504","MET-A","MET","METLIFE INC","Financial Institutions","1620062.0","1614882.0","-5180.0","0.0026","0.0026","0.0","21.81","-112975.8","SELL","4","MET-PA",66592,0.1,25.0,-12.76,1.28
"2026-06-08","US06055H4002","06055H400","BAC-NN","BAC","BANK OF AMERICA CORP","Financial Institutions","2056489.0","2049909.0","-6580.0","0.0026","0.0026","0.0","17.15","-112847.0","SELL","4","","","",25.0,-31.4,""
"2026-06-08","US05990K8412","05990K841","BANC-F","BANC","BANC OF CALIFORNIA INC","Financial Institutions","1392373.0","1387921.0","-4452.0","0.0026","0.0026","0.0","25.2","-112190.4","SELL","4","BANC-PF",39402,0.1,25.0,0.8,0.0
"2026-06-08","US82846H5046","82846H504","QXO","QXO","QXO INC","Industrial","777352.0","774860.0","-2492.0","0.0026","0.0026","0.0","44.89","-111865.88","SELL","4","QXO",15852942,0.0,25.0,79.56,0.0
"2026-06-08","US87165B4005","87165B400","SYF-B","SYF","SYNCHRONY FINANCIAL","Financial Institutions","1352825.0","1348485.0","-4340.0","0.0026","0.0026","0.0","25.69","-111494.6","SELL","4","SYF-PB",30151,0.1,25.0,2.76,0.0
"2026-06-08","US82452J3077","82452J307","FOUR","FOUR","SHIFT4 PAYMENTS INC","Industrial","678310.0","676126.0","-2184.0","0.0026","0.0026","0.0","51.0","-111384.0","SELL","4","FOUR",1579633,0.0,25.0,104.0,0.0
"2026-06-08","US0200023093","020002309","ALL","ALL","ALLSTATE CORPORATION (THE)","Financial Institutions","1349400.0","1345088.0","-4312.0","0.0025","0.0026","0.0001","25.83","-111378.96","SELL","4","ALL",1663913,0.0,25.0,3.32,0.0
"2026-06-08","US04686J5074","04686J507","ATH-E","ATH","ATHENE HLDG LTD DEP SHR REPSTG I","Financial Institutions","1342166.0","1337854.0","-4312.0","0.0025","0.0025","0.0","25.52","-110042.24","SELL","4","ATH-PE",47562,0.1,25.0,2.08,0.0
"2026-06-08","US7591EP8604","7591EP860","RF","RF","REGIONS FINANCIAL CORPORATION","Financial Institutions","1352863.0","1348523.0","-4340.0","0.0025","0.0025","0.0","25.31","-109845.4","SELL","4","RF",9878538,0.0,25.0,1.24,0.0
"2026-06-08","US4932677028","493267702","KEY-E","KEY","KEYCORP","Financial Institutions","1356427.0","1352087.0","-4340.0","0.0025","0.0025","0.0","25.01","-108543.4","SELL","4","","","",25.0,0.04,""
"2026-06-08","US8425878837","842587883","SO-C","SO","SOUTHERN COMPANY (THE)","Utility","2018489.0","2012021.0","-6468.0","0.0025","0.0025","0.0","16.77","-108468.36","SELL","4","","","",25.0,-32.92,""
"2026-06-08","US7443208050","744320805","PRU","PRU","PRUDENTIAL FINANCIAL INC","Financial Institutions","1532298.0","1527398.0","-4900.0","0.0025","0.0025","0.0","21.92","-107408.0","SELL","4","PRU",2182826,0.0,25.0,-12.32,0.0
"2026-06-08","US9029737593","902973759","USB-K","USB","US BANCORP","Financial Institutions","1559955.0","1554971.0","-4984.0","0.0025","0.0025","0.0","21.5","-107156.0","SELL","4","","","",25.0,-14.0,""
"2026-06-08","US7591EP7044","7591EP704","RF-C","RF","REGIONS FINANCIAL CORPORATION","Financial Institutions","1352610.0","1348270.0","-4340.0","0.0024","0.0024","0.0","24.24","-105201.6","SELL","4","RF-PC",31067,0.1,25.0,-3.04,0.3
"2026-06-08","US12542R7044","12542R704","CHSINC","CHSINC","CHS RESET RATE CUMULATIVE REDEEMAB","Industrial","1323757.0","1319557.0","-4200.0","0.0024","0.0025","0.0001","25.01","-105042.0","SELL","4","","","",25.0,0.04,""
"2026-06-08","US89832Q7455","89832Q745","TFC-O","TFC","TRUIST FINANCIAL PERPETUAL PREF SE","Financial Institutions","1555486.0","1550502.0","-4984.0","0.0024","0.0024","0.0","20.89","-104115.76","SELL","4","TFC-PO",38022,0.1,25.0,-16.44,1.64
"2026-06-08","US26441C4024","26441C402","DUK","DUK","DUKE ENERGY CORP","Utility","1352551.0","1348211.0","-4340.0","0.0024","0.0024","0.0","23.83","-103422.2","SELL","4","DUK",3068492,0.0,25.0,-4.68,0.0
"2026-06-08","US55261F8499","55261F849","MTB-K","MTB","M&T BANK CORPORATION","Financial Institutions","1216375.0","1212175.0","-4200.0","0.0022","0.0022","0.0","24.51","-102942.0","SELL","4","MTB-PK",30101,0.1,25.0,-1.96,0.2
"2026-06-08","US3167736053","316773605","FITB-I","FITB","FIFTH THIRD BANCORP DEPOSITARY SHA","Financial Institutions","1220774.0","1216854.0","-3920.0","0.0023","0.0023","0.0","25.68","-100665.6","SELL","4","","","",25.0,2.72,""
"2026-06-08","US64828T7063","64828T706","RITM-D","RITM","NEW RESIDENTIAL INVESTMENT CORP","Financial Institutions","1261495.0","1257463.0","-4032.0","0.0023","0.0023","0.0","24.96","-100638.72","SELL","4","RITM-PD",38375,0.1,25.0,-0.16,0.02
"2026-06-08","US6494452021","649445202","FLG-A","FLG","NEW YORK COMMUNITY BANCORP INT FXD","Financial Institutions","1391479.0","1387027.0","-4452.0","0.0024","0.0023","-0.0001","22.58","-100526.16","SELL","4","FLG-PA",23013,0.2,25.0,-9.68,1.94
"2026-06-08","US9029737189","902973718","USB-M","USB","US BANCORP","Financial Institutions","2011340.0","2004900.0","-6440.0","0.0023","0.0023","0.0","15.44","-99433.6","SELL","4","","","",25.0,-38.24,""
"2026-06-08","BMG1624R1079","-","BPY","BPY","BROOKFIELD PROPERTY PREFERRED PREF","Industrial","1820652.0","1814828.0","-5824.0","0.0022","0.0023","0.0001","17.03","-99182.72","SELL","4","","","",25.0,-31.88,""
"2026-06-08","US0357108473","035710847","NLY-I","NLY","ANNALY CAPITAL MANAGEMENT INC","Financial Institutions","1200456.0","1196620.0","-3836.0","0.0022","0.0023","0.0001","25.34","-97204.24","SELL","4","NLY-PI",34285,0.1,25.0,1.36,0.0
"2026-06-08","US0357108622","035710862","NLY-G","NLY","ANNALY CAPITAL MANAGEMENT INC","Financial Institutions","1152949.0","1149253.0","-3696.0","0.0021","0.0021","0.0","25.02","-92473.92","SELL","4","NLY-PG",17687,0.2,25.0,0.08,0.0
"2026-06-08","US8574778556","857477855","STT-G","STT","STATE STREET CORP","Financial Institutions","1356427.0","1352087.0","-4340.0","0.0021","0.0021","0.0","21.27","-92311.8","SELL","4","STT-PG",34062,0.1,25.0,-14.92,1.49
"2026-06-08","US97650W7020","97650W702","WTFC-F","WTFC","WINTRUST FINANCIAL CORPORATION","Financial Institutions","1148450.0","1144950.0","-3500.0","0.0022","0.0022","0.0","26.21","-91735.0","SELL","4","","","",25.0,4.84,""
"2026-06-08","US06055H6080","06055H608","BAC-PP","BAC","BANK OF AMERICA DRC CORP","Financial Institutions","1737789.0","1732217.0","-5572.0","0.0021","0.0021","0.0","16.39","-91325.08","SELL","4","BAC-PP",53347,0.1,25.0,-34.44,3.44
"2026-06-08","US0082528276","008252827","AMG","AMG","AFFILIATED MANAGERS GROUP INC.","Financial Institutions","1213277.0","1209385.0","-3892.0","0.0021","0.0021","0.0","23.44","-91228.48","SELL","4","AMG",315301,0.0,25.0,-6.24,0.0
"2026-06-08","US9182842099","918284209","VSEC","VSEC","VSE CORP","Industrial","621086.0","619098.0","-1988.0","0.0022","0.0021","-0.0001","45.82","-91090.16","SELL","4","VSEC",462028,0.0,25.0,83.28,0.0
"2026-06-08","US12542R5063","12542R506","CHSINC","CHSINC","CHS INC","Industrial","1126758.0","1123146.0","-3612.0","0.0021","0.0021","0.0","25.14","-90805.68","SELL","4","","","",25.0,0.56,""
"2026-06-08","US14040H7585","14040H758","COF-L","COF","CAPITAL ONE FINANCIAL CORPORATION","Financial Institutions","1814101.0","1808305.0","-5796.0","0.0021","0.0021","0.0","15.62","-90533.52","SELL","4","COF-PL",44952,0.1,25.0,-37.52,3.75
"2026-06-08","US8085138654","808513865","SCHW-J","SCHW","CHARLES SCHWAB CORPORATION (THE)","Financial Institutions","1614506.0","1609326.0","-5180.0","0.0021","0.0021","0.0","17.35","-89873.0","SELL","4","SCHW-PJ",60775,0.1,25.0,-30.6,3.06
"2026-06-08","US3167738372","316773837","FITBM","FITB","FIFTH THIRD BANCORP DEPOSITARY SHA","Financial Institutions","1076665.0","1073221.0","-3444.0","0.0021","0.0021","0.0","26.07","-89785.08","SELL","4","FITBM",24124,0.1,25.0,4.28,0.0
"2026-06-08","US00123Q8078","00123Q807","AGNC-E","AGNC","AGNC INVESTMENT CORP","Financial Institutions","1091896.0","1088396.0","-3500.0","0.002","0.0021","0.0001","25.5","-89250.0","SELL","4","","","",25.0,2.0,""
"2026-06-08","US1746106004","174610600","CFG-H","CFG","CITIZENS FINANCIAL GROUP INC","Financial Institutions","1076457.0","1073013.0","-3444.0","0.002","0.0021","0.0001","25.79","-88820.76","SELL","4","CFG-PH",24348,0.1,25.0,3.16,0.0
"2026-06-08","US74460W5528","74460W552","PSA-L","PSA","PUBLIC STORAGE","Financial Institutions","1517699.0","1512827.0","-4872.0","0.002","0.002","0.0","18.09","-88134.48","SELL","4","PSA-PL",36781,0.1,25.0,-27.64,2.76
"2026-06-08","US7593518027","759351802","RGA","RGA","REINSURANCE GROUP OF AMERICA INCOR","Financial Institutions","1076183.0","1072739.0","-3444.0","0.002","0.002","0.0","25.32","-87202.08","SELL","4","RGA",363583,0.0,25.0,1.28,0.0
"2026-06-08","US9633202059","963320205","WHR-A","WHR","WHIRLPOOL CORPORATION","Industrial","779281.0","776789.0","-2492.0","0.002","0.002","0.0","34.99","-87195.08","SELL","4","WHR-PA",233318,0.0,25.0,39.96,0.0
"2026-06-08","US1746108083","174610808","CFG-I","CFG","CITIZENS FINANCIAL GROUP INC","Financial Institutions","1076267.0","1072823.0","-3444.0","0.002","0.002","0.0","25.18","-86719.92","SELL","4","CFG-PI",78697,0.0,25.0,0.72,0.0
"2026-06-08","US31959X4007","31959X400","FCNCA","FCNCA","FIRST CITIZENS BANCSHARES INC (DEL","Financial Institutions","1077921.0","1074477.0","-3444.0","0.002","0.002","0.0","25.03","-86203.32","SELL","4","FCNCA",61016,0.1,25.0,0.12,0.0
"2026-06-08","US3205178409","320517840","FHN-H","FHN","FIRST HORIZON CORP","Financial Institutions","1082028.0","1078556.0","-3472.0","0.002","0.002","0.0","24.8","-86105.6","SELL","4","FHN-PH",72409,0.0,25.0,-0.8,0.0
"2026-06-08","US9029738666","902973866","USB-A","USB","US BANCORP","Financial Institutions","38650.0","38538.0","-112.0","0.0022","0.0022","0.0","767.46","-85955.52","SELL","4","USB-PA",713,0.2,1000.0,-23.25,4.65
"2026-06-08","US64828T5083","64828T508","RITM-C","RITM","NEW RESIDENTIAL INVESTMENT CORP","Financial Institutions","1078623.0","1075179.0","-3444.0","0.0019","0.002","0.0001","24.4","-84033.6","SELL","4","RITM-PC",25169,0.1,25.0,-2.4,0.24
"2026-06-08","US61762V8046","61762V804","MS-L","MS","MORGAN STANLEY","Financial Institutions","1331215.0","1326959.0","-4256.0","0.0019","0.0019","0.0","19.58","-83332.48","SELL","4","MS-PL",26621,0.2,25.0,-21.68,4.34
"2026-06-08","US74460W4612","74460W461","PSA-P","PSA","PUBLIC STORAGE","Financial Institutions","1626244.0","1621036.0","-5208.0","0.0019","0.0019","0.0","15.75","-82026.0","SELL","4","PSA-PP",35732,0.1,25.0,-37.0,3.7
"2026-06-08","US87264A1051","87264A105","TMUS","TMUS","T-MOBILE USA INC","Industrial","1060137.0","1056749.0","-3388.0","0.0019","0.0019","0.0","24.08","-81583.04","SELL","4","TMUS",5137369,0.0,25.0,-3.68,0.0
"2026-06-08","US72348N3070","72348N307","PNFP-B","PNFP","PINNACLE FINANCIAL PARTNERS NON CU","Financial Institutions","946238.0","943214.0","-3024.0","0.0018","0.0019","0.0001","26.63","-80529.12","SELL","4","PNFP-PB",40046,0.1,25.0,6.52,0.0
"2026-06-08","US04686J4085","04686J408","ATH-D","ATH","ATHENE HOLDING DS REPRESENTING A","Financial Institutions","1543319.0","1538363.0","-4956.0","0.0018","0.0019","0.0001","16.24","-80485.44","SELL","4","ATH-PD",34450,0.1,25.0,-35.04,3.5
"2026-06-08","US8425874042","842587404","SO","SO","SOUTHERN COMPANY (THE)","Utility","1208145.0","1204281.0","-3864.0","0.0019","0.0019","0.0","20.82","-80448.48","SELL","4","SO",5417588,0.0,25.0,-16.72,0.0
"2026-06-08","US0158578080","015857808","AQNCN","AQNCN","ALGONQUIN POWER & UTILITIES CORP","Utility","949528.0","946476.0","-3052.0","0.0018","0.0018","0.0","25.97","-79260.44","SELL","4","","","",25.0,3.88,""
"2026-06-08","US4932678687","493267868","KEY-G","KEY","KEYCORP","Financial Institutions","1220774.0","1216854.0","-3920.0","0.0018","0.0018","0.0","20.1","-78792.0","SELL","4","","","",25.0,-19.6,""
"2026-06-08","US06055H8714","06055H871","BAC-SS","BAC","BANK OF AMERICA CORP","Financial Institutions","1302862.0","1298690.0","-4172.0","0.0018","0.0018","0.0","18.7","-78016.4","SELL","4","","","",25.0,-25.2,""
"2026-06-08","US8726521029","872652102","TPG","TPG","TPG OPERATING GROUP II LP","Financial Institutions","1079301.0","1075857.0","-3444.0","0.0018","0.0018","0.0","22.61","-77868.84","SELL","4","TPG",2352096,0.0,25.0,-9.56,0.0
"2026-06-08","US8794337878","879433787","TDS-UU","TDS","TELEPHONE DATA SYS DRC INC","Industrial","1135504.0","1131864.0","-3640.0","0.0018","0.0018","0.0","21.03","-76549.2","SELL","4","","","",25.0,-15.88,""
"2026-06-08","US8935266812","893526681","TRPCN","TRPCN","TRANSCANADA PIPELINES LTD","Industrial","1003792.0","1000572.0","-3220.0","0.0018","0.0018","0.0","23.64","-76120.8","SELL","4","","","",25.0,-5.44,""
"2026-06-08","US00123Q8318","00123Q831","AGNC-H","AGNC","AGNC INVESTMENT CORP","Financial Institutions","935929.0","932933.0","-2996.0","0.0017","0.0018","0.0001","25.35","-75948.6","SELL","4","","","",25.0,1.4,""
"2026-06-08","US62913M2061","62913M206","NGL-B","NGL","NGL ENERGY PARTNERS LP","Industrial","918737.0","915797.0","-2940.0","0.0017","0.0017","0.0","25.66","-75440.4","SELL","4","NGL-PB",17977,0.2,25.0,2.64,0.0
"2026-06-08","US4932678760","493267876","KEY-F","KEY","KEYCORP","Financial Institutions","1152949.0","1149253.0","-3696.0","0.0017","0.0017","0.0","20.15","-74474.4","SELL","4","","","",25.0,-19.4,""
"2026-06-08","US4165186036","416518603","HIG-G","HIG","HARTFORD FINANCIAL SERVICES GROUP","Financial Institutions","935895.0","932899.0","-2996.0","0.0017","0.0017","0.0","24.77","-74210.92","SELL","4","HIG-PG",16825,0.2,25.0,-0.92,0.18
"2026-06-08","US00123Q5009","00123Q500","AGNC-C","AGNC","AGNC INVESTMENT CORP","Financial Institutions","881647.0","878819.0","-2828.0","0.0017","0.0017","0.0","25.81","-72990.68","SELL","4","","","",25.0,3.24,""
"2026-06-08","US80620A2087","80620A208","EIX-N","EIX","SCE TRUST VIII","Utility","949471.0","946419.0","-3052.0","0.0017","0.0017","0.0","23.84","-72759.68","SELL","4","","","",25.0,-4.64,""
"2026-06-08","US87264A3032","87264A303","TMUS","TMUS","T-MOBILE USA INC","Industrial","1083150.0","1079678.0","-3472.0","0.0017","0.0017","0.0","20.89","-72530.08","SELL","4","TMUS",5137369,0.0,25.0,-16.44,0.0
"2026-06-08","US12542R2094","12542R209","CHSINC","CHSINC","CHS INC. (8% CUMULATIVE REDEEMABLE","Industrial","820723.0","818091.0","-2632.0","0.0017","0.0017","0.0","27.55","-72511.6","SELL","4","","","",25.0,10.2,""
"2026-06-08","US2333318598","233331859","DTE-E","DTE","DTE ENERGY COMPANY","Utility","1074314.0","1070870.0","-3444.0","0.0016","0.0017","0.0001","20.93","-72082.92","SELL","4","","","",25.0,-16.28,""
"2026-06-08","US29364D1000","29364D100","ETR","ETR","ENTERGY ARKANSAS LLC","Utility","1112215.0","1108659.0","-3556.0","0.0016","0.0017","0.0001","20.13","-71582.28","SELL","4","ETR",3785454,0.0,25.0,-19.48,0.0
"2026-06-08","US8629452017","862945201","ASSE-A","ASSE","STRIVE INC","Industrial","225137.0","224409.0","-728.0","0.0016","0.0016","0.0","97.79","-71191.12","SELL","4","","","",25.0,291.16,""
"2026-06-08","US87264A2042","87264A204","TMUS","TMUS","T-MOBILE USA INC","Industrial","1066662.0","1063246.0","-3416.0","0.0017","0.0016","-0.0001","20.8","-71052.8","SELL","4","TMUS",5137427,0.0,25.0,-16.8,0.0
"2026-06-08","US74965L2007","74965L200","RLJ-A","RLJ","RLJ LODGING .95 CUMULATIVE CONVERT","Financial Institutions","873530.0","870730.0","-2800.0","0.0016","0.0016","0.0","25.25","-70700.0","SELL","4","RLJ-PA",19371,0.1,25.0,1.0,0.0
"2026-06-08","US7443208886","744320888","PRU","PRU","PRUDENTIAL FINANCIAL INC","Financial Institutions","1355990.0","1351650.0","-4340.0","0.0016","0.0016","0.0","16.26","-70568.4","SELL","4","PRU",2182826,0.0,25.0,-34.96,0.0
"2026-06-08","US4461507737","446150773","HBAN-J","HBAN","HUNTINGTON BANCSHARES INC","Financial Institutions","878221.0","875421.0","-2800.0","0.0016","0.0016","0.0","25.18","-70504.0","SELL","4","","","",25.0,0.72,""
"2026-06-08","US78410V2007","78410V200","SCE-L","EIX","SCE TRUST VI","Financial Institutions","1288371.0","1284255.0","-4116.0","0.0016","0.0016","0.0","17.11","-70424.76","SELL","4","SCE-PL",19041,0.2,25.0,-31.56,6.31
"2026-06-08","US03939A4040","03939A404","ACGL-G","ACGL","ARCH CAPITAL GROUP LTD.","Financial Institutions","1347920.0","1343608.0","-4312.0","0.0016","0.0016","0.0","16.25","-70070.0","SELL","4","","","",25.0,-35.0,""
"2026-06-08","US1746104025","174610402","CFG-E","CFG","CITIZENS FINANCIAL GROUP INC","Financial Institutions","1208394.0","1204530.0","-3864.0","0.0016","0.0016","0.0","18.13","-70054.32","SELL","4","CFG-PE",34129,0.1,25.0,-27.48,2.75
"2026-06-08","US14314C1053","14314C105","CG","CG","CARLYLE FINANCE LLC","Financial Institutions","1356068.0","1351728.0","-4340.0","0.0016","0.0016","0.0","16.12","-69960.8","SELL","4","CG",3355647,0.0,25.0,-35.52,0.0
"2026-06-08","US4461508230","446150823","HBAN-H","HBAN","HUNTINGTON BANCSHARES DRC INC","Financial Institutions","1345252.0","1340940.0","-4312.0","0.0016","0.0016","0.0","16.18","-69768.16","SELL","4","","","",25.0,-35.28,""
"2026-06-08","US16934Q4064","16934Q406","CIM-B","CIM","CHIMERA INVESTMENT CORP","Financial Institutions","881643.0","878815.0","-2828.0","0.0016","0.0016","0.0","24.28","-68663.84","SELL","4","CIM-PB",27734,0.1,25.0,-2.88,0.29
"2026-06-08","US9027884058","902788405","UMBF","UMBF","UMB FINANCIAL CORPORATION","Financial Institutions","813889.0","811285.0","-2604.0","0.0016","0.0016","0.0","26.32","-68537.28","SELL","4","UMBF",715790,0.0,25.0,5.28,0.0
"2026-06-08","US48253M1045","48253M104","KKR","KKR","KKR GROUP FINANCE CO IX LLC","Financial Institutions","1356629.0","1352429.0","-4200.0","0.0016","0.0016","0.0","16.25","-68250.0","SELL","4","KKR",4556483,0.0,25.0,-35.0,0.0
"2026-06-08","US9029736686","902973668","USB-O","USB","US BANCORP","Financial Institutions","1205199.0","1201335.0","-3864.0","0.0015","0.0016","0.0001","17.36","-67079.04","SELL","4","","","",25.0,-30.56,""
"2026-06-08","US05580M8192","05580M819","RILYI","RILY","B. RILEY FINANCIAL INC","Financial Institutions","1033711.0","1030407.0","-3304.0","0.0015","0.0015","0.0","19.85","-65584.4","SELL","4","","","",25.0,-20.6,""
"2026-06-08","US6658598569","665859856","NTRS-E","NTRS","NORTHERN TRUST CORPORATION","Financial Institutions","1085192.0","1081720.0","-3472.0","0.0015","0.0015","0.0","18.55","-64405.6","SELL","4","","","",25.0,-25.8,""
"2026-06-08","US0256768591","025676859","ANGINC","ANGINC","AMERICAN NATIONAL GROUP INC","Financial Institutions","813889.0","811285.0","-2604.0","0.0015","0.0015","0.0","24.24","-63120.96","SELL","4","","","",25.0,-3.04,""
"2026-06-08","US0454876006","045487600","ASB","ASB","ASSOCIATED BANC-CORP","Financial Institutions","808406.0","805830.0","-2576.0","0.0015","0.0015","0.0","24.43","-62931.68","SELL","4","ASB",1726653,0.0,25.0,-2.28,0.0
"2026-06-08","US9029737346","902973734","USB-L","USB","US BANCORP","Financial Institutions","1338039.0","1333755.0","-4284.0","0.0014","0.0015","0.0001","14.65","-62760.6","SELL","4","","","",25.0,-41.4,""
"2026-06-08","US9576384062","957638406","WAL-A","WAL","WESTERN ALLIANCE BANCORP","Financial Institutions","813889.0","811285.0","-2604.0","0.0014","0.0015","0.0001","24.07","-62678.28","SELL","4","WAL-PA",21047,0.1,25.0,-3.72,0.37
"2026-06-08","US9030025095","903002509","UMH-D","UMH","UMH PROPERTIES INC","Financial Institutions","880454.0","877626.0","-2828.0","0.0014","0.0014","0.0","22.01","-62244.28","SELL","4","UMH-PD",16620,0.2,25.0,-11.96,2.39
"2026-06-08","US64828T4094","64828T409","RITM-B","RITM","NEW RESIDENTIAL INVESTMENT CORP","Financial Institutions","763778.0","761342.0","-2436.0","0.0014","0.0014","0.0","25.09","-61119.24","SELL","4","RITM-PB",23767,0.1,25.0,0.36,0.0
"2026-06-08","US10922N7075","10922N707","BHF-C","BHF","BRIGHTHOUSE FINANCIAL INC","Financial Institutions","1548646.0","1543690.0","-4956.0","0.0014","0.0014","0.0","12.3","-60958.8","SELL","4","","","",25.0,-50.8,""
"2026-06-08","US9290892093","929089209","VOYA-B","VOYA","VOYA FINANCIAL INC","Financial Institutions","808222.0","805646.0","-2576.0","0.0014","0.0014","0.0","23.64","-60896.64","SELL","4","VOYA-PB",15176,0.2,25.0,-5.44,1.09
"2026-06-08","US0357108218","035710821","NLY-J","NLY","ANNALY CAPITAL MANAGEMENT INC","Financial Institutions","746065.0","743685.0","-2380.0","0.0014","0.0014","0.0","25.37","-60380.6","SELL","4","NLY-PJ",65602,0.0,25.0,1.48,0.0
"2026-06-08","US2538688225","253868822","DLR-L","DLR","DIGITAL REALTY TRUST INC","Financial Institutions","935929.0","932933.0","-2996.0","0.0014","0.0014","0.0","20.07","-60129.72","SELL","4","DLR-PL",19262,0.2,25.0,-19.72,3.94
"2026-06-08","US3196263053","319626305","FCNCA","FCNCA","FIRST CITIZENS BANCSHARES INC.","Financial Institutions","931129.0","928157.0","-2972.0","0.0014","0.0014","0.0","20.09","-59707.48","SELL","4","FCNCA",61020,0.0,25.0,-19.64,0.0
"2026-06-08","US7443208704","744320870","PRU","PRU","PRUDENTIAL FINANCIAL INC","Financial Institutions","813594.0","810990.0","-2604.0","0.0014","0.0014","0.0","22.64","-58954.56","SELL","4","PRU",2182826,0.0,25.0,-9.44,0.0
"2026-06-08","US74460W4208","74460W420","PSA-R","PSA","PUBLIC STORAGE","Financial Institutions","1168373.0","1164621.0","-3752.0","0.0013","0.0014","0.0001","15.68","-58831.36","SELL","4","PSA-PR",29393,0.1,25.0,-37.28,3.73
"2026-06-08","US91529Y6014","91529Y601","UNM","UNM","UNUM GROUP","Financial Institutions","808022.0","805446.0","-2576.0","0.0013","0.0013","0.0","22.24","-57290.24","SELL","4","UNM",1175529,0.0,25.0,-11.04,0.0
"2026-06-08","US14040H7338","14040H733","COF-N","COF","CAPITAL ONE FINL DS REPSTG TH PRF","Financial Institutions","1135607.0","1131967.0","-3640.0","0.0013","0.0013","0.0","15.4","-56056.0","SELL","4","COF-PN",42294,0.1,25.0,-38.4,3.84
"2026-06-08","US25525P2065","25525P206","DHC","DHC","DIVERSIFIED HEALTHCARE .625% SENIO","Financial Institutions","949471.0","946419.0","-3052.0","0.0013","0.0013","0.0","18.29","-55821.08","SELL","4","DHC",1643710,0.0,25.0,-26.84,0.0
"2026-06-08","US10922N3017","10922N301","BHF-A","BHF","BRIGHTHOUSE FINANCIAL INC","Financial Institutions","1143649.0","1139981.0","-3668.0","0.0013","0.0013","0.0","15.21","-55790.28","SELL","4","","","",25.0,-39.16,""
"2026-06-08","US04686J2006","04686J200","ATH-B","ATH","ATHENE HLDG DRC LTD","Financial Institutions","921744.0","918804.0","-2940.0","0.0013","0.0013","0.0","18.95","-55713.0","SELL","4","ATH-PB",18841,0.2,25.0,-24.2,4.84
"2026-06-08","US03939A1079","03939A107","ACGL-F","ACGL","ARCH CAPITAL GROUP LTD.","Financial Institutions","888363.0","885507.0","-2856.0","0.0013","0.0013","0.0","19.4","-55406.4","SELL","4","","","",25.0,-22.4,""
"2026-06-08","US7591EP8869","7591EP886","RF-E","RF","REGIONS FINL DRC CORP","Financial Institutions","1076698.0","1073254.0","-3444.0","0.0013","0.0013","0.0","15.93","-54862.92","SELL","4","RF-PE",30763,0.1,25.0,-36.28,3.63
"2026-06-08","US55272X5086","55272X508","MFA-C","MFA","MFA FINANCIAL INC","Financial Institutions","746065.0","743685.0","-2380.0","0.0013","0.0013","0.0","22.96","-54644.8","SELL","4","MFA-PC",19586,0.1,25.0,-8.16,0.82
"2026-06-08","US55261F8721","55261F872","MTB-H","MTB","M AND T BANK PERPETUAL FIXED TO FL","Financial Institutions","678169.0","675985.0","-2184.0","0.0012","0.0013","0.0001","24.97","-54534.48","SELL","4","MTB-PH",16174,0.1,25.0,-0.12,0.01
"2026-06-08","US10922N5095","10922N509","BHF-B","BHF","BRIGHTHOUSE FINANCIAL INC","Financial Institutions","1082954.0","1079482.0","-3472.0","0.0012","0.0013","0.0001","15.68","-54440.96","SELL","4","","","",25.0,-37.28,""
"2026-06-08","US90187B3096","90187B309","TWO-B","TWO","TWO HARBORS INVESTMENT CORP","Financial Institutions","688976.0","686764.0","-2212.0","0.0012","0.0013","0.0001","24.57","-54348.84","SELL","4","TWO-PB",14587,0.2,25.0,-1.72,0.34
"2026-06-08","US4440973075","444097307","HPP-C","HPP","HUDSON PACIFIC PROPERTIES INC","Financial Institutions","1152949.0","1149253.0","-3696.0","0.0012","0.0012","0.0","14.59","-53924.64","SELL","4","HPP-PC",6384,0.6,25.0,-41.64,24.98
"2026-06-08","US1258968528","125896852","CMS","CMS","CMS ENERGY CORPORATION","Utility","753657.0","751249.0","-2408.0","0.0012","0.0012","0.0","22.36","-53842.88","SELL","4","CMS",2930659,0.0,25.0,-10.56,0.0
"2026-06-08","US11271L1026","11271L102","BNCN","BNCN","BROOKFIELD FINANCE INC","Financial Institutions","1085192.0","1081720.0","-3472.0","0.0012","0.0012","0.0","15.47","-53711.84","SELL","4","","","",25.0,-38.12,""
"2026-06-08","US64828T8889","64828T888","RITM-F","RITM","RITHM CAPITAL CORP","Financial Institutions","678169.0","675985.0","-2184.0","0.0012","0.0012","0.0","24.32","-53114.88","SELL","4","RITM-PF",53964,0.0,25.0,-2.72,0.0
"2026-06-08","US88224Q3056","88224Q305","TCBI-B","TCBI","TEXAS CAP BANCSHARES DRC INC","Financial Institutions","807484.0","804908.0","-2576.0","0.0012","0.0012","0.0","20.58","-53014.08","SELL","4","","","",25.0,-17.68,""
"2026-06-08","US74460W6443","74460W644","PSA-H","PSA","PUBLIC STORAGE","Financial Institutions","764871.0","762435.0","-2436.0","0.0012","0.0012","0.0","21.7","-52861.2","SELL","4","PSA-PH",19327,0.1,25.0,-13.2,1.32
"2026-06-08","US8805913006","880591300","TVA-D","TVA","TENN VALLEY AUTHORITY","Agency","690094.0","687882.0","-2212.0","0.0012","0.0012","0.0","23.88","-52822.56","SELL","4","","","",25.0,-4.48,""
"2026-06-08","US90187B5075","90187B507","TWO-C","TWO","TWO HARBORS INVESTMENT CORP","Financial Institutions","655232.0","653132.0","-2100.0","0.0012","0.0012","0.0","24.83","-52143.0","SELL","4","TWO-PC",43283,0.0,25.0,-0.68,0.0
"2026-06-08","US48251K2096","48251K209","KREF-A","KREF","KKR REAL ESTATE FINANCE TRUST INC","Financial Institutions","889091.0","886235.0","-2856.0","0.0012","0.0012","0.0","18.25","-52122.0","SELL","4","KREF-PA",20640,0.1,25.0,-27.0,2.7
"2026-06-08","US0082528508","008252850","AMG","AMG","AFFILIATED MANAGERS GROUP INC.","Financial Institutions","809282.0","806678.0","-2604.0","0.0012","0.0012","0.0","19.82","-51611.28","SELL","4","AMG",315330,0.0,25.0,-20.72,0.0
"2026-06-08","US16934Q5053","16934Q505","CIM-C","CIM","CHIMERA INVESTMENT CORP","Financial Institutions","705344.0","703076.0","-2268.0","0.0012","0.0012","0.0","22.75","-51597.0","SELL","4","CIM-PC",19900,0.1,25.0,-9.0,0.9
"2026-06-08","US74460W6286","74460W628","PSA-I","PSA","PUBLIC STORAGE REPSTG TH BEN INT","Financial Institutions","848521.0","845805.0","-2716.0","0.0012","0.0012","0.0","18.98","-51549.68","SELL","4","PSA-PI",12329,0.2,25.0,-24.08,4.82
"2026-06-08","US74460W6690","74460W669","PSA-G","PSA","PUBLIC STORAGE","Financial Institutions","804881.0","802305.0","-2576.0","0.0012","0.0012","0.0","19.99","-51494.24","SELL","4","PSA-PG",17778,0.1,25.0,-20.04,2.0
"2026-06-08","US00123Q6098","00123Q609","AGNC-D","AGNC","AGNC INVESTMENT CORP","Financial Institutions","637519.0","635475.0","-2044.0","0.0012","0.0012","0.0","25.05","-51202.2","SELL","4","","","",25.0,0.2,""
"2026-06-08","BMG053842040","-","AHL","AHL","ASPEN INSURANCE HOLDINGS LTD","Financial Institutions","816707.0","814103.0","-2604.0","0.0012","0.0012","0.0","19.58","-50986.32","SELL","4","","","",25.0,-21.68,""
"2026-06-08","US6374321056","637432105","NRUC-US","NRUC","NATIONAL RURAL UTILITIES COOPERATI","Utility","672501.0","670345.0","-2156.0","0.0012","0.0012","0.0","23.35","-50342.6","SELL","4","","","",25.0,-6.6,""
"2026-06-08","US9508108878","950810887","WSBC-B","WSBC","WESBANCO INC","Financial Institutions","618681.0","616693.0","-1988.0","0.0012","0.0012","0.0","25.32","-50336.16","SELL","4","","","",25.0,1.28,""
"2026-06-08","US10922N2027","10922N202","BHF","BHF","BRIGHTHOUSE FINANCIAL INC","Financial Institutions","1008950.0","1005730.0","-3220.0","0.0012","0.0012","0.0","15.62","-50296.4","SELL","4","BHF",490614,0.0,25.0,-37.52,0.0
"2026-06-08","US3733344408","373334440","SO","SO","GEORGIA POWER COMPANY","Utility","726327.0","724003.0","-2324.0","0.0012","0.0012","0.0","21.63","-50268.12","SELL","4","SO",5417615,0.0,25.0,-13.48,0.0
"2026-06-08","US0844238057","084423805","WRB","WRB","WR BERKLEY CORPORATION","Financial Institutions","809113.0","806509.0","-2604.0","0.0011","0.0011","0.0","19.1","-49736.4","SELL","4","WRB",2094374,0.0,25.0,-23.6,0.0
"2026-06-08","US58844R8503","58844R850","MBIN","MBIN","MERCHANTS BANCORP","Financial Institutions","618479.0","616491.0","-1988.0","0.0011","0.0011","0.0","24.97","-49640.36","SELL","4","MBIN",130785,0.0,25.0,-0.12,0.0
"2026-06-08","US9290428286","929042828","VNO-M","VNO","VORNADO REALTY TRUST","Financial Institutions","866759.0","863987.0","-2772.0","0.0011","0.0011","0.0","17.64","-48898.08","SELL","4","VNO-PM",17211,0.2,25.0,-29.44,5.89
"2026-06-08","US2836782092","283678209","KMI","KMI","EL PASO ENERGY CAPITAL TRUST I","Industrial","296439.0","295487.0","-952.0","0.0011","0.0011","0.0","50.89","-48447.28","SELL","4","KMI",10116853,0.0,25.0,103.56,0.0
"2026-06-08","US74460W6856","74460W685","PSA-F","PSA","PUBLIC STORAGE DS REPRESENTING TH","Financial Institutions","750639.0","748231.0","-2408.0","0.0011","0.0011","0.0","20.07","-48328.56","SELL","4","PSA-PF",15622,0.2,25.0,-19.72,3.94
"2026-06-08","US0200028126","020002812","ALL-I","ALL","ALLSTATE CORPORATION (THE)","Financial Institutions","801772.0","799196.0","-2576.0","0.0011","0.0011","0.0","18.61","-47939.36","SELL","4","ALL-PI",19752,0.1,25.0,-25.56,2.56
"2026-06-08","US63938C4050","63938C405","NAVI","NAVI","NAVIENT PRCNT SENIOR NOTES EXP D","Financial Institutions","806451.0","803875.0","-2576.0","0.0011","0.0011","0.0","18.44","-47501.44","SELL","4","NAVI",1155839,0.0,25.0,-26.24,0.0
"2026-06-08","US72348N5059","72348N505","PNFP-C","PNFP","PINNACLE FINANCIAL PARTNERS DEPOSI","Financial Institutions","606781.0","604849.0","-1932.0","0.0011","0.0011","0.0","24.49","-47314.68","SELL","4","PNFP-PC",7208,0.3,25.0,-2.04,0.61
"2026-06-08","US3193836000","319383600","BUSE-B","BUSE","FIRST BUSEY CORPORATION","Financial Institutions","577981.0","576133.0","-1848.0","0.0011","0.0011","0.0","25.55","-47216.4","SELL","4","","","",25.0,2.2,""
"2026-06-08","BMG053841703","-","AHL","AHL","ASPEN INSURANCE HOLDINGS LTD","Financial Institutions","604891.0","602959.0","-1932.0","0.0011","0.0011","0.0","24.18","-46715.76","SELL","4","","","",25.0,-3.28,""
"2026-06-08","US29364W1080","29364W108","ETR","ETR","ENTERGY LOUISIANA LLC","Utility","725770.0","723446.0","-2324.0","0.0011","0.0011","0.0","19.95","-46363.8","SELL","4","ETR",3785454,0.0,25.0,-20.2,0.0
"2026-06-08","US29364N1081","29364N108","ETR","ETR","ENTERGY MISSISSIPPI INC","Utility","698830.0","696590.0","-2240.0","0.0011","0.0011","0.0","20.61","-46166.4","SELL","4","ETR",3785454,0.0,25.0,-17.56,0.0
"2026-06-08","US9290428104","929042810","VNO-N","VNO","VORNADO REALTY TRUST 5.4% CUM RED","Financial Institutions","813890.0","811286.0","-2604.0","0.0011","0.0011","0.0","17.65","-45960.6","SELL","4","VNO-PN",19075,0.1,25.0,-29.4,2.94
"2026-06-08","US0605055831","060505583","BAC-1","BAC","BANK OF AMERICA CORPORATION PFD 1","Financial Institutions","730825.0","728473.0","-2352.0","0.001","0.0011","0.0001","19.52","-45911.04","SELL","4","","","",25.0,-21.92,""
"2026-06-08","US9290428443","929042844","VNO-L","VNO","VORNADO REALTY TRUST","Financial Institutions","813890.0","811286.0","-2604.0","0.001","0.0011","0.0001","17.45","-45439.8","SELL","4","VNO-PL",24549,0.1,25.0,-30.2,3.02
"2026-06-08","US49446R7118","49446R711","KIM-M","KIM","KIMCO RLTY DS REPRESENTING CLASS","Financial Institutions","709783.0","707515.0","-2268.0","0.001","0.001","0.0","19.94","-45223.92","SELL","4","KIM-PM",16087,0.1,25.0,-20.24,2.02
"2026-06-08","US25406P2002","25406P200","DDS","DDS","DILLARDS CAP TR I CAP SECS 7.5%","Industrial","537389.0","535681.0","-1708.0","0.001","0.001","0.0","26.15","-44664.2","SELL","4","DDS",114784,0.0,25.0,4.6,0.0
"2026-06-08","US1170436042","117043604","BC","BC","BRUNSWICK CORPORATION","Industrial","577716.0","575868.0","-1848.0","0.001","0.001","0.0","24.1","-44536.8","SELL","4","BC",621848,0.0,25.0,-3.6,0.0
"2026-06-08","US35243J2006","35243J200","FBRT-E","FBRT","FRANKLIN BSP REALTY TRUST CUMULA","Financial Institutions","700523.0","698283.0","-2240.0","0.001","0.001","0.0","19.76","-44262.4","SELL","4","FBRT-PE",19006,0.1,25.0,-20.96,2.1
"2026-06-08","US6378702053","637870205","NSA-A","NSA","NATIONAL STORAGE AFFILIATES REDEEM","Financial Institutions","606967.0","605035.0","-1932.0","0.001","0.001","0.0","22.81","-44068.92","SELL","4","NSA-PA",7537,0.3,25.0,-8.76,2.63
"2026-06-08","US25401T3068","25401T306","DBRG-J","DBRG","DIGITALBRIDGE GROUP INC","Financial Institutions","782160.0","779360.0","-2800.0","0.0009","0.0009","0.0","15.62","-43736.0","SELL","4","DBRG-PJ",84372,0.0,25.0,-37.52,0.0
"2026-06-08","US72348N2080","72348N208","PNFP-A","PNFP","PINNACLE FINANCIAL PARTNERS NON CU","Financial Institutions","537274.0","535566.0","-1708.0","0.001","0.001","0.0","25.53","-43605.24","SELL","4","PNFP-PA",6341,0.3,25.0,2.12,0.0
"2026-06-08","US6740014096","674001409","OAK-B","OAK","OAKTREE CAPITAL GROUP LLC","Financial Institutions","637519.0","635475.0","-2044.0","0.001","0.001","0.0","21.26","-43455.44","SELL","4","OAK-PB",11015,0.2,25.0,-14.96,2.99
"2026-06-08","US37959E3009","37959E300","GL","GL","GLOBE LIFE INC","Financial Institutions","873002.0","870202.0","-2800.0","0.001","0.001","0.0","15.47","-43316.0","SELL","4","GL",553472,0.0,25.0,-38.12,0.0
"2026-06-08","US05554M1009","05554M100","BIP","BIP","BIP BERMUDA HOLDINGS I LTD","Financial Institutions","813889.0","811285.0","-2604.0","0.001","0.001","0.0","16.47","-42887.88","SELL","4","BIP",873286,0.0,25.0,-34.12,0.0
"2026-06-08","US8606308703","860630870","SF-C","SF","STIFEL FINANCIAL CORP","Financial Institutions","604469.0","602537.0","-1932.0","0.001","0.001","0.0","22.09","-42677.88","SELL","4","SF-PC",10358,0.2,25.0,-11.64,2.33
"2026-06-08","US25401T4058","25401T405","DBRG-I","DBRG","DIGITALBRIDGE GROUP .15 CUMULATIVE","Financial Institutions","867719.0","864947.0","-2772.0","0.001","0.001","0.0","15.25","-42273.0","SELL","4","DBRG-PI",72657,0.0,25.0,-39.0,0.0
"2026-06-08","US16934Q6044","16934Q604","CIM-D","CIM","CHIMERA INVESTMENT CORP","Financial Institutions","542587.0","540851.0","-1736.0","0.001","0.001","0.0","24.24","-42080.64","SELL","4","CIM-PD",10728,0.2,25.0,-3.04,0.61
"2026-06-08","US8805914095","880591409","TVA-A","TVA","TENN VALLEY AUTH","Agency","559426.0","557634.0","-1792.0","0.001","0.001","0.0","23.46","-42040.32","SELL","4","","","",25.0,-6.16,""
"2026-06-08","US11259P1093","11259P109","BRBRPH","BEPUCN","BROOKFIELD BRP HOLDINGS (CANADA) I","Utility","949869.0","947069.0","-2800.0","0.001","0.001","0.0","14.88","-41664.0","SELL","4","","","",25.0,-40.48,""
"2026-06-08","US78440X5077","78440X507","SLG-I","SLG","SL GREEN REALTY CORP","Financial Institutions","623977.0","621989.0","-1988.0","0.001","0.001","0.0","20.9","-41549.2","SELL","4","SLG-PI",10079,0.2,25.0,-16.4,3.28
"2026-06-08","US8606308620","860630862","SF-D","SF","STIFEL FINANCIAL CORP","Financial Institutions","805698.0","803122.0","-2576.0","0.001","0.001","0.0","16.05","-41344.8","SELL","4","SF-PD",15147,0.2,25.0,-35.8,7.16
"2026-06-08","US6496048736","649604873","ADAM-E","ADAM","NEW YORK MORTGAGE TRUST INC","Financial Institutions","505700.0","504076.0","-1624.0","0.0009","0.0009","0.0","25.26","-41022.24","SELL","4","","","",25.0,1.04,""
"2026-06-08","US3793785086","379378508","GNL-D","GNL","GLOBAL NET LEASE CUMULATIVE REDE","Financial Institutions","538031.0","536295.0","-1736.0","0.0009","0.0009","0.0","23.63","-41021.68","SELL","4","GNL-PD",12328,0.1,25.0,-5.48,0.55
"2026-06-08","US25525P3055","25525P305","DHC","DHC","DIVERSIFIED HEALTHCARE .25% SENIOR","Financial Institutions","678169.0","675985.0","-2184.0","0.0009","0.0009","0.0","18.76","-40971.84","SELL","4","DHC",1643710,0.0,25.0,-24.96,0.0
"2026-06-08","US2538688308","253868830","DLR-K","DLR","DIGITAL REALTY TRUST INC","Financial Institutions","569695.0","567875.0","-1820.0","0.0009","0.001","0.0001","22.5","-40950.0","SELL","4","DLR-PK",14226,0.1,25.0,-10.0,1.0
"2026-06-08","US84857L7055","84857L705","SR","SR","SPIRE INC","Utility","537053.0","535345.0","-1708.0","0.0009","0.0009","0.0","23.68","-40445.44","SELL","4","SR",403397,0.0,25.0,-5.28,0.0
"2026-06-08","US2333318184","233331818","DTE","DTE","DTE ENERGY CO","Utility","751517.0","749109.0","-2408.0","0.0009","0.0009","0.0","16.76","-40358.08","SELL","4","DTE",1635029,0.0,25.0,-32.96,0.0
"2026-06-08","US05580M7939","05580M793","RILYZ","RILY","B. RILEY FINANCIAL INC","Financial Institutions","519764.0","518112.0","-1652.0","0.0009","0.0009","0.0","24.42","-40341.84","SELL","4","RILYZ",58344,0.0,25.0,-2.32,0.0
"2026-06-08","US3167738869","316773886","FITB-A","FITB","FIFTH THIRD BANCORP DEPOSITORY SH","Financial Institutions","536897.0","535189.0","-1708.0","0.0009","0.0009","0.0","23.53","-40189.24","SELL","4","","","",25.0,-5.88,""
"2026-06-08","US74460W5940","74460W594","PSA-J","PSA","PUBLIC STORAGE DEP SHS REPSTG TH","Financial Institutions","692065.0","689853.0","-2212.0","0.0009","0.0009","0.0","18.14","-40125.68","SELL","4","PSA-PJ",9498,0.2,25.0,-27.44,5.49
"2026-06-08","US64828T8053","64828T805","RITM-E","RITM","RITHM CAPITAL CORP","Financial Institutions","515431.0","513779.0","-1652.0","0.0009","0.0009","0.0","24.26","-40077.52","SELL","4","RITM-PE",33912,0.0,25.0,-2.96,0.0
"2026-06-08","US0844238701","084423870","WRB","WRB","WR BERKLEY CORPORATION","Financial Institutions","805267.0","802691.0","-2576.0","0.0009","0.0009","0.0","15.48","-39876.48","SELL","4","WRB",2094381,0.0,25.0,-38.08,0.0
"2026-06-08","US05580M8358","05580M835","RILYM","RILY","B. RILEY FINANCIAL INC","Financial Institutions","589434.0","587558.0","-1876.0","0.0009","0.0009","0.0","21.1","-39583.6","SELL","4","","","",25.0,-15.6,""
"2026-06-08","US3167738604","316773860","FITB-K","FITB","FIFTH THIRD BANCORP","Financial Institutions","670866.0","668710.0","-2156.0","0.0009","0.0009","0.0","18.33","-39519.48","SELL","4","","","",25.0,-26.68,""
"2026-06-08","US70509V8037","70509V803","PEB-G","PEB","PEBBLEBROOK HOTEL TRUST","Financial Institutions","616246.0","614286.0","-1960.0","0.0009","0.0009","0.0","20.15","-39494.0","SELL","4","PEB-PG",43967,0.0,25.0,-19.4,0.0
"2026-06-08","US70931T5092","70931T509","PMT-C","PMT","PENNYMAC MORTGAGE INVESTMENT TRUST","Financial Institutions","678169.0","675985.0","-2184.0","0.0009","0.0009","0.0","18.06","-39443.04","SELL","4","PMT-PC",31406,0.1,25.0,-27.76,2.78
"2026-06-08","US0082528433","008252843","AMG","AMG","AFFILIATED MANAGERS GROUP INC.","Financial Institutions","737920.0","735568.0","-2352.0","0.0009","0.0009","0.0","16.71","-39301.92","SELL","4","AMG",315336,0.0,25.0,-33.16,0.0
"2026-06-08","US9290427940","929042794","VNO-O","VNO","VORNADO REALTY TRUST","Financial Institutions","813890.0","811286.0","-2604.0","0.0009","0.0009","0.0","15.0","-39060.0","SELL","4","VNO-PO",19698,0.1,25.0,-40.0,4.0
"2026-06-08","US8606306079","860630607","SF","SF","STIFEL FINANCIAL CORP","Financial Institutions","610412.0","608452.0","-1960.0","0.0009","0.0009","0.0","19.66","-38533.6","SELL","4","SF",1317884,0.0,25.0,-21.36,0.0
"2026-06-08","US70931T4004","70931T400","PMT-B","PMT","PENNYMAC MORTGAGE INVESTMENT TRUST","Financial Institutions","528973.0","527265.0","-1708.0","0.0009","0.0009","0.0","22.5","-38430.0","SELL","4","PMT-PB",11682,0.1,25.0,-10.0,1.0
"2026-06-08","US05580M8010","05580M801","RILYK","RILY","B. RILEY FINANCIAL INC","Financial Institutions","484286.0","482746.0","-1540.0","0.0009","0.0009","0.0","24.95","-38423.0","SELL","4","","","",25.0,-0.2,""
"2026-06-08","US6378703044","637870304","NSA-B","NSA PR B","NATIONAL STORAGE AFFILIATES CUM","Financial Institutions","379844.0","378444.0","-1400.0","0.0008","0.0008","0.0","27.43","-38402.0","SELL","4","NSA-PB",3150,0.4,25.0,9.72,0.0
"2026-06-08","US05614L4077","05614L407","BW-A","BW","BABCOCK & WILCOX ENTERPRISES INC","Industrial","514268.0","512616.0","-1652.0","0.0009","0.0009","0.0","23.18","-38293.36","SELL","4","BW-PA",24096,0.1,25.0,-7.28,0.73
"2026-06-08","US70931T7072","70931T707","PMT","PMT","PENNYMAC MORTGAGE INVESTMENT TRUST","Financial Institutions","467920.0","466408.0","-1512.0","0.0009","0.0009","0.0","25.2","-38102.4","SELL","4","PMT",972161,0.0,25.0,0.8,0.0
"2026-06-08","US49446R7373","49446R737","KIM-L","KIM","KIMCO REALTY CORPORATION","Financial Institutions","603775.0","601843.0","-1932.0","0.0009","0.0009","0.0","19.62","-37905.84","SELL","4","KIM-PL",13758,0.1,25.0,-21.52,2.15
"2026-06-08","US20451Q4010","20451Q401","CODI-C","CODI","COMPASS DIVERSIFIED HOLDINGS","Financial Institutions","530079.0","528371.0","-1708.0","0.0008","0.0009","0.0001","22.08","-37712.64","SELL","4","CODI-PC",21079,0.1,25.0,-11.68,1.17
"2026-06-08","US04911A2069","04911A206","AUB-A","AUB","ATLANTIC UNION BANKSHARES CORP","Financial Institutions","467920.0","466408.0","-1512.0","0.0009","0.0009","0.0","24.75","-37422.0","SELL","4","AUB-PA",7361,0.2,25.0,-1.0,0.2
"2026-06-08","BMG9078F1499","-","TRTN-C","TRTN","TRITON INTERNATIONAL LTD","Industrial","469241.0","467729.0","-1512.0","0.0009","0.0009","0.0","24.68","-37316.16","SELL","4","TRTN-PC",10258,0.1,25.0,-1.28,0.13
"2026-06-08","US17259U3032","17259U303","CIONI","CIONI","CION INVESTMENT CORP","Financial Institutions","464263.0","462779.0","-1484.0","0.0009","0.0009","0.0","25.09","-37233.56","SELL","4","","","",25.0,0.36,""
"2026-06-08","MHY8564M2048","-","TGP-B","TGP","TEEKAY LNG PARTNERS LP","Industrial","447404.0","445976.0","-1428.0","0.0008","0.0009","0.0001","25.65","-36628.2","SELL","4","","","",25.0,2.6,""
"2026-06-08","US20451Q3020","20451Q302","CODI-B","CODI","COMPASS DIVERSIFIED HOLDINGS FIXED","Financial Institutions","504259.0","502635.0","-1624.0","0.0008","0.0008","0.0","22.49","-36523.76","SELL","4","CODI-PB",6668,0.2,25.0,-10.04,2.01
"2026-06-08","US1258968601","125896860","CMS","CMS","CMS ENERGY CORPORATION","Utility","536397.0","534689.0","-1708.0","0.0008","0.0008","0.0","21.11","-36055.88","SELL","4","CMS",2962954,0.0,25.0,-15.56,0.0
"2026-06-08","BMG9078F3057","-","TRTGV","TRTN","TRITON INTL CUM RED PERP PREF SER","Industrial","469074.0","467562.0","-1512.0","0.0008","0.0008","0.0","23.8","-35985.6","SELL","4","","","",25.0,-4.8,""
"2026-06-08","US74460W5114","74460W511","PSA-N","PSA","PUBLIC STORAGE DEP SHS REPSTG PF","Financial Institutions","745413.0","743033.0","-2380.0","0.0008","0.0008","0.0","15.11","-35961.8","SELL","4","PSA-PN",18693,0.1,25.0,-39.56,3.96
"2026-06-08","US04914Y4098","04914Y409","ATLC","ATLC","ATLANTICUS HOLDINGS CORP","Financial Institutions","448335.0","446935.0","-1400.0","0.0008","0.0009","0.0001","25.61","-35854.0","SELL","4","ATLC",92350,0.0,25.0,2.44,0.0
"2026-06-08","US74460W5783","74460W578","PSA-K","PSA","PUBLIC STORAGE","Financial Institutions","607060.0","605128.0","-1932.0","0.0008","0.0008","0.0","18.55","-35838.6","SELL","4","PSA-PK",13706,0.1,25.0,-25.8,2.58
"2026-06-08","US11276B1098","11276B109","BIP","BIP","BROOKFIELD INFRASTRUCTURE FINANCE","Utility","678168.0","675984.0","-2184.0","0.0008","0.0008","0.0","16.34","-35686.56","SELL","4","BIP",873286,0.0,25.0,-34.64,0.0
"2026-06-08","US46131B5066","46131B506","IVR-C","IVR","INVESCO MORTGAGE CAPITAL INC","Financial Institutions","462005.0","460521.0","-1484.0","0.0008","0.0008","0.0","24.04","-35675.36","SELL","4","IVR-PC",14574,0.1,25.0,-3.84,0.38
"2026-06-08","US31959X2027","31959X202","FCNCA","FCNCA","FIRST CITIZENS BANCSHARES NON CU","Financial Institutions","542587.0","540851.0","-1736.0","0.0008","0.0008","0.0","20.47","-35535.92","SELL","4","FCNCA",61022,0.0,25.0,-18.12,0.0
"2026-06-08","US2538688555","253868855","DLR-J","DLR","DIGITAL REALTY TRUST INC","Financial Institutions","542587.0","540851.0","-1736.0","0.0008","0.0008","0.0","20.3","-35240.8","SELL","4","DLR-PJ",10144,0.2,25.0,-18.8,3.76
"2026-06-08","US11259P2083","11259P208","BRBRPH","BEPUCN","BROOKFIELD BRP HOLDINGS (CANADA) I","Utility","705343.0","703075.0","-2268.0","0.0008","0.0008","0.0","15.53","-35222.04","SELL","4","","","",25.0,-37.88,""
"2026-06-08","US58844R7026","58844R702","MBIN-C","MBIN","MERCHANTS BANCORP","Financial Institutions","525647.0","523967.0","-1680.0","0.0008","0.0008","0.0","20.79","-34927.2","SELL","4","","","",25.0,-16.84,""
"2026-06-08","US38741L3050","38741L305","GPMT-A","GPMT","GRANITE POINT MORTGAGE TRUST INC","Financial Institutions","558166.0","556374.0","-1792.0","0.0008","0.0008","0.0","19.46","-34872.32","SELL","4","GPMT-PA",3651,0.5,25.0,-22.16,11.08
"2026-06-08","US55272X4097","55272X409","MFA-B","MFA","MFA FINANCIAL INC","Financial Institutions","542587.0","540851.0","-1736.0","0.0008","0.0008","0.0","20.04","-34789.44","SELL","4","MFA-PB",12355,0.1,25.0,-19.84,1.98
"2026-06-08","US11276B2088","11276B208","BIP","BIP","BROOKFIELD INFRASTRUCTURE FINANCE","Utility","428615.0","427243.0","-1372.0","0.0008","0.0008","0.0","25.1","-34437.2","SELL","4","BIP",877538,0.0,25.0,0.4,0.0
"2026-06-08","US0844238883","084423888","WRB","WRB","WR BERKLEY CORPORATION","Financial Institutions","669897.0","667741.0","-2156.0","0.0008","0.0008","0.0","15.95","-34388.2","SELL","4","WRB",2094387,0.0,25.0,-36.2,0.0
"2026-06-08","US0844237067","084423706","WRB","WRB","WR BERKLEY CORPORATION","Financial Institutions","495643.0","494047.0","-1596.0","0.0008","0.0008","0.0","21.43","-34202.28","SELL","4","WRB",2094387,0.0,25.0,-14.28,0.0
"2026-06-08","US38144X6094","38144X609","GS-C","GS","GOLDMAN SACHS GROUP INC","Financial Institutions","542587.0","540851.0","-1736.0","0.0008","0.0008","0.0","19.6","-34025.6","SELL","4","GS-PC",17025,0.1,25.0,-21.6,2.16
"2026-06-08","BMG162491648","-","BPY-A","BPY","BROOKFIELD PROPERTY PARTNERS LP","Industrial","779944.0","777452.0","-2492.0","0.0008","0.0008","0.0","13.6","-33891.2","SELL","4","","","",25.0,-45.6,""
"2026-06-08","US3793783008","379378300","GNL-A","GNL","GLOBAL NET LEASE PREF SERIES A INC","Financial Institutions","461149.0","459665.0","-1484.0","0.0008","0.0008","0.0","22.75","-33761.0","SELL","4","GNL-PA",8620,0.2,25.0,-9.0,1.8
"2026-06-08","BMG9078F1648","-","TRTN-D","TRTN","TRITON INTERNATIONAL LTD","Industrial","401000.0","399600.0","-1400.0","0.0007","0.0007","0.0","24.1","-33740.0","SELL","4","TRTN-PD",7274,0.2,25.0,-3.6,0.72
"2026-06-08","US0605058157","060505815","BAC-E","BAC","BANK OF AMERICA CORP PREF STOCK","Financial Institutions","556597.0","554805.0","-1792.0","0.0008","0.0008","0.0","18.77","-33635.84","SELL","4","BAC-PE",21071,0.1,25.0,-24.92,2.49
"2026-06-08","US5303075031","530307503","LBRDA","LBRDA","LIBERTY BROADBAND CUM REDEEMABLE P","Industrial","480942.0","479402.0","-1540.0","0.0008","0.0008","0.0","21.75","-33495.0","SELL","4","LBRDA",224320,0.0,25.0,-13.0,0.0
"2026-06-08","US9197944047","919794404","VLY-C","VLY","VALLEY NATIONAL BANCORP","Financial Institutions","401640.0","400352.0","-1288.0","0.0008","0.0008","0.0","25.99","-33475.12","SELL","4","","","",25.0,3.96,""
"2026-06-08","US74460W3960","74460W396","PSA-S","PSA","PUBLIC STORAGE DEPOSITARY SHS EACH","Financial Institutions","658594.0","656494.0","-2100.0","0.0008","0.0008","0.0","15.91","-33411.0","SELL","4","PSA-PS",18859,0.1,25.0,-36.36,3.64
"2026-06-08","BMG053841620","-","AHL","AHL","ASPEN INSURANCE HOLDINGS LTD","Financial Institutions","535264.0","533556.0","-1708.0","0.0008","0.0008","0.0","19.56","-33408.48","SELL","4","","","",25.0,-21.76,""
"2026-06-08","US0423156068","042315606","ARR-C","ARR","ARMOUR RESIDENTIAL REIT INC","Financial Institutions","494215.0","492619.0","-1596.0","0.0008","0.0008","0.0","20.93","-33404.28","SELL","4","ARR-PC",19864,0.1,25.0,-16.28,1.63
"2026-06-08","US0605056250","060505625","BAC-02","BAC","BANK OF AMERICA CORP","Financial Institutions","537702.0","535970.0","-1732.0","0.0008","0.0008","0.0","19.26","-33358.32","SELL","4","","","",25.0,-22.96,""
"2026-06-08","US11259P3073","11259P307","BRBRPH","BEPUCN","BROOKFIELD BRP HOLDINGS (CANADA) I","Utility","406884.0","405568.0","-1316.0","0.0008","0.0008","0.0","25.33","-33334.28","SELL","4","","","",25.0,1.32,""
"2026-06-08","US6740013007","674001300","OAK-A","OAK","OAKTREE CAPITAL GROUP LLC","Financial Institutions","488323.0","486755.0","-1568.0","0.0008","0.0008","0.0","21.1","-33084.8","SELL","4","OAK-PA",9710,0.2,25.0,-15.6,3.12
"2026-06-08","US00123Q8565","00123Q856","AGNCL","AGNC","AGNC INVESTMENT CORP","Financial Institutions","406848.0","405532.0","-1316.0","0.0007","0.0008","0.0001","25.14","-33084.24","SELL","4","AGNCL",10710,0.1,25.0,0.56,0.0
"2026-06-08","US2333318267","233331826","DTE-G","DTE","DTE ENERGY COMPANY","Utility","615867.0","613907.0","-1960.0","0.0008","0.0008","0.0","16.8","-32928.0","SELL","4","","","",25.0,-32.8,""
"2026-06-08","US78407R2040","78407R204","SCE-J","EIX","SCE TRUST II CUM TRUST SECS P","Utility","589174.0","587298.0","-1876.0","0.0007","0.0008","0.0001","17.49","-32811.24","SELL","4","","","",25.0,-30.04,""
"2026-06-08","US1258968379","125896837","CMS-C","CMS","CMS ENERGY CORPORATION","Utility","615973.0","614013.0","-1960.0","0.0008","0.0008","0.0","16.74","-32810.4","SELL","4","CMS-PC",13885,0.1,25.0,-33.04,3.3
"2026-06-08","BMG162491564","-","BPY-A2","BPY","BROOKFIELD PROPERTY PARTNERS LP","Industrial","678169.0","675985.0","-2184.0","0.0007","0.0008","0.0001","15.02","-32803.68","SELL","4","","","",25.0,-39.92,""
"2026-06-08","US10922N8891","10922N889","BHF-D","BHF","BRIGHTHOUSE FINANCIAL INC","Financial Institutions","937223.0","934227.0","-2996.0","0.0008","0.0008","0.0","10.91","-32686.36","SELL","4","","","",25.0,-56.36,""
"2026-06-08","US87266M2061","87266M206","TRTX-C","TRTX","TPG RE FIN TR PREF SERIES C INC TR","Financial Institutions","546018.0","544282.0","-1736.0","0.0008","0.0008","0.0","18.64","-32359.04","SELL","4","TRTX-PC",7067,0.2,25.0,-25.44,5.09
"2026-06-08","US8606307069","860630706","SF-B","SF","STIFEL FINANCIAL CORP","Financial Institutions","434041.0","432641.0","-1400.0","0.0007","0.0007","0.0","23.08","-32312.0","SELL","4","SF-PB",9317,0.2,25.0,-7.68,1.54
"2026-06-08","US4101204067","410120406","HWC","HWC","HANCOCK WHITNEY CORP","Financial Institutions","461819.0","460335.0","-1484.0","0.0007","0.0007","0.0","21.7","-32202.8","SELL","4","HWC",823984,0.0,25.0,-13.2,0.0
"2026-06-08","US04208T2078","04208T207","AHH-A","AHH","ARMADA HOFFLER PROPERTIES INC","Financial Institutions","464176.0","462692.0","-1484.0","0.0007","0.0007","0.0","21.61","-32069.24","SELL","4","","","",25.0,-13.56,""
"2026-06-08","US3205174028","320517402","FHN-E","FHN","FIRST HORIZON NATIONAL CORP","Financial Institutions","406883.0","405567.0","-1316.0","0.0007","0.0007","0.0","24.32","-32005.12","SELL","4","FHN-PE",5879,0.2,25.0,-2.72,0.54
"2026-06-08","US6496048819","649604881","ADAM-D","ADAM","NEW YORK MORTGAGE TRUST INC","Financial Institutions","416848.0","415504.0","-1344.0","0.0007","0.0007","0.0","23.78","-31960.32","SELL","4","","","",25.0,-4.88,""
"2026-06-08","US04914Y3009","04914Y300","ATLC","ATLC","ATLANTICUS HOLDINGS CORP","Financial Institutions","396630.0","395370.0","-1260.0","0.0007","0.0007","0.0","25.19","-31739.4","SELL","4","ATLC",92352,0.0,25.0,0.76,0.0
"2026-06-08","US58844R8842","58844R884","MBIN","MBIN","MERCHANTS BANCORP","Financial Institutions","381256.0","380024.0","-1232.0","0.0007","0.0007","0.0","25.52","-31440.64","SELL","4","MBIN",130786,0.0,25.0,2.08,0.0
"2026-06-08","US4461507810","446150781","HBAN-C","HBAN","HUNTINGTON BANCSHARES INC","Financial Institutions","474709.0","473197.0","-1512.0","0.0007","0.0007","0.0","20.69","-31283.28","SELL","4","","","",25.0,-17.24,""
"2026-06-08","US70509V8862","70509V886","PEB-H","PEB","PEBBLEBROOK HOTEL TRUST","Financial Institutions","530838.0","529130.0","-1708.0","0.0007","0.0007","0.0","18.17","-31034.36","SELL","4","PEB-PH",35333,0.0,25.0,-27.32,0.0
"2026-06-08","BMG9078F1317","-","TRTN-B","TRTN","TRITON INTERNATIONAL LTD","Industrial","384615.0","383383.0","-1232.0","0.0007","0.0007","0.0","25.05","-30861.6","SELL","4","TRTN-PB",6231,0.2,25.0,0.2,0.0
"2026-06-08","US74460W5379","74460W537","PSA-M","PSA","PUBLIC STORAGE","Financial Institutions","604064.0","602132.0","-1932.0","0.0007","0.0007","0.0","15.96","-30834.72","SELL","4","PSA-PM",9423,0.2,25.0,-36.16,7.23
"2026-06-08","US4884013081","488401308","KMPR","KMPR","KEMPER CORP","Financial Institutions","401228.0","399940.0","-1288.0","0.0007","0.0007","0.0","23.83","-30693.04","SELL","4","KMPR",1057589,0.0,25.0,-4.68,0.0
"2026-06-08","US6496048652","649604865","ADAM-F","ADAM","NEW YORK MORTGAGE TRUST INC","Financial Institutions","393624.0","392364.0","-1260.0","0.0007","0.0007","0.0","24.1","-30366.0","SELL","4","","","",25.0,-3.6,""
"2026-06-08","US0259328807","025932880","AFG","AFG","AMERICAN FINANCIAL GROUP INC","Financial Institutions","535190.0","533482.0","-1708.0","0.0007","0.0007","0.0","17.69","-30214.52","SELL","4","AFG",436677,0.0,25.0,-29.24,0.0
"2026-06-08","US11272B1035","11272B103","BNCN","BNCN","BROOKFIELD FINANCE I UK PLC","Financial Institutions","623976.0","621988.0","-1988.0","0.0007","0.0007","0.0","15.18","-30177.84","SELL","4","","","",25.0,-39.28,""
"2026-06-08","US26884U2087","26884U208","EPR-C","EPR","EPR PROPERTIES 5.75% CUM CONV PREF","Financial Institutions","365763.0","364587.0","-1176.0","0.0007","0.0007","0.0","25.53","-30023.28","SELL","4","EPR-PC",4379,0.3,25.0,2.12,0.0
"2026-06-08","US4461507570","446150757","HBANZ","HBAN","HUNTINGTON BANCSHARES DEPOSITARY S","Financial Institutions","463143.0","461659.0","-1484.0","0.0007","0.0007","0.0","20.1","-29828.4","SELL","4","HBANZ",12841,0.1,25.0,-19.6,1.96
"2026-06-08","BMG9078F2067","-","TRTN","TRTN","TRITON INTERNATIONAL LTD","Industrial","401067.0","399779.0","-1288.0","0.0007","0.0007","0.0","22.82","-29392.16","SELL","4","","","",25.0,-8.72,""
"2026-06-08","USG162522670","-","BIP-13","BIP","BROOKFIELD INFRASTRUCTURE CLASS","Utility","542587.0","540851.0","-1736.0","0.0007","0.0007","0.0","16.84","-29234.24","SELL","4","","","",25.0,-32.64,""
"2026-06-08","US89832Q8107","89832Q810","TFC-I","TFC","TRUIST FINANCIAL DS REPRESENTING","Financial Institutions","467968.0","466456.0","-1512.0","0.0007","0.0007","0.0","19.07","-28833.84","SELL","4","TFC-PI",11345,0.1,25.0,-23.72,2.37
"2026-06-08","US9478907036","947890703","WBS-G","WBS","WEBSTER FINANCIAL CORPORATION","Financial Institutions","366199.0","365023.0","-1176.0","0.0007","0.0007","0.0","24.2","-28459.2","SELL","4","WBS-PG",6428,0.2,25.0,-3.2,0.64
"2026-06-08","BMG162522756","-","BIP-14","BIP","BROOKFIELD INFRASTRUCTURE PARTNERS","Utility","542587.0","540851.0","-1736.0","0.0007","0.0007","0.0","16.22","-28157.92","SELL","4","","","",25.0,-35.12,""
"2026-06-08","US3765468679","376546867","GAIN","GAIN","GLADSTONE INVESTMENT CORP","Financial Institutions","337816.0","336724.0","-1092.0","0.0006","0.0006","0.0","25.53","-27878.76","SELL","4","GAIN",375802,0.0,25.0,2.12,0.0
"2026-06-08","BMG9078F1564","-","TRTN-E","TRTN","TRITON INTERNATIONAL LTD","Industrial","467677.0","466193.0","-1484.0","0.0007","0.0006","-0.0001","18.55","-27528.2","SELL","4","TRTN-PE",4721,0.3,25.0,-25.8,7.74
"2026-06-08","US3765468836","376546883","GAIN","GAIN","GLADSTONE INVESTMENT CORP","Financial Institutions","359350.0","358202.0","-1148.0","0.0006","0.0006","0.0","23.97","-27517.56","SELL","4","GAIN",375802,0.0,25.0,-4.12,0.0
"2026-06-08","US25401T5048","25401T504","DBRG-H","DBRG","DIGITALBRIDGE GROUP .125 CUMULATIV","Financial Institutions","565627.0","563807.0","-1820.0","0.0006","0.0006","0.0","15.1","-27482.0","SELL","4","DBRG-PH",27638,0.1,25.0,-39.6,3.96
"2026-06-08","US8163005031","816300503","SIGI-B","SIGI","SELECTIVE INS GROUP DS REPSTG IN","Financial Institutions","534325.0","532617.0","-1708.0","0.0006","0.0006","0.0","16.02","-27362.16","SELL","4","","","",25.0,-35.92,""
"2026-06-08","MHY8564M1131","-","TGP","TGP","TEEKAY LNG PARTNERS LP","Industrial","334557.0","333493.0","-1064.0","0.0006","0.0006","0.0","25.65","-27291.6","SELL","4","","","",25.0,2.6,""
"2026-06-08","US0259328641","025932864","AFG","AFG","AMERICAN FINANCIAL GROUP INC","Financial Institutions","534409.0","532701.0","-1708.0","0.0006","0.0006","0.0","15.96","-27259.68","SELL","4","AFG",436677,0.0,25.0,-36.16,0.0
"2026-06-08","US9478905055","947890505","WBS-F","WBS","WEBSTER FINANCIAL DRC CORP","Financial Institutions","406884.0","405568.0","-1316.0","0.0006","0.0006","0.0","20.54","-27030.64","SELL","4","WBS-PF",9920,0.1,25.0,-17.84,1.78
"2026-06-08","US16934Q3074","16934Q307","CIM-A","CIM","CHIMERA INVESTMENT CORP","Financial Institutions","393393.0","392133.0","-1260.0","0.0006","0.0006","0.0","21.41","-26976.6","SELL","4","CIM-PA",9833,0.1,25.0,-14.36,1.44
"2026-06-08","US90187B2007","90187B200","TWO-A","TWO","TWO HARBORS INVESTMENT CORP","Financial Institutions","342522.0","341430.0","-1092.0","0.0006","0.0006","0.0","24.55","-26808.6","SELL","4","TWO-PA",17276,0.1,25.0,-1.8,0.18
"2026-06-08","US26884U5056","26884U505","EPR-G","EPR","EPR PROPERTIES","Financial Institutions","406957.0","405641.0","-1316.0","0.0006","0.0006","0.0","20.21","-26596.36","SELL","4","EPR-PG",9146,0.1,25.0,-19.16,1.92
"2026-06-08","US68003D3035","68003D303","ONB-C","ONB","OLD NATIONAL BANCORP DEP SHS EACH","Financial Institutions","332320.0","331256.0","-1064.0","0.0006","0.0006","0.0","24.92","-26514.88","SELL","4","","","",25.0,-0.32,""
"2026-06-08","US6496048165","649604816","ADAM","ADAM","NEW YORK MORTGAGE TRUST INC","Financial Institutions","311917.0","310909.0","-1008.0","0.0006","0.0006","0.0","25.76","-25966.08","SELL","4","ADAM",813808,0.0,25.0,3.04,0.0
"2026-06-08","US0084922097","008492209","ADC-A","ADC","AGREE REALTY CORP","Financial Institutions","474781.0","473269.0","-1512.0","0.0006","0.0006","0.0","17.11","-25870.32","SELL","4","ADC-PA",11912,0.1,25.0,-31.56,3.16
"2026-06-08","US70509V7047","70509V704","PEB-F","PEB","PEBBLEBROOK HOTEL TRUST","Financial Institutions","399490.0","398202.0","-1288.0","0.0006","0.0006","0.0","20.08","-25863.04","SELL","4","PEB-PF",23314,0.1,25.0,-19.68,1.97
"2026-06-08","US8964426055","896442605","TRIN","TRIN","TRINITY CAPITAL INC","Financial Institutions","317971.0","316963.0","-1008.0","0.0006","0.0006","0.0","25.45","-25653.6","SELL","4","TRIN",1013945,0.0,25.0,1.8,0.0
"2026-06-08","US5977423038","597742303","MSBI","MSBI","MIDLAND STATES BANCORP INC","Financial Institutions","311953.0","310945.0","-1008.0","0.0006","0.0006","0.0","25.45","-25653.6","SELL","4","MSBI",148388,0.0,25.0,1.8,0.0
"2026-06-08","US28852N3070","28852N307","EFC-B","EFC","ELLINGTON FINANCIAL INC","Financial Institutions","326962.0","325926.0","-1036.0","0.0006","0.0006","0.0","24.75","-25641.0","SELL","4","EFC-PB",3342,0.3,25.0,-1.0,0.3
"2026-06-08","US8964427046","896442704","TRIN","TRIN","TRINITY CAPITAL INC","Financial Institutions","311021.0","310013.0","-1008.0","0.0006","0.0006","0.0","25.41","-25613.28","SELL","4","TRIN",1013945,0.0,25.0,1.64,0.0
"2026-06-08","US3137452005","313745200","FRT-C","FRT","FEDERAL REALTY INVESTMENT DEPOSITA","Financial Institutions","406884.0","405568.0","-1316.0","0.0006","0.0006","0.0","19.45","-25596.2","SELL","4","FRT-PC",7786,0.2,25.0,-22.2,4.44
"2026-06-08","US64944P3073","64944P307","FLG","NYCB","NEW YORK COMMUNITY CAPITAL TRUST V","Financial Institutions","193371.0","192755.0","-616.0","0.0006","0.0006","0.0","41.51","-25570.16","SELL","4","FLG",4111034,0.0,25.0,66.04,0.0
"2026-06-08","MHY271831213","-","GSL","GSL","GLOBAL SHIP LEASE INC","Industrial","295648.0","294696.0","-952.0","0.0006","0.0006","0.0","26.85","-25561.2","SELL","4","GSL",361820,0.0,25.0,7.4,0.0
"2026-06-08","US90187B8871","90187B887","TWO","TWO","TWO HARBORS INVESTMENT CORP","Financial Institutions","311935.0","310927.0","-1008.0","0.0006","0.0006","0.0","25.34","-25542.72","SELL","4","TWO",2208984,0.0,25.0,1.36,0.0
"2026-06-08","US26817Q8785","26817Q878","DX-C","DX","DYNEX CAPITAL INC","Financial Institutions","302473.0","301493.0","-980.0","0.0006","0.0006","0.0","26.01","-25489.8","SELL","4","DX-PC",7615,0.1,25.0,4.04,0.0
"2026-06-08","US0082528359","008252835","AMG","AMG","AFFILIATED MANAGERS GROUP INC.","Financial Institutions","533496.0","531788.0","-1708.0","0.0006","0.0006","0.0","14.89","-25432.12","SELL","4","AMG",315346,0.0,25.0,-40.44,0.0
"2026-06-08","US0259328724","025932872","AFG","AFG","AMERICAN FINANCIAL GROUP INC","Financial Institutions","400003.0","398715.0","-1288.0","0.0006","0.0006","0.0","19.41","-25000.08","SELL","4","AFG",436677,0.0,25.0,-22.36,0.0
"2026-06-08","US8660826053","866082605","INN-E","INN","SUMMIT HOTEL PROPERTIES INC","Financial Institutions","434041.0","432641.0","-1400.0","0.0006","0.0006","0.0","17.84","-24976.0","SELL","4","INN-PE",7727,0.2,25.0,-28.64,5.73
"2026-06-08","US6475513080","647551308","NMFC","NMFC","NEW MOUNTAIN FINANCE CORP","Financial Institutions","306550.0","305570.0","-980.0","0.0006","0.0006","0.0","25.48","-24970.4","SELL","4","NMFC",530802,0.0,25.0,1.92,0.0
"2026-06-08","US75574U8383","75574U838","RC","RC","READY CAPITAL CORP","Financial Institutions","352674.0","351554.0","-1120.0","0.0006","0.0006","0.0","22.29","-24964.8","SELL","4","RC",1655641,0.0,25.0,-10.84,0.0
"2026-06-08","US9197942066","919794206","VLY-A","VLY","VALLEY NATIONAL BANCORP","Financial Institutions","306555.0","305575.0","-980.0","0.0006","0.0006","0.0","25.08","-24578.4","SELL","4","","","",25.0,0.32,""
"2026-06-08","BMG162491499","-","BPY-A-1","BPY","BROOKFIELD PROPERTY PARTNERS LP","Industrial","499210.0","497614.0","-1596.0","0.0006","0.0006","0.0","15.4","-24578.4","SELL","4","","","",25.0,-38.4,""
"2026-06-08","US26884U3077","26884U307","EPR-E","EPR","EPR PROPERTIES","Financial Institutions","233705.0","232949.0","-756.0","0.0005","0.0006","0.0001","32.51","-24577.56","SELL","4","EPR-PE",3654,0.2,25.0,30.04,0.0
"2026-06-08","US2635343070","263534307","CTVA","CTVA","E I DU PONT DE NEMOURS AND CO","Industrial","111421.0","111057.0","-364.0","0.0005","0.0006","0.0001","67.2","-24460.8","SELL","4","CTVA",3405938,0.0,25.0,168.8,0.0
"2026-06-08","US20786W5031","20786W503","CNOB-A","CNOB","CONNECTONE BANCORP INC","Financial Institutions","306461.0","305481.0","-980.0","0.0006","0.0006","0.0","24.93","-24431.4","SELL","4","","","",25.0,-0.28,""
"2026-06-08","US02665T8760","02665T876","AMH-G","AMH","AMERICAN HOMES 4 RENT","Financial Institutions","311955.0","310947.0","-1008.0","0.0005","0.0006","0.0001","23.87","-24060.96","SELL","4","AMH-PG",3398,0.3,25.0,-4.52,1.36
"2026-06-08","BMG162582313","-","BEPUCN","BEPUCN","BROOKFIELD RENEWABLE PARTNERS LP","Utility","543275.0","541875.0","-1400.0","0.0007","0.0007","0.0","17.15","-24010.0","SELL","4","","","",25.0,-31.4,""
"2026-06-08","US02665T8687","02665T868","AMH-H","AMH","AMERICAN HOMES 4 RENT","Financial Institutions","311953.0","310945.0","-1008.0","0.0005","0.0005","0.0","23.46","-23647.68","SELL","4","AMH-PH",6500,0.2,25.0,-6.16,1.23
"2026-06-08","US68003D2045","68003D204","ONB-A","ONB","OLD NATIONAL BANCORP","Financial Institutions","292944.0","291992.0","-952.0","0.0005","0.0005","0.0","24.77","-23581.04","SELL","4","","","",25.0,-0.92,""
"2026-06-08","US64828T3005","64828T300","RITM-A","RITM","NEW RESIDENTIAL INVESTMENT CORP","Financial Institutions","285521.0","284597.0","-924.0","0.0005","0.0005","0.0","25.32","-23395.68","SELL","4","RITM-PA",13425,0.1,25.0,1.28,0.0
"2026-06-08","US0605055914","060505591","BAC","BAC","BANK OF AMERICA DEPOSITORY SHARES","Financial Institutions","367355.0","366179.0","-1176.0","0.0005","0.0005","0.0","19.88","-23378.88","SELL","4","BAC",34806187,0.0,25.0,-20.48,0.0
"2026-06-08","US7588498896","758849889","REG-A","REG","REGENCY CENTERS SERIES A CUMULAT","Financial Institutions","311953.0","310945.0","-1008.0","0.0005","0.0005","0.0","22.96","-23143.68","SELL","4","","","",25.0,-8.16,""
"2026-06-08","US70931T8062","70931T806","PMT","PMT","PENNYMAC MORTGAGE INVESTMENT TRUST","Financial Institutions","284809.0","283885.0","-924.0","0.0005","0.0005","0.0","25.0","-23100.0","SELL","4","PMT",972179,0.0,25.0,0.0,0.0
"2026-06-08","US3205178656","320517865","FHN-F","FHN","FIRST HORIZON CORP (TENNESSEE)","Financial Institutions","406848.0","405532.0","-1316.0","0.0005","0.0005","0.0","17.44","-22951.04","SELL","4","FHN-PF",6766,0.2,25.0,-30.24,6.05
"2026-06-08","US70931T3014","70931T301","PMT-A","PMT","PENNYMAC MORTGAGE INVESTMENT TRUST","Financial Institutions","311955.0","310947.0","-1008.0","0.0005","0.0005","0.0","22.35","-22528.8","SELL","4","PMT-PA",6415,0.2,25.0,-10.6,2.12
"2026-06-08","US12621E3018","12621E301","CNO","CNO","CNO FINANCIAL GROUP INC","Financial Institutions","406848.0","405532.0","-1316.0","0.0005","0.0005","0.0","17.05","-22437.8","SELL","4","CNO",755374,0.0,25.0,-31.8,0.0
"2026-06-08","US80349A8027","80349A802","SAR","SAR","SARATOGA INVESTMENT CORP","Financial Institutions","280734.0","279838.0","-896.0","0.0005","0.0005","0.0","24.99","-22391.04","SELL","4","SAR",98072,0.0,25.0,-0.04,0.0
"2026-06-08","KYG3730V1398","-","FTAI-C","FTAI","FTAI AVIATION FIXED RATE RESET C","Industrial","279495.0","278599.0","-896.0","0.0005","0.0005","0.0","24.97","-22373.12","SELL","4","","","",25.0,-0.12,""
"2026-06-08","US7588498714","758849871","REG-B","REG","REGENCY CENTERS SERIES B CUMULAT","Financial Institutions","311959.0","310951.0","-1008.0","0.0005","0.0005","0.0","22.12","-22296.96","SELL","4","","","",25.0,-11.52,""
"2026-06-08","US28852N4060","28852N406","EFC-C","EFC","ELLINGTON FINANCIAL INC","Financial Institutions","271285.0","270417.0","-868.0","0.0005","0.0005","0.0","25.64","-22255.52","SELL","4","EFC-PC",1130,0.8,25.0,2.56,0.0
"2026-06-08","US22948Q2003","22948Q200","CTO-A","CTO","CTO REALTY GROWTH INC","Financial Institutions","319668.0","318632.0","-1036.0","0.0005","0.0005","0.0","21.47","-22242.92","SELL","4","CTO-PA",4077,0.3,25.0,-14.12,4.24
"2026-06-08","US73317H2067","73317H206","BPOP","BPOP","POPULAR CAPITAL TRUST II","Financial Institutions","274092.0","273224.0","-868.0","0.0005","0.0005","0.0","25.4","-22047.2","SELL","4","BPOP",435248,0.0,25.0,1.6,0.0
"2026-06-08","US0259328070","025932807","AFG","AFG","AMERICAN FINANCIAL GROUP INC","Financial Institutions","332668.0","331604.0","-1064.0","0.0005","0.0005","0.0","20.71","-22035.44","SELL","4","AFG",436677,0.0,25.0,-17.16,0.0
"2026-06-08","US3793784097","379378409","GNL-B","GNL","GLOBAL NET LEASE INC","Financial Institutions","318516.0","317508.0","-1008.0","0.0005","0.0005","0.0","21.77","-21944.16","SELL","4","GNL-PB",3586,0.3,25.0,-12.92,3.88
"2026-06-08","US00489Q3002","00489Q300","ACR-D","ACR","ACRES COMMERCIAL REALTY CORP","Financial Institutions","305684.0","304704.0","-980.0","0.0005","0.0005","0.0","22.37","-21922.6","SELL","4","ACR-PD",4523,0.2,25.0,-10.52,2.1
"2026-06-08","US2298993070","229899307","CFR-B","CFR","CULLEN FROST BANKERS DRC INC","Financial Institutions","406848.0","405532.0","-1316.0","0.0005","0.0005","0.0","16.55","-21779.8","SELL","4","CFR-PB",10619,0.1,25.0,-33.8,3.38
"2026-06-08","US74460W4877","74460W487","PSA-O","PSA","PUBLIC STORAGE","Financial Institutions","446267.0","444839.0","-1428.0","0.0005","0.0005","0.0","15.15","-21634.2","SELL","4","PSA-PO",19110,0.1,25.0,-39.4,3.94
"2026-06-08","US8043958797","804395879","BFS-E","BFS","SAUL CENTERS INC","Financial Institutions","298465.0","297513.0","-952.0","0.0005","0.0005","0.0","22.38","-21305.76","SELL","4","BFS-PE",3792,0.3,25.0,-10.48,3.14
"2026-06-08","US53803X4025","53803X402","LOB-A","LOB","LIVE OAK BANCSHARES INC","Financial Institutions","265953.0","265113.0","-840.0","0.0005","0.0005","0.0","25.15","-21126.0","SELL","4","LOB-PA",12342,0.1,25.0,0.6,0.0
"2026-06-08","US9197943056","919794305","VLY-B","VLY","VALLEY NATL NON CUM PERP PREF SERI","Financial Institutions","265864.0","265024.0","-840.0","0.0005","0.0005","0.0","25.09","-21075.6","SELL","4","","","",25.0,0.36,""
"2026-06-08","US16208T2015","16208T201","CLDT-A","CLDT","CHATHAM LODGING TRUST","Financial Institutions","325563.0","324527.0","-1036.0","0.0005","0.0005","0.0","20.31","-21041.16","SELL","4","CLDT-PA",29908,0.0,25.0,-18.76,0.0
"2026-06-08","US7580758578","758075857","RWT","RWT","REDWOOD TRUST INC","Financial Institutions","271267.0","270399.0","-868.0","0.0005","0.0005","0.0","23.86","-20710.48","SELL","4","RWT",1040490,0.0,25.0,-4.56,0.0
"2026-06-08","US20451Q2030","20451Q203","CODI-A","CODI","COMPASS DIVERSIFIED HOLDINGS","Financial Institutions","310647.0","309639.0","-1008.0","0.0005","0.0005","0.0","20.11","-20270.88","SELL","4","CODI-PA",5436,0.2,25.0,-19.56,3.91
"2026-06-08","US25432X2018","25432X201","DCOM","DCOM","DIME COMMUNITY BANCSHARES CUMULATI","Financial Institutions","352107.0","350987.0","-1120.0","0.0005","0.0005","0.0","17.99","-20148.8","SELL","4","DCOM",281281,0.0,25.0,-28.04,0.0
"2026-06-08","US3131488278","313148827","AGMPP","FAMCA","FEDERAL AGRIC MTG NON CUMULATIVE P","Agency","265647.0","264807.0","-840.0","0.0005","0.0005","0.0","23.69","-19899.6","SELL","4","","","",25.0,-5.24,""
"2026-06-08","US29364P1030","29364P103","ETR","ETR","ENTERGY NEW ORLEANS INC","Utility","292255.0","291331.0","-924.0","0.0005","0.0005","0.0","21.51","-19875.24","SELL","4","ETR",3891271,0.0,25.0,-13.96,0.0
"2026-06-08","US6943082064","694308206","PCG-A","PCG","PACIFIC GAS & ELEC CO","Utility","279567.0","278671.0","-896.0","0.0005","0.0005","0.0","21.98","-19694.08","SELL","4","PCG-PA",6084,0.1,25.0,-12.08,1.21
"2026-06-08","US5290433094","529043309","LXP-C","LXP","LXP INDUSTRIAL TRUST","Financial Institutions","131265.0","130845.0","-420.0","0.0004","0.0004","0.0","45.8","-19236.0","SELL","4","LXP-PC",2112,0.2,25.0,83.2,0.0
"2026-06-08","US3131488435","313148843","FAMCA","FAMCA","FEDERAL AGRICULTURAL MORTGAGE CORP","Agency","318382.0","317374.0","-1008.0","0.0004","0.0004","0.0","18.79","-18940.32","SELL","4","","","",25.0,-24.84,""
"2026-06-08","US74348T5653","74348T565","PSEC-A","PSEC","PROSPECT CAPITAL CORP","Financial Institutions","348110.0","346990.0","-1120.0","0.0004","0.0004","0.0","16.75","-18760.0","SELL","4","PSEC-PA",6465,0.2,25.0,-33.0,6.6
"2026-06-08","US3131488351","313148835","FAMCA","FAMCA","FEDERAL AGRICULTURAL MORTGAGE NO","Agency","331414.0","330350.0","-1064.0","0.0004","0.0004","0.0","17.63","-18758.32","SELL","4","","","",25.0,-29.48,""
"2026-06-08","US70509V6056","70509V605","PEB-E","PEB","PEBBLEBROOK HOTEL TRUST","Financial Institutions","289231.0","288307.0","-924.0","0.0004","0.0004","0.0","20.11","-18581.64","SELL","4","PEB-PE",11015,0.1,25.0,-19.56,1.96
"2026-06-08","US74460W4463","74460W446","PSA-Q","PSA","PUBLIC STORAGE","Financial Institutions","375163.0","373959.0","-1204.0","0.0004","0.0004","0.0","15.27","-18385.08","SELL","4","PSA-PQ",11331,0.1,25.0,-38.92,3.89
"2026-06-08","US00489Q2012","00489Q201","ACR-C","ACR","ACRES COMMERCIAL REALTY .625 FIXED","Financial Institutions","326250.0","325550.0","-700.0","0.0006","0.0006","0.0","25.42","-17794.0","SELL","4","ACR-PC",7215,0.1,25.0,1.68,0.0
"2026-06-08","US0454874027","045487402","ASB-F","ASB","ASSOCIATED BANC DEPOSITARY SHARES","Financial Institutions","271294.0","270426.0","-868.0","0.0004","0.0004","0.0","20.28","-17603.04","SELL","4","ASB-PF",4316,0.2,25.0,-18.88,3.78
"2026-06-08","US16934Q8693","16934Q869","CIM","CIM","CHIMERA INVESTMENT CORP","Financial Institutions","326064.0","325364.0","-700.0","0.0006","0.0006","0.0","25.1","-17570.0","SELL","4","CIM",568500,0.0,25.0,0.4,0.0
"2026-06-08","US55272X7066","55272X706","MFA","MFA","MFA FINANCIAL INC","Financial Institutions","312375.0","311675.0","-700.0","0.0006","0.0006","0.0","25.04","-17528.0","SELL","4","MFA",1346574,0.0,25.0,0.16,0.0
"2026-06-08","US3765468596","376546859","GAIN","GAIN","GLADSTONE INVESTMENT CORP","Financial Institutions","266050.0","265350.0","-700.0","0.0005","0.0005","0.0","25.01","-17507.0","SELL","4","GAIN",375810,0.0,25.0,0.04,0.0
"2026-06-08","US80349A8514","80349A851","SAR","SAR","SARATOGA INVESTMENT CORP","Financial Institutions","266375.0","265675.0","-700.0","0.0005","0.0005","0.0","24.98","-17486.0","SELL","4","SAR",98072,0.0,25.0,-0.08,0.0
"2026-06-08","US3131488682","313148868","FAMCA","FAMCA","FEDERAL AGRICULTURAL MORTGAGE CORP","Agency","264661.0","263821.0","-840.0","0.0004","0.0004","0.0","20.7","-17388.0","SELL","4","","","",25.0,-17.2,""
"2026-06-08","US14040H7742","14040H774","COF-K","COF","CAPITAL ONE FINANCIAL CORPORATION","Financial Institutions","320409.0","319373.0","-1036.0","0.0004","0.0004","0.0","16.66","-17259.76","SELL","4","COF-PK",15118,0.1,25.0,-33.36,3.34
"2026-06-08","US78163D4079","78163D407","RWAY","RWAY","RUNWAY GROWTH FINANCE","Financial Institutions","266300.0","265600.0","-700.0","0.0005","0.0005","0.0","24.5","-17150.0","SELL","4","RWAY",639390,0.0,25.0,-2.0,0.0
"2026-06-08","US0454872047","045487204","ASB-E","ASB","ASSOCIATED BANC-CORP","Financial Institutions","271267.0","270399.0","-868.0","0.0004","0.0004","0.0","19.64","-17047.52","SELL","4","ASB-PE",4245,0.2,25.0,-21.44,4.29
"2026-06-08","US9116847024","911684702","UZA","AD","UNITED STATES CELLULAR CORPORATION","Industrial","280138.0","279242.0","-896.0","0.0004","0.0004","0.0","18.75","-16800.0","SELL","4","","","",25.0,-25.0,""
"2026-06-08","US56029Q4082","56029Q408","MHLD","MHLD","MAIDEN HOLDINGS NORTH AMERICA LTD","Financial Institutions","403217.0","401929.0","-1288.0","0.0004","0.0004","0.0","12.6","-16228.8","SELL","4","","","",25.0,-49.6,""
"2026-06-08","US9116848840","911684884","UZC","AD","UNITED STATES CELLULAR CORPORATION","Industrial","275827.0","274931.0","-896.0","0.0003","0.0003","0.0","16.8","-15052.8","SELL","4","","","",25.0,-32.8,""
"2026-06-08","US8678928040","867892804","SHO-H","SHO","SUNSTONE HOTEL INVESTORS INC","Financial Institutions","302850.0","302150.0","-700.0","0.0005","0.0005","0.0","21.44","-15008.0","SELL","4","SHO-PH",21603,0.0,25.0,-14.24,0.0
"2026-06-08","US8660827044","866082704","INN-F","INN","SUMMIT HOTEL PROPERTIES INC","Financial Institutions","271294.0","270426.0","-868.0","0.0003","0.0003","0.0","16.7","-14495.6","SELL","4","INN-PF",11857,0.1,25.0,-33.2,3.32
"2026-06-08","US75574U8870","75574U887","RC-E","RC","READY CAPITAL CORP","Financial Institutions","311917.0","310909.0","-1008.0","0.0003","0.0003","0.0","12.5","-12600.0","SELL","4","RC-PE",6461,0.2,25.0,-50.0,10.0
"2026-06-08","US5602923022","560292302","MHLD","MHLD","MAIDEN HOLDINGS LTD","Financial Institutions","287432.0","286508.0","-924.0","0.0003","0.0003","0.0","11.9","-10995.6","SELL","4","","","",25.0,-52.4,""
"2026-06-08","US10482B2007","10482B200","BHR-B","BHR","BRAEMAR HOTEL & RESORTS INC","Financial Institutions","208790.0","208118.0","-672.0","0.0002","0.0002","0.0","15.02","-10093.44","SELL","4","BHR-PB",6660,0.1,25.0,-39.92,3.99
"2026-06-08","US5835432023","583543202","SLNH-A","SLNH","SOLUNA HOLDINGS INC","Industrial","325238.0","324538.0","-700.0","0.0003","0.0003","0.0","10.89","-7623.0","SELL","4","","","",25.0,-56.44,""
"2026-06-08","US3765493099","376549309","LAND-B","LAND","GLADSTONE LAND CORP","Financial Institutions","393650.0","393650.0","0.0","0.0006","0.0006","0.0","20.85","0.0","UNCHANGED","4","","","","","",""
"2026-06-08","US0389238769","038923876","ABR-D","ABR","ARBOR REALTY TRUST INC","Financial Institutions","622146.0","622146.0","0.0","0.0007","0.0007","0.0","16.15","0.0","UNCHANGED","4","","","","","",""
"2026-06-08","US3602713089","360271308","FULT-A","FULT","FULTON FINANCIAL CORPORATION","Financial Institutions","540817.0","540817.0","0.0","0.0007","0.0007","0.0","18.43","0.0","UNCHANGED","4","","","","","",""
"2026-06-08","US74913G8814","74913G881","CTL","CTL","QWEST CORP","Industrial","2691284.0","2691284.0","0.0","0.0038","0.0039","0.0001","19.38","0.0","UNCHANGED","4","","","","","",""
"2026-06-08","US04621X3061","04621X306","AIZ","AIZ","ASSURANT INC","Financial Institutions","671135.0","671135.0","0.0","0.0009","0.0009","0.0","18.92","0.0","UNCHANGED","4","","","","","",""
"2026-06-08","US29452E2000","29452E200","EQH-A","EQH","EQUITABLE HLDNGS DRC REPRESENTING","Financial Institutions","2172281.0","2172281.0","0.0","0.0031","0.0031","0.0","19.3","0.0","UNCHANGED","4","","","","","",""
"2026-06-08","BMG7498P1279","-","RNR-G","RNR","RENAISSANCERE HOLDINGS LTD","Financial Institutions","1362026.0","1362026.0","0.0","0.0015","0.0015","0.0","15.05","0.0","UNCHANGED","4","","","","","",""
"2026-06-08","US06417N2027","06417N202","OZK-A","OZK","BANK OZK","Financial Institutions","951046.0","951046.0","0.0","0.0011","0.0012","0.0001","16.31","0.0","UNCHANGED","4","","","","","",""
"2026-06-08","US0389238686","038923868","ABR-E","ABR","ARBOR REALTY TRUST INC","Financial Institutions","385742.0","385742.0","0.0","0.0005","0.0005","0.0","15.82","0.0","UNCHANGED","4","","","","","",""
"2026-06-08","US34988VAF31","34988VAF3","FOSL","FOSL","FOSSIL GROUP INC","Industrial","1174925.0","1174925.0","0.0","0.0001","0.0001","0.0","73.65","0.0","UNCHANGED","4","","","","","",""
"2026-06-08","US0625452075","062545207","BOH-A","BOH","BANK OF HAWAII CORP","Financial Institutions","484757.0","484757.0","0.0","0.0006","0.0006","0.0","15.89","0.0","UNCHANGED","4","","","","","",""
"2026-06-08","US30190A6091","30190A609","FG","FG","F&G ANNUITIES & LIFE INC","Financial Institutions","1012645.0","1012645.0","0.0","0.0016","0.0016","0.0","21.61","0.0","UNCHANGED","4","","","","","",""
"2026-06-08","US30190A2033","30190A203","FG","FG","F&G ANNUITIES & LIFE INC","Financial Institutions","932154.0","932154.0","0.0","0.0017","0.0017","0.0","24.79","0.0","UNCHANGED","4","","","","","",""
"2026-06-08","US78442P5026","78442P502","SLM-B","SLM","SLM CORP","Financial Institutions","170236.0","170236.0","0.0","0.0009","0.001","0.0001","75.07","0.0","UNCHANGED","4","","","","","",""
"2026-06-08","US0625403078","062540307","BOH","BOH","BANK OF HAWAII CORP","Financial Institutions","447100.0","447100.0","0.0","0.0009","0.0009","0.0","26.29","0.0","UNCHANGED","4","","","","","",""
"2026-06-08","US0389238504","038923850","ABR-F","ABR","ARBOR REALTY TRUST INC","Financial Institutions","771292.0","771292.0","0.0","0.0013","0.0013","0.0","22.8","0.0","UNCHANGED","4","","","","","",""
"2026-06-08","US05461T3059","05461T305","AXS-E","AXS","AXIS CAPITAL HOLDINGS LTD","Financial Institutions","1498256.0","1498256.0","0.0","0.0021","0.0022","0.0001","19.36","0.0","UNCHANGED","4","","","","","",""
"2026-06-08","US29452E4089","29452E408","EQH-C","EQH","EQUITABLE HOLDINGS INC","Financial Institutions","811206.0","811206.0","0.0","0.001","0.001","0.0","15.99","0.0","UNCHANGED","4","","","","","",""
"2026-06-08","US17259U4022","17259U402","CION","CICC","CION INVESTMENT NOTES DUE CORP","Financial Institutions","337169.0","337169.0","0.0","0.0006","0.0006","0.0","25.05","0.0","UNCHANGED","4","","","","","",""
"2026-06-08","US9388243076","938824307","WAFD-A","WAFD","WASHINGTON FEDERAL INC","Financial Institutions","813970.0","813970.0","0.0","0.001","0.001","0.0","16.28","0.0","UNCHANGED","4","","","","","",""
"2026-06-08","US75968N3098","75968N309","RNR-F","RNR","RENAISSANCERE HOLDINGS LTD","Financial Institutions","681600.0","681600.0","0.0","0.0011","0.0011","0.0","21.17","0.0","UNCHANGED","4","","","","","",""
"2026-06-08","US7244795065","724479506","PBI","PBI","PITNEY BOWES INC","Industrial","950906.0","950906.0","0.0","0.0014","0.0015","0.0001","20.71","0.0","UNCHANGED","4","","","","","",""
"2026-06-08","US46817M2061","46817M206","JXN","JXN","JACKSON FINANCIAL INC","Financial Institutions","1498271.0","1498271.0","0.0","0.0029","0.0029","0.0","25.91","0.0","UNCHANGED","4","","","","","",""
"2026-06-08","US5341878859","534187885","LNC-D","LNC","LINCOLN NATIONAL CORPORATION","Financial Institutions","1362035.0","1362035.0","0.0","0.0026","0.0027","0.0001","26.28","0.0","UNCHANGED","4","","","","","",""
"2026-06-08","US74913G8731","74913G873","CTL","CTL","QWEST CORP","Industrial","1818042.0","1818042.0","0.0","0.0026","0.0026","0.0","19.4","0.0","UNCHANGED","4","","","","","",""
