"date","isin","cusip","ticker","ticker_raw","name","sector","prior_shares","today_shares","shares_delta","prior_weight","today_weight","weight_delta","price","dollar_flow","flow_type","gap_days","yahoo_ticker","adv_30d","overhang_days","par_value","price_vs_par_pct","signal_score"
"2026-04-29","-","-","USD","USD","USD CASH","Cash and/or Derivatives","1401298.0","-1248961.0","-2650259.0","0.01009","-0.00904","-0.01913","100.0","-265025900.0","UNCHANGED","1","","","","","",""
"2026-04-29","US0669224778","066922477","XTSLA","XTSLA","BLK CSH FND TREASURY SL AGENCY","Cash and/or Derivatives","119149084.0","120520907.0","1371823.0","0.85793","0.87273","0.0148","1.0","1371823.0","UNCHANGED","1","","","","","",""
"2026-04-29","US0970232049","097023204","BA","BA","BOEING CO","Industrial","7912812.0","7903892.0","-8920.0","4.16836","4.09802","-0.07034","71.6","-638672.0","SELL","1","BA",6828637,0.0,25.0,186.4,0.0
"2026-04-29","US68389X2045","68389X204","ORCL-D","ORCL","ORACLE CORPORATION","Industrial","6882150.0","6874150.0","-8000.0","2.49557","2.46103","-0.03454","49.44","-395520.0","SELL","1","ORCL-PD",1305149,0.0,25.0,97.76,0.0
"2026-04-29","US5949728530","594972853","STRC","MSTR","STRATEGY INC","Industrial","3460545.0","3456645.0","-3900.0","2.47805","2.48981","0.01176","99.47","-387933.0","SELL","1","STRC",3226277,0.0,25.0,297.88,0.0
"2026-04-29","US9497468044","949746804","WFC-L","WFC","WELLS FARGO & COMPANY SERIES L","Financial Institutions","270145.0","269845.0","-300.0","2.34373","2.3351","-0.00863","1195.01","-358503.0","SELL","1","WFC-PL",11707,0.0,1000.0,19.5,0.0
"2026-04-29","US0126532003","012653200","ALB","ALB","ALBEMARLE CORP","Industrial","3165126.0","3161556.0","-3570.0","1.70768","1.74452","0.03684","76.2","-272034.0","SELL","1","ALB",2029817,0.0,25.0,204.8,0.0
"2026-04-29","US0605056821","060505682","BAC-L","BAC","BANK OF AMERICA CORP","Financial Institutions","151687.0","151517.0","-170.0","1.34233","1.34652","0.00419","1227.25","-208632.5","SELL","1","BAC-PL",10410,0.0,1000.0,22.72,0.0
"2026-04-29","US1730802014","173080201","C","C","CITIGROUP CAPITAL XIII","Financial Institutions","6181637.0","6174667.0","-6970.0","1.33532","1.31411","-0.02121","29.39","-204848.3","SELL","1","C",14035623,0.0,25.0,17.56,0.0
"2026-04-29","US65339F6557","65339F655","NEE-V","NEE","NEXTERA ENERGY INC","Utility","3171859.0","3168279.0","-3580.0","1.17917","1.16893","-0.01024","50.95","-182401.0","SELL","1","NEE-PV",688275,0.0,25.0,103.8,0.0
"2026-04-29","US42824C2089","42824C208","HPE-A","HPE","HEWLETT PACKARD ENTERPRISE CONV PR","Industrial","2064253.0","2061923.0","-2330.0","1.11744","1.13686","0.01942","76.14","-177406.2","SELL","1","","","",25.0,204.56,""
"2026-04-29","US65339F6631","65339F663","NEE-S","NEE","NEXTERA ENERGY UNITS INC","Utility","2752273.0","2749173.0","-3100.0","1.15339","1.13773","-0.01566","57.15","-177165.0","SELL","1","NEE-PS",84221,0.0,25.0,128.6,0.0
"2026-04-29","US5950173022","595017302","MCHP","MCHP","MICROCHIP TECHNOLOGY INCORPORATED","Industrial","2043541.0","2041241.0","-2300.0","1.0665","1.13358","0.06708","76.69","-176387.0","SELL","1","MCHP",8956007,0.0,25.0,206.76,0.0
"2026-04-29","US48251W5004","48251W500","KKR-D","KKR","KKR & CO INC","Financial Institutions","3560746.0","3556736.0","-4010.0","1.12581","1.10878","-0.01703","43.05","-172630.5","SELL","1","KKR-PD",444698,0.0,25.0,72.2,0.0
"2026-04-29","US8425878423","842587842","SO-A","SO","SOUTHERN COMPANY (THE)","Utility","2752273.0","2749173.0","-3100.0","1.00911","1.00793","-0.00118","50.63","-156953.0","SELL","1","SOPA",2400640,0.0,25.0,102.52,0.0
"2026-04-29","US48128B6487","48128B648","JPM-EE","JPM","JPMORGAN CHASE & CO","Financial Institutions","5091766.0","5086026.0","-5740.0","0.93014","0.93106","0.00092","25.28","-145107.2","SELL","1","","","",25.0,1.12,""
"2026-04-29","US03769M3043","03769M304","APO","APO","APOLLO GLOBAL MANAGEMENT INC","Financial Institutions","1978186.0","1975956.0","-2230.0","0.90705","0.90302","-0.00403","63.11","-140735.3","SELL","1","APO",5501503,0.0,25.0,152.44,0.0
"2026-04-29","US48128B6552","48128B655","JPM-DD","JPM","JPMORGAN CHASE & CO","Financial Institutions","4668517.0","4663257.0","-5260.0","0.83333","0.83408","0.00075","24.7","-129922.0","SELL","1","","","",25.0,-1.2,""
"2026-04-29","US65339F1194","65339F119","NEE-T","NEE","NEXTERA ENERGY UNITS INC","Utility","2064253.0","2061923.0","-2330.0","0.79862","0.79105","-0.00757","52.98","-123443.4","SELL","1","NEE-PT",95719,0.0,25.0,111.92,0.0
"2026-04-29","US94988U1512","94988U151","WFC-Z","WFC","WELLS FARGO & COMPANY","Financial Institutions","5539779.0","5533529.0","-6250.0","0.76148","0.75893","-0.00255","18.94","-118375.0","SELL","1","WFC-PZ",158124,0.0,25.0,-24.24,0.0
"2026-04-29","US48128B5497","48128B549","JPM-LL","JPM","JPMORGAN CHASE NON-CUMULATIVE PREF","Financial Institutions","5091766.0","5086026.0","-5740.0","0.71346","0.71413","0.00067","19.39","-111298.6","SELL","1","","","",25.0,-22.44,""
"2026-04-29","US48128B5232","48128B523","JPM-MM","JPM","JPMORGAN CHASE AND CO DS REPSTG  T","Financial Institutions","5504601.0","5498391.0","-6210.0","0.71146","0.71151","5e-05","17.87","-110972.7","SELL","1","","","",25.0,-28.52,""
"2026-04-29","US69331C3060","69331C306","PCG-A","PCG","PG&E CORPORATION","Utility","2215608.0","2213108.0","-2500.0","0.658","0.66171","0.00371","41.29","-103225.0","SELL","1","PCG-PA",5781,0.4,25.0,65.16,0.0
"2026-04-29","US00206R7061","00206R706","T-C","T","AT&T INC","Industrial","4816526.0","4811096.0","-5430.0","0.64854","0.648","-0.00054","18.6","-100998.0","SELL","1","T-PC",185140,0.0,25.0,-25.6,0.0
"2026-04-29","US5949728795","594972879","STRF","MSTR","STRATEGY INC","Industrial","883555.0","882555.0","-1000.0","0.63633","0.64292","0.00659","100.6","-100600.0","SELL","1","STRF",111483,0.0,1000.0,-89.94,0.0
"2026-04-29","US10950A2050","10950A205","BTSG","BTSG","BRIGHTSPRING HEALTH SERVICES UNITS","Industrial","550461.0","549841.0","-620.0","0.62541","0.63554","0.01013","159.62","-98964.4","SELL","1","BTSG",2445020,0.0,1000.0,-84.04,0.0
"2026-04-29","US69351T8669","69351T866","PPL","PPL","PPL CORPORATION","Utility","1585963.0","1584173.0","-1790.0","0.5912","0.58838","-0.00282","51.29","-91809.1","SELL","1","PPL",6732340,0.0,25.0,105.16,0.0
"2026-04-29","US48128B5802","48128B580","JPM-JJ","JPM","JPMORGAN CHASE DRC","Financial Institutions","4128385.0","4123735.0","-4650.0","0.56956","0.57035","0.00079","19.1","-88815.0","SELL","1","","","",25.0,-23.6,""
"2026-04-29","US00206R3003","00206R300","T","T","AT&T INC","Industrial","3639848.0","3635748.0","-4100.0","0.56479","0.56499","0.0002","21.46","-87986.0","SELL","1","T",41953437,0.0,25.0,-14.16,0.0
"2026-04-29","US14040H8245","14040H824","COF-I","COF","CAPITAL ONE FINANCIAL CORPORATION","Financial Institutions","4128385.0","4123735.0","-4650.0","0.56577","0.56468","-0.00109","18.91","-87931.5","SELL","1","COF-PI",97144,0.0,25.0,-24.36,0.0
"2026-04-29","US03990B3096","03990B309","ARES-B","ARES","ARES MANAGEMENT CORP","Financial Institutions","2064253.0","2061923.0","-2330.0","0.56244","0.55693","-0.00551","37.3","-86909.0","SELL","1","ARES-PB",528336,0.0,25.0,49.2,0.0
"2026-04-29","US5949728613","594972861","STRD","MSTR","STRATEGY INC","Industrial","965211.0","964121.0","-1090.0","0.52973","0.53283","0.0031","76.32","-83188.8","SELL","1","STRD",83947,0.0,25.0,205.28,0.0
"2026-04-29","US38144G8042","38144G804","GS-D","GS","GOLDMAN SACHS GROUP INC","Financial Institutions","3715520.0","3711330.0","-4190.0","0.50939","0.50901","-0.00038","18.94","-79358.6","SELL","1","GS-PD",143818,0.0,25.0,-24.24,0.0
"2026-04-29","US61762V8384","61762V838","MS-Q","MS","MORGAN STANLEY","Financial Institutions","2752273.0","2749173.0","-3100.0","0.50773","0.50765","-8e-05","25.5","-79050.0","SELL","1","MS-PQ",47381,0.1,25.0,2.0,0.0
"2026-04-29","US61762V8533","61762V853","MS-P","MS","MORGAN STANLEY","Financial Institutions","2752273.0","2749173.0","-3100.0","0.50178","0.50217","0.00039","25.23","-78213.0","SELL","1","MS-PP",60732,0.1,25.0,0.92,0.0
"2026-04-29","US61761J4067","61761J406","MS-I","MS","MORGAN STANLEY DS REPRESENTING   F","Financial Institutions","2752273.0","2749173.0","-3100.0","0.49772","0.49908","0.00136","25.07","-77717.0","SELL","1","MS-PI",73449,0.0,25.0,0.28,0.0
"2026-04-29","US26441C5013","26441C501","DUK-A","DUK","DUKE ENERGY CORP","Utility","2752273.0","2749173.0","-3100.0","0.49386","0.49474","0.00088","24.85","-77035.0","SELL","1","DUK-PA",78960,0.0,25.0,-0.6,0.0
"2026-04-29","US5949728878","594972887","STRK","MSTR","STRATEGY INC","Industrial","964448.0","963448.0","-1000.0","0.52924","0.53504","0.0058","76.69","-76690.0","SELL","1","STRK",144153,0.0,25.0,206.76,0.0
"2026-04-29","US0605052291","060505229","BAC-GG","BAC","BANK OF AMERICA CORP","Financial Institutions","2640898.0","2637918.0","-2980.0","0.48205","0.4829","0.00085","25.28","-75334.4","SELL","1","","","",25.0,1.12,""
"2026-04-29","US61762V6065","61762V606","MS-K","MS","MORGAN STANLEY","Financial Institutions","2752273.0","2749173.0","-3100.0","0.48097","0.48137","0.0004","24.18","-74958.0","SELL","1","MS-PK",57684,0.1,25.0,-3.28,0.33
"2026-04-29","US0200028381","020002838","ALL-H","ALL","ALLSTATE CORPORATION (THE)","Financial Institutions","3165126.0","3161556.0","-3570.0","0.47655","0.47505","-0.0015","20.75","-74077.5","SELL","1","ALL-PH",86418,0.0,25.0,-17.0,0.0
"2026-04-29","US00206R5081","00206R508","T-A","T","AT&T INC","Industrial","3302752.0","3299032.0","-3720.0","0.47491","0.47385","-0.00106","19.84","-73804.8","SELL","1","T-PA",92354,0.0,25.0,-20.64,0.0
"2026-04-29","US14040H7825","14040H782","COF-J","COF","CAPITAL ONE FINANCIAL CORPORATION","Financial Institutions","3440348.0","3436468.0","-3880.0","0.45308","0.45116","-0.00192","18.13","-70344.4","SELL","1","COF-PJ",93278,0.0,25.0,-27.48,0.0
"2026-04-29","US61762V8616","61762V861","MS-O","MS","MORGAN STANLEY","Financial Institutions","3577973.0","3573943.0","-4030.0","0.44982","0.44876","-0.00106","17.34","-69880.2","SELL","1","MS-PO",132373,0.0,25.0,-30.64,0.0
"2026-04-29","US65339K8374","65339K837","NEE-U","NEE","NEXTERA ENERGY CAPITAL HOLDINGS IN","Utility","2408525.0","2405775.0","-2750.0","0.44206","0.4418","-0.00026","25.36","-69740.0","SELL","1","","","",25.0,1.44,""
"2026-04-29","US94988U1280","94988U128","WFC-AA","WFC","WELLS FARGO & COMPANY","Financial Institutions","3220710.0","3217080.0","-3630.0","0.44085","0.44006","-0.00079","18.89","-68570.7","SELL","1","","","",25.0,-24.44,""
"2026-04-29","US61762V2007","61762V200","MS-E","MS","MORGAN STANLEY","Financial Institutions","2373880.0","2371200.0","-2680.0","0.43316","0.43511","0.00195","25.34","-67911.2","SELL","1","MS-PE",85676,0.0,25.0,1.36,0.0
"2026-04-29","US98389B8789","98389B878","XEL","XEL","XCEL ENERGY INC","Utility","2476650.0","2473900.0","-2750.0","0.43727","0.43765","0.00038","24.43","-67182.5","SELL","1","XEL",4424173,0.0,25.0,-2.28,0.0
"2026-04-29","US95002Y4008","95002Y400","WFC-DD","WFC","WELLS FARGO & COMPANY","Financial Institutions","3440941.0","3437061.0","-3880.0","0.42987","0.42901","-0.00086","17.24","-66891.2","SELL","1","","","",25.0,-31.04,""
"2026-04-29","US06053U6010","06053U601","BAC-KK","BAC","BANK AMER DS REPRESENTING   NON CU","Financial Institutions","2700038.0","2696998.0","-3040.0","0.42907","0.42868","-0.00039","21.95","-66728.0","SELL","1","","","",25.0,-12.2,""
"2026-04-29","US61763E2072","61763E207","MS-F","MS","MORGAN STANLEY DS","Financial Institutions","2339493.0","2336853.0","-2640.0","0.42518","0.4268","0.00162","25.22","-66580.8","SELL","1","MS-PF",74974,0.0,25.0,0.88,0.0
"2026-04-29","US61747S5047","61747S504","MS","MS","MORGAN STANLEY","Financial Institutions","3027513.0","3024103.0","-3410.0","0.4216","0.42308","0.00148","19.32","-65881.2","SELL","1","MS",6965183,0.0,25.0,-22.72,0.0
"2026-04-29","US04686J8615","04686J861","ATH-A","ATH","ATHENE HOLDING DS REPRESENTING   P","Financial Institutions","2373879.0","2371199.0","-2680.0","0.41023","0.41158","0.00135","23.97","-64239.6","SELL","1","ATH-PA",68642,0.0,25.0,-4.12,0.0
"2026-04-29","US1729672428","172967242","C-II","C","CITIGROUP INC","Financial Institutions","2201831.0","2199351.0","-2480.0","0.40238","0.40325","0.00087","25.32","-62793.6","SELL","1","CPII",143,17.3,25.0,1.28,0.0
"2026-04-29","US8425878001","842587800","SO","SO","SOUTHERN COMPANY (THE)","Utility","2752273.0","2749173.0","-3100.0","0.40527","0.39616","-0.00911","19.9","-61690.0","SELL","1","SO",4535447,0.0,25.0,-20.4,0.0
"2026-04-29","US55261F8648","55261F864","MTB-J","MTB","M T BK DEP INT PERP PFD STK SER J","Financial Institutions","2064253.0","2061923.0","-2330.0","0.39225","0.39373","0.00148","26.37","-61442.1","SELL","1","MTB-PJ",49096,0.0,25.0,5.48,0.0
"2026-04-29","US0605051798","060505179","BAC-K","BAC","BANK OF AMERICA CORP","Financial Institutions","2048558.0","2046248.0","-2310.0","0.37884","0.38052","0.00168","25.68","-59320.8","SELL","1","BAC-PK",44635,0.1,25.0,2.72,0.0
"2026-04-29","US59156R8503","59156R850","MET-F","MET","METLIFE INC","Financial Institutions","2752273.0","2749173.0","-3100.0","0.37971","0.37944","-0.00027","19.06","-59086.0","SELL","1","MET-PF",119836,0.0,25.0,-23.76,0.0
"2026-04-29","US06055H2022","06055H202","BAC-LL","BAC","BANK OF AMERICA CORPORATION DEPOSI","Financial Institutions","2538566.0","2535706.0","-2860.0","0.37691","0.37587","-0.00104","20.47","-58544.2","SELL","1","","","",25.0,-18.12,""
"2026-04-29","US9029731554","902973155","USB-B","USB","US BANCORP","Financial Institutions","2752273.0","2749173.0","-3100.0","0.37267","0.37347","0.0008","18.76","-58156.0","SELL","1","","","",25.0,-24.96,""
"2026-04-29","US8085136005","808513600","SCHW-D","SCHW","CHARLES SCHWAB CORPORATION (THE)","Financial Institutions","2064254.0","2061924.0","-2330.0","0.3701","0.37029","0.00019","24.8","-57784.0","SELL","1","SCHW-PD",65741,0.0,25.0,-0.8,0.0
"2026-04-29","US1167942077","116794207","BRKR","BRKR","BRUKER CORPORATION","Industrial","189912.0","189702.0","-210.0","0.39324","0.37799","-0.01525","275.16","-57783.6","SELL","1","BRKR",1988337,0.0,1000.0,-72.48,0.0
"2026-04-29","US0357108705","035710870","NLY-F","NLY","ANNALY CAPITAL MANAGEMENT INC","Financial Institutions","1981617.0","1979387.0","-2230.0","0.36956","0.37091","0.00135","25.88","-57712.4","SELL","1","NLY-PF",56567,0.0,25.0,3.52,0.0
"2026-04-29","US7593518852","759351885","RGA","RGA","REINSURANCE GROUP OF AMERICA INCOR","Financial Institutions","1927033.0","1924783.0","-2250.0","0.35438","0.355","0.00062","25.47","-57307.5","SELL","1","RGA",299527,0.0,25.0,1.88,0.0
"2026-04-29","US95002Y2028","95002Y202","WFC-CC","WFC","WELLS FARGO & COMPANY","Financial Institutions","2890426.0","2887166.0","-3260.0","0.36651","0.3665","-1e-05","17.53","-57147.8","SELL","1","","","",25.0,-29.88,""
"2026-04-29","US59156R8768","59156R876","MET-E","MET","METLIFE INC","Financial Institutions","2215608.0","2213108.0","-2500.0","0.36246","0.36299","0.00053","22.65","-56625.0","SELL","1","MET-PE",71115,0.0,25.0,-9.4,0.0
"2026-04-29","US00775V1044","00775V104","AEGON","AEGON","AEGON FUNDING CORPORATION II","Financial Institutions","2545874.0","2543004.0","-2870.0","0.35893","0.3578","-0.00113","19.43","-55764.1","SELL","1","","","",25.0,-22.28,""
"2026-04-29","US48128B6222","48128B622","JPM-GG","JPM","JPMORGAN CHASE & CO","Financial Institutions","2477033.0","2474243.0","-2790.0","0.35672","0.35708","0.00036","19.93","-55604.7","SELL","1","","","",25.0,-20.28,""
"2026-04-29","US74913G8814","74913G881","CTL","CTL","QWEST CORP","Industrial","2690331.0","2687301.0","-3030.0","0.34094","0.35222","0.01128","18.1","-54843.0","SELL","1","","","",25.0,-27.6,""
"2026-04-29","US89832Q6952","89832Q695","TFC-R","TFC","TRUIST FINANCIAL DRC CORP","Financial Institutions","2545874.0","2543004.0","-2870.0","0.34445","0.34406","-0.00039","18.68","-53611.6","SELL","1","TFC-PR",79356,0.0,25.0,-25.28,0.0
"2026-04-29","CA67000B2030","67000B203","NOVTV","NOVT","NOVANTA TANGIBLE EQUITY UNITS INC","Industrial","870416.0","869436.0","-980.0","0.362","0.3442","-0.0178","54.67","-53576.6","SELL","1","","","",25.0,118.68,""
"2026-04-29","US3453708378","345370837","F","F","FORD MOTOR COMPANY","Industrial","2201813.0","2199333.0","-2480.0","0.32659","0.3276","0.00101","20.57","-51013.6","SELL","1","F",41825443,0.0,25.0,-17.72,0.0
"2026-04-29","US94988U6560","94988U656","WFC-Y","WFC","WELLS FARGO & COMPANY","Financial Institutions","1899462.0","1897322.0","-2140.0","0.32756","0.32699","-0.00057","23.8","-50932.0","SELL","1","WFC-PY",42675,0.1,25.0,-4.8,0.48
"2026-04-29","US65339K8606","65339K860","NEE-N","NEE","NEXTERA ENERGY CAPITAL HOLDINGS IN","Utility","1892186.0","1890056.0","-2130.0","0.32536","0.32615","0.00079","23.83","-50757.9","SELL","1","","","",25.0,-4.68,""
"2026-04-29","US8168516040","816851604","SRE","SRE","SEMPRA ENERGY","Utility","2084826.0","2082476.0","-2350.0","0.32455","0.32375","-0.0008","21.47","-50454.5","SELL","1","SRE",3415987,0.0,25.0,-14.12,0.0
"2026-04-29","US82846H5046","82846H504","QXO","QXO","QXO INC","Industrial","791246.0","790356.0","-890.0","0.31759","0.31919","0.0016","55.77","-49635.3","SELL","1","QXO",12391757,0.0,25.0,123.08,0.0
"2026-04-29","US06055H8060","06055H806","BAC-QQ","BAC","BANK OF AMERICA CORP","Financial Institutions","2523980.0","2521130.0","-2850.0","0.3155","0.31511","-0.00039","17.26","-49191.0","SELL","1","","","",25.0,-30.96,""
"2026-04-29","US3453708451","345370845","F","F","FORD MOTOR COMPANY","Industrial","2064254.0","2061924.0","-2330.0","0.31407","0.31505","0.00098","21.1","-49163.0","SELL","1","F",41825443,0.0,25.0,-15.6,0.0
"2026-04-29","US0200027888","020002788","ALL-J","ALL","ALLSTATE DEP REPSTG  TH NON CUM PE","Financial Institutions","1651333.0","1649473.0","-1860.0","0.30737","0.31044","0.00307","25.99","-48341.4","SELL","1","ALL-PJ",42185,0.0,25.0,3.96,0.0
"2026-04-29","US03769M2052","03769M205","APO","APO","APOLLO GLOBAL MANAGEMENT INC","Financial Institutions","1651333.0","1649473.0","-1860.0","0.30618","0.30769","0.00151","25.76","-47913.6","SELL","1","APO",5501503,0.0,25.0,3.04,0.0
"2026-04-29","US65339K8291","65339K829","NEE-Z","NEE","NEXTERA ENERGY CAPITAL HOLDINGS IN","Utility","1654880.0","1653010.0","-1870.0","0.29968","0.30081","0.00113","25.13","-46993.1","SELL","1","","","",25.0,0.52,""
"2026-04-29","US0605051954","060505195","BAC-HH","BAC","BANK OF AMERICA DEP REPRESENTING","Financial Institutions","1654813.0","1652943.0","-1870.0","0.29728","0.2984","0.00112","24.93","-46619.1","SELL","1","","","",25.0,-0.28,""
"2026-04-29","US4932678430","493267843","KEY","KEY","KEYCORP","Financial Institutions","1651333.0","1649473.0","-1860.0","0.29548","0.29682","0.00134","24.85","-46221.0","SELL","1","KEY",15585677,0.0,25.0,-0.6,0.0
"2026-04-29","US48251W6093","48251W609","KKR-T","KKR","KKR & CO INC","Financial Institutions","1623863.0","1622033.0","-1830.0","0.29524","0.29552","0.00028","25.16","-46042.8","SELL","1","","","",25.0,0.64,""
"2026-04-29","US2333317921","233331792","DTE-H","DTE","DTE ENERGY COMPANY","Utility","1651333.0","1649473.0","-1860.0","0.29476","0.29539","0.00063","24.73","-45997.8","SELL","1","","","",25.0,-1.08,""
"2026-04-29","US87165B2025","87165B202","SYF-A","SYF","SYNCHRONY FINANCIAL","Financial Institutions","2063669.0","2061419.0","-2250.0","0.30298","0.30303","5e-05","20.3","-45675.0","SELL","1","SYF-PA",66695,0.0,25.0,-18.8,0.0
"2026-04-29","US1258968452","125896845","CMS","CMS","CMS ENERGY CORPORATION","Utility","1733933.0","1731983.0","-1950.0","0.28965","0.28922","-0.00043","23.06","-44967.0","SELL","1","CMS",2741643,0.0,25.0,-7.76,0.0
"2026-04-29","US38143Y6656","38143Y665","GS-A","GS","GOLDMAN SACHS GROUP INC","Financial Institutions","2064187.0","2061857.0","-2330.0","0.28597","0.28629","0.00032","19.18","-44689.4","SELL","1","GS-PA",75763,0.0,25.0,-23.28,0.0
"2026-04-29","US04686J8383","04686J838","ATH","ATH","ATHENE HOLDING LTD","Financial Institutions","1582560.0","1580780.0","-1780.0","0.28511","0.2864","0.00129","25.02","-44535.6","SELL","1","","","",25.0,0.08,""
"2026-04-29","US8425878670","842587867","SO","SO","SOUTHERN COMPANY (THE)","Utility","1555022.0","1553272.0","-1750.0","0.28395","0.28457","0.00062","25.3","-44275.0","SELL","1","SO",4535447,0.0,25.0,1.2,0.0
"2026-04-29","US00123Q8722","00123Q872","AGNC-F","AGNC","AGNC INVESTMENT CORP","Financial Institutions","1582561.0","1580781.0","-1780.0","0.28271","0.28434","0.00163","24.84","-44215.2","SELL","1","","","",25.0,-0.64,""
"2026-04-29","US21871X2080","21871X208","CRBG","CRBG","COREBRIDGE FINANCIAL INC","Financial Institutions","1651333.0","1649473.0","-1860.0","0.28287","0.28201","-0.00086","23.61","-43914.6","SELL","1","CRBG",5167837,0.0,25.0,-5.56,0.0
"2026-04-29","US82452J3077","82452J307","FOUR","FOUR","SHIFT4 PAYMENTS INC","Industrial","688074.0","687294.0","-780.0","0.28235","0.27776","-0.00459","55.81","-43531.8","SELL","1","FOUR",2033527,0.0,25.0,123.24,0.0
"2026-04-29","US12542R3084","12542R308","CHSINC","CHSINC","CHS CUMULATIVE REDEEMABLE PREF CLA","Industrial","1476526.0","1474866.0","-1660.0","0.27844","0.27939","0.00095","26.16","-43425.6","SELL","1","","","",25.0,4.64,""
"2026-04-29","US7838922018","783892201","EIX-M","EIX","SCE TRUST VII","Utility","1513775.0","1512065.0","-1710.0","0.2725","0.27352","0.00102","24.98","-42715.8","SELL","1","","","",25.0,-0.08,""
"2026-04-29","US8794337613","879433761","TDS-VV","TDS","TELEPHONE AND DATA SYSTEMS INC","Industrial","1899084.0","1896944.0","-2140.0","0.26733","0.26882","0.00149","19.57","-41879.8","SELL","1","","","",25.0,-21.72,""
"2026-04-29","US3453708113","345370811","F","F","FORD MOTOR COMPANY","Industrial","1651334.0","1649474.0","-1860.0","0.26611","0.26672","0.00061","22.33","-41533.8","SELL","1","F",41825443,0.0,25.0,-10.68,0.0
"2026-04-29","US06055H4002","06055H400","BAC-NN","BAC","BANK OF AMERICA CORP","Financial Institutions","2086334.0","2083984.0","-2350.0","0.26455","0.26454","-1e-05","17.53","-41195.5","SELL","1","","","",25.0,-29.88,""
"2026-04-29","US12542R8034","12542R803","CHSINC","CHSINC","CHS INC","Industrial","1424362.0","1422752.0","-1610.0","0.26245","0.26313","0.00068","25.54","-41119.4","SELL","1","","","",25.0,2.16,""
"2026-04-29","US87165B4005","87165B400","SYF-B","SYF","SYNCHRONY FINANCIAL","Financial Institutions","1376112.0","1374562.0","-1550.0","0.25961","0.25989","0.00028","26.11","-40470.5","SELL","1","SYF-PB",60251,0.0,25.0,4.44,0.0
"2026-04-29","US05990K8412","05990K841","BANC-F","BANC","BANC OF CALIFORNIA INC","Financial Institutions","1412566.0","1410976.0","-1590.0","0.25855","0.25962","0.00107","25.41","-40401.9","SELL","1","BANC-PF",40732,0.0,25.0,1.64,0.0
"2026-04-29","US8425878837","842587883","SO-C","SO","SOUTHERN COMPANY (THE)","Utility","2064253.0","2061923.0","-2330.0","0.25861","0.25711","-0.0015","17.22","-40122.6","SELL","1","","","",25.0,-31.12,""
"2026-04-29","US0200023093","020002309","ALL","ALL","ALLSTATE CORPORATION (THE)","Financial Institutions","1376112.0","1374562.0","-1550.0","0.25723","0.2569","-0.00033","25.81","-40005.5","SELL","1","ALL",1352963,0.0,25.0,3.24,0.0
"2026-04-29","US7591EP8604","7591EP860","RF","RF","REGIONS FINANCIAL CORPORATION","Financial Institutions","1376112.0","1374562.0","-1550.0","0.25356","0.25292","-0.00064","25.41","-39385.5","SELL","1","RF",13777943,0.0,25.0,1.64,0.0
"2026-04-29","US0640588457","64058845","BK-K","BK","BANK OF NEW YORK MELLON CORP/THE","Financial Institutions","1376121.0","1374571.0","-1550.0","0.25188","0.25283","0.00095","25.4","-39370.0","SELL","1","BK-PK",40446,0.0,25.0,1.6,0.0
"2026-04-29","US9029737593","902973759","USB-K","USB","US BANCORP","Financial Institutions","1582561.0","1580781.0","-1780.0","0.25172","0.25218","0.00046","22.03","-39213.4","SELL","1","","","",25.0,-11.88,""
"2026-04-29","US04686J5074","04686J507","ATH-E","ATH","ATHENE HLDG LTD DEP SHR REPSTG   I","Financial Institutions","1376112.0","1374562.0","-1550.0","0.25039","0.25153","0.00114","25.27","-39168.5","SELL","1","ATH-PE",74482,0.0,25.0,1.08,0.0
"2026-04-29","US59156R5046","59156R504","MET-A","MET","METLIFE INC","Financial Institutions","1651333.0","1649473.0","-1860.0","0.24958","0.25012","0.00054","20.94","-38948.4","SELL","1","MET-PA",132473,0.0,25.0,-16.24,0.0
"2026-04-29","US4932677028","493267702","KEY-E","KEY","KEYCORP","Financial Institutions","1376112.0","1374562.0","-1550.0","0.24822","0.24904","0.00082","25.02","-38781.0","SELL","1","","","",25.0,0.08,""
"2026-04-29","US7591EP7044","7591EP704","RF-C","RF","REGIONS FINANCIAL CORPORATION","Financial Institutions","1376112.0","1374562.0","-1550.0","0.24524","0.24606","0.00082","24.72","-38316.0","SELL","1","RF-PC",35231,0.0,25.0,-1.12,0.0
"2026-04-29","US89832Q7455","89832Q745","TFC-O","TFC","TRUIST FINANCIAL PERPETUAL PREF SE","Financial Institutions","1582560.0","1580780.0","-1780.0","0.24591","0.24497","-0.00094","21.4","-38092.0","SELL","1","TFC-PO",44699,0.0,25.0,-14.4,0.0
"2026-04-29","US74913G8731","74913G873","CTL","CTL","QWEST CORP","Industrial","1816502.0","1814452.0","-2050.0","0.23452","0.24189","0.00737","18.41","-37740.5","SELL","1","","","",25.0,-26.36,""
"2026-04-29","US55261F8499","55261F849","MTB-K","MTB","M&T BANK CORPORATION","Financial Institutions","1239025.0","1237525.0","-1500.0","0.22357","0.22412","0.00055","25.01","-37515.0","SELL","1","MTB-PK",49216,0.0,25.0,0.04,0.0
"2026-04-29","US12542R7044","12542R704","CHSINC","CHSINC","CHS RESET RATE CUMULATIVE REDEEMAB","Industrial","1355507.0","1354007.0","-1500.0","0.24518","0.24483","-0.00035","24.97","-37455.0","SELL","1","","","",25.0,-0.12,""
"2026-04-29","US26441C4024","26441C402","DUK","DUK","DUKE ENERGY CORP","Utility","1376112.0","1374562.0","-1550.0","0.2381","0.23769","-0.00041","23.88","-37014.0","SELL","1","DUK",3650833,0.0,25.0,-4.48,0.0
"2026-04-29","US9029737189","902973718","USB-M","USB","US BANCORP","Financial Institutions","2064253.0","2061923.0","-2330.0","0.23693","0.23681","-0.00012","15.86","-36953.8","SELL","1","","","",25.0,-36.56,""
"2026-04-29","US6494452021","649445202","FLG-A","FLG","NEW YORK COMMUNITY BANCORP INT FXD","Financial Institutions","1417464.0","1415864.0","-1600.0","0.23393","0.23412","0.00019","22.84","-36544.0","SELL","1","FLG-PA",155581,0.0,25.0,-8.64,0.0
"2026-04-29","US64828T7063","64828T706","RITM-D","RITM","NEW RESIDENTIAL INVESTMENT CORP","Financial Institutions","1279783.0","1278343.0","-1440.0","0.23176","0.23281","0.00105","25.15","-36216.0","SELL","1","RITM-PD",57606,0.0,25.0,0.6,0.0
"2026-04-29","US3167736053","316773605","FITB-I","FITB","FIFTH THIRD BANCORP DEPOSITARY SHA","Financial Institutions","1238554.0","1237154.0","-1400.0","0.22616","0.22719","0.00103","25.36","-35504.0","SELL","1","","","",25.0,1.44,""
"2026-04-29","US0357108473","035710847","NLY-I","NLY","ANNALY CAPITAL MANAGEMENT INC","Financial Institutions","1217855.0","1216485.0","-1370.0","0.22506","0.22573","0.00067","25.63","-35113.1","SELL","1","NLY-PI",101929,0.0,25.0,2.52,0.0
"2026-04-29","US14040H7585","14040H758","COF-L","COF","CAPITAL ONE FINANCIAL CORPORATION","Financial Institutions","1857799.0","1855709.0","-2090.0","0.22166","0.22186","0.0002","16.51","-34505.9","SELL","1","COF-PL",43077,0.0,25.0,-33.96,0.0
"2026-04-29","BMG1624R1079","-","BPY","BPY","BROOKFIELD PROPERTY PREFERRED PREF","Industrial","1847068.0","1844988.0","-2080.0","0.22051","0.22151","0.001","16.58","-34486.4","SELL","1","","","",25.0,-33.68,""
"2026-04-29","US8574778556","857477855","STT-G","STT","STATE STREET CORP","Financial Institutions","1376112.0","1374562.0","-1550.0","0.22106","0.22107","1e-05","22.21","-34425.5","SELL","1","STT-PG",49315,0.0,25.0,-11.16,0.0
"2026-04-29","US8085138654","808513865","SCHW-J","SCHW","CHARLES SCHWAB CORPORATION (THE)","Financial Institutions","1651333.0","1649473.0","-1860.0","0.21795","0.21691","-0.00104","18.16","-33777.6","SELL","1","SCHW-PJ",78812,0.0,25.0,-27.36,0.0
"2026-04-29","US9633202059","963320205","WHR-A","WHR","WHIRLPOOL CORPORATION","Industrial","724058.0","723238.0","-820.0","0.21668","0.21551","-0.00117","41.15","-33743.0","SELL","1","WHR-PA",281465,0.0,25.0,64.6,0.0
"2026-04-29","US0082528276","008252827","AMG","AMG","AFFILIATED MANAGERS GROUP INC.","Financial Institutions","1238553.0","1237153.0","-1400.0","0.21323","0.21322","-1e-05","23.8","-33320.0","SELL","1","AMG",353047,0.0,25.0,-4.8,0.0
"2026-04-29","US06055H6080","06055H608","BAC-PP","BAC","BANK OF AMERICA DRC CORP","Financial Institutions","1763062.0","1761072.0","-1990.0","0.21238","0.21284","0.00046","16.69","-33213.1","SELL","1","BAC-PP",47371,0.0,25.0,-33.24,0.0
"2026-04-29","US0357108622","035710862","NLY-G","NLY","ANNALY CAPITAL MANAGEMENT INC","Financial Institutions","1169713.0","1168393.0","-1320.0","0.21073","0.21211","0.00138","25.07","-33092.4","SELL","1","NLY-PG",27968,0.0,25.0,0.28,0.0
"2026-04-29","US12542R5063","12542R506","CHSINC","CHSINC","CHS INC","Industrial","1155966.0","1154666.0","-1300.0","0.21133","0.21121","-0.00012","25.26","-32838.0","SELL","1","","","",25.0,1.04,""
"2026-04-29","US97650W7020","97650W702","WTFC-F","WTFC","WINTRUST FINANCIAL CORPORATION","Financial Institutions","1169550.0","1168300.0","-1250.0","0.2219","0.22148","-0.00042","26.18","-32725.0","SELL","1","","","",25.0,4.72,""
"2026-04-29","US9182842099","918284209","VSEC","VSEC","VSE CORP","Industrial","633785.0","633075.0","-710.0","0.22243","0.2073","-0.01513","45.22","-32106.2","SELL","1","VSEC",780763,0.0,25.0,80.88,0.0
"2026-04-29","US1746106004","174610600","CFG-H","CFG","CITIZENS FINANCIAL GROUP INC","Financial Institutions","1100940.0","1099700.0","-1240.0","0.20492","0.20525","0.00033","25.77","-31954.8","SELL","1","CFG-PH",25730,0.0,25.0,3.08,0.0
"2026-04-29","US74460W5528","74460W552","PSA-L","PSA","PUBLIC STORAGE","Financial Institutions","1555022.0","1553272.0","-1750.0","0.20613","0.20516","-0.00097","18.24","-31920.0","SELL","1","PSA-PL",42097,0.0,25.0,-27.04,0.0
"2026-04-29","US3167738372","316773837","FITBM","FITB","FIFTH THIRD BANCORP DEPOSITARY SHA","Financial Institutions","1100940.0","1099700.0","-1240.0","0.20405","0.20458","0.00053","25.69","-31855.6","SELL","1","FITBM",55020,0.0,25.0,2.76,0.0
"2026-04-29","US00123Q8078","00123Q807","AGNC-E","AGNC","AGNC INVESTMENT CORP","Financial Institutions","1107771.0","1106521.0","-1250.0","0.2026","0.20384","0.00124","25.44","-31800.0","SELL","1","","","",25.0,1.76,""
"2026-04-29","US61762V8046","61762V804","MS-L","MS","MORGAN STANLEY","Financial Institutions","1376112.0","1374562.0","-1550.0","0.20293","0.20236","-0.00057","20.33","-31511.5","SELL","1","MS-PL",26666,0.1,25.0,-18.68,1.87
"2026-04-29","US9029738666","902973866","USB-A","USB","US BANCORP","Financial Institutions","39481.0","39441.0","-40.0","0.22256","0.22342","0.00086","782.27","-31290.8","SELL","1","USB-PA",1290,0.0,1000.0,-21.77,0.0
"2026-04-29","US7593518027","759351802","RGA","RGA","REINSURANCE GROUP OF AMERICA INCOR","Financial Institutions","1100940.0","1099700.0","-1240.0","0.19961","0.20044","0.00083","25.17","-31210.8","SELL","1","RGA",299527,0.0,25.0,0.68,0.0
"2026-04-29","US1746108083","174610808","CFG-I","CFG","CITIZENS FINANCIAL GROUP INC","Financial Institutions","1100940.0","1099700.0","-1240.0","0.19985","0.20028","0.00043","25.15","-31186.0","SELL","1","CFG-PI",30154,0.0,25.0,0.6,0.0
"2026-04-29","US31959X4007","31959X400","FCNCA","FCNCA","FIRST CITIZENS BANCSHARES INC (DEL","Financial Institutions","1100940.0","1099700.0","-1240.0","0.19905","0.19948","0.00043","25.05","-31062.0","SELL","1","FCNCA",91233,0.0,25.0,0.2,0.0
"2026-04-29","US3205178409","320517840","FHN-H","FHN","FIRST HORIZON CORP","Financial Institutions","1103262.0","1102022.0","-1240.0","0.19848","0.19974","0.00126","25.03","-31037.2","SELL","1","FHN-PH",232133,0.0,25.0,0.12,0.0
"2026-04-29","US8726521029","872652102","TPG","TPG","TPG OPERATING GROUP II LP","Financial Institutions","1100940.0","1099700.0","-1240.0","0.19739","0.19749","0.0001","24.8","-30752.0","SELL","1","TPG",3391760,0.0,25.0,-0.8,0.0
"2026-04-29","US64828T5083","64828T508","RITM-C","RITM","NEW RESIDENTIAL INVESTMENT CORP","Financial Institutions","1094244.0","1093014.0","-1230.0","0.19595","0.1976","0.00165","24.97","-30713.1","SELL","1","RITM-PC",44619,0.0,25.0,-0.12,0.0
"2026-04-29","US8425874042","842587404","SO","SO","SOUTHERN COMPANY (THE)","Utility","1238553.0","1237153.0","-1400.0","0.19442","0.19378","-0.00064","21.63","-30282.0","SELL","1","SO",4535447,0.0,25.0,-13.48,0.0
"2026-04-29","US87264A1051","87264A105","TMUS","TMUS","T-MOBILE USA INC","Industrial","1082973.0","1081753.0","-1220.0","0.19448","0.19442","-6e-05","24.82","-30280.4","SELL","1","TMUS",6279287,0.0,25.0,-0.72,0.0
"2026-04-29","US4932678687","493267868","KEY-G","KEY","KEYCORP","Financial Institutions","1238554.0","1237154.0","-1400.0","0.19085","0.19037","-0.00048","21.25","-29750.0","SELL","1","","","",25.0,-15.0,""
"2026-04-29","US74460W4612","74460W461","PSA-P","PSA","PUBLIC STORAGE","Financial Institutions","1661662.0","1659792.0","-1870.0","0.19","0.19026","0.00026","15.83","-29602.1","SELL","1","PSA-PP",76407,0.0,25.0,-36.68,0.0
"2026-04-29","US04686J4085","04686J408","ATH-D","ATH","ATHENE HOLDING DS REPRESENTING A","Financial Institutions","1582560.0","1580780.0","-1780.0","0.18802","0.1883","0.00028","16.45","-29281.0","SELL","1","ATH-PD",44852,0.0,25.0,-34.2,0.0
"2026-04-29","US06055H8714","06055H871","BAC-SS","BAC","BANK OF AMERICA CORP","Financial Institutions","1321785.0","1320295.0","-1490.0","0.18559","0.18548","-0.00011","19.4","-28906.0","SELL","1","","","",25.0,-22.4,""
"2026-04-29","US72348N3070","72348N307","PNFP-B","PNFP","PINNACLE FINANCIAL PARTNERS NON CU","Financial Institutions","963314.0","962224.0","-1090.0","0.18132","0.18235","0.00103","26.17","-28525.3","SELL","1","PNFP-PB",15742,0.1,25.0,4.68,0.0
"2026-04-29","US4932678760","493267876","KEY-F","KEY","KEYCORP","Financial Institutions","1169713.0","1168393.0","-1320.0","0.1815","0.18144","-6e-05","21.45","-28314.0","SELL","1","","","",25.0,-14.2,""
"2026-04-29","US0158578080","015857808","AQNCN","AQNCN","ALGONQUIN POWER & UTILITIES CORP","Utility","963314.0","962224.0","-1090.0","0.18007","0.18088","0.00081","25.96","-28296.4","SELL","1","","","",25.0,3.84,""
"2026-04-29","US8794337878","879433787","TDS-UU","TDS","TELEPHONE DATA SYS DRC INC","Industrial","1155966.0","1154666.0","-1300.0","0.17862","0.17835","-0.00027","21.33","-27729.0","SELL","1","","","",25.0,-14.68,""
"2026-04-29","US8935266812","893526681","TRPCN","TRPCN","TRANSCANADA PIPELINES LTD","Industrial","1018358.0","1017208.0","-1150.0","0.17562","0.17634","0.00072","23.94","-27531.0","SELL","1","","","",25.0,-4.24,""
"2026-04-29","US87264A2042","87264A204","TMUS","TMUS","T-MOBILE USA INC","Industrial","1103092.0","1101852.0","-1240.0","0.17474","0.17617","0.00143","22.08","-27379.2","SELL","1","TMUS",6279287,0.0,25.0,-11.68,0.0
"2026-04-29","US00123Q8318","00123Q831","AGNC-H","AGNC","AGNC INVESTMENT CORP","Financial Institutions","949518.0","948448.0","-1070.0","0.17373","0.17452","0.00079","25.41","-27188.7","SELL","1","","","",25.0,1.64,""
"2026-04-29","US87264A3032","87264A303","TMUS","TMUS","T-MOBILE USA INC","Industrial","1086471.0","1085251.0","-1220.0","0.17297","0.17415","0.00118","22.16","-27035.2","SELL","1","TMUS",6279287,0.0,25.0,-11.36,0.0
"2026-04-29","US1746104025","174610402","CFG-E","CFG","CITIZENS FINANCIAL GROUP INC","Financial Institutions","1238553.0","1237153.0","-1400.0","0.17239","0.17192","-0.00047","19.19","-26866.0","SELL","1","CFG-PE",29080,0.0,25.0,-23.24,0.0
"2026-04-29","US4165186036","416518603","HIG-G","HIG","HARTFORD FINANCIAL SERVICES GROUP","Financial Institutions","949512.0","948442.0","-1070.0","0.17161","0.17217","0.00056","25.07","-26824.9","SELL","1","HIG-PG",21838,0.0,25.0,0.28,0.0
"2026-04-29","US2333318598","233331859","DTE-E","DTE","DTE ENERGY COMPANY","Utility","1100940.0","1099700.0","-1240.0","0.17194","0.17209","0.00015","21.61","-26796.4","SELL","1","","","",25.0,-13.56,""
"2026-04-29","US30190A2033","30190A203","FG","FG","F&G ANNUITIES & LIFE INC","Financial Institutions","949518.0","948448.0","-1070.0","0.17263","0.1717","-0.00093","25.0","-26750.0","SELL","1","FG",688860,0.0,25.0,0.0,0.0
"2026-04-29","US14314C1053","14314C105","CG","CG","CARLYLE FINANCE LLC","Financial Institutions","1376112.0","1374562.0","-1550.0","0.17211","0.1715","-0.00061","17.23","-26706.5","SELL","1","CG",3167397,0.0,25.0,-31.08,0.0
"2026-04-29","US03939A4040","03939A404","ACGL-G","ACGL","ARCH CAPITAL GROUP LTD.","Financial Institutions","1376112.0","1374562.0","-1550.0","0.17092","0.17041","-0.00051","17.12","-26536.0","SELL","1","","","",25.0,-31.52,""
"2026-04-29","US62913M2061","62913M206","NGL-B","NGL","NGL ENERGY PARTNERS LP","Industrial","932072.0","931022.0","-1050.0","0.16946","0.17023","0.00077","25.25","-26512.5","SELL","1","NGL-PB",20350,0.1,25.0,1.0,0.0
"2026-04-29","US12542R2094","12542R209","CHSINC","CHSINC","CHS INC. (8% CUMULATIVE REDEEMABLE","Industrial","844407.0","843457.0","-950.0","0.16927","0.16967","0.0004","27.78","-26391.0","SELL","1","","","",25.0,11.12,""
"2026-04-29","US78410V2007","78410V200","SCE-L","EIX","SCE TRUST VI","Financial Institutions","1307339.0","1305869.0","-1470.0","0.17051","0.16965","-0.00086","17.94","-26371.8","SELL","1","SCE-PL",17855,0.1,25.0,-28.24,2.82
"2026-04-29","US29364D1000","29364D100","ETR","ETR","ENTERGY ARKANSAS LLC","Utility","1128428.0","1127158.0","-1270.0","0.16835","0.1683","-5e-05","20.62","-26187.4","SELL","1","ETR",3005220,0.0,25.0,-17.52,0.0
"2026-04-29","US4461508230","446150823","HBAN-H","HBAN","HUNTINGTON BANCSHARES DRC INC","Financial Institutions","1376004.0","1374454.0","-1550.0","0.16843","0.16781","-0.00062","16.86","-26133.0","SELL","1","","","",25.0,-32.56,""
"2026-04-29","US80620A2087","80620A208","EIX-N","EIX","SCE TRUST VIII","Utility","963314.0","962224.0","-1090.0","0.16571","0.16625","0.00054","23.86","-26007.4","SELL","1","","","",25.0,-4.56,""
"2026-04-29","US8629452017","862945201","ASSE-A","ASSE","STRIVE INC","Industrial","228439.0","228179.0","-260.0","0.16447","0.16527","0.0008","100.02","-26005.2","SELL","1","","","",1000.0,-90.0,""
"2026-04-29","US00123Q5009","00123Q500","AGNC-C","AGNC","AGNC INVESTMENT CORP","Financial Institutions","894474.0","893464.0","-1010.0","0.16546","0.16647","0.00101","25.73","-25987.3","SELL","1","","","",25.0,2.92,""
"2026-04-29","US4461507737","446150773","HBAN-J","HBAN","HUNTINGTON BANCSHARES INC","Financial Institutions","894496.0","893496.0","-1000.0","0.16411","0.16479","0.00068","25.47","-25470.0","SELL","1","","","",25.0,1.88,""
"2026-04-29","US48253M1045","48253M104","KKR","KKR","KKR GROUP FINANCE CO IX LLC","Financial Institutions","1376029.0","1374529.0","-1500.0","0.16735","0.16821","0.00086","16.9","-25350.0","SELL","1","KKR",6371260,0.0,25.0,-32.4,0.0
"2026-04-29","US74965L2007","74965L200","RLJ-A","RLJ","RLJ LODGING .95 CUMULATIVE CONVERT","Financial Institutions","886230.0","885230.0","-1000.0","0.16017","0.16064","0.00047","25.06","-25060.0","SELL","1","RLJ-PA",36467,0.0,25.0,0.24,0.0
"2026-04-29","US9029736686","902973668","USB-O","USB","US BANCORP","Financial Institutions","1238553.0","1237153.0","-1400.0","0.16035","0.15911","-0.00124","17.76","-24864.0","SELL","1","","","",25.0,-28.96,""
"2026-04-29","US30190A6091","30190A609","FG","FG","F&G ANNUITIES & LIFE INC","Financial Institutions","1032100.0","1030940.0","-1160.0","0.15829","0.15842","0.00013","21.22","-24615.2","SELL","1","FG",688860,0.0,25.0,-15.12,0.0
"2026-04-29","US16934Q4064","16934Q406","CIM-B","CIM","CHIMERA INVESTMENT CORP","Financial Institutions","894470.0","893460.0","-1010.0","0.15657","0.15767","0.0011","24.37","-24613.7","SELL","1","CIM-PB",42873,0.0,25.0,-2.52,0.0
"2026-04-29","US9027884058","902788405","UMBF","UMBF","UMB FINANCIAL CORPORATION","Financial Institutions","825700.0","824770.0","-930.0","0.15726","0.15696","-0.0003","26.28","-24440.4","SELL","1","UMBF",562557,0.0,25.0,5.12,0.0
"2026-04-29","BMG7498P1279","-","RNR-G","RNR","RENAISSANCERE HOLDINGS LTD","Financial Institutions","1376112.0","1374562.0","-1550.0","0.15418","0.15418","0.0","15.49","-24009.5","SELL","1","RNR-PG",31130,0.0,25.0,-38.04,0.0
"2026-04-29","US6658598569","665859856","NTRS-E","NTRS","NORTHERN TRUST CORPORATION","Financial Institutions","1100940.0","1099700.0","-1240.0","0.15228","0.15202","-0.00026","19.09","-23671.6","SELL","1","","","",25.0,-23.64,""
"2026-04-29","US10922N7075","10922N707","BHF-C","BHF","BRIGHTHOUSE FINANCIAL INC","Financial Institutions","1582560.0","1580780.0","-1780.0","0.14859","0.14898","0.00039","13.02","-23175.6","SELL","1","","","",25.0,-47.92,""
"2026-04-29","US9029737346","902973734","USB-L","USB","US BANCORP","Financial Institutions","1376112.0","1374562.0","-1550.0","0.14952","0.14881","-0.00071","14.95","-23172.5","SELL","1","","","",25.0,-40.2,""
"2026-04-29","US0454876006","045487600","ASB","ASB","ASSOCIATED BANC-CORP","Financial Institutions","825700.0","824770.0","-930.0","0.14804","0.14853","0.00049","24.87","-23129.1","SELL","1","ASB",2335577,0.0,25.0,-0.52,0.0
"2026-04-29","US0256768591","025676859","ANGINC","ANGINC","AMERICAN NATIONAL GROUP INC","Financial Institutions","825700.0","824770.0","-930.0","0.14757","0.14752","-5e-05","24.7","-22971.0","SELL","1","","","",25.0,-1.2,""
"2026-04-29","US3196263053","319626305","FCNCA","FCNCA","FIRST CITIZENS BANCSHARES INC.","Financial Institutions","949517.0","948447.0","-1070.0","0.14829","0.14636","-0.00193","21.31","-22801.7","SELL","1","FCNCA",91233,0.0,25.0,-14.76,0.0
"2026-04-29","US9290892093","929089209","VOYA-B","VOYA","VOYA FINANCIAL INC","Financial Institutions","825700.0","824770.0","-930.0","0.14269","0.1431","0.00041","23.96","-22282.8","SELL","1","VOYA-PB",19719,0.0,25.0,-4.16,0.0
"2026-04-29","US64828T4094","64828T409","RITM-B","RITM","NEW RESIDENTIAL INVESTMENT CORP","Financial Institutions","774827.0","773957.0","-870.0","0.14255","0.14331","0.00076","25.57","-22245.9","SELL","1","RITM-PB",47737,0.0,25.0,2.28,0.0
"2026-04-29","US0357108218","035710821","NLY-J","NLY","ANNALY CAPITAL MANAGEMENT INC","Financial Institutions","756860.0","756010.0","-850.0","0.14224","0.14231","7e-05","25.99","-22091.5","SELL","1","NLY-PJ",37811,0.0,25.0,3.96,0.0
"2026-04-29","US9576384062","957638406","WAL-A","WAL","WESTERN ALLIANCE BANCORP","Financial Institutions","825700.0","824770.0","-930.0","0.14055","0.14143","0.00088","23.68","-22022.4","SELL","1","WAL-PA",15710,0.1,25.0,-5.28,0.53
"2026-04-29","US9030025095","903002509","UMH-D","UMH","UMH PROPERTIES INC","Financial Institutions","893281.0","892271.0","-1010.0","0.14003","0.14086","0.00083","21.8","-22018.0","SELL","1","UMH-PD",17508,0.1,25.0,-12.8,1.28
"2026-04-29","US91529Y6014","91529Y601","UNM","UNM","UNUM GROUP","Financial Institutions","825700.0","824770.0","-930.0","0.14043","0.14041","-2e-05","23.51","-21864.3","SELL","1","UNM",1700367,0.0,25.0,-5.96,0.0
"2026-04-29","US2538688225","253868822","DLR-L","DLR","DIGITAL REALTY TRUST INC","Financial Institutions","949518.0","948448.0","-1070.0","0.13715","0.13654","-0.00061","19.88","-21271.6","SELL","1","DLR-PL",27500,0.0,25.0,-20.48,0.0
"2026-04-29","US14040H7338","14040H733","COF-N","COF","CAPITAL ONE FINL DS REPSTG  TH PRF","Financial Institutions","1169713.0","1168393.0","-1320.0","0.13602","0.13613","0.00011","16.09","-21238.8","SELL","1","COF-PN",27838,0.0,25.0,-35.64,0.0
"2026-04-29","US74460W4208","74460W420","PSA-R","PSA","PUBLIC STORAGE","Financial Institutions","1197268.0","1195918.0","-1350.0","0.1363","0.13544","-0.00086","15.64","-21114.0","SELL","1","PSA-PR",32182,0.0,25.0,-37.44,0.0
"2026-04-29","US10922N3017","10922N301","BHF-A","BHF","BRIGHTHOUSE FINANCIAL INC","Financial Institutions","1169713.0","1168393.0","-1320.0","0.13611","0.13529","-0.00082","15.99","-21106.8","SELL","1","","","",25.0,-36.04,""
"2026-04-29","US05580M8192","05580M819","RILYI","RILY","B. RILEY FINANCIAL INC","Financial Institutions","1052475.0","1051285.0","-1190.0","0.13308","0.13497","0.00189","17.73","-21098.7","SELL","1","","","",25.0,-29.08,""
"2026-04-29","US10922N5095","10922N509","BHF-B","BHF","BRIGHTHOUSE FINANCIAL INC","Financial Institutions","1107771.0","1106521.0","-1250.0","0.13392","0.13373","-0.00019","16.69","-20862.5","SELL","1","","","",25.0,-33.24,""
"2026-04-29","US03939A1079","03939A107","ACGL-F","ACGL","ARCH CAPITAL GROUP LTD.","Financial Institutions","908215.0","907195.0","-1020.0","0.13347","0.13303","-0.00044","20.25","-20655.0","SELL","1","","","",25.0,-19.0,""
"2026-04-29","US04686J2006","04686J200","ATH-B","ATH","ATHENE HLDG DRC LTD","Financial Institutions","949517.0","948447.0","-1070.0","0.13161","0.13255","0.00094","19.3","-20651.0","SELL","1","ATH-PB",36519,0.0,25.0,-22.8,0.0
"2026-04-29","US7591EP8869","7591EP886","RF-E","RF","REGIONS FINL DRC CORP","Financial Institutions","1100940.0","1099700.0","-1240.0","0.13294","0.13243","-0.00051","16.63","-20621.2","SELL","1","RF-PE",32220,0.0,25.0,-33.48,0.0
"2026-04-29","US55272X5086","55272X508","MFA-C","MFA","MFA FINANCIAL INC","Financial Institutions","756860.0","756010.0","-850.0","0.12949","0.12991","0.00042","23.73","-20170.5","SELL","1","MFA-PC",25056,0.0,25.0,-5.08,0.0
"2026-04-29","US88224Q3056","88224Q305","TCBI-B","TCBI","TEXAS CAP BANCSHARES DRC INC","Financial Institutions","825700.0","824770.0","-930.0","0.12872","0.12886","0.00014","21.57","-20060.1","SELL","1","","","",25.0,-13.72,""
"2026-04-29","US1258968528","125896852","CMS","CMS","CMS ENERGY CORPORATION","Utility","770674.0","769804.0","-870.0","0.12669","0.12721","0.00052","22.82","-19853.4","SELL","1","CMS",2741643,0.0,25.0,-8.72,0.0
"2026-04-29","US74460W6443","74460W644","PSA-H","PSA","PUBLIC STORAGE","Financial Institutions","784348.0","783468.0","-880.0","0.12735","0.12674","-0.00061","22.34","-19659.2","SELL","1","PSA-PH",22991,0.0,25.0,-10.64,0.0
"2026-04-29","US10922N2027","10922N202","BHF","BHF","BRIGHTHOUSE FINANCIAL INC","Financial Institutions","1032099.0","1030939.0","-1160.0","0.12545","0.12643","0.00098","16.93","-19638.8","SELL","1","BHF",599910,0.0,25.0,-32.28,0.0
"2026-04-29","US90187B3096","90187B309","TWO-B","TWO","TWO HARBORS INVESTMENT CORP","Financial Institutions","699009.0","698219.0","-790.0","0.12467","0.12539","0.00072","24.8","-19592.0","SELL","1","TWO-PB",36638,0.0,25.0,-0.8,0.0
"2026-04-29","US55261F8721","55261F872","MTB-H","MTB","M AND T BANK PERPETUAL FIXED TO FL","Financial Institutions","688075.0","687295.0","-780.0","0.12416","0.1247","0.00054","25.06","-19546.8","SELL","1","MTB-PH",21202,0.0,25.0,0.24,0.0
"2026-04-29","US64828T8889","64828T888","RITM-F","RITM","RITHM CAPITAL CORP","Financial Institutions","688075.0","687295.0","-780.0","0.12456","0.12452","-4e-05","25.02","-19515.6","SELL","1","RITM-PF",31313,0.0,25.0,0.08,0.0
"2026-04-29","US8805913006","880591300","TVA-D","TVA","TENN VALLEY AUTHORITY","Agency","705907.0","705107.0","-800.0","0.12364","0.12387","0.00023","24.26","-19408.0","SELL","1","","","",25.0,-2.96,""
"2026-04-29","BMG053842040","-","AHL","AHL","ASPEN INSURANCE HOLDINGS LTD","Financial Institutions","828518.0","827588.0","-930.0","0.12492","0.12504","0.00012","20.86","-19399.8","SELL","1","","","",25.0,-16.56,""
"2026-04-29","US25525P2065","25525P206","DHC","DHC","DIVERSIFIED HEALTHCARE .625% SENIO","Financial Institutions","963314.0","962224.0","-1090.0","0.12229","0.1234","0.00111","17.71","-19303.9","SELL","1","DHC",1735110,0.0,25.0,-29.16,0.0
"2026-04-29","US11271L1026","11271L102","BNCN","BNCN","BROOKFIELD FINANCE INC","Financial Institutions","1100940.0","1099700.0","-1240.0","0.1243","0.12311","-0.00119","15.46","-19170.4","SELL","1","","","",25.0,-38.16,""
"2026-04-29","US74460W6690","74460W669","PSA-G","PSA","PUBLIC STORAGE","Financial Institutions","825700.0","824770.0","-930.0","0.12224","0.12202","-0.00022","20.43","-18999.9","SELL","1","PSA-PG",28458,0.0,25.0,-18.28,0.0
"2026-04-29","US74460W6286","74460W628","PSA-I","PSA","PUBLIC STORAGE REPSTG  TH BEN INT","Financial Institutions","870416.0","869436.0","-980.0","0.12146","0.12157","0.00011","19.31","-18923.8","SELL","1","PSA-PI",29504,0.0,25.0,-22.76,0.0
"2026-04-29","US6374321056","637432105","NRUC-US","NRUC","NATIONAL RURAL UTILITIES COOPERATI","Utility","688074.0","687294.0","-780.0","0.11945","0.1196","0.00015","24.03","-18743.4","SELL","1","","","",25.0,-3.88,""
"2026-04-29","US3733344408","373334440","SO","SO","GEORGIA POWER COMPANY","Utility","743118.0","742278.0","-840.0","0.12034","0.11992","-0.00042","22.31","-18740.4","SELL","1","SO",4535447,0.0,25.0,-10.76,0.0
"2026-04-29","US0082528508","008252850","AMG","AMG","AFFILIATED MANAGERS GROUP INC.","Financial Institutions","825633.0","824703.0","-930.0","0.12003","0.12016","0.00013","20.12","-18711.6","SELL","1","AMG",353047,0.0,25.0,-19.52,0.0
"2026-04-29","US90187B5075","90187B507","TWO-C","TWO","TWO HARBORS INVESTMENT CORP","Financial Institutions","664757.0","664007.0","-750.0","0.11892","0.11934","0.00042","24.82","-18615.0","SELL","1","TWO-PC",59681,0.0,25.0,-0.72,0.0
"2026-04-29","US4440973075","444097307","HPP-C","HPP","HUDSON PACIFIC PROPERTIES INC","Financial Institutions","1169713.0","1168393.0","-1320.0","0.11834","0.11896","0.00062","14.06","-18559.2","SELL","1","HPP-PC",11895,0.1,25.0,-43.76,4.38
"2026-04-29","US16934Q5053","16934Q505","CIM-C","CIM","CHIMERA INVESTMENT CORP","Financial Institutions","715631.0","714821.0","-810.0","0.11718","0.11786","0.00068","22.77","-18443.7","SELL","1","CIM-PC",43164,0.0,25.0,-8.92,0.0
"2026-04-29","US48251K2096","48251K209","KREF-A","KREF","KKR REAL ESTATE FINANCE TRUST INC","Financial Institutions","902045.0","901025.0","-1020.0","0.11743","0.11764","0.00021","18.03","-18390.6","SELL","1","KREF-PA",25117,0.0,25.0,-27.88,0.0
"2026-04-29","US9508108878","950810887","WSBC-B","WSBC","WESBANCO INC","Financial Institutions","632993.0","632283.0","-710.0","0.11737","0.11744","7e-05","25.65","-18211.5","SELL","1","","","",25.0,2.6,""
"2026-04-29","US00123Q6098","00123Q609","AGNC-D","AGNC","AGNC INVESTMENT CORP","Financial Institutions","646790.0","646060.0","-730.0","0.11592","0.11593","1e-05","24.78","-18089.4","SELL","1","","","",25.0,-0.88,""
"2026-04-29","US0844238057","084423805","WRB","WRB","WR BERKLEY CORPORATION","Financial Institutions","825700.0","824770.0","-930.0","0.11656","0.1159","-0.00066","19.41","-18051.3","SELL","1","WRB",2230630,0.0,25.0,-22.36,0.0
"2026-04-29","US74460W6856","74460W685","PSA-F","PSA","PUBLIC STORAGE DS REPRESENTING  TH","Financial Institutions","770674.0","769804.0","-870.0","0.11456","0.11411","-0.00045","20.47","-17808.9","SELL","1","PSA-PF",24323,0.0,25.0,-18.12,0.0
"2026-04-29","US0200028126","020002812","ALL-I","ALL","ALLSTATE CORPORATION (THE)","Financial Institutions","825700.0","824770.0","-930.0","0.11475","0.11416","-0.00059","19.11","-17772.3","SELL","1","ALL-PI",26541,0.0,25.0,-23.56,0.0
"2026-04-29","US72348N5059","72348N505","PNFP-C","PNFP","PINNACLE FINANCIAL PARTNERS DEPOSI","Financial Institutions","619301.0","618601.0","-700.0","0.11126","0.11176","0.0005","24.95","-17465.0","SELL","1","PNFP-PC",41080,0.0,25.0,-0.2,0.0
"2026-04-29","US3193836000","319383600","BUSE-B","BUSE","FIRST BUSEY CORPORATION","Financial Institutions","591764.0","591094.0","-670.0","0.11032","0.11041","9e-05","25.8","-17286.0","SELL","1","","","",25.0,3.2,""
"2026-04-29","BMG053841703","-","AHL","AHL","ASPEN INSURANCE HOLDINGS LTD","Financial Institutions","619301.0","618601.0","-700.0","0.11046","0.11055","9e-05","24.68","-17276.0","SELL","1","","","",25.0,-1.28,""
"2026-04-29","US29364W1080","29364W108","ETR","ETR","ENTERGY LOUISIANA LLC","Utility","743118.0","742278.0","-840.0","0.11039","0.11003","-0.00036","20.47","-17194.8","SELL","1","ETR",3005220,0.0,25.0,-18.12,0.0
"2026-04-29","US58844R8503","58844R850","MBIN","MBIN","MERCHANTS BANCORP","Financial Institutions","632993.0","632283.0","-710.0","0.10994","0.11044","0.0005","24.12","-17125.2","SELL","1","MBIN",207087,0.0,25.0,-3.52,0.0
"2026-04-29","US63938C4050","63938C405","NAVI","NAVI","NAVIENT  PRCNT SENIOR NOTES EXP  D","Financial Institutions","825700.0","824770.0","-930.0","0.10981","0.10995","0.00014","18.41","-17121.3","SELL","1","NAVI",963660,0.0,25.0,-26.36,0.0
"2026-04-29","US25401T3068","25401T306","DBRG-J","DBRG","DIGITALBRIDGE GROUP INC","Financial Institutions","795260.0","794260.0","-1000.0","0.09506","0.09829","0.00323","17.09","-17090.0","SELL","1","DBRG-PJ",27289,0.0,25.0,-31.64,0.0
"2026-04-29","US2836782092","283678209","KMI","KMI","EL PASO ENERGY CAPITAL TRUST I","Industrial","303450.0","303110.0","-340.0","0.1098","0.11032","0.00052","50.26","-17088.4","SELL","1","KMI",13399733,0.0,25.0,101.04,0.0
"2026-04-29","US29364N1081","29364N108","ETR","ETR","ENTERGY MISSISSIPPI INC","Utility","715630.0","714820.0","-810.0","0.10847","0.10875","0.00028","21.01","-17018.1","SELL","1","ETR",3005220,0.0,25.0,-15.96,0.0
"2026-04-29","US9290428286","929042828","VNO-M","VNO","VORNADO REALTY TRUST","Financial Institutions","879332.0","878342.0","-990.0","0.10871","0.10838","-0.00033","17.04","-16869.6","SELL","1","VNO-PM",26074,0.0,25.0,-31.84,0.0
"2026-04-29","US75968N3098","75968N309","RNR-F","RNR","RENAISSANCERE HOLDINGS LTD","Financial Institutions","688074.0","687294.0","-780.0","0.10697","0.10723","0.00026","21.55","-16809.0","SELL","1","RNR-PF",15755,0.0,25.0,-13.8,0.0
"2026-04-29","US25401T4058","25401T405","DBRG-I","DBRG","DIGITALBRIDGE GROUP .15 CUMULATIVE","Financial Institutions","881062.0","880072.0","-990.0","0.10778","0.10712","-0.00066","16.81","-16641.9","SELL","1","DBRG-PI",31738,0.0,25.0,-32.76,0.0
"2026-04-29","US0605055831","060505583","BAC-1","BAC","BANK OF AMERICA CORPORATION PFD 1","Financial Institutions","741493.0","740653.0","-840.0","0.10451","0.10448","-3e-05","19.48","-16363.2","SELL","1","","","",25.0,-22.08,""
"2026-04-29","US49446R7118","49446R711","KIM-M","KIM","KIMCO RLTY DS REPRESENTING   CLASS","Financial Institutions","720070.0","719260.0","-810.0","0.10447","0.10469","0.00022","20.1","-16281.0","SELL","1","KIM-PM",27484,0.0,25.0,-19.6,0.0
"2026-04-29","US6378703044","637870304","NSA-B","NSA PR B","NATIONAL STORAGE AFFILIATES    CUM","Financial Institutions","391044.0","390544.0","-500.0","0.09151","0.09191","0.0004","32.5","-16250.0","SELL","1","NSA-PB",35381,0.0,25.0,30.0,0.0
"2026-04-29","US8606308703","860630870","SF-C","SF","STIFEL FINANCIAL CORP","Financial Institutions","619301.0","618601.0","-700.0","0.10381","0.10392","0.00011","23.2","-16240.0","SELL","1","SF-PC",17523,0.0,25.0,-7.2,0.0
"2026-04-29","US25406P2002","25406P200","DDS","DDS","DILLARDS CAP TR I CAP SECS 7.5%","Industrial","550461.0","549841.0","-620.0","0.10381","0.1038","-1e-05","26.07","-16163.4","SELL","1","DDS",102670,0.0,25.0,4.28,0.0
"2026-04-29","US1170436042","117043604","BC","BC","BRUNSWICK CORPORATION","Industrial","591766.0","591096.0","-670.0","0.10239","0.1029","0.00051","24.04","-16106.8","SELL","1","BC",881840,0.0,25.0,-3.84,0.0
"2026-04-29","US6378702053","637870205","NSA-A","NSA","NATIONAL STORAGE AFFILIATES REDEEM","Financial Institutions","621790.0","621090.0","-700.0","0.10284","0.10344","0.0006","23.0","-16100.0","SELL","1","NSA-PA",46032,0.0,25.0,-8.0,0.0
"2026-04-29","US9290428443","929042844","VNO-L","VNO","VORNADO REALTY TRUST 5.4% CUM RED","Financial Institutions","825701.0","824771.0","-930.0","0.10404","0.10279","-0.00125","17.21","-16005.3","SELL","1","VNO-PL",21285,0.0,25.0,-31.16,0.0
"2026-04-29","US37959E3009","37959E300","GL","GL","GLOBE LIFE INC","Financial Institutions","894473.0","893463.0","-1010.0","0.10202","0.1019","-0.00012","15.75","-15907.5","SELL","1","GL",477660,0.0,25.0,-37.0,0.0
"2026-04-29","US72348N2080","72348N208","PNFP-A","PNFP","PINNACLE FINANCIAL PARTNERS NON CU","Financial Institutions","550450.0","549830.0","-620.0","0.10154","0.10209","0.00055","25.64","-15896.8","SELL","1","PNFP-PA",23437,0.0,25.0,2.56,0.0
"2026-04-29","US9290428104","929042810","VNO-N","VNO","VORNADO REALTY TRUST","Financial Institutions","825701.0","824771.0","-930.0","0.10113","0.10141","0.00028","16.98","-15791.4","SELL","1","VNO-PN",27067,0.0,25.0,-32.08,0.0
"2026-04-29","US35243J2006","35243J200","FBRT-E","FBRT","FRANKLIN BSP REALTY TRUST   CUMULA","Financial Institutions","710683.0","709883.0","-800.0","0.10061","0.10065","4e-05","19.58","-15664.0","SELL","1","FBRT-PE",21451,0.0,25.0,-21.68,0.0
"2026-04-29","US8805914095","880591409","TVA-A","TVA","TENN VALLEY AUTH","Agency","573460.0","572810.0","-650.0","0.09922","0.09972","0.0005","24.04","-15626.0","SELL","1","","","",25.0,-3.84,""
"2026-04-29","US8606308620","860630862","SF-D","SF","STIFEL FINANCIAL CORP","Financial Institutions","825700.0","824770.0","-930.0","0.10001","0.10034","0.00033","16.8","-15624.0","SELL","1","SF-PD",28028,0.0,25.0,-32.8,0.0
"2026-04-29","US84857L7055","84857L705","SR","SR","SPIRE INC","Utility","550461.0","549841.0","-620.0","0.09876","0.09922","0.00046","24.92","-15450.4","SELL","1","SR",365080,0.0,25.0,-0.32,0.0
"2026-04-29","US05554M1009","05554M100","BIP","BIP","BIP BERMUDA HOLDINGS I LTD","Financial Institutions","825700.0","824770.0","-930.0","0.09756","0.09741","-0.00015","16.31","-15168.3","SELL","1","BIP",944337,0.0,25.0,-34.76,0.0
"2026-04-29","US04621X3061","04621X306","AIZ","AIZ","ASSURANT INC","Financial Institutions","688074.0","687294.0","-780.0","0.09745","0.09675","-0.0007","19.44","-15163.2","SELL","1","AIZ",324540,0.0,25.0,-22.24,0.0
"2026-04-29","US78440X5077","78440X507","SLG-I","SLG","SL GREEN REALTY CORP","Financial Institutions","632994.0","632284.0","-710.0","0.09731","0.09743","0.00012","21.28","-15108.8","SELL","1","SLG-PI",26983,0.0,25.0,-14.88,0.0
"2026-04-29","US3167738604","316773860","FITB-K","FITB","FIFTH THIRD BANCORP","Financial Institutions","688074.0","687294.0","-780.0","0.09587","0.09581","-6e-05","19.25","-15015.0","SELL","1","","","",25.0,-23.0,""
"2026-04-29","US16934Q6044","16934Q604","CIM-D","CIM","CHIMERA INVESTMENT CORP","Financial Institutions","550461.0","549841.0","-620.0","0.09608","0.09624","0.00016","24.17","-14985.4","SELL","1","CIM-PD",22512,0.0,25.0,-3.32,0.0
"2026-04-29","US6740014096","674001409","OAK-B","OAK","OAKTREE CAPITAL GROUP LLC","Financial Institutions","646790.0","646060.0","-730.0","0.09687","0.09591","-0.00096","20.5","-14965.0","SELL","1","OAK-PB",11799,0.1,25.0,-18.0,1.8
"2026-04-29","US2333318184","233331818","DTE","DTE","DTE ENERGY CO","Utility","770674.0","769804.0","-870.0","0.09517","0.0956","0.00043","17.15","-14920.5","SELL","1","DTE",1085900,0.0,25.0,-31.4,0.0
"2026-04-29","US11259P1093","11259P109","BRBRPH","BEPUCN","BROOKFIELD BRP HOLDINGS (CANADA) I","Utility","962594.0","961594.0","-1000.0","0.10362","0.10354","-8e-05","14.87","-14870.0","SELL","1","","","",25.0,-40.52,""
"2026-04-29","US2538688308","253868830","DLR-K","DLR","DIGITAL REALTY TRUST INC","Financial Institutions","577950.0","577300.0","-650.0","0.09522","0.09485","-0.00037","22.69","-14748.5","SELL","1","DLR-PK",22781,0.0,25.0,-9.24,0.0
"2026-04-29","US74460W5940","74460W594","PSA-J","PSA","PUBLIC STORAGE DEP SHS REPSTG  TH","Financial Institutions","712144.0","711344.0","-800.0","0.09512","0.09491","-0.00021","18.43","-14744.0","SELL","1","PSA-PJ",15795,0.1,25.0,-26.28,2.63
"2026-04-29","US6496048736","649604873","ADAM-E","ADAM","NEW YORK MORTGAGE TRUST INC","Financial Institutions","513066.0","512486.0","-580.0","0.09365","0.09426","0.00061","25.4","-14732.0","SELL","1","","","",25.0,1.6,""
"2026-04-29","US64828T8053","64828T805","RITM-E","RITM","RITHM CAPITAL CORP","Financial Institutions","522924.0","522334.0","-590.0","0.09406","0.09441","0.00035","24.96","-14726.4","SELL","1","RITM-PE",43609,0.0,25.0,-0.16,0.0
"2026-04-29","US0844238701","084423870","WRB","WRB","WR BERKLEY CORPORATION","Financial Institutions","825700.0","824770.0","-930.0","0.09435","0.09419","-0.00016","15.77","-14666.1","SELL","1","WRB",2230630,0.0,25.0,-36.92,0.0
"2026-04-29","US25525P3055","25525P305","DHC","DHC","DIVERSIFIED HEALTHCARE .25% SENIOR","Financial Institutions","688075.0","687295.0","-780.0","0.09349","0.09342","-7e-05","18.77","-14640.6","SELL","1","DHC",1735110,0.0,25.0,-24.92,0.0
"2026-04-29","US3167738869","316773886","FITB-A","FITB","FIFTH THIRD BANCORP  DEPOSITORY SH","Financial Institutions","550461.0","549841.0","-620.0","0.09469","0.09381","-0.00088","23.56","-14607.2","SELL","1","","","",25.0,-5.76,""
"2026-04-29","US3793785086","379378508","GNL-D","GNL","GLOBAL NET LEASE   CUMULATIVE REDE","Financial Institutions","545905.0","545285.0","-620.0","0.09206","0.0922","0.00014","23.35","-14477.0","SELL","1","GNL-PD",12660,0.0,25.0,-6.6,0.0
"2026-04-29","US70931T4004","70931T400","PMT-B","PMT","PENNYMAC MORTGAGE INVESTMENT TRUST","Financial Institutions","536720.0","536110.0","-610.0","0.09153","0.09212","0.00059","23.73","-14475.3","SELL","1","PMT-PB",10824,0.1,25.0,-5.08,0.51
"2026-04-29","US05580M7939","05580M793","RILYZ","RILY","B. RILEY FINANCIAL INC","Financial Institutions","532947.0","532347.0","-600.0","0.09118","0.09252","0.00134","24.0","-14400.0","SELL","1","RILYZ",32090,0.0,25.0,-4.0,0.0
"2026-04-29","US70931T5092","70931T509","PMT-C","PMT","PENNYMAC MORTGAGE INVESTMENT TRUST","Financial Institutions","688075.0","687295.0","-780.0","0.09141","0.09158","0.00017","18.4","-14352.0","SELL","1","PMT-PC",26263,0.0,25.0,-26.4,0.0
"2026-04-29","US8606306079","860630607","SF","SF","STIFEL FINANCIAL CORP","Financial Institutions","619302.0","618602.0","-700.0","0.09008","0.09026","0.00018","20.15","-14105.0","SELL","1","SF",1457397,0.0,25.0,-19.4,0.0
"2026-04-29","US70509V8037","70509V803","PEB-G","PEB","PEBBLEBROOK HOTEL TRUST","Financial Institutions","625136.0","624436.0","-700.0","0.09025","0.09107","0.00082","20.14","-14098.0","SELL","1","PEB-PG",7645,0.1,25.0,-19.44,1.94
"2026-04-29","US0082528433","008252843","AMG","AMG","AFFILIATED MANAGERS GROUP INC.","Financial Institutions","756860.0","756010.0","-850.0","0.09041","0.09","-0.00041","16.44","-13974.0","SELL","1","AMG",353047,0.0,25.0,-34.24,0.0
"2026-04-29","US05580M8010","05580M801","RILYK","RILY","B. RILEY FINANCIAL INC","Financial Institutions","496847.0","496287.0","-560.0","0.0889","0.08916","0.00026","24.81","-13893.6","SELL","1","RILYK",35515,0.0,25.0,-0.76,0.0
"2026-04-29","US70931T7072","70931T707","PMT","PMT","PENNYMAC MORTGAGE INVESTMENT TRUST","Financial Institutions","474778.0","474238.0","-540.0","0.08765","0.08815","0.0005","25.67","-13861.8","SELL","1","PMT",1145510,0.0,25.0,2.68,0.0
"2026-04-29","US9290427940","929042794","VNO-O","VNO","VORNADO REALTY TRUST","Financial Institutions","825701.0","824771.0","-930.0","0.08793","0.08714","-0.00079","14.59","-13568.7","SELL","1","VNO-PO",24130,0.0,25.0,-41.64,0.0
"2026-04-29","US1258968601","125896860","CMS","CMS","CMS ENERGY CORPORATION","Utility","550474.0","549854.0","-620.0","0.08692","0.08712","0.0002","21.88","-13565.6","SELL","1","CMS",2598127,0.0,25.0,-12.48,0.0
"2026-04-29","US49446R7373","49446R737","KIM-L","KIM","KIMCO REALTY CORPORATION","Financial Institutions","612538.0","611848.0","-690.0","0.08632","0.08677","0.00045","19.59","-13517.1","SELL","1","KIM-PL",15625,0.0,25.0,-21.64,0.0
"2026-04-29","BMG9078F1499","-","TRTN-C","TRTN","TRITON INTERNATIONAL LTD","Industrial","481638.0","481098.0","-540.0","0.08687","0.08703","0.00016","24.98","-13489.2","SELL","1","TRTN-PC",8815,0.1,25.0,-0.08,0.01
"2026-04-29","US05580M8358","05580M835","RILYM","RILY","B. RILEY FINANCIAL INC","Financial Institutions","604460.0","603780.0","-680.0","0.0833","0.086","0.0027","19.67","-13375.6","SELL","1","","","",25.0,-21.32,""
"2026-04-29","US74460W5114","74460W511","PSA-N","PSA","PUBLIC STORAGE DEP SHS REPSTG   PF","Financial Institutions","777572.0","776692.0","-880.0","0.0851","0.08538","0.00028","15.18","-13358.4","SELL","1","PSA-PN",43732,0.0,25.0,-39.28,0.0
"2026-04-29","US04911A2069","04911A206","AUB-A","AUB","ATLANTIC UNION BANKSHARES CORP","Financial Institutions","474778.0","474238.0","-540.0","0.08454","0.08489","0.00035","24.72","-13348.8","SELL","1","AUB-PA",6566,0.1,25.0,-1.12,0.11
"2026-04-29","US31959X2027","31959X202","FCNCA","FCNCA","FIRST CITIZENS BANCSHARES   NON CU","Financial Institutions","550461.0","549841.0","-620.0","0.08688","0.08568","-0.0012","21.52","-13342.4","SELL","1","FCNCA",91233,0.0,25.0,-13.92,0.0
"2026-04-29","US74460W5783","74460W578","PSA-K","PSA","PUBLIC STORAGE","Financial Institutions","632993.0","632283.0","-710.0","0.08528","0.0853","2e-05","18.63","-13227.3","SELL","1","PSA-PK",17784,0.0,25.0,-25.48,0.0
"2026-04-29","BMG9078F3057","-","TRTGV","TRTN","TRITON INTL CUM RED PERP PREF SER","Industrial","481632.0","481092.0","-540.0","0.08462","0.0849","0.00028","24.37","-13159.8","SELL","1","","","",25.0,-2.52,""
"2026-04-29","US20451Q4010","20451Q401","CODI-C","CODI","COMPASS DIVERSIFIED HOLDINGS","Financial Institutions","544034.0","543424.0","-610.0","0.08481","0.08417","-0.00064","21.39","-13047.9","SELL","1","CODI-PC",20056,0.0,25.0,-14.44,0.0
"2026-04-29","BMG053841620","-","AHL","AHL","ASPEN INSURANCE HOLDINGS LTD","Financial Institutions","547323.0","546703.0","-620.0","0.08287","0.08318","0.00031","21.01","-13026.2","SELL","1","","","",25.0,-15.96,""
"2026-04-29","MHY8564M2048","-","TGP-B","TGP","TEEKAY LNG PARTNERS LP","Industrial","453881.0","453371.0","-510.0","0.08366","0.08339","-0.00027","25.4","-12954.0","SELL","1","","","",25.0,1.6,""
"2026-04-29","US55272X4097","55272X409","MFA-B","MFA","MFA FINANCIAL INC","Financial Institutions","550461.0","549841.0","-620.0","0.0827","0.08308","0.00038","20.86","-12933.2","SELL","1","MFA-PB",11690,0.1,25.0,-16.56,1.66
"2026-04-29","US0844238883","084423888","WRB","WRB","WR BERKLEY CORPORATION","Financial Institutions","688074.0","687294.0","-780.0","0.0817","0.08197","0.00027","16.47","-12846.6","SELL","1","WRB",2230630,0.0,25.0,-34.12,0.0
"2026-04-29","US38741L3050","38741L305","GPMT-A","GPMT","GRANITE POINT MORTGAGE TRUST INC","Financial Institutions","566294.0","565654.0","-640.0","0.08171","0.08204","0.00033","20.03","-12819.2","SELL","1","GPMT-PA",8468,0.1,25.0,-19.88,1.99
"2026-04-29","US11276B1098","11276B109","BIP","BIP","BROOKFIELD INFRASTRUCTURE FINANCE","Utility","688074.0","687294.0","-780.0","0.08165","0.08157","-8e-05","16.39","-12784.2","SELL","1","BIP",944337,0.0,25.0,-34.44,0.0
"2026-04-29","US20451Q3020","20451Q302","CODI-B","CODI","COMPASS DIVERSIFIED HOLDINGS FIXED","Financial Institutions","517653.0","517073.0","-580.0","0.08249","0.08241","-8e-05","22.01","-12765.8","SELL","1","CODI-PB",19724,0.0,25.0,-11.96,0.0
"2026-04-29","US16934Q8693","16934Q869","CIM","CIM","CHIMERA INVESTMENT CORP","Financial Institutions","342314.0","341814.0","-500.0","0.0629","0.06302","0.00012","25.46","-12730.0","SELL","1","CIM",845940,0.0,25.0,1.84,0.0
"2026-04-29","US17259U3032","17259U303","CIONI","CIONI","CION INVESTMENT CORP","Financial Institutions","450827.0","450317.0","-510.0","0.08106","0.08139","0.00033","24.96","-12729.6","SELL","1","","","",25.0,-0.16,""
"2026-04-29","US10922N8891","10922N889","BHF-D","BHF","BRIGHTHOUSE FINANCIAL INC","Financial Institutions","963314.0","962224.0","-1090.0","0.0815","0.08112","-0.00038","11.64","-12687.6","SELL","1","","","",25.0,-53.44,""
"2026-04-29","US04914Y4098","04914Y409","ATLC","ATLC","ATLANTICUS HOLDINGS CORP","Financial Institutions","460060.0","459560.0","-500.0","0.08368","0.08413","0.00045","25.28","-12640.0","SELL","1","ATLC",68217,0.0,25.0,1.12,0.0
"2026-04-29","US05614L4077","05614L407","BW-A","BW","BABCOCK & WILCOX ENTERPRISES INC","Industrial","527681.0","527091.0","-590.0","0.08101","0.08164","0.00063","21.39","-12620.1","SELL","1","BW-PA",37239,0.0,25.0,-14.44,0.0
"2026-04-29","US11259P2083","11259P208","BRBRPH","BEPUCN","BROOKFIELD BRP HOLDINGS (CANADA) I","Utility","715630.0","714820.0","-810.0","0.07997","0.08013","0.00016","15.48","-12538.8","SELL","1","","","",25.0,-38.08,""
"2026-04-29","US2538688555","253868855","DLR-J","DLR","DIGITAL REALTY TRUST INC","Financial Institutions","550461.0","549841.0","-620.0","0.08046","0.08035","-0.00011","20.18","-12511.6","SELL","1","DLR-PJ",17627,0.0,25.0,-19.28,0.0
"2026-04-29","US78407R2040","78407R204","SCE-J","EIX","SCE TRUST II CUM TRUST SECS P","Utility","605505.0","604825.0","-680.0","0.08123","0.0805","-0.00073","18.38","-12498.4","SELL","1","","","",25.0,-26.48,""
"2026-04-29","US0605058157","060505815","BAC-E","BAC","BANK OF AMERICA CORP PREF STOCK","Financial Institutions","564725.0","564085.0","-640.0","0.07937","0.07961","0.00024","19.49","-12473.6","SELL","1","BAC-PE",23560,0.0,25.0,-22.04,0.0
"2026-04-29","US46131B5066","46131B506","IVR-C","IVR","INVESCO MORTGAGE CAPITAL INC","Financial Institutions","468736.0","468206.0","-530.0","0.07942","0.07968","0.00026","23.5","-12455.0","SELL","1","IVR-PC",14638,0.0,25.0,-6.0,0.0
"2026-04-29","BMG9078F1648","-","TRTN-D","TRTN","TRITON INTERNATIONAL LTD","Industrial","412975.0","412475.0","-500.0","0.07317","0.07393","0.00076","24.75","-12375.0","SELL","1","TRTN-PD",4840,0.1,25.0,-1.0,0.1
"2026-04-29","BMG162491648","-","BPY-A","BPY","BROOKFIELD PROPERTY PARTNERS LP","Industrial","791247.0","790357.0","-890.0","0.07962","0.07955","-7e-05","13.9","-12371.0","SELL","1","","","",25.0,-44.4,""
"2026-04-29","US0844237067","084423706","WRB","WRB","WR BERKLEY CORPORATION","Financial Institutions","509176.0","508606.0","-570.0","0.07956","0.07964","8e-05","21.63","-12329.1","SELL","1","WRB",2230630,0.0,25.0,-13.48,0.0
"2026-04-29","US5303075031","530307503","LBRDA","LBRDA","LIBERTY BROADBAND CUM REDEEMABLE P","Industrial","494291.0","493731.0","-560.0","0.07898","0.07848","-0.0005","21.95","-12292.0","SELL","1","LBRDA",172240,0.0,25.0,-12.2,0.0
"2026-04-29","US9197944047","919794404","VLY-C","VLY","VALLEY NATIONAL BANCORP","Financial Institutions","412853.0","412383.0","-470.0","0.07774","0.078","0.00026","26.12","-12276.4","SELL","1","","","",25.0,4.48,""
"2026-04-29","US58844R7026","58844R702","MBIN-C","MBIN","MERCHANTS BANCORP","Financial Institutions","539948.0","539338.0","-610.0","0.07958","0.07772","-0.00186","19.9","-12139.0","SELL","1","","","",25.0,-20.4,""
"2026-04-29","US74460W3960","74460W396","PSA-S","PSA","PUBLIC STORAGE DEPOSITARY SHS EACH","Financial Institutions","688119.0","687369.0","-750.0","0.07984","0.08009","0.00025","16.09","-12067.5","SELL","1","PSA-PS",31579,0.0,25.0,-35.64,0.0
"2026-04-29","US2333318267","233331826","DTE-G","DTE","DTE ENERGY COMPANY","Utility","632939.0","632229.0","-710.0","0.07752","0.07776","0.00024","16.98","-12055.8","SELL","1","","","",25.0,-32.08,""
"2026-04-29","US1258968379","125896837","CMS-C","CMS","CMS ENERGY CORPORATION","Utility","632993.0","632283.0","-710.0","0.07844","0.0777","-0.00074","16.97","-12048.7","SELL","1","CMS-PC",31671,0.0,25.0,-32.12,0.0
"2026-04-29","BMG162491564","-","BPY-A2","BPY","BROOKFIELD PROPERTY PARTNERS LP","Industrial","688075.0","687295.0","-780.0","0.07627","0.07674","0.00047","15.42","-12027.6","SELL","1","","","",25.0,-38.32,""
"2026-04-29","US3793783008","379378300","GNL-A","GNL","GLOBAL NET LEASE PREF SERIES A INC","Financial Institutions","467880.0","467350.0","-530.0","0.07617","0.07669","0.00052","22.66","-12009.8","SELL","1","GNL-PA",8701,0.1,25.0,-9.36,0.94
"2026-04-29","US4101204067","410120406","HWC","HWC","HANCOCK WHITNEY CORP","Financial Institutions","474777.0","474237.0","-540.0","0.07613","0.07634","0.00021","22.23","-12004.2","SELL","1","HWC",938870,0.0,25.0,-11.08,0.0
"2026-04-29","US38144X6094","38144X609","GS-C","GS","GOLDMAN SACHS GROUP INC","Financial Institutions","550461.0","549841.0","-620.0","0.0767","0.07684","0.00014","19.3","-11966.0","SELL","1","GS-PC",25490,0.0,25.0,-22.8,0.0
"2026-04-29","US4461507810","446150781","HBAN-C","HBAN","HUNTINGTON BANCSHARES INC","Financial Institutions","481567.0","481027.0","-540.0","0.07694","0.07698","4e-05","22.1","-11934.0","SELL","1","","","",25.0,-11.6,""
"2026-04-29","US11276B2088","11276B208","BIP","BIP","BROOKFIELD INFRASTRUCTURE FINANCE","Utility","434838.0","434348.0","-490.0","0.07765","0.07643","-0.00122","24.3","-11907.0","SELL","1","BIP",1015913,0.0,25.0,-2.8,0.0
"2026-04-29","US0605056250","060505625","BAC-02","BAC","BANK OF AMERICA CORP","Financial Institutions","545537.0","544917.0","-620.0","0.07555","0.07556","1e-05","19.15","-11873.0","SELL","1","","","",25.0,-23.4,""
"2026-04-29","US8606307069","860630706","SF-B","SF","STIFEL FINANCIAL CORP","Financial Institutions","440391.0","439891.0","-500.0","0.07499","0.07524","0.00025","23.62","-11810.0","SELL","1","SF-PB",9670,0.1,25.0,-5.52,0.55
"2026-04-29","US11259P3073","11259P307","BRBRPH","BEPUCN","BROOKFIELD BRP HOLDINGS (CANADA) I","Utility","412853.0","412383.0","-470.0","0.07374","0.07483","0.00109","25.06","-11778.2","SELL","1","","","",25.0,0.24,""
"2026-04-29","US00123Q8565","00123Q856","AGNCL","AGNC","AGNC INVESTMENT CORP","Financial Institutions","412817.0","412347.0","-470.0","0.07425","0.07465","0.0004","25.0","-11750.0","SELL","1","AGNCL",20817,0.0,25.0,0.0,0.0
"2026-04-29","US3205174028","320517402","FHN-E","FHN","FIRST HORIZON NATIONAL CORP","Financial Institutions","412852.0","412382.0","-470.0","0.07355","0.07454","0.00099","24.96","-11731.2","SELL","1","FHN-PE",8720,0.1,25.0,-0.16,0.02
"2026-04-29","US0259328807","025932880","AFG","AFG","AMERICAN FINANCIAL GROUP INC","Financial Institutions","550461.0","549841.0","-620.0","0.07448","0.07513","0.00065","18.87","-11699.4","SELL","1","AFG",540360,0.0,25.0,-24.52,0.0
"2026-04-29","US6740013007","674001300","OAK-A","OAK","OAKTREE CAPITAL GROUP LLC","Financial Institutions","495435.0","494875.0","-560.0","0.07459","0.07481","0.00022","20.87","-11687.2","SELL","1","OAK-PA",11647,0.0,25.0,-16.52,0.0
"2026-04-29","US04914Y3009","04914Y300","ATLC","ATLC","ATLANTICUS HOLDINGS CORP","Financial Institutions","407888.0","407428.0","-460.0","0.07348","0.07373","0.00025","24.99","-11495.4","SELL","1","ATLC",68217,0.0,25.0,-0.04,0.0
"2026-04-29","US74460W5379","74460W537","PSA-M","PSA","PUBLIC STORAGE","Financial Institutions","632939.0","632229.0","-710.0","0.07392","0.07407","0.00015","16.18","-11487.8","SELL","1","PSA-PM",14123,0.1,25.0,-35.28,3.53
"2026-04-29","BMG9078F1317","-","TRTN-B","TRTN","TRITON INTERNATIONAL LTD","Industrial","395693.0","395243.0","-450.0","0.07208","0.07241","0.00033","25.3","-11385.0","SELL","1","TRTN-PB",7256,0.1,25.0,1.2,0.0
"2026-04-29","US4884013081","488401308","KMPR","KMPR","KEMPER CORP","Financial Institutions","412853.0","412383.0","-470.0","0.07096","0.07146","0.0005","23.93","-11247.1","SELL","1","KMPR",1075827,0.0,25.0,-4.28,0.0
"2026-04-29","BMG9078F2067","-","TRTN","TRTN","TRITON INTERNATIONAL LTD","Industrial","429553.0","429073.0","-480.0","0.07287","0.07277","-0.0001","23.42","-11241.6","SELL","1","","","",25.0,-6.32,""
"2026-04-29","US04208T2078","04208T207","AHH-A","AHH","ARMADA HOFFLER PROPERTIES INC","Financial Institutions","470907.0","470377.0","-530.0","0.07201","0.07221","0.0002","21.2","-11236.0","SELL","1","AHH-PA",7671,0.1,25.0,-15.2,1.52
"2026-04-29","US87266M2061","87266M206","TRTX-C","TRTX","TPG RE FIN TR PREF SERIES C INC TR","Financial Institutions","553892.0","553272.0","-620.0","0.07157","0.07222","0.00065","18.02","-11172.4","SELL","1","TRTX-PC",12330,0.1,25.0,-27.92,2.79
"2026-04-29","US58844R8842","58844R884","MBIN","MBIN","MERCHANTS BANCORP","Financial Institutions","392172.0","391732.0","-440.0","0.07153","0.07199","0.00046","25.38","-11167.2","SELL","1","MBIN",207087,0.0,25.0,1.52,0.0
"2026-04-29","US6496048819","649604881","ADAM-D","ADAM","NEW YORK MORTGAGE TRUST INC","Financial Institutions","422944.0","422464.0","-480.0","0.07172","0.07082","-0.0009","23.15","-11112.0","SELL","1","","","",25.0,-7.4,""
"2026-04-29","US0423156068","042315606","ARR-C","ARR","ARMOUR RESIDENTIAL REIT INC","Financial Institutions","472312.0","471782.0","-530.0","0.07146","0.07161","0.00015","20.96","-11108.8","SELL","1","ARR-PC",15041,0.0,25.0,-16.16,0.0
"2026-04-29","US26884U2087","26884U208","EPR-C","EPR","EPR PROPERTIES 5.75% CUM CONV PREF","Financial Institutions","385933.0","385493.0","-440.0","0.07","0.07021","0.00021","25.15","-11066.0","SELL","1","EPR-PC",4215,0.1,25.0,0.6,0.0
"2026-04-29","US70509V8862","70509V886","PEB-H","PEB","PEBBLEBROOK HOTEL TRUST","Financial Institutions","538585.0","537975.0","-610.0","0.06973","0.06981","8e-05","17.92","-10931.2","SELL","1","PEB-PH",15709,0.0,25.0,-28.32,0.0
"2026-04-29","US25401T5048","25401T504","DBRG-H","DBRG","DIGITALBRIDGE GROUP .125 CUMULATIV","Financial Institutions","574818.0","574168.0","-650.0","0.06995","0.0696","-0.00035","16.74","-10881.0","SELL","1","DBRG-PH",16286,0.0,25.0,-33.04,0.0
"2026-04-29","US6496048652","649604865","ADAM-F","ADAM","NEW YORK MORTGAGE TRUST INC","Financial Institutions","399339.0","398889.0","-450.0","0.06956","0.06932","-0.00024","24.0","-10800.0","SELL","1","","","",25.0,-4.0,""
"2026-04-29","US11272B1035","11272B103","BNCN","BNCN","BROOKFIELD FINANCE I UK PLC","Financial Institutions","632993.0","632283.0","-710.0","0.06896","0.06822","-0.00074","14.9","-10579.0","SELL","1","","","",25.0,-40.4,""
"2026-04-29","USG162522670","-","BIP-13","BIP","BROOKFIELD INFRASTRUCTURE   CLASS","Utility","550461.0","549841.0","-620.0","0.06778","0.06769","-9e-05","17.0","-10540.0","SELL","1","","","",25.0,-32.0,""
"2026-04-29","US89832Q8107","89832Q810","TFC-I","TFC","TRUIST FINANCIAL DS REPRESENTING","Financial Institutions","474826.0","474286.0","-540.0","0.0658","0.06594","0.00014","19.2","-10368.0","SELL","1","TFC-PI",19256,0.0,25.0,-23.2,0.0
"2026-04-29","BMG9078F1564","-","TRTN-E","TRTN","TRITON INTERNATIONAL LTD","Industrial","481601.0","481061.0","-540.0","0.06738","0.06671","-0.00067","19.15","-10341.0","SELL","1","TRTN-PE",8330,0.1,25.0,-23.4,2.34
"2026-04-29","US0259328641","025932864","AFG","AFG","AMERICAN FINANCIAL GROUP INC","Financial Institutions","550457.0","549837.0","-620.0","0.06595","0.06605","0.0001","16.59","-10285.8","SELL","1","AFG",540360,0.0,25.0,-33.64,0.0
"2026-04-29","US8163005031","816300503","SIGI-B","SIGI","SELECTIVE INS GROUP DS REPSTG   IN","Financial Institutions","550461.0","549841.0","-620.0","0.06595","0.06601","6e-05","16.58","-10279.6","SELL","1","","","",25.0,-33.68,""
"2026-04-29","US3765468000","376546800","GAIN","GAIN","GLADSTONE INVESTMENT CORP","Financial Institutions","366394.0","365984.0","-410.0","0.0659","0.06623","0.00033","24.99","-10245.9","SELL","1","GAIN",428880,0.0,25.0,-0.04,0.0
"2026-04-29","US16934Q3074","16934Q307","CIM-A","CIM","CHIMERA INVESTMENT CORP","Financial Institutions","415161.0","414691.0","-470.0","0.06457","0.06491","0.00034","21.61","-10156.7","SELL","1","CIM-PA",10225,0.0,25.0,-13.56,0.0
"2026-04-29","US3765468836","376546883","GAIN","GAIN","GLADSTONE INVESTMENT CORP","Financial Institutions","370321.0","369901.0","-420.0","0.06442","0.06453","0.00011","24.09","-10117.8","SELL","1","GAIN",428880,0.0,25.0,-3.64,0.0
"2026-04-29","US9478907036","947890703","WBS-G","WBS","WEBSTER FINANCIAL CORPORATION","Financial Institutions","371533.0","371113.0","-420.0","0.06415","0.06411","-4e-05","23.86","-10021.2","SELL","1","WBS-PG",10062,0.0,25.0,-4.56,0.0
"2026-04-29","BMG162522756","-","BIP-14","BIP","BROOKFIELD INFRASTRUCTURE PARTNERS","Utility","550461.0","549841.0","-620.0","0.06465","0.06407","-0.00058","16.09","-9975.8","SELL","1","","","",25.0,-35.64,""
"2026-04-29","US9478905055","947890505","WBS-F","WBS","WEBSTER FINANCIAL DRC CORP","Financial Institutions","412853.0","412383.0","-470.0","0.06314","0.06292","-0.00022","21.07","-9902.9","SELL","1","WBS-PF",12581,0.0,25.0,-15.72,0.0
"2026-04-29","US3765468679","376546867","GAIN","GAIN","GLADSTONE INVESTMENT CORP","Financial Institutions","348147.0","347757.0","-390.0","0.06362","0.06384","0.00022","25.35","-9886.5","SELL","1","GAIN",428880,0.0,25.0,1.4,0.0
"2026-04-29","US4461507570","446150757","HBANZ","HBAN","HUNTINGTON BANCSHARES DEPOSITARY S","Financial Institutions","419002.0","418532.0","-470.0","0.06345","0.06374","0.00029","21.03","-9884.1","SELL","1","HBANZ",10227,0.0,25.0,-15.88,0.0
"2026-04-29","MHY8564M1131","-","TGP","TGP","TEEKAY LNG PARTNERS LP","Industrial","339383.0","339003.0","-380.0","0.06273","0.06292","0.00019","25.63","-9739.4","SELL","1","","","",25.0,2.52,""
"2026-04-29","US0082528359","008252835","AMG","AMG","AFFILIATED MANAGERS GROUP INC.","Financial Institutions","572597.0","571947.0","-650.0","0.06197","0.06196","-1e-05","14.96","-9724.0","SELL","1","AMG",353047,0.0,25.0,-40.16,0.0
"2026-04-29","US90187B2007","90187B200","TWO-A","TWO","TWO HARBORS INVESTMENT CORP","Financial Institutions","347475.0","347085.0","-390.0","0.0618","0.06236","0.00056","24.81","-9675.9","SELL","1","TWO-PA",32866,0.0,25.0,-0.76,0.0
"2026-04-29","US0259328724","025932872","AFG","AFG","AMERICAN FINANCIAL GROUP INC","Financial Institutions","412817.0","412347.0","-470.0","0.06045","0.06017","-0.00028","20.15","-9470.5","SELL","1","AFG",540360,0.0,25.0,-19.4,0.0
"2026-04-29","BMG162491499","-","BPY-A-1","BPY","BROOKFIELD PROPERTY PARTNERS LP","Industrial","526862.0","526272.0","-590.0","0.06157","0.06097","-0.0006","16.0","-9440.0","SELL","1","","","",25.0,-36.0,""
"2026-04-29","US68003D3035","68003D303","ONB-C","ONB","OLD NATIONAL BANCORP DEP SHS EACH","Financial Institutions","337146.0","336766.0","-380.0","0.06056","0.06038","-0.00018","24.76","-9408.8","SELL","1","","","",25.0,-0.96,""
"2026-04-29","US8964427046","896442704","TRIN","TRIN","TRINITY CAPITAL INC","Financial Institutions","328028.0","327658.0","-370.0","0.0598","0.0601","0.0003","25.33","-9372.1","SELL","1","TRIN",1256477,0.0,25.0,1.32,0.0
"2026-04-29","US26884U5056","26884U505","EPR-G","EPR","EPR PROPERTIES","Financial Institutions","429553.0","429073.0","-480.0","0.0609","0.06062","-0.00028","19.51","-9364.8","SELL","1","EPR-PG",6897,0.1,25.0,-21.96,2.2
"2026-04-29","US9197942066","919794206","VLY-A","VLY","VALLEY NATIONAL BANCORP","Financial Institutions","329256.0","328886.0","-370.0","0.05998","0.06023","0.00025","25.29","-9357.3","SELL","1","","","",25.0,1.16,""
"2026-04-29","US90187B8871","90187B887","TWO","TWO","TWO HARBORS INVESTMENT CORP","Financial Institutions","316507.0","316147.0","-360.0","0.05884","0.05884","0.0","25.7","-9252.0","SELL","1","TWO",4094890,0.0,25.0,2.8,0.0
"2026-04-29","US6475513080","647551308","NMFC","NMFC","NEW MOUNTAIN FINANCE CORP","Financial Institutions","316506.0","316146.0","-360.0","0.05839","0.05874","0.00035","25.66","-9237.6","SELL","1","NMFC",1088613,0.0,25.0,2.64,0.0
"2026-04-29","US70509V7047","70509V704","PEB-F","PEB","PEBBLEBROOK HOTEL TRUST","Financial Institutions","405332.0","404872.0","-460.0","0.05834","0.05867","0.00033","20.01","-9204.6","SELL","1","PEB-PF",7761,0.1,25.0,-19.96,2.0
"2026-04-29","BMG162582313","-","BEPUCN","BEPUCN","BROOKFIELD RENEWABLE PARTNERS LP","Utility","549625.0","549125.0","-500.0","0.07393","0.07317","-0.00076","18.4","-9200.0","SELL","1","","","",25.0,-26.4,""
"2026-04-29","US8660826053","866082605","INN-E","INN","SUMMIT HOTEL PROPERTIES INC","Financial Institutions","440391.0","439891.0","-500.0","0.05835","0.05858","0.00023","18.39","-9195.0","SELL","1","INN-PE",7630,0.1,25.0,-26.44,2.64
"2026-04-29","US6496048165","649604816","ADAM","ADAM","NEW YORK MORTGAGE TRUST INC","Financial Institutions","316489.0","316129.0","-360.0","0.05827","0.05842","0.00015","25.52","-9187.2","SELL","1","ADAM",710650,0.0,25.0,2.08,0.0
"2026-04-29","US0084922097","008492209","ADC-A","ADC","AGREE REALTY CORP","Financial Institutions","481639.0","481099.0","-540.0","0.05913","0.05924","0.00011","17.0","-9180.0","SELL","1","ADC-PA",23088,0.0,25.0,-32.0,0.0
"2026-04-29","US8964426055","896442605","TRIN","TRIN","TRINITY CAPITAL INC","Financial Institutions","320995.0","320635.0","-360.0","0.05866","0.0589","0.00024","25.37","-9133.2","SELL","1","TRIN",1256477,0.0,25.0,1.48,0.0
"2026-04-29","US5977423038","597742303","MSBI","MSBI","MIDLAND STATES BANCORP INC","Financial Institutions","316525.0","316165.0","-360.0","0.05791","0.0579","-1e-05","25.29","-9104.4","SELL","1","MSBI",141907,0.0,25.0,1.16,0.0
"2026-04-29","MHY271831213","-","GSL","GSL","GLOBAL SHIP LEASE INC","Industrial","299966.0","299626.0","-340.0","0.05804","0.05808","4e-05","26.77","-9101.8","SELL","1","GSL",326053,0.0,25.0,7.08,0.0
"2026-04-29","US3137452005","313745200","FRT-C","FRT","FEDERAL REALTY INVESTMENT DEPOSITA","Financial Institutions","412853.0","412383.0","-470.0","0.05746","0.05763","0.00017","19.3","-9071.0","SELL","1","FRT-PC",13346,0.0,25.0,-22.8,0.0
"2026-04-29","US26884U3077","26884U307","EPR-E","EPR","EPR PROPERTIES","Financial Institutions","246659.0","246379.0","-280.0","0.05703","0.05759","0.00056","32.28","-9038.4","SELL","1","EPR-PE",2683,0.1,25.0,29.12,0.0
"2026-04-29","US28852N3070","28852N307","EFC-B","EFC","ELLINGTON FINANCIAL INC","Financial Institutions","331661.0","331291.0","-370.0","0.05875","0.05837","-0.00038","24.33","-9002.1","SELL","1","EFC-PB",6979,0.1,25.0,-2.68,0.27
"2026-04-29","US26817Q8785","26817Q878","DX-C","DX","DYNEX CAPITAL INC","Financial Institutions","306918.0","306568.0","-350.0","0.05644","0.05709","0.00065","25.72","-9002.0","SELL","1","DX-PC",12239,0.0,25.0,2.88,0.0
"2026-04-29","US64944P3073","64944P307","FLG","NYCB","NEW YORK COMMUNITY CAPITAL TRUST V","Financial Institutions","199501.0","199281.0","-220.0","0.05826","0.05872","0.00046","40.69","-8951.8","SELL","1","FLG",4874987,0.0,25.0,62.76,0.0
"2026-04-29","US20786W5031","20786W503","CNOB-A","CNOB","CONNECTONE BANCORP INC","Financial Institutions","316524.0","316164.0","-360.0","0.0565","0.05666","0.00016","24.75","-8910.0","SELL","1","","","",25.0,-1.0,""
"2026-04-29","US2635343070","263534307","CTVA","CTVA","E I DU PONT DE NEMOURS AND CO","Industrial","115102.0","114972.0","-130.0","0.05639","0.05699","0.0006","68.45","-8898.5","SELL","1","CTVA",4041607,0.0,25.0,173.8,0.0
"2026-04-29","US2256552082","225655208","CCABDC","FCRX","CRESCENT CAPITAL BDC   NOTES DUE I","Financial Institutions","307204.0","306854.0","-350.0","0.05537","0.05573","0.00036","25.08","-8778.0","SELL","1","","","",25.0,0.32,""
"2026-04-29","US70931T3014","70931T301","PMT-A","PMT","PENNYMAC MORTGAGE INVESTMENT TRUST","Financial Institutions","329265.0","328895.0","-370.0","0.05656","0.05647","-9e-05","23.71","-8772.7","SELL","1","PMT-PA",5686,0.1,25.0,-5.16,0.52
"2026-04-29","US75574U8383","75574U838","RC","RC","READY CAPITAL CORP","Financial Institutions","357754.0","357354.0","-400.0","0.05667","0.05667","0.0","21.9","-8760.0","SELL","1","RC",1855480,0.0,25.0,-12.4,0.0
"2026-04-29","US64828T3005","64828T300","RITM-A","RITM","NEW RESIDENTIAL INVESTMENT CORP","Financial Institutions","301373.0","301033.0","-340.0","0.05572","0.05604","0.00032","25.71","-8741.4","SELL","1","RITM-PA",18043,0.0,25.0,2.84,0.0
"2026-04-29","US02665T8687","02665T868","AMH-H","AMH","AMERICAN HOMES 4 RENT","Financial Institutions","316527.0","316167.0","-360.0","0.0542","0.05421","1e-05","23.68","-8524.8","SELL","1","AMH-PH",8382,0.0,25.0,-5.28,0.0
"2026-04-29","US68003D2045","68003D204","ONB-A","ONB","OLD NATIONAL BANCORP","Financial Institutions","297262.0","296922.0","-340.0","0.05342","0.05322","-0.0002","24.75","-8415.0","SELL","1","","","",25.0,-1.0,""
"2026-04-29","US70931T8062","70931T806","PMT","PMT","PENNYMAC MORTGAGE INVESTMENT TRUST","Financial Institutions","289000.0","288670.0","-330.0","0.053","0.0532","0.0002","25.45","-8398.5","SELL","1","PMT",1145510,0.0,25.0,1.8,0.0
"2026-04-29","US12621E3018","12621E301","CNO","CNO","CNO FINANCIAL GROUP INC","Financial Institutions","412817.0","412347.0","-470.0","0.05365","0.0533","-0.00035","17.85","-8389.5","SELL","1","CNO",660910,0.0,25.0,-28.6,0.0
"2026-04-29","US74460W4877","74460W487","PSA-O","PSA","PUBLIC STORAGE","Financial Institutions","486700.0","486150.0","-550.0","0.05358","0.0536","2e-05","15.22","-8371.0","SELL","1","PSA-PO",19900,0.0,25.0,-39.12,0.0
"2026-04-29","KYG3730V1398","-","FTAI-C","FTAI","FTAI AVIATION   FIXED RATE RESET C","Industrial","289036.0","288706.0","-330.0","0.05286","0.05298","0.00012","25.34","-8362.2","SELL","1","","","",25.0,1.36,""
"2026-04-29","US0605055914","060505591","BAC","BAC","BANK OF AMERICA DEPOSITORY SHARES","Financial Institutions","372689.0","372269.0","-420.0","0.05313","0.05359","0.00046","19.88","-8349.6","SELL","1","BAC",39077883,0.0,25.0,-20.48,0.0
"2026-04-29","US25432X2018","25432X201","DCOM","DCOM","DIME COMMUNITY BANCSHARES CUMULATI","Financial Institutions","379316.0","378886.0","-430.0","0.05348","0.05298","-0.0005","19.31","-8303.3","SELL","1","DCOM",291303,0.0,25.0,-22.76,0.0
"2026-04-29","US7588498896","758849889","REG-A","REG","REGENCY CENTERS   SERIES A CUMULAT","Financial Institutions","316525.0","316165.0","-360.0","0.05247","0.05268","0.00021","23.01","-8283.6","SELL","1","","","",25.0,-7.96,""
"2026-04-29","US3205178656","320517865","FHN-F","FHN","FIRST HORIZON CORP (TENNESSEE)","Financial Institutions","412817.0","412347.0","-470.0","0.05258","0.05255","-3e-05","17.6","-8272.0","SELL","1","FHN-PF",8279,0.1,25.0,-29.6,2.96
"2026-04-29","US0259328070","025932807","AFG","AFG","AMERICAN FINANCIAL GROUP INC","Financial Institutions","344044.0","343654.0","-390.0","0.05326","0.05277","-0.00049","21.2","-8268.0","SELL","1","AFG",540360,0.0,25.0,-15.2,0.0
"2026-04-29","US80349A8027","80349A802","SAR","SAR","SARATOGA INVESTMENT CORP","Financial Institutions","290363.0","290033.0","-330.0","0.05235","0.05249","0.00014","24.99","-8246.7","SELL","1","SAR",114183,0.0,25.0,-0.04,0.0
"2026-04-29","US7588498714","758849871","REG-B","REG","REGENCY CENTERS   SERIES B CUMULAT","Financial Institutions","329265.0","328895.0","-370.0","0.05192","0.05271","0.00079","22.13","-8188.1","SELL","1","","","",25.0,-11.48,""
"2026-04-29","US3793784097","379378409","GNL-B","GNL","GLOBAL NET LEASE INC","Financial Institutions","336085.0","335705.0","-380.0","0.05191","0.0523","0.00039","21.52","-8177.6","SELL","1","GNL-PB",8373,0.0,25.0,-13.92,0.0
"2026-04-29","US02665T8760","02665T876","AMH-G","AMH","AMERICAN HOMES 4 RENT","Financial Institutions","316525.0","316165.0","-360.0","0.05165","0.0517","5e-05","22.58","-8128.8","SELL","1","AMH-PG",7062,0.1,25.0,-9.68,0.97
"2026-04-29","US53803X4025","53803X402","LOB-A","LOB","LIVE OAK BANCSHARES INC","Financial Institutions","286316.0","285996.0","-320.0","0.05203","0.05251","0.00048","25.35","-8112.0","SELL","1","LOB-PA",13630,0.0,25.0,1.4,0.0
"2026-04-29","US9197943056","919794305","VLY-B","VLY","VALLEY NATL NON CUM PERP PREF SERI","Financial Institutions","286316.0","285996.0","-320.0","0.05154","0.05179","0.00025","25.01","-8003.2","SELL","1","","","",25.0,0.04,""
"2026-04-29","US2298993070","229899307","CFR-B","CFR","CULLEN FROST BANKERS DRC INC","Financial Institutions","412817.0","412347.0","-470.0","0.05098","0.05082","-0.00016","17.02","-7999.4","SELL","1","CFR-PB",11703,0.0,25.0,-31.92,0.0
"2026-04-29","US22948Q2003","22948Q200","CTO-A","CTO","CTO REALTY GROWTH INC","Financial Institutions","337359.0","336979.0","-380.0","0.0504","0.0508","0.0004","20.82","-7911.6","SELL","1","CTO-PA",2957,0.1,25.0,-16.72,1.67
"2026-04-29","US16208T2015","16208T201","CLDT-A","CLDT","CHATHAM LODGING TRUST","Financial Institutions","343551.0","343161.0","-390.0","0.05004","0.05032","0.00028","20.25","-7897.5","SELL","1","CLDT-PA",7166,0.1,25.0,-19.0,1.9
"2026-04-29","US28852N4060","28852N406","EFC-C","EFC","ELLINGTON FINANCIAL INC","Financial Institutions","275222.0","274912.0","-310.0","0.05023","0.05066","0.00043","25.45","-7889.5","SELL","1","EFC-PC",3991,0.1,25.0,1.8,0.0
"2026-04-29","US73317H2067","73317H206","BPOP","BPOP","POPULAR CAPITAL TRUST II","Financial Institutions","278029.0","277719.0","-310.0","0.05075","0.05092","0.00017","25.32","-7849.2","SELL","1","BPOP",537683,0.0,25.0,1.28,0.0
"2026-04-29","US6943082064","694308206","PCG-A","PCG","PACIFIC GAS & ELEC CO","Utility","301451.0","301111.0","-340.0","0.04927","0.04993","0.00066","22.9","-7786.0","SELL","1","PCG-PA",5798,0.1,25.0,-8.4,0.84
"2026-04-29","US29364P1030","29364P103","ETR","ETR","ENTERGY NEW ORLEANS INC","Utility","314853.0","314503.0","-350.0","0.05003","0.05031","0.00028","22.09","-7731.5","SELL","1","ETR",3008513,0.0,25.0,-11.64,0.0
"2026-04-29","US7580758578","758075857","RWT","RWT","REDWOOD TRUST INC","Financial Institutions","275204.0","274894.0","-310.0","0.0493","0.04963","0.00033","24.93","-7728.3","SELL","1","RWT",1552493,0.0,25.0,-0.28,0.0
"2026-04-29","US3131488278","313148827","AGMPP","FAMCA","FEDERAL AGRIC MTG NON CUMULATIVE P","Agency","286316.0","285996.0","-320.0","0.04993","0.04991","-2e-05","24.1","-7712.0","SELL","1","","","",25.0,-3.6,""
"2026-04-29","US8043958797","804395879","BFS-E","BFS","SAUL CENTERS INC","Financial Institutions","314854.0","314504.0","-350.0","0.04969","0.04919","-0.0005","21.6","-7560.0","SELL","1","BFS-PE",4461,0.1,25.0,-13.6,1.36
"2026-04-29","US00489Q3002","00489Q300","ACR-D","ACR","ACRES COMMERCIAL REALTY CORP","Financial Institutions","310129.0","309779.0","-350.0","0.04826","0.04836","0.0001","21.56","-7546.0","SELL","1","ACR-PD",4272,0.1,25.0,-13.76,1.38
"2026-04-29","US5290433094","529043309","LXP-C","LXP","LXP INDUSTRIAL TRUST","Financial Institutions","138496.0","138336.0","-160.0","0.04652","0.04669","0.00017","46.61","-7457.6","SELL","1","LXP-PC",1761,0.1,25.0,86.44,0.0
"2026-04-29","US20451Q2030","20451Q203","CODI-A","CODI","COMPASS DIVERSIFIED HOLDINGS","Financial Institutions","321784.0","321424.0","-360.0","0.04808","0.04748","-0.0006","20.4","-7344.0","SELL","1","CODI-PA",6706,0.1,25.0,-18.4,1.84
"2026-04-29","US74348T5653","74348T565","PSEC-A","PSEC","PROSPECT CAPITAL CORP","Financial Institutions","361271.0","360861.0","-410.0","0.04599","0.04569","-0.0003","17.48","-7166.8","SELL","1","PSEC-PA",8381,0.0,25.0,-30.08,0.0
"2026-04-29","US3131488435","313148843","FAMCA","FAMCA","FEDERAL AGRICULTURAL MORTGAGE CORP","Agency","330223.0","329853.0","-370.0","0.04553","0.04579","0.00026","19.17","-7092.9","SELL","1","","","",25.0,-23.32,""
"2026-04-29","US74460W4463","74460W446","PSA-Q","PSA","PUBLIC STORAGE","Financial Institutions","395639.0","395189.0","-450.0","0.04433","0.04421","-0.00012","15.45","-6952.5","SELL","1","PSA-PQ",16464,0.0,25.0,-38.2,0.0
"2026-04-29","US3131488351","313148835","FAMCA","FAMCA","FEDERAL AGRICULTURAL MORTGAGE   NO","Agency","344044.0","343654.0","-390.0","0.04386","0.0438","-6e-05","17.6","-6864.0","SELL","1","","","",25.0,-29.6,""
"2026-04-29","US14040H7742","14040H774","COF-K","COF","CAPITAL ONE FINANCIAL CORPORATION","Financial Institutions","344044.0","343654.0","-390.0","0.04365","0.04362","-3e-05","17.53","-6836.7","SELL","1","COF-PK",9716,0.0,25.0,-29.88,0.0
"2026-04-29","US9116847024","911684702","UZA","AD","UNITED STATES CELLULAR CORPORATION","Industrial","303008.0","302668.0","-340.0","0.04379","0.04355","-0.00024","19.87","-6755.8","SELL","1","","","",25.0,-20.52,""
"2026-04-29","US0454872047","045487204","ASB-E","ASB","ASSOCIATED BANC DEPOSITARY SHARES","Financial Institutions","286308.0","285988.0","-320.0","0.04319","0.0433","0.00011","20.91","-6691.2","SELL","1","ASB-PE",2951,0.1,25.0,-16.36,1.64
"2026-04-29","US70509V6056","70509V605","PEB-E","PEB","PEBBLEBROOK HOTEL TRUST","Financial Institutions","293422.0","293092.0","-330.0","0.04198","0.04219","0.00021","19.88","-6560.4","SELL","1","PEB-PE",12900,0.0,25.0,-20.48,0.0
"2026-04-29","US3131488682","313148868","FAMCA","FAMCA","FEDERAL AGRICULTURAL MORTGAGE CORP","Agency","275203.0","274893.0","-310.0","0.04083","0.04101","0.00018","20.6","-6386.0","SELL","1","","","",25.0,-17.6,""
"2026-04-29","US55272X7066","55272X706","MFA","MFA","MFA FINANCIAL INC","Financial Institutions","330450.0","330200.0","-250.0","0.06051","0.06083","0.00032","25.44","-6360.0","SELL","1","MFA",1447193,0.0,25.0,1.76,0.0
"2026-04-29","US3765468596","376546859","GAIN","GAIN","GLADSTONE INVESTMENT CORP","Financial Institutions","286750.0","286500.0","-250.0","0.05213","0.05245","0.00032","25.28","-6320.0","SELL","1","GAIN",428880,0.0,25.0,1.12,0.0
"2026-04-29","US80349A8514","80349A851","SAR","SAR","SARATOGA INVESTMENT CORP","Financial Institutions","275025.0","274775.0","-250.0","0.05014","0.05027","0.00013","25.27","-6317.5","SELL","1","SAR",114183,0.0,25.0,1.08,0.0
"2026-04-29","US0454874027","045487402","ASB-F","ASB","ASSOCIATED BANC-CORP","Financial Institutions","275204.0","274894.0","-310.0","0.04054","0.04053","-1e-05","20.36","-6311.6","SELL","1","ASB-PF",7015,0.0,25.0,-18.56,0.0
"2026-04-29","US78163D4079","78163D407","RWAY","RWAY","RUNWAY GROWTH FINANCE","Financial Institutions","275025.0","274775.0","-250.0","0.05008","0.05022","0.00014","25.24","-6310.0","SELL","1","RWAY",701467,0.0,25.0,0.96,0.0
"2026-04-29","US00489Q2012","00489Q201","ACR-C","ACR","ACRES COMMERCIAL REALTY .625 FIXED","Financial Institutions","329425.0","329175.0","-250.0","0.05928","0.05962","0.00034","25.01","-6252.5","SELL","1","ACR-PC",8592,0.0,25.0,0.04,0.0
"2026-04-29","US56029Q4082","56029Q408","MHLD","MHLD","MAIDEN HOLDINGS NORTH AMERICA LTD","Financial Institutions","419660.0","419190.0","-470.0","0.04031","0.04005","-0.00026","13.2","-6204.0","SELL","1","","","",25.0,-47.2,""
"2026-04-29","US9116848840","911684884","UZC","AD","UNITED STATES CELLULAR CORPORATION","Industrial","299328.0","298988.0","-340.0","0.03875","0.03886","0.00011","17.95","-6103.0","SELL","1","","","",25.0,-28.2,""
"2026-04-29","US8660827044","866082704","INN-F","INN","SUMMIT HOTEL PROPERTIES INC","Financial Institutions","286324.0","286004.0","-320.0","0.03608","0.03604","-4e-05","17.4","-5568.0","SELL","1","INN-PF",3040,0.1,25.0,-30.4,3.04
"2026-04-29","US8678928040","867892804","SHO-H","SHO","SUNSTONE HOTEL INVESTORS INC","Financial Institutions","312436.0","312186.0","-250.0","0.04675","0.04713","0.00038","20.85","-5212.5","SELL","1","SHO-PH",6470,0.0,25.0,-16.6,0.0
"2026-04-29","US75574U8870","75574U887","RC-E","RC","READY CAPITAL CORP","Financial Institutions","316489.0","316129.0","-360.0","0.02843","0.02858","0.00015","12.48","-4492.8","SELL","1","RC-PE",9811,0.0,25.0,-50.08,0.0
"2026-04-29","US5602923022","560292302","MHLD","MHLD","MAIDEN HOLDINGS LTD","Financial Institutions","324973.0","324603.0","-370.0","0.02773","0.02821","0.00048","12.0","-4440.0","SELL","1","","","",25.0,-52.0,""
"2026-04-29","US10482B2007","10482B200","BHR-B","BHR","BRAEMAR HOTEL & RESORTS INC","Financial Institutions","225907.0","225657.0","-250.0","0.02407","0.02448","0.00041","14.98","-3745.0","SELL","1","BHR-PB",10824,0.0,25.0,-40.08,0.0
"2026-04-29","US5835432023","583543202","SLNH-A","SLNH","SOLUNA HOLDINGS INC","Industrial","375738.0","375238.0","-500.0","0.01978","0.02005","0.00027","7.38","-3690.0","SELL","1","","","",25.0,-70.48,""
"2026-04-29","US0625403078","062540307","BOH","BOH","BANK OF HAWAII CORP","Financial Institutions","452299.0","452299.0","0.0","0.08572","0.08604","0.00032","26.27","0.0","UNCHANGED","1","","","","","",""
"2026-04-29","US78442P5026","78442P502","SLM-B","SLM","SLM CORP","Financial Institutions","172068.0","172068.0","0.0","0.09251","0.09283","0.00032","74.5","0.0","UNCHANGED","1","","","","","",""
"2026-04-29","US0389238504","038923850","ABR-F","ABR","ARBOR REALTY TRUST INC","Financial Institutions","777196.0","777196.0","0.0","0.12927","0.12995","0.00068","23.09","0.0","UNCHANGED","1","","","","","",""
"2026-04-29","US9388243076","938824307","WAFD-A","WAFD","WASHINGTON FEDERAL INC","Financial Institutions","822331.0","822331.0","0.0","0.09758","0.09772","0.00014","16.41","0.0","UNCHANGED","1","","","","","",""
"2026-04-29","US7443208050","744320805","PRU","PRU","PRUDENTIAL FINANCIAL INC","Financial Institutions","1548674.0","1548674.0","0.0","0.2586","0.25872","0.00012","23.07","0.0","UNCHANGED","1","","","","","",""
"2026-04-29","US29452E2000","29452E200","EQH-A","EQH","EQUITABLE HLDNGS  DRC REPRESENTING","Financial Institutions","2192816.0","2192816.0","0.0","0.31516","0.31313","-0.00203","19.72","0.0","UNCHANGED","1","","","","","",""
"2026-04-29","US29452E4089","29452E408","EQH-C","EQH","EQUITABLE HOLDINGS INC","Financial Institutions","822331.0","822331.0","0.0","0.09746","0.09724","-0.00022","16.33","0.0","UNCHANGED","1","","","","","",""
"2026-04-29","US06417N2027","06417N202","OZK-A","OZK","BANK OZK","Financial Institutions","959353.0","959353.0","0.0","0.11556","0.11629","0.00073","16.74","0.0","UNCHANGED","1","","","","","",""
"2026-04-29","US0389238769","038923876","ABR-D","ABR","ARBOR REALTY TRUST INC","Financial Institutions","630421.0","630421.0","0.0","0.07649","0.07692","0.00043","16.85","0.0","UNCHANGED","1","","","","","",""
"2026-04-29","US05461T3059","05461T305","AXS-E","AXS","AXIS CAPITAL HOLDINGS LTD","Financial Institutions","1507574.0","1507574.0","0.0","0.21352","0.21419","0.00067","19.62","0.0","UNCHANGED","1","","","","","",""
"2026-04-29","US0625452075","062545207","BOH-A","BOH","BANK OF HAWAII CORP","Financial Institutions","493399.0","493399.0","0.0","0.05773","0.05745","-0.00028","16.08","0.0","UNCHANGED","1","","","","","",""
"2026-04-29","US3765493099","376549309","LAND-B","LAND","GLADSTONE LAND CORP","Financial Institutions","400235.0","400235.0","0.0","0.06043","0.0615","0.00107","21.22","0.0","UNCHANGED","1","","","","","",""
"2026-04-29","US7443208704","744320870","PRU","PRU","PRUDENTIAL FINANCIAL INC","Financial Institutions","822332.0","822332.0","0.0","0.14158","0.14196","0.00038","23.84","0.0","UNCHANGED","1","","","","","",""
"2026-04-29","US7244795065","724479506","PBI","PBI","PITNEY BOWES INC","Industrial","957402.0","957402.0","0.0","0.14477","0.14559","0.00082","21.0","0.0","UNCHANGED","1","","","","","",""
"2026-04-29","US5341878859","534187885","LNC-D","LNC","LINCOLN NATIONAL CORPORATION","Financial Institutions","1370485.0","1370485.0","0.0","0.26081","0.2618","0.00099","26.38","0.0","UNCHANGED","1","","","","","",""
"2026-04-29","US17259U4022","17259U402","CION","CICC","CION INVESTMENT   NOTES DUE CORP","Financial Institutions","342655.0","342655.0","0.0","0.06193","0.06248","0.00055","25.18","0.0","UNCHANGED","1","","","","","",""
"2026-04-29","US46817M2061","46817M206","JXN","JXN","JACKSON FINANCIAL INC","Financial Institutions","1507574.0","1507574.0","0.0","0.28365","0.28537","0.00172","26.14","0.0","UNCHANGED","1","","","","","",""
"2026-04-29","US3602713089","360271308","FULT-A","FULT","FULTON FINANCIAL CORPORATION","Financial Institutions","548221.0","548221.0","0.0","0.0736","0.0738","0.0002","18.59","0.0","UNCHANGED","1","","","","","",""
"2026-04-29","US0389238686","038923868","ABR-E","ABR","ARBOR REALTY TRUST INC","Financial Institutions","394047.0","394047.0","0.0","0.04758","0.0478","0.00022","16.75","0.0","UNCHANGED","1","","","","","",""
"2026-04-29","US7443208886","744320888","PRU","PRU","PRUDENTIAL FINANCIAL INC","Financial Institutions","1370485.0","1370485.0","0.0","0.16687","0.16613","-0.00074","16.74","0.0","UNCHANGED","1","","","","","",""
"2026-04-29","US34988VAF31","34988VAF3","FOSL","FOSL","FOSSIL GROUP INC","Industrial","1174925.0","1174925.0","0.0","0.00818","0.00809","-9e-05","94.2","0.0","UNCHANGED","1","","","","","",""
