"date","isin","cusip","ticker","ticker_raw","name","sector","prior_shares","today_shares","shares_delta","prior_weight","today_weight","weight_delta","price","dollar_flow","flow_type","gap_days","yahoo_ticker","adv_30d","overhang_days","par_value","price_vs_par_pct","signal_score"
"2026-05-14","-","-","USD","USD","USD CASH","Cash and/or Derivatives","-9314415.0","-462699.0","8851716.0","-0.06687","-0.00332","0.06355","100.0","885171600.0","UNCHANGED","1","","","","","",""
"2026-05-14","US0970232049","097023204","BA","BA","BOEING CO","Industrial","7911891.0","7909206.0","-2685.0","4.31317","4.15141","-0.16176","73.14","-196380.9","SELL","1","BA",6249607,0.0,25.0,192.56,0.0
"2026-05-14","US68389X2045","68389X204","ORCL-D","ORCL","ORACLE CORPORATION","Industrial","6879100.0","6876700.0","-2400.0","2.78458","2.84553","0.06095","57.66","-138384.0","SELL","1","ORCL-PD",1556909,0.0,25.0,130.64,0.0
"2026-05-14","US5949728530","594972853","STRC","MSTR","STRATEGY INC","Industrial","3456868.0","3455695.0","-1173.0","2.48191","2.47995","-0.00196","100.0","-117300.0","SELL","1","STRC",3525840,0.0,25.0,300.0,0.0
"2026-05-14","US9497468044","949746804","WFC-L","WFC","WELLS FARGO & COMPANY SERIES L","Financial Institutions","269601.0","269508.0","-93.0","2.29758","2.3064","0.00882","1192.49","-110901.57","SELL","1","WFC-PL",7395,0.0,1000.0,19.25,0.0
"2026-05-14","US0126532003","012653200","ALB","ALB","ALBEMARLE CORP","Industrial","3164768.0","3163694.0","-1074.0","1.82025","1.73686","-0.08339","76.5","-82161.0","SELL","1","ALB",2086010,0.0,25.0,206.0,0.0
"2026-05-14","US42824C2089","42824C208","HPE-A","HPE","HEWLETT PACKARD ENTERPRISE CONV PR","Industrial","2063941.0","2063239.0","-702.0","1.26119","1.32742","0.06623","89.65","-62934.3","SELL","1","","","",25.0,258.6,""
"2026-05-14","US0669224778","066922477","XTSLA","XTSLA","BLK CSH FND TREASURY SL AGENCY","Cash and/or Derivatives","46362407.0","46300072.0","-62335.0","0.33287","0.33227","-0.0006","1.0","-62335.0","UNCHANGED","1","","","","","",""
"2026-05-14","US0605056821","060505682","BAC-L","BAC","BANK OF AMERICA CORP","Financial Institutions","151109.0","151058.0","-51.0","1.31057","1.31062","5e-05","1209.0","-61659.0","SELL","1","BAC-PL",8896,0.0,1000.0,20.9,0.0
"2026-05-14","US1730802014","173080201","C","C","CITIGROUP CAPITAL XIII","Financial Institutions","6180832.0","6178732.0","-2100.0","1.298","1.29742","-0.00058","29.26","-61446.0","SELL","1","C",12483017,0.0,25.0,17.04,0.0
"2026-05-14","US5950173022","595017302","MCHP","MCHP","MICROCHIP TECHNOLOGY INCORPORATED","Industrial","2043351.0","2042658.0","-693.0","1.20093","1.20687","0.00594","82.33","-57054.69","SELL","1","MCHP",10641197,0.0,25.0,229.32,0.0
"2026-05-14","US65339F6557","65339F655","NEE-V","NEE","NEXTERA ENERGY INC","Utility","3164758.0","3163684.0","-1074.0","1.16131","1.15132","-0.00999","50.71","-54462.54","SELL","1","NEE-PV",333651,0.0,25.0,102.84,0.0
"2026-05-14","US65339F6631","65339F663","NEE-S","NEECU","NEXTERA ENERGY UNITS INC","Utility","2751975.0","2751042.0","-933.0","1.14163","1.14201","0.00038","57.84","-53964.72","SELL","1","NEE-PS",115828,0.0,25.0,131.36,0.0
"2026-05-14","US48251W5004","48251W500","KKR-D","KKR","KKR & CO INC","Financial Institutions","3560339.0","3559130.0","-1209.0","1.09073","1.10341","0.01268","43.2","-52228.8","SELL","1","KKR-PD",238326,0.0,25.0,72.8,0.0
"2026-05-14","US8425878423","842587842","SO-A","SO","SOUTHERN COMPANY (THE)","Utility","2751975.0","2751042.0","-933.0","1.00273","1.00233","-0.0004","50.77","-47368.41","SELL","1","SOPA",2458090,0.0,25.0,103.08,0.0
"2026-05-14","US03769M3043","03769M304","APO","APO","APOLLO GLOBAL MANAGEMENT INC","Financial Institutions","1977916.0","1977244.0","-672.0","0.9577","0.98376","0.02606","69.33","-46589.76","SELL","1","APO",4233390,0.0,25.0,177.32,0.0
"2026-05-14","US48128B6487","48128B648","JPM-EE","JPM","JPMORGAN CHASE & CO","Financial Institutions","5091122.0","5089394.0","-1728.0","0.91454","0.91309","-0.00145","25.0","-43200.0","SELL","1","","","",25.0,0.0,""
"2026-05-14","US48128B6552","48128B655","JPM-DD","JPM","JPMORGAN CHASE & CO","Financial Institutions","4667983.0","4666399.0","-1584.0","0.81273","0.81276","3e-05","24.27","-38443.68","SELL","1","","","",25.0,-2.92,""
"2026-05-14","US65339F1194","65339F119","NEE-T","NEECV","NEXTERA ENERGY UNITS INC","Utility","2063941.0","2063239.0","-702.0","0.78137","0.78475","0.00338","53.0","-37206.0","SELL","1","NEE-PT",106287,0.0,25.0,112.0,0.0
"2026-05-14","US10950A2050","10950A205","BTSG","BTSG","BRIGHTSPRING HEALTH SERVICES UNITS","Industrial","550413.0","550227.0","-186.0","0.73874","0.7566","0.01786","191.61","-35639.46","SELL","1","BTSG",2571957,0.0,1000.0,-80.84,0.0
"2026-05-14","US94988U1512","94988U151","WFC-Z","WFC","WELLS FARGO & COMPANY","Financial Institutions","5518529.0","5516654.0","-1875.0","0.74836","0.74706","-0.0013","18.87","-35381.25","SELL","1","WFC-PZ",123439,0.0,25.0,-24.52,0.0
"2026-05-14","US48128B5497","48128B549","JPM-LL","JPM","JPMORGAN CHASE NON-CUMULATIVE PREF","Financial Institutions","5091123.0","5089395.0","-1728.0","0.69559","0.69431","-0.00128","19.01","-32849.28","SELL","1","","","",25.0,-23.96,""
"2026-05-14","US48128B5232","48128B523","JPM-MM","JPM","JPMORGAN CHASE AND CO DS REPSTG  T","Financial Institutions","5503916.0","5502047.0","-1869.0","0.69351","0.69336","-0.00015","17.56","-32819.64","SELL","1","","","",25.0,-29.76,""
"2026-05-14","US69331C3060","69331C306","PCG-A","PCG","PG&E CORPORATION","Utility","2215334.0","2214581.0","-753.0","0.66596","0.6702","0.00424","42.17","-31754.01","SELL","1","PCG-PA",5430,0.1,25.0,68.68,0.0
"2026-05-14","US00206R7061","00206R706","T-C","T","AT&T INC","Industrial","4815916.0","4814281.0","-1635.0","0.64347","0.64158","-0.00189","18.57","-30361.95","SELL","1","T-PC",102962,0.0,25.0,-25.72,0.0
"2026-05-14","US5949728795","594972879","STRF","MSTR","STRATEGY INC","Industrial","883355.0","883055.0","-300.0","0.6365","0.63499","-0.00151","100.2","-30060.0","SELL","1","STRF",93660,0.0,1000.0,-89.98,0.0
"2026-05-14","US03990B3096","03990B309","ARES-B","ARES","ARES MANAGEMENT CORP","Financial Institutions","2063941.0","2063239.0","-702.0","0.60844","0.62928","0.02084","42.5","-29835.0","SELL","1","ARES-PB",307134,0.0,25.0,70.0,0.0
"2026-05-14","US14040H8245","14040H824","COF-I","COF","CAPITAL ONE FINANCIAL CORPORATION","Financial Institutions","4127982.0","4126581.0","-1401.0","0.56771","0.56563","-0.00208","19.1","-26759.1","SELL","1","COF-PI",95302,0.0,25.0,-23.6,0.0
"2026-05-14","US00206R3003","00206R300","T","T","AT&T INC","Industrial","3639478.0","3638242.0","-1236.0","0.56258","0.56005","-0.00253","21.45","-26512.2","SELL","1","T",36347877,0.0,25.0,-14.2,0.0
"2026-05-14","US48128B5802","48128B580","JPM-JJ","JPM","JPMORGAN CHASE DRC","Financial Institutions","4127916.0","4126515.0","-1401.0","0.55569","0.55496","-0.00073","18.74","-26254.74","SELL","1","","","",25.0,-25.04,""
"2026-05-14","US69351T8669","69351T866","PPL","PPL","PPL CORPORATION","Utility","1582548.0","1582011.0","-537.0","0.54822","0.54825","3e-05","48.29","-25931.73","SELL","1","PPL",7973277,0.0,25.0,93.16,0.0
"2026-05-14","US5949728613","594972861","STRD","MSTR","STRATEGY INC","Industrial","964835.0","964508.0","-327.0","0.53332","0.5284","-0.00492","76.34","-24963.18","SELL","1","STRD",70013,0.0,25.0,205.36,0.0
"2026-05-14","US38144G8042","38144G804","GS-D","GS","GOLDMAN SACHS GROUP INC","Financial Institutions","3715045.0","3713785.0","-1260.0","0.51425","0.51331","-0.00094","19.26","-24267.6","SELL","1","GS-PD",163743,0.0,25.0,-22.96,0.0
"2026-05-14","US61762V8384","61762V838","MS-Q","MS","MORGAN STANLEY","Financial Institutions","2751975.0","2751042.0","-933.0","0.50591","0.50512","-0.00079","25.59","-23875.47","SELL","1","MS-PQ",58534,0.0,25.0,2.36,0.0
"2026-05-14","US61762V8533","61762V853","MS-P","MS","MORGAN STANLEY","Financial Institutions","2751975.0","2751042.0","-933.0","0.50028","0.49939","-0.00089","25.3","-23604.9","SELL","1","MS-PP",69339,0.0,25.0,1.2,0.0
"2026-05-14","US26441C5013","26441C501","DUK-A","DUK","DUKE ENERGY CORP","Utility","2751975.0","2751042.0","-933.0","0.49731","0.49692","-0.00039","25.17","-23483.61","SELL","1","DUK-PA",58466,0.0,25.0,0.68,0.0
"2026-05-14","US61761J4067","61761J406","MS-I","MS","MORGAN STANLEY DS REPRESENTING   F","Financial Institutions","2751974.0","2751041.0","-933.0","0.49514","0.49554","0.0004","25.1","-23418.3","SELL","1","MS-PI",63519,0.0,25.0,0.4,0.0
"2026-05-14","US5949728878","594972887","STRK","MSTR","STRATEGY INC","Industrial","964948.0","964648.0","-300.0","0.53262","0.52855","-0.00407","76.35","-22905.0","SELL","1","STRK",121887,0.0,25.0,205.4,0.0
"2026-05-14","US61762V6065","61762V606","MS-K","MS","MORGAN STANLEY","Financial Institutions","2751974.0","2751041.0","-933.0","0.47499","0.47481","-0.00018","24.05","-22438.65","SELL","1","MS-PK",54100,0.0,25.0,-3.8,0.0
"2026-05-14","US00206R5081","00206R508","T-A","T","AT&T INC","Industrial","3302364.0","3301242.0","-1122.0","0.47443","0.47287","-0.00156","19.96","-22395.12","SELL","1","T-PA",74730,0.0,25.0,-20.16,0.0
"2026-05-14","US0605052291","060505229","BAC-GG","BAC","BANK OF AMERICA CORP","Financial Institutions","2630766.0","2629872.0","-894.0","0.47135","0.47126","-9e-05","24.97","-22323.18","SELL","1","","","",25.0,-0.12,""
"2026-05-14","US0200028381","020002838","ALL-H","ALL","ALLSTATE CORPORATION (THE)","Financial Institutions","3164768.0","3163694.0","-1074.0","0.46773","0.466","-0.00173","20.52","-22038.48","SELL","1","ALL-PH",75044,0.0,25.0,-17.92,0.0
"2026-05-14","US1167942077","116794207","BRKR","BRKR","BRUKER CORPORATION","Industrial","189928.0","189865.0","-63.0","0.46448","0.46998","0.0055","344.93","-21730.59","SELL","1","BRKR",2164217,0.0,1000.0,-65.51,0.0
"2026-05-14","US14040H7825","14040H782","COF-J","COF","CAPITAL ONE FINANCIAL CORPORATION","Financial Institutions","3439975.0","3438808.0","-1167.0","0.4495","0.44841","-0.00109","18.17","-21204.39","SELL","1","COF-PJ",86032,0.0,25.0,-27.32,0.0
"2026-05-14","US61762V8616","61762V861","MS-O","MS","MORGAN STANLEY","Financial Institutions","3577503.0","3576288.0","-1215.0","0.44281","0.44093","-0.00188","17.18","-20873.7","SELL","1","MS-PO",78845,0.0,25.0,-31.28,0.0
"2026-05-14","US65339K8374","65339K837","NEE-U","NEE","NEXTERA ENERGY CAPITAL HOLDINGS IN","Utility","2407875.0","2407050.0","-825.0","0.4353","0.43565","0.00035","25.22","-20806.5","SELL","1","","","",25.0,0.88,""
"2026-05-14","US06053U6010","06053U601","BAC-KK","BAC","BANK AMER DS REPRESENTING   NON CU","Financial Institutions","2758998.0","2758062.0","-936.0","0.43401","0.43367","-0.00034","21.91","-20507.76","SELL","1","","","",25.0,-12.36,""
"2026-05-14","US61762V2007","61762V200","MS-E","MS","MORGAN STANLEY","Financial Institutions","2373497.0","2372690.0","-807.0","0.43267","0.43233","-0.00034","25.39","-20489.73","SELL","1","MS-PE",63837,0.0,25.0,1.56,0.0
"2026-05-14","US94988U1280","94988U128","WFC-AA","WFC","WELLS FARGO & COMPANY","Financial Institutions","3208368.0","3207279.0","-1089.0","0.43098","0.4311","0.00012","18.73","-20396.97","SELL","1","","","",25.0,-25.08,""
"2026-05-14","US61747S5047","61747S504","MS","MS","MORGAN STANLEY","Financial Institutions","3027157.0","3026128.0","-1029.0","0.42903","0.42869","-0.00034","19.74","-20312.46","SELL","1","MS",5765193,0.0,25.0,-21.04,0.0
"2026-05-14","US61763E2072","61763E207","MS-F","MS","MORGAN STANLEY DS","Financial Institutions","2339147.0","2338352.0","-795.0","0.42456","0.42456","0.0","25.3","-20113.5","SELL","1","MS-PF",97577,0.0,25.0,1.2,0.0
"2026-05-14","US98389B8789","98389B878","XEL","XEL","XCEL ENERGY INC","Utility","2476925.0","2476100.0","-825.0","0.43232","0.43171","-0.00061","24.3","-20047.5","SELL","1","XEL",4897193,0.0,25.0,-2.8,0.0
"2026-05-14","US95002Y4008","95002Y400","WFC-DD","WFC","WELLS FARGO & COMPANY","Financial Institutions","3427749.0","3426585.0","-1164.0","0.42034","0.42038","4e-05","17.09","-19892.76","SELL","1","","","",25.0,-31.64,""
"2026-05-14","US04686J8615","04686J861","ATH-A","ATH","ATHENE HOLDING DS REPRESENTING   P","Financial Institutions","2373544.0","2372737.0","-807.0","0.41802","0.41922","0.0012","24.62","-19868.34","SELL","1","ATH-PA",43521,0.0,25.0,-1.52,0.0
"2026-05-14","CA67000B2030","67000B203","NOVTV","NOVT","NOVANTA TANGIBLE EQUITY UNITS INC","Industrial","870295.0","870001.0","-294.0","0.41377","0.41476","0.00099","66.43","-19530.42","SELL","1","","","",25.0,165.72,""
"2026-05-14","US55261F8648","55261F864","MTB-J","MTB","M T BK DEP INT PERP PFD STK SER J","Financial Institutions","2063941.0","2063239.0","-702.0","0.39654","0.39504","-0.0015","26.68","-18729.36","SELL","1","MTB-PJ",44646,0.0,25.0,6.72,0.0
"2026-05-14","US1729672428","172967242","C-II","C","CITIGROUP INC","Financial Institutions","2201561.0","2200814.0","-747.0","0.39563","0.39532","-0.00031","25.03","-18697.41","SELL","1","CPII",390,1.9,25.0,0.12,0.0
"2026-05-14","US8425878001","842587800","SO","SO","SOUTHERN COMPANY (THE)","Utility","2751975.0","2751042.0","-933.0","0.39462","0.39308","-0.00154","19.91","-18576.03","SELL","1","SO",4749593,0.0,25.0,-20.36,0.0
"2026-05-14","US0605051798","060505179","BAC-K","BAC","BANK OF AMERICA CORP","Financial Institutions","2093522.0","2092811.0","-711.0","0.38328","0.38388","0.0006","25.56","-18173.16","SELL","1","BAC-PK",40754,0.0,25.0,2.24,0.0
"2026-05-14","US59156R8503","59156R850","MET-F","MET","METLIFE INC","Financial Institutions","2751975.0","2751042.0","-933.0","0.37837","0.37787","-0.0005","19.14","-17857.62","SELL","1","MET-PF",88971,0.0,25.0,-23.44,0.0
"2026-05-14","US9029731554","902973155","USB-B","USB","US BANCORP","Financial Institutions","2751974.0","2751041.0","-933.0","0.37837","0.37689","-0.00148","19.09","-17810.97","SELL","1","","","",25.0,-23.64,""
"2026-05-14","US8085136005","808513600","SCHW-D","SCHW","CHARLES SCHWAB CORPORATION (THE)","Financial Institutions","2063941.0","2063239.0","-702.0","0.36838","0.36972","0.00134","24.97","-17528.94","SELL","1","SCHW-PD",62266,0.0,25.0,-0.12,0.0
"2026-05-14","US0357108705","035710870","NLY-F","NLY","ANNALY CAPITAL MANAGEMENT INC","Financial Institutions","1981443.0","1980771.0","-672.0","0.36988","0.37008","0.0002","26.04","-17498.88","SELL","1","NLY-PF",40201,0.0,25.0,4.16,0.0
"2026-05-14","US06055H2022","06055H202","BAC-LL","BAC","BANK OF AMERICA CORPORATION DEPOSI","Financial Institutions","2528842.0","2527984.0","-858.0","0.3702","0.36919","-0.00101","20.35","-17460.3","SELL","1","","","",25.0,-18.6,""
"2026-05-14","US59156R8768","59156R876","MET-E","MET","METLIFE INC","Financial Institutions","2215334.0","2214581.0","-753.0","0.36725","0.36649","-0.00076","23.06","-17364.18","SELL","1","MET-PE",57896,0.0,25.0,-7.76,0.0
"2026-05-14","US7593518852","759351885","RGA","RGA","REINSURANCE GROUP OF AMERICA INCOR","Financial Institutions","1926108.0","1925433.0","-675.0","0.35097","0.35152","0.00055","25.44","-17172.0","SELL","1","RGA",344750,0.0,25.0,1.76,0.0
"2026-05-14","US95002Y2028","95002Y202","WFC-CC","WFC","WELLS FARGO & COMPANY","Financial Institutions","2879342.0","2878364.0","-978.0","0.36022","0.35994","-0.00028","17.43","-17046.54","SELL","1","","","",25.0,-30.28,""
"2026-05-14","US00775V1044","00775V104","AEGON","AEGON","AEGON FUNDING CORPORATION II","Financial Institutions","2545561.0","2544697.0","-864.0","0.35895","0.35811","-0.00084","19.61","-16943.04","SELL","1","","","",25.0,-21.56,""
"2026-05-14","US48128B6222","48128B622","JPM-GG","JPM","JPMORGAN CHASE & CO","Financial Institutions","2476768.0","2475928.0","-840.0","0.34836","0.34719","-0.00117","19.54","-16413.6","SELL","1","","","",25.0,-21.84,""
"2026-05-14","US89832Q6952","89832Q695","TFC-R","TFC","TRUIST FINANCIAL DRC CORP","Financial Institutions","2545561.0","2544697.0","-864.0","0.33811","0.33821","0.0001","18.52","-16001.28","SELL","1","TFC-PR",73576,0.0,25.0,-25.92,0.0
"2026-05-14","US3453708378","345370837","F","F","FORD MOTOR COMPANY","Industrial","2201562.0","2200815.0","-747.0","0.33162","0.33238","0.00076","21.05","-15724.35","SELL","1","F",46531367,0.0,25.0,-15.8,0.0
"2026-05-14","US65339K8606","65339K860","NEE-N","NEE","NEXTERA ENERGY CAPITAL HOLDINGS IN","Utility","1891958.0","1891316.0","-642.0","0.32424","0.32453","0.00029","23.91","-15350.22","SELL","1","","","",25.0,-4.36,""
"2026-05-14","US8168516040","816851604","SRE","SRE","SEMPRA ENERGY","Utility","2084633.0","2083925.0","-708.0","0.32344","0.32228","-0.00116","21.55","-15257.4","SELL","1","SRE",3334793,0.0,25.0,-13.8,0.0
"2026-05-14","US94988U6560","94988U656","WFC-Y","WFC","WELLS FARGO & COMPANY","Financial Institutions","1892186.0","1891544.0","-642.0","0.32306","0.32185","-0.00121","23.71","-15221.82","SELL","1","WFC-PY",39024,0.0,25.0,-5.16,0.0
"2026-05-14","US3453708451","345370845","F","F","FORD MOTOR COMPANY","Industrial","2063941.0","2063239.0","-702.0","0.31993","0.32079","0.00086","21.66","-15205.32","SELL","1","F",46531367,0.0,25.0,-13.36,0.0
"2026-05-14","US0200027888","020002788","ALL-J","ALL","ALLSTATE DEP REPSTG  TH NON CUM PE","Financial Institutions","1651148.0","1650587.0","-561.0","0.30923","0.3094","0.00017","26.12","-14653.32","SELL","1","ALL-PJ",43285,0.0,25.0,4.48,0.0
"2026-05-14","US03769M2052","03769M205","APO","APO","APOLLO GLOBAL MANAGEMENT INC","Financial Institutions","1651148.0","1650587.0","-561.0","0.30846","0.30869","0.00023","26.06","-14619.66","SELL","1","APO",4233390,0.0,25.0,4.24,0.0
"2026-05-14","US06055H8060","06055H806","BAC-QQ","BAC","BANK OF AMERICA CORP","Financial Institutions","2514290.0","2513435.0","-855.0","0.30543","0.30546","3e-05","16.93","-14475.15","SELL","1","","","",25.0,-32.28,""
"2026-05-14","US65339K8291","65339K829","NEE-Z","NEE","NEXTERA ENERGY CAPITAL HOLDINGS IN","Utility","1654019.0","1653458.0","-561.0","0.29843","0.29831","-0.00012","25.14","-14103.54","SELL","1","","","",25.0,0.56,""
"2026-05-14","US4932678430","493267843","KEY","KEY","KEYCORP","Financial Institutions","1651148.0","1650587.0","-561.0","0.29637","0.29661","0.00024","25.04","-14047.44","SELL","1","KEY",12576473,0.0,25.0,0.16,0.0
"2026-05-14","US0605051954","060505195","BAC-HH","BAC","BANK OF AMERICA DEP REPRESENTING","Financial Institutions","1648455.0","1647894.0","-561.0","0.29411","0.29358","-0.00053","24.82","-13924.02","SELL","1","","","",25.0,-0.72,""
"2026-05-14","US1258968452","125896845","CMS","CMS","CMS ENERGY CORPORATION","Utility","1733748.0","1733160.0","-588.0","0.29327","0.29353","0.00026","23.6","-13876.8","SELL","1","CMS",2850340,0.0,25.0,-5.6,0.0
"2026-05-14","US38143Y6656","38143Y665","GS-A","GS","GOLDMAN SACHS GROUP INC","Financial Institutions","2063873.0","2063171.0","-702.0","0.29206","0.29213","7e-05","19.73","-13850.46","SELL","1","GS-PA",77558,0.0,25.0,-21.08,0.0
"2026-05-14","US2333317921","233331792","DTE-H","DTE","DTE ENERGY COMPANY","Utility","1651148.0","1650587.0","-561.0","0.29139","0.29175","0.00036","24.63","-13817.43","SELL","1","","","",25.0,-1.48,""
"2026-05-14","US48251W6093","48251W609","KKR-T","KKR","KKR & CO INC","Financial Institutions","1623638.0","1623086.0","-552.0","0.28875","0.28992","0.00117","24.89","-13739.28","SELL","1","","","",25.0,-0.44,""
"2026-05-14","US87165B2025","87165B202","SYF-A","SYF","SYNCHRONY FINANCIAL","Financial Institutions","2064237.0","2063562.0","-675.0","0.297","0.29736","0.00036","20.08","-13554.0","SELL","1","SYF-PA",65793,0.0,25.0,-19.68,0.0
"2026-05-14","US04686J8383","04686J838","ATH","ATH","ATHENE HOLDING LTD","Financial Institutions","1582355.0","1581818.0","-537.0","0.28572","0.28504","-0.00068","25.11","-13484.07","SELL","1","","","",25.0,0.44,""
"2026-05-14","US8425878670","842587867","SO","SO","SOUTHERN COMPANY (THE)","Utility","1554845.0","1554317.0","-528.0","0.28511","0.28477","-0.00034","25.53","-13479.84","SELL","1","SO",4749593,0.0,25.0,2.12,0.0
"2026-05-14","US00123Q8722","00123Q872","AGNC-F","AGNC","AGNC INVESTMENT CORP","Financial Institutions","1582355.0","1581818.0","-537.0","0.28345","0.28289","-0.00056","24.92","-13382.04","SELL","1","","","",25.0,-0.32,""
"2026-05-14","US82846H5046","82846H504","QXO","QXO","QXO INC","Industrial","791197.0","790927.0","-270.0","0.27585","0.28119","0.00534","49.54","-13375.8","SELL","1","QXO",15569803,0.0,25.0,98.16,0.0
"2026-05-14","US12542R3084","12542R308","CHSINC","CHSINC","CHS CUMULATIVE REDEEMABLE PREF CLA","Industrial","1476384.0","1475883.0","-501.0","0.27888","0.27951","0.00063","26.39","-13221.39","SELL","1","","","",25.0,5.56,""
"2026-05-14","US8794337613","879433761","TDS-VV","TDS","TELEPHONE AND DATA SYSTEMS INC","Industrial","1898855.0","1898210.0","-645.0","0.27566","0.27681","0.00115","20.32","-13106.4","SELL","1","","","",25.0,-18.72,""
"2026-05-14","US21871X2080","21871X208","CRBG","CRBG","COREBRIDGE FINANCIAL INC","Financial Institutions","1651148.0","1650587.0","-561.0","0.27906","0.27677","-0.00229","23.36","-13104.96","SELL","1","CRBG",7032520,0.0,25.0,-6.56,0.0
"2026-05-14","US7838922018","783892201","EIX-M","EIX","SCE TRUST VII","Utility","1513552.0","1513039.0","-513.0","0.26928","0.26896","-0.00032","24.77","-12707.01","SELL","1","","","",25.0,-0.92,""
"2026-05-14","US82452J3077","82452J307","FOUR","FOUR","SHIFT4 PAYMENTS INC","Industrial","688000.0","687766.0","-234.0","0.26328","0.26712","0.00384","54.12","-12664.08","SELL","1","FOUR",1752593,0.0,25.0,116.48,0.0
"2026-05-14","US3453708113","345370811","F","F","FORD MOTOR COMPANY","Industrial","1651163.0","1650602.0","-561.0","0.26543","0.26463","-0.0008","22.34","-12532.74","SELL","1","F",46531367,0.0,25.0,-10.64,0.0
"2026-05-14","US59156R5046","59156R504","MET-A","MET","METLIFE INC","Financial Institutions","1651571.0","1651010.0","-561.0","0.26478","0.26463","-0.00015","22.34","-12532.74","SELL","1","MET-PA",84097,0.0,25.0,-10.64,0.0
"2026-05-14","US12542R8034","12542R803","CHSINC","CHSINC","CHS INC","Industrial","1424291.0","1423808.0","-483.0","0.26362","0.2628","-0.00082","25.72","-12422.76","SELL","1","","","",25.0,2.88,""
"2026-05-14","US06055H4002","06055H400","BAC-NN","BAC","BANK OF AMERICA CORP","Financial Institutions","2078344.0","2077639.0","-705.0","0.26083","0.26093","0.0001","17.5","-12337.5","SELL","1","","","",25.0,-30.0,""
"2026-05-14","US05990K8412","05990K841","BANC-F","BANC","BANC OF CALIFORNIA INC","Financial Institutions","1407160.0","1406683.0","-477.0","0.25863","0.25883","0.0002","25.64","-12230.28","SELL","1","BANC-PF",53220,0.0,25.0,2.56,0.0
"2026-05-14","US87165B4005","87165B400","SYF-B","SYF","SYNCHRONY FINANCIAL","Financial Institutions","1376095.0","1375627.0","-468.0","0.25707","0.25618","-0.00089","25.95","-12144.6","SELL","1","SYF-PB",50251,0.0,25.0,3.8,0.0
"2026-05-14","US0200023093","020002309","ALL","ALL","ALLSTATE CORPORATION (THE)","Financial Institutions","1376144.0","1375676.0","-468.0","0.25451","0.2556","0.00109","25.89","-12116.52","SELL","1","ALL",1394367,0.0,25.0,3.56,0.0
"2026-05-14","US8425878837","842587883","SO-C","SO","SOUTHERN COMPANY (THE)","Utility","2064253.0","2063551.0","-702.0","0.25521","0.25457","-0.00064","17.19","-12067.38","SELL","1","","","",25.0,-31.24,""
"2026-05-14","US7591EP8604","7591EP860","RF","RF","REGIONS FINANCIAL CORPORATION","Financial Institutions","1376221.0","1375753.0","-468.0","0.25463","0.25433","-0.0003","25.76","-12055.68","SELL","1","RF",10132240,0.0,25.0,3.04,0.0
"2026-05-14","US0640588457","64058845","BK-K","BK","BANK OF NEW YORK MELLON CORP/THE","Financial Institutions","1376277.0","1375809.0","-468.0","0.25325","0.25355","0.0003","25.68","-12018.24","SELL","1","BK-PK",30215,0.0,25.0,2.72,0.0
"2026-05-14","US9029737593","902973759","USB-K","USB","US BANCORP","Financial Institutions","1576509.0","1575975.0","-534.0","0.25343","0.25266","-0.00077","22.34","-11929.56","SELL","1","","","",25.0,-10.64,""
"2026-05-14","US04686J5074","04686J507","ATH-E","ATH","ATHENE HLDG LTD DEP SHR REPSTG   I","Financial Institutions","1376289.0","1375821.0","-468.0","0.25133","0.25158","0.00025","25.48","-11924.64","SELL","1","ATH-PE",63765,0.0,25.0,1.92,0.0
"2026-05-14","US4932677028","493267702","KEY-E","KEY","KEYCORP","Financial Institutions","1370842.0","1370377.0","-465.0","0.24837","0.24812","-0.00025","25.23","-11731.95","SELL","1","","","",25.0,0.92,""
"2026-05-14","US7591EP7044","7591EP704","RF-C","RF","REGIONS FINANCIAL CORPORATION","Financial Institutions","1376404.0","1375936.0","-468.0","0.2427","0.24251","-0.00019","24.56","-11494.08","SELL","1","RF-PC",37488,0.0,25.0,-1.76,0.0
"2026-05-14","US89832Q7455","89832Q745","TFC-O","TFC","TRUIST FINANCIAL PERPETUAL PREF SE","Financial Institutions","1582890.0","1582353.0","-537.0","0.24036","0.23972","-0.00064","21.11","-11336.07","SELL","1","TFC-PO",41003,0.0,25.0,-15.56,0.0
"2026-05-14","US12542R7044","12542R704","CHSINC","CHSINC","CHS RESET RATE CUMULATIVE REDEEMAB","Industrial","1355932.0","1355482.0","-450.0","0.24416","0.24465","0.00049","25.15","-11317.5","SELL","1","","","",25.0,0.6,""
"2026-05-14","US55261F8499","55261F849","MTB-K","MTB","M&T BANK CORPORATION","Financial Institutions","1239450.0","1239000.0","-450.0","0.22278","0.223","0.00022","25.08","-11286.0","SELL","1","MTB-PK",46296,0.0,25.0,0.32,0.0
"2026-05-14","US26441C4024","26441C402","DUK","DUK","DUKE ENERGY CORP","Utility","1376571.0","1376103.0","-468.0","0.23779","0.23751","-0.00028","24.05","-11255.4","SELL","1","DUK",3119110,0.0,25.0,-3.8,0.0
"2026-05-14","US6494452021","649445202","FLG-A","FLG","NEW YORK COMMUNITY BANCORP INT FXD","Financial Institutions","1418056.0","1417576.0","-480.0","0.23549","0.23663","0.00114","23.26","-11164.8","SELL","1","FLG-PA",115118,0.0,25.0,-6.96,0.0
"2026-05-14","US9029737189","902973718","USB-M","USB","US BANCORP","Financial Institutions","2064980.0","2064278.0","-702.0","0.23514","0.23421","-0.00093","15.81","-11098.62","SELL","1","","","",25.0,-36.76,""
"2026-05-14","US64828T7063","64828T706","RITM-D","RITM","NEW RESIDENTIAL INVESTMENT CORP","Financial Institutions","1274887.0","1274455.0","-432.0","0.22782","0.22728","-0.00054","24.85","-10735.2","SELL","1","RITM-PD",42797,0.0,25.0,-0.6,0.0
"2026-05-14","US3167736053","316773605","FITB-I","FITB","FIFTH THIRD BANCORP DEPOSITARY SHA","Financial Institutions","1233794.0","1233374.0","-420.0","0.22562","0.22526","-0.00036","25.45","-10689.0","SELL","1","","","",25.0,1.8,""
"2026-05-14","BMG1624R1079","-","BPY","BPY","BROOKFIELD PROPERTY PREFERRED PREF","Industrial","1839996.0","1839372.0","-624.0","0.22458","0.2242","-0.00038","16.98","-10595.52","SELL","1","","","",25.0,-32.08,""
"2026-05-14","US0357108473","035710847","NLY-I","NLY","ANNALY CAPITAL MANAGEMENT INC","Financial Institutions","1213197.0","1212786.0","-411.0","0.22364","0.22316","-0.00048","25.64","-10538.04","SELL","1","NLY-PI",45974,0.0,25.0,2.56,0.0
"2026-05-14","US14040H7585","14040H758","COF-L","COF","CAPITAL ONE FINANCIAL CORPORATION","Financial Institutions","1859012.0","1858382.0","-630.0","0.22156","0.22145","-0.00011","16.61","-10464.3","SELL","1","COF-PL",38298,0.0,25.0,-33.56,0.0
"2026-05-14","US8574778556","857477855","STT-G","STT","STATE STREET CORP","Financial Institutions","1370842.0","1370377.0","-465.0","0.21958","0.21851","-0.00107","22.22","-10332.3","SELL","1","STT-PG",41868,0.0,25.0,-11.12,0.0
"2026-05-14","US9182842099","918284209","VSEC","VSEC","VSE CORP","Industrial","634184.0","633968.0","-216.0","0.21951","0.21647","-0.00304","47.58","-10277.28","SELL","1","VSEC",526170,0.0,25.0,90.32,0.0
"2026-05-14","US8085138654","808513865","SCHW-J","SCHW","CHARLES SCHWAB CORPORATION (THE)","Financial Institutions","1652527.0","1651966.0","-561.0","0.21582","0.21612","0.0003","18.23","-10227.03","SELL","1","SCHW-PJ",72875,0.0,25.0,-27.08,0.0
"2026-05-14","US0082528276","008252827","AMG","AMG","AFFILIATED MANAGERS GROUP INC.","Financial Institutions","1239575.0","1239155.0","-420.0","0.21448","0.2144","-8e-05","24.11","-10126.2","SELL","1","AMG",345917,0.0,25.0,-3.56,0.0
"2026-05-14","US0357108622","035710862","NLY-G","NLY","ANNALY CAPITAL MANAGEMENT INC","Financial Institutions","1165225.0","1164829.0","-396.0","0.21182","0.21049","-0.00133","25.18","-9971.28","SELL","1","NLY-PG",20392,0.0,25.0,0.72,0.0
"2026-05-14","US12542R5063","12542R506","CHSINC","CHSINC","CHS INC","Industrial","1156967.0","1156574.0","-393.0","0.21024","0.20999","-0.00025","25.3","-9942.9","SELL","1","","","",25.0,1.2,""
"2026-05-14","US06055H6080","06055H608","BAC-PP","BAC","BANK OF AMERICA DRC CORP","Financial Institutions","1756296.0","1755699.0","-597.0","0.20995","0.20966","-0.00029","16.64","-9934.08","SELL","1","BAC-PP",47121,0.0,25.0,-33.44,0.0
"2026-05-14","US97650W7020","97650W702","WTFC-F","WTFC","WINTRUST FINANCIAL CORPORATION","Financial Institutions","1170550.0","1170175.0","-375.0","0.22187","0.22216","0.00029","26.45","-9918.75","SELL","1","","","",25.0,5.8,""
"2026-05-14","US1746106004","174610600","CFG-H","CFG","CITIZENS FINANCIAL GROUP INC","Financial Institutions","1102048.0","1101673.0","-375.0","0.20817","0.20761","-0.00056","26.26","-9847.5","SELL","1","CFG-PH",22971,0.0,25.0,5.04,0.0
"2026-05-14","US9633202059","963320205","WHR-A","WHR","WHIRLPOOL CORPORATION","Industrial","791269.0","790999.0","-270.0","0.20452","0.20674","0.00222","36.42","-9833.4","SELL","1","WHR-PA",315471,0.0,25.0,45.68,0.0
"2026-05-14","US3167738372","316773837","FITBM","FITB","FIFTH THIRD BANCORP DEPOSITARY SHA","Financial Institutions","1102071.0","1101696.0","-375.0","0.20565","0.20604","0.00039","26.06","-9772.5","SELL","1","FITBM",60207,0.0,25.0,4.24,0.0
"2026-05-14","US00123Q8078","00123Q807","AGNC-E","AGNC","AGNC INVESTMENT CORP","Financial Institutions","1103521.0","1103146.0","-375.0","0.20243","0.20235","-8e-05","25.56","-9585.0","SELL","1","","","",25.0,2.24,""
"2026-05-14","US74460W5528","74460W552","PSA-L","PSA","PUBLIC STORAGE","Financial Institutions","1556557.0","1556029.0","-528.0","0.20317","0.20262","-0.00055","18.15","-9583.2","SELL","1","PSA-PL",36308,0.0,25.0,-27.4,0.0
"2026-05-14","US1746108083","174610808","CFG-I","CFG","CITIZENS FINANCIAL GROUP INC","Financial Institutions","1102184.0","1101809.0","-375.0","0.20147","0.20203","0.00056","25.55","-9581.25","SELL","1","CFG-PI",26576,0.0,25.0,2.2,0.0
"2026-05-14","US61762V8046","61762V804","MS-L","MS","MORGAN STANLEY","Financial Institutions","1377568.0","1377100.0","-468.0","0.20127","0.20096","-0.00031","20.34","-9519.12","SELL","1","MS-PL",23753,0.0,25.0,-18.64,0.0
"2026-05-14","US31959X4007","31959X400","FCNCA","FCNCA","FIRST CITIZENS BANCSHARES INC (DEL","Financial Institutions","1102206.0","1101831.0","-375.0","0.19997","0.20013","0.00016","25.31","-9491.25","SELL","1","FCNCA",69257,0.0,25.0,1.24,0.0
"2026-05-14","US7593518027","759351802","RGA","RGA","REINSURANCE GROUP OF AMERICA INCOR","Financial Institutions","1102190.0","1101815.0","-375.0","0.19973","0.19973","0.0","25.26","-9472.5","SELL","1","RGA",344750,0.0,25.0,1.04,0.0
"2026-05-14","US9029738666","902973866","USB-A","USB","US BANCORP","Financial Institutions","39553.0","39541.0","-12.0","0.22264","0.22261","-3e-05","784.49","-9413.88","SELL","1","USB-PA",1300,0.0,1000.0,-21.55,0.0
"2026-05-14","US3205178409","320517840","FHN-H","FHN","FIRST HORIZON CORP","Financial Institutions","1099046.0","1098674.0","-372.0","0.19672","0.19719","0.00047","25.01","-9303.72","SELL","1","FHN-PH",166053,0.0,25.0,0.04,0.0
"2026-05-14","US87264A1051","87264A105","TMUS","TMUS","T-MOBILE USA INC","Industrial","1084344.0","1083975.0","-369.0","0.19362","0.19378","0.00016","24.91","-9191.79","SELL","1","TMUS",5927890,0.0,25.0,-0.36,0.0
"2026-05-14","US8726521029","872652102","TPG","TPG","TPG OPERATING GROUP II LP","Financial Institutions","1102252.0","1101877.0","-375.0","0.19468","0.19334","-0.00134","24.45","-9168.75","SELL","1","TPG",2969317,0.0,25.0,-2.2,0.0
"2026-05-14","US8425874042","842587404","SO","SO","SOUTHERN COMPANY (THE)","Utility","1240135.0","1239715.0","-420.0","0.19401","0.19359","-0.00042","21.76","-9139.2","SELL","1","SO",4749593,0.0,25.0,-12.96,0.0
"2026-05-14","US64828T5083","64828T508","RITM-C","RITM","NEW RESIDENTIAL INVESTMENT CORP","Financial Institutions","1090062.0","1089693.0","-369.0","0.19292","0.19183","-0.00109","24.53","-9051.57","SELL","1","RITM-PC",36316,0.0,25.0,-1.88,0.0
"2026-05-14","US4932678687","493267868","KEY-G","KEY","KEYCORP","Financial Institutions","1233794.0","1233374.0","-420.0","0.18939","0.18916","-0.00023","21.37","-8975.4","SELL","1","","","",25.0,-14.52,""
"2026-05-14","US74460W4612","74460W461","PSA-P","PSA","PUBLIC STORAGE","Financial Institutions","1663986.0","1663422.0","-564.0","0.18936","0.18909","-0.00027","15.84","-8933.76","SELL","1","PSA-PP",60423,0.0,25.0,-36.64,0.0
"2026-05-14","US04686J4085","04686J408","ATH-D","ATH","ATHENE HOLDING DS REPRESENTING A","Financial Institutions","1584863.0","1584326.0","-537.0","0.18872","0.18817","-0.00055","16.55","-8887.35","SELL","1","ATH-PD",40386,0.0,25.0,-33.8,0.0
"2026-05-14","US8794337878","879433787","TDS-UU","TDS","TELEPHONE DATA SYS DRC INC","Industrial","1157964.0","1157571.0","-393.0","0.1849","0.18583","0.00093","22.37","-8791.41","SELL","1","","","",25.0,-10.52,""
"2026-05-14","US72348N3070","72348N307","PNFP-B","PNFP","PINNACLE FINANCIAL PARTNERS NON CU","Financial Institutions","964897.0","964570.0","-327.0","0.18538","0.18517","-0.00021","26.75","-8747.25","SELL","1","PNFP-PB",15835,0.0,25.0,7.0,0.0
"2026-05-14","US06055H8714","06055H871","BAC-SS","BAC","BANK OF AMERICA CORP","Financial Institutions","1316719.0","1316272.0","-447.0","0.18019","0.18042","0.00023","19.1","-8537.7","SELL","1","","","",25.0,-23.6,""
"2026-05-14","US0158578080","015857808","AQNCN","AQNCN","ALGONQUIN POWER & UTILITIES CORP","Utility","964934.0","964607.0","-327.0","0.18144","0.17984","-0.0016","25.98","-8495.46","SELL","1","","","",25.0,3.92,""
"2026-05-14","US4932678760","493267876","KEY-F","KEY","KEYCORP","Financial Institutions","1165225.0","1164829.0","-396.0","0.17844","0.17855","0.00011","21.36","-8458.56","SELL","1","","","",25.0,-14.56,""
"2026-05-14","US87264A2042","87264A204","TMUS","TMUS","T-MOBILE USA INC","Industrial","1105136.0","1104761.0","-375.0","0.17845","0.17728","-0.00117","22.36","-8385.0","SELL","1","TMUS",5927890,0.0,25.0,-10.56,0.0
"2026-05-14","US8935266812","893526681","TRPCN","TRPCN","TRANSCANADA PIPELINES LTD","Industrial","1020220.0","1019875.0","-345.0","0.17569","0.17595","0.00026","24.04","-8293.8","SELL","1","","","",25.0,-3.84,""
"2026-05-14","US87264A3032","87264A303","TMUS","TMUS","T-MOBILE USA INC","Industrial","1088552.0","1088183.0","-369.0","0.17475","0.17469","-6e-05","22.37","-8254.53","SELL","1","TMUS",5927890,0.0,25.0,-10.52,0.0
"2026-05-14","US2333318598","233331859","DTE-E","DTE","DTE ENERGY COMPANY","Utility","1103074.0","1102699.0","-375.0","0.17221","0.17251","0.0003","21.8","-8175.0","SELL","1","","","",25.0,-12.8,""
"2026-05-14","US00123Q8318","00123Q831","AGNC-H","AGNC","AGNC INVESTMENT CORP","Financial Institutions","945880.0","945559.0","-321.0","0.17283","0.17243","-0.0004","25.41","-8156.61","SELL","1","","","",25.0,1.64,""
"2026-05-14","US4165186036","416518603","HIG-G","HIG","HARTFORD FINANCIAL SERVICES GROUP","Financial Institutions","951375.0","951051.0","-324.0","0.16967","0.16988","0.00021","24.89","-8064.36","SELL","1","HIG-PG",18285,0.0,25.0,-0.44,0.0
"2026-05-14","US12542R2094","12542R209","CHSINC","CHSINC","CHS INC. (8% CUMULATIVE REDEEMABLE","Industrial","846119.0","845831.0","-288.0","0.16949","0.1699","0.00041","27.99","-8061.12","SELL","1","","","",25.0,11.96,""
"2026-05-14","US30190A2033","30190A203","FG","FG","F&G ANNUITIES & LIFE INC","Financial Institutions","945880.0","945559.0","-321.0","0.17005","0.16998","-7e-05","25.05","-8041.05","SELL","1","FG",584017,0.0,25.0,0.2,0.0
"2026-05-14","US1746104025","174610402","CFG-E","CFG","CITIZENS FINANCIAL GROUP INC","Financial Institutions","1240945.0","1240525.0","-420.0","0.17026","0.17022","-4e-05","19.12","-8030.4","SELL","1","CFG-PE",28777,0.0,25.0,-23.52,0.0
"2026-05-14","US62913M2061","62913M206","NGL-B","NGL","NGL ENERGY PARTNERS LP","Industrial","928502.0","928187.0","-315.0","0.16952","0.16906","-0.00046","25.38","-7994.7","SELL","1","NGL-PB",17106,0.0,25.0,1.52,0.0
"2026-05-14","US29364D1000","29364D100","ETR","ETR","ENTERGY ARKANSAS LLC","Utility","1130758.0","1130374.0","-384.0","0.16812","0.16873","0.00061","20.8","-7987.2","SELL","1","ETR",3529127,0.0,25.0,-16.8,0.0
"2026-05-14","US78410V2007","78410V200","SCE-L","EIX","SCE TRUST VI","Financial Institutions","1309949.0","1309505.0","-444.0","0.16825","0.16822","-3e-05","17.9","-7947.6","SELL","1","SCE-PL",12169,0.0,25.0,-28.4,0.0
"2026-05-14","US14314C1053","14314C105","CG","CG","CARLYLE FINANCE LLC","Financial Institutions","1378777.0","1378309.0","-468.0","0.1671","0.16776","0.00066","16.96","-7937.28","SELL","1","CG",3398857,0.0,25.0,-32.16,0.0
"2026-05-14","US4461508230","446150823","HBAN-H","HBAN","HUNTINGTON BANCSHARES DRC INC","Financial Institutions","1378842.0","1378374.0","-468.0","0.1672","0.16727","7e-05","16.91","-7913.88","SELL","1","","","",25.0,-32.36,""
"2026-05-14","US03939A4040","03939A404","ACGL-G","ACGL","ARCH CAPITAL GROUP LTD.","Financial Institutions","1378832.0","1378364.0","-468.0","0.16621","0.16618","-3e-05","16.8","-7862.4","SELL","1","","","",25.0,-32.8,""
"2026-05-14","US00123Q5009","00123Q500","AGNC-C","AGNC","AGNC INVESTMENT CORP","Financial Institutions","891040.0","890737.0","-303.0","0.1646","0.16467","7e-05","25.76","-7805.28","SELL","1","","","",25.0,3.04,""
"2026-05-14","US8629452017","862945201","ASSE-A","ASSE","STRIVE INC","Industrial","227555.0","227477.0","-78.0","0.16223","0.16312","0.00089","99.92","-7793.76","SELL","1","","","",25.0,299.68,""
"2026-05-14","US80620A2087","80620A208","EIX-N","EIX","SCE TRUST VIII","Utility","959608.0","959281.0","-327.0","0.16328","0.16378","0.0005","23.79","-7779.33","SELL","1","","","",25.0,-4.84,""
"2026-05-14","US4461507737","446150773","HBAN-J","HBAN","HUNTINGTON BANCSHARES INC","Financial Institutions","896546.0","896246.0","-300.0","0.16385","0.1634","-0.00045","25.41","-7623.0","SELL","1","","","",25.0,1.64,""
"2026-05-14","US30190A6091","30190A609","FG","FG","F&G ANNUITIES & LIFE INC","Financial Institutions","1028156.0","1027808.0","-348.0","0.16166","0.16124","-0.00042","21.86","-7607.28","SELL","1","FG",584017,0.0,25.0,-12.56,0.0
"2026-05-14","US74965L2007","74965L200","RLJ-A","RLJ","RLJ LODGING .95 CUMULATIVE CONVERT","Financial Institutions","882830.0","882530.0","-300.0","0.15999","0.16005","6e-05","25.27","-7581.0","SELL","1","RLJ-PA",24813,0.0,25.0,1.08,0.0
"2026-05-14","US9029736686","902973668","USB-O","USB","US BANCORP","Financial Institutions","1241453.0","1241033.0","-420.0","0.15915","0.15884","-0.00031","17.84","-7492.8","SELL","1","","","",25.0,-28.64,""
"2026-05-14","US9027884058","902788405","UMBF","UMBF","UMB FINANCIAL CORPORATION","Financial Institutions","822538.0","822259.0","-279.0","0.15847","0.15835","-0.00012","26.84","-7488.36","SELL","1","UMBF",706563,0.0,25.0,7.36,0.0
"2026-05-14","US48253M1045","48253M104","KKR","KKR","KKR GROUP FINANCE CO IX LLC","Financial Institutions","1379129.0","1378679.0","-450.0","0.16585","0.16444","-0.00141","16.62","-7479.0","SELL","1","KKR",5140547,0.0,25.0,-33.52,0.0
"2026-05-14","US16934Q4064","16934Q406","CIM-B","CIM","CHIMERA INVESTMENT CORP","Financial Institutions","891036.0","890733.0","-303.0","0.15769","0.15725","-0.00044","24.6","-7453.8","SELL","1","CIM-PB",29979,0.0,25.0,-1.6,0.0
"2026-05-14","BMG7498P1279","-","RNR-G","RNR","RENAISSANCERE HOLDINGS LTD","Financial Institutions","1379703.0","1379235.0","-468.0","0.15374","0.15322","-0.00052","15.48","-7244.64","SELL","1","RNR-PG",27702,0.0,25.0,-38.08,0.0
"2026-05-14","US6658598569","665859856","NTRS-E","NTRS","NORTHERN TRUST CORPORATION","Financial Institutions","1096724.0","1096352.0","-372.0","0.15118","0.15122","4e-05","19.22","-7149.84","SELL","1","","","",25.0,-23.12,""
"2026-05-14","US0454876006","045487600","ASB","ASB","ASSOCIATED BANC-CORP","Financial Institutions","828066.0","827784.0","-282.0","0.14952","0.14946","-6e-05","25.16","-7095.12","SELL","1","ASB",2143843,0.0,25.0,0.64,0.0
"2026-05-14","US10922N7075","10922N707","BHF-C","BHF","BRIGHTHOUSE FINANCIAL INC","Financial Institutions","1587062.0","1586522.0","-540.0","0.1487","0.14932","0.00062","13.12","-7084.8","SELL","1","","","",25.0,-47.52,""
"2026-05-14","US05580M8192","05580M819","RILYI","RILY","B. RILEY FINANCIAL INC","Financial Institutions","1056278.0","1055918.0","-360.0","0.1447","0.1486","0.0039","19.61","-7059.6","SELL","1","","","",25.0,-21.56,""
"2026-05-14","US9029737346","902973734","USB-L","USB","US BANCORP","Financial Institutions","1379979.0","1379511.0","-468.0","0.14941","0.1486","-0.00081","15.01","-7024.68","SELL","1","","","",25.0,-39.96,""
"2026-05-14","US0256768591","025676859","ANGINC","ANGINC","AMERICAN NATIONAL GROUP INC","Financial Institutions","822538.0","822259.0","-279.0","0.14634","0.14605","-0.00029","24.75","-6905.25","SELL","1","","","",25.0,-1.0,""
"2026-05-14","US3196263053","319626305","FCNCA","FCNCA","FIRST CITIZENS BANCSHARES INC.","Financial Institutions","952229.0","951905.0","-324.0","0.14342","0.14277","-0.00065","20.9","-6771.6","SELL","1","FCNCA",69257,0.0,25.0,-16.4,0.0
"2026-05-14","US9290892093","929089209","VOYA-B","VOYA","VOYA FINANCIAL INC","Financial Institutions","822538.0","822259.0","-279.0","0.14232","0.14248","0.00016","24.15","-6737.85","SELL","1","VOYA-PB",19594,0.0,25.0,-3.4,0.0
"2026-05-14","US9030025095","903002509","UMH-D","UMH","UMH PROPERTIES INC","Financial Institutions","889847.0","889544.0","-303.0","0.14106","0.14083","-0.00023","22.06","-6684.18","SELL","1","UMH-PD",14030,0.0,25.0,-11.76,0.0
"2026-05-14","US0357108218","035710821","NLY-J","NLY","ANNALY CAPITAL MANAGEMENT INC","Financial Institutions","753970.0","753715.0","-255.0","0.14123","0.14115","-8e-05","26.09","-6652.95","SELL","1","NLY-PJ",40219,0.0,25.0,4.36,0.0
"2026-05-14","US9576384062","957638406","WAL-A","WAL","WESTERN ALLIANCE BANCORP","Financial Institutions","822538.0","822259.0","-279.0","0.14079","0.14068","-0.00011","23.84","-6651.36","SELL","1","WAL-PA",15597,0.0,25.0,-4.64,0.0
"2026-05-14","US64828T4094","64828T409","RITM-B","RITM","NEW RESIDENTIAL INVESTMENT CORP","Financial Institutions","771869.0","771608.0","-261.0","0.13993","0.1396","-0.00033","25.21","-6579.81","SELL","1","RITM-PB",33234,0.0,25.0,0.84,0.0
"2026-05-14","US91529Y6014","91529Y601","UNM","UNM","UNUM GROUP","Financial Institutions","822538.0","822259.0","-279.0","0.13789","0.13755","-0.00034","23.31","-6503.49","SELL","1","UNM",1337927,0.0,25.0,-6.76,0.0
"2026-05-14","US14040H7338","14040H733","COF-N","COF","CAPITAL ONE FINL DS REPSTG  TH PRF","Financial Institutions","1173761.0","1173362.0","-399.0","0.13686","0.13675","-0.00011","16.24","-6479.76","SELL","1","COF-PN",24718,0.0,25.0,-35.04,0.0
"2026-05-14","US2538688225","253868822","DLR-L","DLR","DIGITAL REALTY TRUST INC","Financial Institutions","945880.0","945559.0","-321.0","0.13725","0.13687","-0.00038","20.17","-6474.57","SELL","1","DLR-PL",18758,0.0,25.0,-19.32,0.0
"2026-05-14","US74460W4208","74460W420","PSA-R","PSA","PUBLIC STORAGE","Financial Institutions","1201398.0","1200990.0","-408.0","0.13544","0.13523","-0.00021","15.69","-6401.52","SELL","1","PSA-PR",22936,0.0,25.0,-37.24,0.0
"2026-05-14","US10922N3017","10922N301","BHF-A","BHF","BRIGHTHOUSE FINANCIAL INC","Financial Institutions","1173756.0","1173357.0","-399.0","0.13424","0.13464","0.0004","15.99","-6380.01","SELL","1","","","",25.0,-36.04,""
"2026-05-14","US10922N5095","10922N509","BHF-B","BHF","BRIGHTHOUSE FINANCIAL INC","Financial Institutions","1111731.0","1111353.0","-378.0","0.1321","0.13303","0.00093","16.68","-6305.04","SELL","1","","","",25.0,-33.28,""
"2026-05-14","US04686J2006","04686J200","ATH-B","ATH","ATHENE HLDG DRC LTD","Financial Institutions","945879.0","945558.0","-321.0","0.13311","0.1332","9e-05","19.63","-6301.23","SELL","1","ATH-PB",23709,0.0,25.0,-21.48,0.0
"2026-05-14","US25525P2065","25525P206","DHC","DHC","DIVERSIFIED HEALTHCARE .625% SENIO","Financial Institutions","959608.0","959281.0","-327.0","0.13028","0.13108","0.0008","19.04","-6226.08","SELL","1","DHC",1489510,0.0,25.0,-23.84,0.0
"2026-05-14","US7591EP8869","7591EP886","RF-E","RF","REGIONS FINL DRC CORP","Financial Institutions","1104944.0","1104569.0","-375.0","0.13145","0.13135","-0.0001","16.57","-6213.75","SELL","1","RF-PE",28558,0.0,25.0,-33.72,0.0
"2026-05-14","US03939A1079","03939A107","ACGL-F","ACGL","ARCH CAPITAL GROUP LTD.","Financial Institutions","904747.0","904441.0","-306.0","0.13089","0.13144","0.00055","20.25","-6196.5","SELL","1","","","",25.0,-19.0,""
"2026-05-14","US4440973075","444097307","HPP-C","HPP","HUDSON PACIFIC PROPERTIES INC","Financial Institutions","1165225.0","1164829.0","-396.0","0.13009","0.12882","-0.00127","15.41","-6102.36","SELL","1","HPP-PC",7790,0.1,25.0,-38.36,3.84
"2026-05-14","US55272X5086","55272X508","MFA-C","MFA","MFA FINANCIAL INC","Financial Institutions","753970.0","753715.0","-255.0","0.12894","0.12895","1e-05","23.84","-6079.2","SELL","1","MFA-PC",18088,0.0,25.0,-4.64,0.0
"2026-05-14","US74460W6443","74460W644","PSA-H","PSA","PUBLIC STORAGE","Financial Institutions","787463.0","787196.0","-267.0","0.12763","0.12803","0.0004","22.66","-6050.22","SELL","1","PSA-PH",15954,0.0,25.0,-9.36,0.0
"2026-05-14","US1258968528","125896852","CMS","CMS","CMS ENERGY CORPORATION","Utility","767716.0","767455.0","-261.0","0.12705","0.12745","0.0004","23.14","-6039.54","SELL","1","CMS",2850340,0.0,25.0,-7.44,0.0
"2026-05-14","US10922N2027","10922N202","BHF","BHF","BRIGHTHOUSE FINANCIAL INC","Financial Institutions","1036321.0","1035970.0","-351.0","0.12537","0.12527","-0.0001","16.85","-5914.35","SELL","1","BHF",526273,0.0,25.0,-32.6,0.0
"2026-05-14","US55261F8721","55261F872","MTB-H","MTB","M AND T BANK PERPETUAL FIXED TO FL","Financial Institutions","685423.0","685189.0","-234.0","0.12396","0.12382","-0.00014","25.18","-5892.12","SELL","1","MTB-PH",17885,0.0,25.0,0.72,0.0
"2026-05-14","US88224Q3056","88224Q305","TCBI-B","TCBI","TEXAS CAP BANCSHARES DRC INC","Financial Institutions","822538.0","822259.0","-279.0","0.12472","0.12439","-0.00033","21.08","-5881.32","SELL","1","","","",25.0,-15.68,""
"2026-05-14","US0082528508","008252850","AMG","AMG","AFFILIATED MANAGERS GROUP INC.","Financial Institutions","829294.0","829012.0","-282.0","0.12325","0.12375","0.0005","20.8","-5865.6","SELL","1","AMG",345917,0.0,25.0,-16.8,0.0
"2026-05-14","US90187B3096","90187B309","TWO-B","TWO","TWO HARBORS INVESTMENT CORP","Financial Institutions","696323.0","696086.0","-237.0","0.12268","0.12334","0.00066","24.69","-5851.53","SELL","1","TWO-PB",22089,0.0,25.0,-1.24,0.0
"2026-05-14","BMG053842040","-","AHL","AHL","ASPEN INSURANCE HOLDINGS LTD","Financial Institutions","825356.0","825077.0","-279.0","0.12373","0.12357","-0.00016","20.87","-5822.73","SELL","1","","","",25.0,-16.52,""
"2026-05-14","US11271L1026","11271L102","BNCN","BNCN","BROOKFIELD FINANCE INC","Financial Institutions","1096724.0","1096352.0","-372.0","0.12339","0.12313","-0.00026","15.65","-5821.8","SELL","1","","","",25.0,-37.4,""
"2026-05-14","US8805913006","880591300","TVA-D","TVA","TENN VALLEY AUTHORITY","Agency","703187.0","702947.0","-240.0","0.12208","0.12188","-0.0002","24.16","-5798.4","SELL","1","","","",25.0,-3.36,""
"2026-05-14","US16934Q5053","16934Q505","CIM-C","CIM","CHIMERA INVESTMENT CORP","Financial Institutions","712877.0","712634.0","-243.0","0.12066","0.1208","0.00014","23.62","-5739.66","SELL","1","CIM-PC",28788,0.0,25.0,-5.52,0.0
"2026-05-14","US64828T8889","64828T888","RITM-F","RITM","RITHM CAPITAL CORP","Financial Institutions","685423.0","685189.0","-234.0","0.12037","0.11988","-0.00049","24.38","-5704.92","SELL","1","RITM-PF",45443,0.0,25.0,-2.48,0.0
"2026-05-14","US74460W6286","74460W628","PSA-I","PSA","PUBLIC STORAGE REPSTG  TH BEN INT","Financial Institutions","867084.0","866790.0","-294.0","0.12077","0.12049","-0.00028","19.37","-5694.78","SELL","1","PSA-PI",12048,0.0,25.0,-22.52,0.0
"2026-05-14","US74460W6690","74460W669","PSA-G","PSA","PUBLIC STORAGE","Financial Institutions","822538.0","822259.0","-279.0","0.12018","0.12026","8e-05","20.38","-5686.02","SELL","1","PSA-PG",21540,0.0,25.0,-18.48,0.0
"2026-05-14","US3733344408","373334440","SO","SO","GEORGIA POWER COMPANY","Utility","740262.0","740010.0","-252.0","0.11928","0.11938","0.0001","22.48","-5664.96","SELL","1","SO",4749593,0.0,25.0,-10.08,0.0
"2026-05-14","US6374321056","637432105","NRUC-US","NRUC","NATIONAL RURAL UTILITIES COOPERATI","Utility","685422.0","685188.0","-234.0","0.11934","0.119","-0.00034","24.2","-5662.8","SELL","1","","","",25.0,-3.2,""
"2026-05-14","US90187B5075","90187B507","TWO-C","TWO","TWO HARBORS INVESTMENT CORP","Financial Institutions","662207.0","661982.0","-225.0","0.11781","0.11767","-0.00014","24.77","-5573.25","SELL","1","TWO-PC",57854,0.0,25.0,-0.92,0.0
"2026-05-14","US48251K2096","48251K209","KREF-A","KREF","KKR REAL ESTATE FINANCE TRUST INC","Financial Institutions","898577.0","898271.0","-306.0","0.11819","0.11681","-0.00138","18.12","-5544.72","SELL","1","KREF-PA",21707,0.0,25.0,-27.52,0.0
"2026-05-14","US9508108878","950810887","WSBC-B","WSBC","WESBANCO INC","Financial Institutions","630579.0","630366.0","-213.0","0.11626","0.11712","0.00086","25.89","-5514.57","SELL","1","","","",25.0,3.56,""
"2026-05-14","US0844238057","084423805","WRB","WRB","WR BERKLEY CORPORATION","Financial Institutions","829566.0","829284.0","-282.0","0.11533","0.1151","-0.00023","19.34","-5453.88","SELL","1","WRB",2041353,0.0,25.0,-22.64,0.0
"2026-05-14","US00123Q6098","00123Q609","AGNC-D","AGNC","AGNC INVESTMENT CORP","Financial Institutions","644308.0","644089.0","-219.0","0.11509","0.115","-9e-05","24.88","-5448.72","SELL","1","","","",25.0,-0.48,""
"2026-05-14","US74460W6856","74460W685","PSA-F","PSA","PUBLIC STORAGE DS REPRESENTING  TH","Financial Institutions","767716.0","767455.0","-261.0","0.11366","0.11313","-0.00053","20.54","-5360.94","SELL","1","PSA-PF",17216,0.0,25.0,-17.84,0.0
"2026-05-14","US0200028126","020002812","ALL-I","ALL","ALLSTATE CORPORATION (THE)","Financial Institutions","822538.0","822259.0","-279.0","0.11256","0.11273","0.00017","19.1","-5328.9","SELL","1","ALL-PI",23505,0.0,25.0,-23.6,0.0
"2026-05-14","US72348N5059","72348N505","PNFP-C","PNFP","PINNACLE FINANCIAL PARTNERS DEPOSI","Financial Institutions","622462.0","622252.0","-210.0","0.1124","0.11275","0.00035","25.25","-5302.5","SELL","1","PNFP-PC",29318,0.0,25.0,1.0,0.0
"2026-05-14","US58844R8503","58844R850","MBIN","MBIN","MERCHANTS BANCORP","Financial Institutions","630579.0","630366.0","-213.0","0.11228","0.11228","0.0","24.82","-5286.66","SELL","1","MBIN",174613,0.0,25.0,-0.72,0.0
"2026-05-14","BMG053841703","-","AHL","AHL","ASPEN INSURANCE HOLDINGS LTD","Financial Institutions","616921.0","616711.0","-210.0","0.11033","0.11104","0.00071","25.09","-5268.9","SELL","1","","","",25.0,0.36,""
"2026-05-14","US9290428286","929042828","VNO-M","VNO","VORNADO REALTY TRUST","Financial Institutions","875966.0","875669.0","-297.0","0.11125","0.11085","-0.0004","17.64","-5239.08","SELL","1","VNO-PM",22137,0.0,25.0,-29.44,0.0
"2026-05-14","US3193836000","319383600","BUSE-B","BUSE","FIRST BUSEY CORPORATION","Financial Institutions","589486.0","589285.0","-201.0","0.11004","0.10987","-0.00017","25.98","-5221.98","SELL","1","","","",25.0,3.92,""
"2026-05-14","US63938C4050","63938C405","NAVI","NAVI","NAVIENT  PRCNT SENIOR NOTES EXP  D","Financial Institutions","822538.0","822259.0","-279.0","0.11091","0.10993","-0.00098","18.63","-5197.77","SELL","1","NAVI",985017,0.0,25.0,-25.48,0.0
"2026-05-14","US2836782092","283678209","KMI","KMI","EL PASO ENERGY CAPITAL TRUST I","Industrial","302294.0","302192.0","-102.0","0.11028","0.11047","0.00019","50.94","-5195.88","SELL","1","KMI",12193420,0.0,25.0,103.76,0.0
"2026-05-14","US29364W1080","29364W108","ETR","ETR","ENTERGY LOUISIANA LLC","Utility","740262.0","740010.0","-252.0","0.10975","0.10945","-0.0003","20.61","-5193.72","SELL","1","ETR",3529127,0.0,25.0,-17.56,0.0
"2026-05-14","US29364N1081","29364N108","ETR","ETR","ENTERGY MISSISSIPPI INC","Utility","712876.0","712633.0","-243.0","0.10776","0.1075","-0.00026","21.02","-5107.86","SELL","1","ETR",3529127,0.0,25.0,-15.92,0.0
"2026-05-14","US75968N3098","75968N309","RNR-F","RNR","RENAISSANCERE HOLDINGS LTD","Financial Institutions","685422.0","685188.0","-234.0","0.10595","0.10606","0.00011","21.57","-5047.38","SELL","1","RNR-PF",13210,0.0,25.0,-13.72,0.0
"2026-05-14","US0605055831","060505583","BAC-1","BAC","BANK OF AMERICA CORPORATION PFD 1","Financial Institutions","738637.0","738385.0","-252.0","0.10463","0.10465","2e-05","19.75","-4977.0","SELL","1","","","",25.0,-21.0,""
"2026-05-14","US1170436042","117043604","BC","BC","BRUNSWICK CORPORATION","Industrial","589488.0","589287.0","-201.0","0.10433","0.10424","-9e-05","24.65","-4954.65","SELL","1","BC",771700,0.0,25.0,-1.4,0.0
"2026-05-14","US9290428443","929042844","VNO-L","VNO","VORNADO REALTY TRUST 5.4% CUM RED","Financial Institutions","822539.0","822260.0","-279.0","0.10465","0.10427","-0.00038","17.67","-4929.93","SELL","1","VNO-PL",23526,0.0,25.0,-29.32,0.0
"2026-05-14","US49446R7118","49446R711","KIM-M","KIM","KIMCO RLTY DS REPRESENTING   CLASS","Financial Institutions","717316.0","717073.0","-243.0","0.1045","0.1041","-0.0004","20.23","-4915.89","SELL","1","KIM-PM",15516,0.0,25.0,-19.08,0.0
"2026-05-14","US9290428104","929042810","VNO-N","VNO","VORNADO REALTY TRUST","Financial Institutions","822539.0","822260.0","-279.0","0.10482","0.10391","-0.00091","17.61","-4913.19","SELL","1","VNO-PN",23369,0.0,25.0,-29.56,0.0
"2026-05-14","US8606308703","860630870","SF-C","SF","STIFEL FINANCIAL CORP","Financial Institutions","616921.0","616711.0","-210.0","0.10298","0.1029","-8e-05","23.25","-4882.5","SELL","1","SF-PC",15945,0.0,25.0,-7.0,0.0
"2026-05-14","US25406P2002","25406P200","DDS","DDS","DILLARDS CAP TR I CAP SECS 7.5%","Industrial","548353.0","548167.0","-186.0","0.10264","0.10315","0.00051","26.22","-4876.92","SELL","1","DDS",89837,0.0,25.0,4.88,0.0
"2026-05-14","US6378702053","637870205","NSA-A","NSA","NATIONAL STORAGE AFFILIATES REDEEM","Financial Institutions","619410.0","619200.0","-210.0","0.10242","0.10247","5e-05","23.06","-4842.6","SELL","1","NSA-PA",14792,0.0,25.0,-7.76,0.0
"2026-05-14","US25401T4058","25401T405","DBRG-I","DBRG","DIGITALBRIDGE GROUP .15 CUMULATIVE","Financial Institutions","885809.0","885509.0","-300.0","0.10357","0.10231","-0.00126","16.1","-4830.0","SELL","1","DBRG-PI",30304,0.0,25.0,-35.6,0.0
"2026-05-14","US37959E3009","37959E300","GL","GL","GLOBE LIFE INC","Financial Institutions","891039.0","890736.0","-303.0","0.10165","0.10145","-0.0002","15.87","-4808.61","SELL","1","GL",525037,0.0,25.0,-36.52,0.0
"2026-05-14","US35243J2006","35243J200","FBRT-E","FBRT","FRANKLIN BSP REALTY TRUST   CUMULA","Financial Institutions","707963.0","707723.0","-240.0","0.10125","0.10145","0.0002","19.98","-4795.2","SELL","1","FBRT-PE",21021,0.0,25.0,-20.08,0.0
"2026-05-14","US25401T3068","25401T306","DBRG-J","DBRG","DIGITALBRIDGE GROUP INC","Financial Institutions","800210.0","799910.0","-300.0","0.09298","0.09167","-0.00131","15.97","-4791.0","SELL","1","DBRG-PJ",37490,0.0,25.0,-36.12,0.0
"2026-05-14","US72348N2080","72348N208","PNFP-A","PNFP","PINNACLE FINANCIAL PARTNERS NON CU","Financial Institutions","548342.0","548156.0","-186.0","0.10122","0.10102","-0.0002","25.68","-4776.48","SELL","1","PNFP-PA",21373,0.0,25.0,2.72,0.0
"2026-05-14","US8606308620","860630862","SF-D","SF","STIFEL FINANCIAL CORP","Financial Institutions","822538.0","822259.0","-279.0","0.10036","0.10014","-0.00022","16.97","-4734.63","SELL","1","SF-PD",22317,0.0,25.0,-32.12,0.0
"2026-05-14","US25525P3055","25525P305","DHC","DHC","DIVERSIFIED HEALTHCARE .25% SENIOR","Financial Institutions","685423.0","685189.0","-234.0","0.09616","0.09746","0.0013","19.82","-4637.88","SELL","1","DHC",1489510,0.0,25.0,-20.72,0.0
"2026-05-14","US78440X5077","78440X507","SLG-I","SLG","SL GREEN REALTY CORP","Financial Institutions","630580.0","630367.0","-213.0","0.0991","0.09794","-0.00116","21.65","-4611.45","SELL","1","SLG-PI",23773,0.0,25.0,-13.4,0.0
"2026-05-14","US84857L7055","84857L705","SR","SR","SPIRE INC","Utility","548353.0","548167.0","-186.0","0.09756","0.09744","-0.00012","24.77","-4607.22","SELL","1","SR",386870,0.0,25.0,-0.92,0.0
"2026-05-14","US04621X3061","04621X306","AIZ","AIZ","ASSURANT INC","Financial Institutions","685422.0","685188.0","-234.0","0.09701","0.09677","-0.00024","19.68","-4605.12","SELL","1","AIZ",398350,0.0,25.0,-21.28,0.0
"2026-05-14","US8805914095","880591409","TVA-A","TVA","TENN VALLEY AUTH","Agency","571250.0","571055.0","-195.0","0.09692","0.09676","-0.00016","23.61","-4603.95","SELL","1","","","",25.0,-5.56,""
"2026-05-14","US05554M1009","05554M100","BIP","BIP","BIP BERMUDA HOLDINGS I LTD","Financial Institutions","822538.0","822259.0","-279.0","0.09691","0.09695","4e-05","16.43","-4583.97","SELL","1","BIP",954173,0.0,25.0,-34.28,0.0
"2026-05-14","US16934Q6044","16934Q604","CIM-D","CIM","CHIMERA INVESTMENT CORP","Financial Institutions","548353.0","548167.0","-186.0","0.09685","0.09662","-0.00023","24.56","-4568.16","SELL","1","CIM-PD",18364,0.0,25.0,-1.76,0.0
"2026-05-14","US6740014096","674001409","OAK-B","OAK","OAKTREE CAPITAL GROUP LLC","Financial Institutions","644308.0","644089.0","-219.0","0.09497","0.09613","0.00116","20.8","-4555.2","SELL","1","OAK-PB",9498,0.0,25.0,-16.8,0.0
"2026-05-14","US11259P1093","11259P109","BRBRPH","BEPUCN","BROOKFIELD BRP HOLDINGS (CANADA) I","Utility","968444.0","968144.0","-300.0","0.10499","0.1047","-0.00029","15.07","-4521.0","SELL","1","","","",25.0,-39.72,""
"2026-05-14","US6378703044","637870304","NSA-B","NSA PR B","NATIONAL STORAGE AFFILIATES    CUM","Financial Institutions","389344.0","389194.0","-150.0","0.0866","0.08339","-0.00321","29.86","-4479.0","SELL","1","NSA-PB",27747,0.0,25.0,19.44,0.0
"2026-05-14","US2333318184","233331818","DTE","DTE","DTE ENERGY CO","Utility","767716.0","767455.0","-261.0","0.09453","0.0944","-0.00013","17.14","-4473.54","SELL","1","DTE",1389007,0.0,25.0,-31.44,0.0
"2026-05-14","US6496048736","649604873","ADAM-E","ADAM","NEW YORK MORTGAGE TRUST INC","Financial Institutions","511094.0","510920.0","-174.0","0.09368","0.09356","-0.00012","25.52","-4440.48","SELL","1","","","",25.0,2.08,""
"2026-05-14","US0844238701","084423870","WRB","WRB","WR BERKLEY CORPORATION","Financial Institutions","822538.0","822259.0","-279.0","0.09366","0.09376","0.0001","15.89","-4433.31","SELL","1","WRB",2041353,0.0,25.0,-36.44,0.0
"2026-05-14","US74460W5940","74460W594","PSA-J","PSA","PUBLIC STORAGE DEP SHS REPSTG  TH","Financial Institutions","709424.0","709184.0","-240.0","0.09453","0.09395","-0.00058","18.46","-4430.4","SELL","1","PSA-PJ",9946,0.0,25.0,-26.16,0.0
"2026-05-14","US3167738604","316773860","FITB-K","FITB","FIFTH THIRD BANCORP","Financial Institutions","685422.0","685188.0","-234.0","0.09306","0.09303","-3e-05","18.92","-4427.28","SELL","1","","","",25.0,-24.32,""
"2026-05-14","US2538688308","253868830","DLR-K","DLR","DIGITAL REALTY TRUST INC","Financial Institutions","575740.0","575545.0","-195.0","0.09354","0.09326","-0.00028","22.58","-4403.1","SELL","1","DLR-PK",21379,0.0,25.0,-9.68,0.0
"2026-05-14","US3167738869","316773886","FITB-A","FITB","FIFTH THIRD BANCORP  DEPOSITORY SH","Financial Institutions","548353.0","548167.0","-186.0","0.09311","0.09306","-5e-05","23.66","-4400.76","SELL","1","","","",25.0,-5.36,""
"2026-05-14","US3793785086","379378508","GNL-D","GNL","GLOBAL NET LEASE   CUMULATIVE REDE","Financial Institutions","543797.0","543611.0","-186.0","0.09265","0.09218","-0.00047","23.63","-4395.18","SELL","1","GNL-PD",13801,0.0,25.0,-5.48,0.0
"2026-05-14","US05580M7939","05580M793","RILYZ","RILY","B. RILEY FINANCIAL INC","Financial Institutions","530907.0","530727.0","-180.0","0.09278","0.09289","0.00011","24.39","-4390.2","SELL","1","RILYZ",47510,0.0,25.0,-2.44,0.0
"2026-05-14","US0082528433","008252843","AMG","AMG","AFFILIATED MANAGERS GROUP INC.","Financial Institutions","753970.0","753715.0","-255.0","0.09186","0.09211","0.00025","17.03","-4342.65","SELL","1","AMG",345917,0.0,25.0,-31.88,0.0
"2026-05-14","US64828T8053","64828T805","RITM-E","RITM","RITHM CAPITAL CORP","Financial Institutions","520918.0","520741.0","-177.0","0.09122","0.09115","-7e-05","24.39","-4317.03","SELL","1","RITM-PE",36953,0.0,25.0,-2.44,0.0
"2026-05-14","US70931T5092","70931T509","PMT-C","PMT","PENNYMAC MORTGAGE INVESTMENT TRUST","Financial Institutions","685423.0","685189.0","-234.0","0.0902","0.09028","8e-05","18.36","-4296.24","SELL","1","PMT-PC",31173,0.0,25.0,-26.56,0.0
"2026-05-14","US05580M8358","05580M835","RILYM","RILY","B. RILEY FINANCIAL INC","Financial Institutions","602148.0","601944.0","-204.0","0.09066","0.09072","6e-05","21.0","-4284.0","SELL","1","","","",25.0,-16.0,""
"2026-05-14","US70931T4004","70931T400","PMT-B","PMT","PENNYMAC MORTGAGE INVESTMENT TRUST","Financial Institutions","534646.0","534463.0","-183.0","0.08817","0.08916","0.00099","23.25","-4254.75","SELL","1","PMT-PB",14158,0.0,25.0,-7.0,0.0
"2026-05-14","US9290427940","929042794","VNO-O","VNO","VORNADO REALTY TRUST","Financial Institutions","822539.0","822260.0","-279.0","0.09035","0.08993","-0.00042","15.24","-4251.96","SELL","1","VNO-PO",16821,0.0,25.0,-39.04,0.0
"2026-05-14","BMG053841620","-","AHL","AHL","ASPEN INSURANCE HOLDINGS LTD","Financial Institutions","595095.0","594894.0","-201.0","0.09058","0.09021","-0.00037","21.13","-4247.13","SELL","1","","","",25.0,-15.48,""
"2026-05-14","US8606306079","860630607","SF","SF","STIFEL FINANCIAL CORP","Financial Institutions","616922.0","616712.0","-210.0","0.08965","0.08925","-0.0004","20.16","-4233.6","SELL","1","SF",1393050,0.0,25.0,-19.36,0.0
"2026-05-14","US70509V8037","70509V803","PEB-G","PEB","PEBBLEBROOK HOTEL TRUST","Financial Institutions","622756.0","622546.0","-210.0","0.08844","0.08891","0.00047","19.9","-4179.0","SELL","1","PEB-PG",23290,0.0,25.0,-20.4,0.0
"2026-05-14","US05580M8010","05580M801","RILYK","RILY","B. RILEY FINANCIAL INC","Financial Institutions","494943.0","494775.0","-168.0","0.08862","0.08824","-0.00038","24.85","-4174.8","SELL","1","","","",25.0,-0.6,""
"2026-05-14","US1258968601","125896860","CMS","CMS","CMS ENERGY CORPORATION","Utility","548366.0","548180.0","-186.0","0.08711","0.08745","0.00034","22.23","-4134.78","SELL","1","CMS",2940637,0.0,25.0,-11.08,0.0
"2026-05-14","US70931T7072","70931T707","PMT","PMT","PENNYMAC MORTGAGE INVESTMENT TRUST","Financial Institutions","472942.0","472780.0","-162.0","0.08584","0.0856","-0.00024","25.23","-4087.26","SELL","1","PMT",1178383,0.0,25.0,0.92,0.0
"2026-05-14","US49446R7373","49446R737","KIM-L","KIM","KIMCO REALTY CORPORATION","Financial Institutions","610192.0","609985.0","-207.0","0.08644","0.08611","-0.00033","19.67","-4071.69","SELL","1","KIM-PL",15618,0.0,25.0,-21.32,0.0
"2026-05-14","US04911A2069","04911A206","AUB-A","AUB","ATLANTIC UNION BANKSHARES CORP","Financial Institutions","472942.0","472780.0","-162.0","0.08499","0.08506","7e-05","25.07","-4061.34","SELL","1","AUB-PA",6778,0.0,25.0,0.28,0.0
"2026-05-14","BMG9078F1499","-","TRTN-C","TRTN","TRITON INTERNATIONAL LTD","Industrial","479802.0","479640.0","-162.0","0.08574","0.08622","0.00048","25.05","-4058.1","SELL","1","TRTN-PC",8604,0.0,25.0,0.2,0.0
"2026-05-14","US17259U3032","17259U303","CIONI","CIONI","CION INVESTMENT CORP","Financial Institutions","474721.0","474559.0","-162.0","0.08514","0.08511","-3e-05","24.99","-4048.38","SELL","1","","","",25.0,-0.04,""
"2026-05-14","US74460W5114","74460W511","PSA-N","PSA","PUBLIC STORAGE DEP SHS REPSTG   PF","Financial Institutions","774580.0","774316.0","-264.0","0.08464","0.08463","-1e-05","15.23","-4020.72","SELL","1","PSA-PN",22933,0.0,25.0,-39.08,0.0
"2026-05-14","US74460W5783","74460W578","PSA-K","PSA","PUBLIC STORAGE","Financial Institutions","630579.0","630366.0","-213.0","0.08543","0.08534","-9e-05","18.86","-4017.18","SELL","1","PSA-PK",16950,0.0,25.0,-24.56,0.0
"2026-05-14","US20451Q4010","20451Q401","CODI-C","CODI","COMPASS DIVERSIFIED HOLDINGS","Financial Institutions","541960.0","541777.0","-183.0","0.08502","0.08524","0.00022","21.93","-4013.19","SELL","1","CODI-PC",36234,0.0,25.0,-12.28,0.0
"2026-05-14","US05614L4077","05614L407","BW-A","BW","BABCOCK & WILCOX ENTERPRISES INC","Industrial","525675.0","525498.0","-177.0","0.08635","0.08531","-0.00104","22.62","-4003.74","SELL","1","BW-PA",23904,0.0,25.0,-9.52,0.0
"2026-05-14","US31959X2027","31959X202","FCNCA","FCNCA","FIRST CITIZENS BANCSHARES   NON CU","Financial Institutions","548353.0","548167.0","-186.0","0.0839","0.08418","0.00028","21.4","-3980.4","SELL","1","FCNCA",69257,0.0,25.0,-14.4,0.0
"2026-05-14","MHY8564M2048","-","TGP-B","TGP","TEEKAY LNG PARTNERS LP","Industrial","452147.0","451994.0","-153.0","0.08307","0.08296","-0.00011","25.57","-3912.21","SELL","1","","","",25.0,2.28,""
"2026-05-14","US55272X4097","55272X409","MFA-B","MFA","MFA FINANCIAL INC","Financial Institutions","548353.0","548167.0","-186.0","0.08167","0.08247","0.0008","20.97","-3900.42","SELL","1","MFA-PB",10799,0.0,25.0,-16.12,0.0
"2026-05-14","BMG9078F3057","-","TRTGV","TRTN","TRITON INTL CUM RED PERP PREF SER","Industrial","479796.0","479634.0","-162.0","0.08223","0.08282","0.00059","24.06","-3897.72","SELL","1","","","",25.0,-3.76,""
"2026-05-14","US20451Q3020","20451Q302","CODI-B","CODI","COMPASS DIVERSIFIED HOLDINGS FIXED","Financial Institutions","515681.0","515507.0","-174.0","0.08256","0.08283","0.00027","22.39","-3895.86","SELL","1","CODI-PB",19090,0.0,25.0,-10.44,0.0
"2026-05-14","US11276B1098","11276B109","BIP","BIP","BROOKFIELD INFRASTRUCTURE FINANCE","Utility","685422.0","685188.0","-234.0","0.08159","0.08143","-0.00016","16.56","-3875.04","SELL","1","BIP",954173,0.0,25.0,-33.76,0.0
"2026-05-14","US0844238883","084423888","WRB","WRB","WR BERKLEY CORPORATION","Financial Institutions","685422.0","685188.0","-234.0","0.08139","0.08131","-8e-05","16.54","-3870.36","SELL","1","WRB",2041353,0.0,25.0,-33.84,0.0
"2026-05-14","US58844R7026","58844R702","MBIN-C","MBIN","MERCHANTS BANCORP","Financial Institutions","537874.0","537691.0","-183.0","0.08071","0.08119","0.00048","21.04","-3850.32","SELL","1","","","",25.0,-15.84,""
"2026-05-14","US46131B5066","46131B506","IVR-C","IVR","INVESCO MORTGAGE CAPITAL INC","Financial Institutions","466934.0","466775.0","-159.0","0.08113","0.08096","-0.00017","24.17","-3843.03","SELL","1","IVR-PC",20235,0.0,25.0,-3.32,0.0
"2026-05-14","US04914Y4098","04914Y409","ATLC","ATLC","ATLANTICUS HOLDINGS CORP","Financial Institutions","458360.0","458210.0","-150.0","0.08395","0.08402","7e-05","25.55","-3832.5","SELL","1","ATLC",69767,0.0,25.0,2.2,0.0
"2026-05-14","US38741L3050","38741L305","GPMT-A","GPMT","GRANITE POINT MORTGAGE TRUST INC","Financial Institutions","564118.0","563926.0","-192.0","0.08092","0.08053","-0.00039","19.9","-3820.8","SELL","1","GPMT-PA",7460,0.0,25.0,-20.4,0.0
"2026-05-14","US10922N8891","10922N889","BHF-D","BHF","BRIGHTHOUSE FINANCIAL INC","Financial Institutions","959608.0","959281.0","-327.0","0.07951","0.07999","0.00048","11.62","-3799.74","SELL","1","","","",25.0,-53.52,""
"2026-05-14","US2538688555","253868855","DLR-J","DLR","DIGITAL REALTY TRUST INC","Financial Institutions","548353.0","548167.0","-186.0","0.08055","0.08025","-0.0003","20.4","-3794.4","SELL","1","DLR-PJ",17988,0.0,25.0,-18.4,0.0
"2026-05-14","US11259P2083","11259P208","BRBRPH","BEPUCN","BROOKFIELD BRP HOLDINGS (CANADA) I","Utility","712876.0","712633.0","-243.0","0.07995","0.07978","-0.00017","15.6","-3790.8","SELL","1","","","",25.0,-37.6,""
"2026-05-14","US78407R2040","78407R204","SCE-J","EIX","SCE TRUST II CUM TRUST SECS P","Utility","603193.0","602989.0","-204.0","0.08046","0.08005","-0.00041","18.5","-3774.0","SELL","1","","","",25.0,-26.0,""
"2026-05-14","US16934Q8693","16934Q869","CIM","CIM","CHIMERA INVESTMENT CORP","Financial Institutions","340614.0","340464.0","-150.0","0.06143","0.06133","-0.0001","25.1","-3765.0","SELL","1","CIM",710060,0.0,25.0,0.4,0.0
"2026-05-14","BMG162491648","-","BPY-A","BPY","BROOKFIELD PROPERTY PARTNERS LP","Industrial","788221.0","787954.0","-267.0","0.07906","0.079","-6e-05","13.97","-3729.99","SELL","1","","","",25.0,-44.12,""
"2026-05-14","US0605058157","060505815","BAC-E","BAC","BANK OF AMERICA CORP PREF STOCK","Financial Institutions","562549.0","562357.0","-192.0","0.07844","0.07825","-0.00019","19.39","-3722.88","SELL","1","BAC-PE",22284,0.0,25.0,-22.44,0.0
"2026-05-14","US0844237067","084423706","WRB","WRB","WR BERKLEY CORPORATION","Financial Institutions","507238.0","507067.0","-171.0","0.07924","0.07896","-0.00028","21.7","-3710.7","SELL","1","WRB",2041353,0.0,25.0,-13.2,0.0
"2026-05-14","BMG9078F1648","-","TRTN-D","TRTN","TRITON INTERNATIONAL LTD","Industrial","411275.0","411125.0","-150.0","0.0722","0.07276","0.00056","24.66","-3699.0","SELL","1","TRTN-PD",4883,0.0,25.0,-1.36,0.0
"2026-05-14","US5303075031","530307503","LBRDA","LBRDA","LIBERTY BROADBAND CUM REDEEMABLE P","Industrial","492387.0","492219.0","-168.0","0.07657","0.07761","0.00104","21.97","-3690.96","SELL","1","LBRDA",196407,0.0,25.0,-12.12,0.0
"2026-05-14","US38144X6094","38144X609","GS-C","GS","GOLDMAN SACHS GROUP INC","Financial Institutions","548353.0","548167.0","-186.0","0.07795","0.07785","-0.0001","19.79","-3680.94","SELL","1","GS-PC",27997,0.0,25.0,-20.84,0.0
"2026-05-14","US4461507810","446150781","HBAN-C","HBAN","HUNTINGTON BANCSHARES INC","Financial Institutions","479731.0","479569.0","-162.0","0.07763","0.078","0.00037","22.66","-3670.92","SELL","1","","","",25.0,-9.36,""
"2026-05-14","US1258968379","125896837","CMS-C","CMS","CMS ENERGY CORPORATION","Utility","630579.0","630366.0","-213.0","0.07751","0.07781","0.0003","17.2","-3663.6","SELL","1","CMS-PC",25766,0.0,25.0,-31.2,0.0
"2026-05-14","US9197944047","919794404","VLY-C","VLY","VALLEY NATIONAL BANCORP","Financial Institutions","411255.0","411114.0","-141.0","0.07671","0.07656","-0.00015","25.95","-3658.95","SELL","1","","","",25.0,3.8,""
"2026-05-14","US11276B2088","11276B208","BIP","BIP","BROOKFIELD INFRASTRUCTURE FINANCE","Utility","433172.0","433025.0","-147.0","0.07794","0.07722","-0.00072","24.85","-3652.95","SELL","1","BIP",963773,0.0,25.0,-0.6,0.0
"2026-05-14","US3793783008","379378300","GNL-A","GNL","GLOBAL NET LEASE PREF SERIES A INC","Financial Institutions","466078.0","465919.0","-159.0","0.07663","0.07664","1e-05","22.92","-3644.28","SELL","1","GNL-PA",7566,0.0,25.0,-8.32,0.0
"2026-05-14","US0605056250","060505625","BAC-02","BAC","BANK OF AMERICA CORP","Financial Institutions","543429.0","543243.0","-186.0","0.07616","0.07614","-2e-05","19.53","-3632.58","SELL","1","","","",25.0,-21.88,""
"2026-05-14","US4101204067","410120406","HWC","HWC","HANCOCK WHITNEY CORP","Financial Institutions","472941.0","472779.0","-162.0","0.07558","0.07573","0.00015","22.32","-3615.84","SELL","1","HWC",812053,0.0,25.0,-10.72,0.0
"2026-05-14","US74460W3960","74460W396","PSA-S","PSA","PUBLIC STORAGE DEPOSITARY SHS EACH","Financial Institutions","685569.0","685344.0","-225.0","0.07905","0.07904","-1e-05","16.07","-3615.75","SELL","1","PSA-PS",15929,0.0,25.0,-35.72,0.0
"2026-05-14","US2333318267","233331826","DTE-G","DTE","DTE ENERGY COMPANY","Utility","630525.0","630312.0","-213.0","0.07673","0.07663","-0.0001","16.94","-3608.22","SELL","1","","","",25.0,-32.24,""
"2026-05-14","US87266M2061","87266M206","TRTX-C","TRTX","TPG RE FIN TR PREF SERIES C INC TR","Financial Institutions","551784.0","551598.0","-186.0","0.0767","0.07644","-0.00026","19.31","-3591.66","SELL","1","TRTX-PC",11209,0.0,25.0,-22.76,0.0
"2026-05-14","US8606307069","860630706","SF-B","SF","STIFEL FINANCIAL CORP","Financial Institutions","438691.0","438541.0","-150.0","0.07499","0.07522","0.00023","23.9","-3585.0","SELL","1","SF-PB",9448,0.0,25.0,-4.4,0.0
"2026-05-14","US0423156068","042315606","ARR-C","ARR","ARMOUR RESIDENTIAL REIT INC","Financial Institutions","506049.0","505878.0","-171.0","0.0763","0.07609","-0.00021","20.96","-3584.16","SELL","1","ARR-PC",18085,0.0,25.0,-16.16,0.0
"2026-05-14","BMG162491564","-","BPY-A2","BPY","BROOKFIELD PROPERTY PARTNERS LP","Industrial","685423.0","685189.0","-234.0","0.07495","0.07509","0.00014","15.27","-3573.18","SELL","1","","","",25.0,-38.92,""
"2026-05-14","US11259P3073","11259P307","BRBRPH","BEPUCN","BROOKFIELD BRP HOLDINGS (CANADA) I","Utility","411255.0","411114.0","-141.0","0.0737","0.07405","0.00035","25.1","-3539.1","SELL","1","","","",25.0,0.4,""
"2026-05-14","US00123Q8565","00123Q856","AGNCL","AGNC","AGNC INVESTMENT CORP","Financial Institutions","411219.0","411078.0","-141.0","0.07411","0.07381","-0.0003","25.02","-3527.82","SELL","1","AGNCL",17477,0.0,25.0,0.08,0.0
"2026-05-14","US3205174028","320517402","FHN-E","FHN","FIRST HORIZON NATIONAL CORP","Financial Institutions","411254.0","411113.0","-141.0","0.07272","0.07305","0.00033","24.76","-3491.16","SELL","1","FHN-PE",5687,0.0,25.0,-0.96,0.0
"2026-05-14","US04208T2078","04208T207","AHH-A","AHH","ARMADA HOFFLER PROPERTIES INC","Financial Institutions","469105.0","468946.0","-159.0","0.07403","0.07387","-0.00016","21.95","-3490.05","SELL","1","","","",25.0,-12.2,""
"2026-05-14","US6740013007","674001300","OAK-A","OAK","OAKTREE CAPITAL GROUP LLC","Financial Institutions","493531.0","493363.0","-168.0","0.07335","0.07329","-6e-05","20.7","-3477.6","SELL","1","OAK-PA",10561,0.0,25.0,-17.2,0.0
"2026-05-14","US0259328807","025932880","AFG","AFG","AMERICAN FINANCIAL GROUP INC","Financial Institutions","548353.0","548167.0","-186.0","0.07307","0.07337","0.0003","18.65","-3468.9","SELL","1","AFG",484033,0.0,25.0,-25.4,0.0
"2026-05-14","US04914Y3009","04914Y300","ATLC","ATLC","ATLANTICUS HOLDINGS CORP","Financial Institutions","406324.0","406186.0","-138.0","0.07311","0.07302","-9e-05","25.05","-3456.9","SELL","1","ATLC",69767,0.0,25.0,0.2,0.0
"2026-05-14","US74460W5379","74460W537","PSA-M","PSA","PUBLIC STORAGE","Financial Institutions","630525.0","630312.0","-213.0","0.07311","0.07337","0.00026","16.22","-3454.86","SELL","1","PSA-PM",10976,0.0,25.0,-35.12,0.0
"2026-05-14","BMG9078F1317","-","TRTN-B","TRTN","TRITON INTERNATIONAL LTD","Industrial","394163.0","394028.0","-135.0","0.0718","0.07182","2e-05","25.4","-3429.0","SELL","1","TRTN-PB",5677,0.0,25.0,1.6,0.0
"2026-05-14","US26884U2087","26884U208","EPR-C","EPR","EPR PROPERTIES 5.75% CUM CONV PREF","Financial Institutions","384437.0","384305.0","-132.0","0.0716","0.07156","-4e-05","25.95","-3425.4","SELL","1","EPR-PC",3276,0.0,25.0,3.8,0.0
"2026-05-14","US6496048819","649604881","ADAM-D","ADAM","NEW YORK MORTGAGE TRUST INC","Financial Institutions","421312.0","421168.0","-144.0","0.07054","0.07156","0.00102","23.68","-3409.92","SELL","1","","","",25.0,-5.28,""
"2026-05-14","US58844R8842","58844R884","MBIN","MBIN","MERCHANTS BANCORP","Financial Institutions","390676.0","390544.0","-132.0","0.07181","0.07206","0.00025","25.71","-3393.72","SELL","1","MBIN",174613,0.0,25.0,2.84,0.0
"2026-05-14","US4461507570","446150757","HBANZ","HBAN","HUNTINGTON BANCSHARES DEPOSITARY S","Financial Institutions","474770.0","474608.0","-162.0","0.07087","0.07132","0.00045","20.94","-3392.28","SELL","1","HBANZ",12467,0.0,25.0,-16.24,0.0
"2026-05-14","US4884013081","488401308","KMPR","KMPR","KEMPER CORP","Financial Institutions","411255.0","411114.0","-141.0","0.07086","0.07096","0.0001","24.05","-3391.05","SELL","1","KMPR",786657,0.0,25.0,-3.8,0.0
"2026-05-14","BMG9078F2067","-","TRTN","TRTN","TRITON INTERNATIONAL LTD","Industrial","427921.0","427777.0","-144.0","0.0716","0.07176","0.00016","23.38","-3366.72","SELL","1","","","",25.0,-6.48,""
"2026-05-14","US70509V8862","70509V886","PEB-H","PEB","PEBBLEBROOK HOTEL TRUST","Financial Institutions","536511.0","536328.0","-183.0","0.06856","0.06909","0.00053","17.95","-3284.85","SELL","1","PEB-PH",15856,0.0,25.0,-28.2,0.0
"2026-05-14","US6496048652","649604865","ADAM-F","ADAM","NEW YORK MORTGAGE TRUST INC","Financial Institutions","397809.0","397674.0","-135.0","0.06898","0.06904","6e-05","24.19","-3265.65","SELL","1","","","",25.0,-3.24,""
"2026-05-14","US25401T5048","25401T504","DBRG-H","DBRG","DIGITALBRIDGE GROUP .125 CUMULATIV","Financial Institutions","580764.0","580566.0","-198.0","0.06709","0.06749","0.0004","16.2","-3207.6","SELL","1","DBRG-PH",15599,0.0,25.0,-35.2,0.0
"2026-05-14","US11272B1035","11272B103","BNCN","BNCN","BROOKFIELD FINANCE I UK PLC","Financial Institutions","630579.0","630366.0","-213.0","0.06827","0.0679","-0.00037","15.01","-3197.13","SELL","1","","","",25.0,-39.96,""
"2026-05-14","USG162522670","-","BIP-13","BIP","BROOKFIELD INFRASTRUCTURE   CLASS","Utility","548353.0","548167.0","-186.0","0.0676","0.06754","-6e-05","17.17","-3193.62","SELL","1","","","",25.0,-31.32,""
"2026-05-14","US89832Q8107","89832Q810","TFC-I","TFC","TRUIST FINANCIAL DS REPRESENTING","Financial Institutions","472990.0","472828.0","-162.0","0.06566","0.06601","0.00035","19.45","-3150.9","SELL","1","TFC-PI",15991,0.0,25.0,-22.2,0.0
"2026-05-14","US0259328641","025932864","AFG","AFG","AMERICAN FINANCIAL GROUP INC","Financial Institutions","548349.0","548163.0","-186.0","0.06614","0.06625","0.00011","16.84","-3132.24","SELL","1","AFG",484033,0.0,25.0,-32.64,0.0
"2026-05-14","BMG9078F1564","-","TRTN-E","TRTN","TRITON INTERNATIONAL LTD","Industrial","479765.0","479603.0","-162.0","0.06624","0.06648","0.00024","19.32","-3129.84","SELL","1","TRTN-PE",7444,0.0,25.0,-22.72,0.0
"2026-05-14","US8163005031","816300503","SIGI-B","SIGI","SELECTIVE INS GROUP DS REPSTG   IN","Financial Institutions","548353.0","548167.0","-186.0","0.06585","0.06592","7e-05","16.76","-3117.36","SELL","1","","","",25.0,-32.96,""
"2026-05-14","BMG162522756","-","BIP-14","BIP","BROOKFIELD INFRASTRUCTURE PARTNERS","Utility","548353.0","548167.0","-186.0","0.06539","0.06524","-0.00015","16.59","-3085.74","SELL","1","","","",25.0,-33.64,""
"2026-05-14","US16934Q3074","16934Q307","CIM-A","CIM","CHIMERA INVESTMENT CORP","Financial Institutions","413563.0","413422.0","-141.0","0.06418","0.06477","0.00059","21.83","-3078.03","SELL","1","CIM-PA",8836,0.0,25.0,-12.68,0.0
"2026-05-14","US3765468836","376546883","GAIN","GAIN","GLADSTONE INVESTMENT CORP","Financial Institutions","368893.0","368767.0","-126.0","0.06383","0.0639","7e-05","24.15","-3042.9","SELL","1","GAIN",334713,0.0,25.0,-3.4,0.0
"2026-05-14","US9478907036","947890703","WBS-G","WBS","WEBSTER FINANCIAL CORPORATION","Financial Institutions","370105.0","369979.0","-126.0","0.06441","0.06399","-0.00042","24.1","-3036.6","SELL","1","WBS-PG",9452,0.0,25.0,-3.6,0.0
"2026-05-14","US9478905055","947890505","WBS-F","WBS","WEBSTER FINANCIAL DRC CORP","Financial Institutions","411255.0","411114.0","-141.0","0.06295","0.06314","0.00019","21.4","-3017.4","SELL","1","WBS-PF",12974,0.0,25.0,-14.4,0.0
"2026-05-14","US3765468679","376546867","GAIN","GAIN","GLADSTONE INVESTMENT CORP","Financial Institutions","346821.0","346704.0","-117.0","0.06347","0.06357","0.0001","25.55","-2989.35","SELL","1","GAIN",334713,0.0,25.0,2.2,0.0
"2026-05-14","US0082528359","008252835","AMG","AMG","AFFILIATED MANAGERS GROUP INC.","Financial Institutions","570387.0","570192.0","-195.0","0.06208","0.06236","0.00028","15.24","-2971.8","SELL","1","AMG",345917,0.0,25.0,-39.04,0.0
"2026-05-14","US26884U5056","26884U505","EPR-G","EPR","EPR PROPERTIES","Financial Institutions","427921.0","427777.0","-144.0","0.06306","0.06316","0.0001","20.57","-2962.08","SELL","1","EPR-PG",10078,0.0,25.0,-17.72,0.0
"2026-05-14","MHY8564M1131","-","TGP","TGP","TEEKAY LNG PARTNERS LP","Industrial","338091.0","337977.0","-114.0","0.06221","0.06209","-0.00012","25.6","-2918.4","SELL","1","","","",25.0,2.4,""
"2026-05-14","US90187B2007","90187B200","TWO-A","TWO","TWO HARBORS INVESTMENT CORP","Financial Institutions","346149.0","346032.0","-117.0","0.06161","0.06166","5e-05","24.83","-2905.11","SELL","1","TWO-PA",35554,0.0,25.0,-0.68,0.0
"2026-05-14","US0259328724","025932872","AFG","AFG","AMERICAN FINANCIAL GROUP INC","Financial Institutions","411219.0","411078.0","-141.0","0.06032","0.06036","4e-05","20.46","-2884.86","SELL","1","AFG",484033,0.0,25.0,-18.16,0.0
"2026-05-14","US68003D3035","68003D303","ONB-C","ONB","OLD NATIONAL BANCORP DEP SHS EACH","Financial Institutions","335854.0","335740.0","-114.0","0.05956","0.05975","0.00019","24.8","-2827.2","SELL","1","","","",25.0,-0.8,""
"2026-05-14","US8964427046","896442704","TRIN","TRIN","TRINITY CAPITAL INC","Financial Institutions","326770.0","326659.0","-111.0","0.05959","0.05966","7e-05","25.45","-2824.95","SELL","1","TRIN",1237577,0.0,25.0,1.8,0.0
"2026-05-14","US9197942066","919794206","VLY-A","VLY","VALLEY NATIONAL BANCORP","Financial Institutions","327998.0","327887.0","-111.0","0.05937","0.05956","0.00019","25.31","-2809.41","SELL","1","","","",25.0,1.24,""
"2026-05-14","BMG162491499","-","BPY-A-1","BPY","BROOKFIELD PROPERTY PARTNERS LP","Industrial","524856.0","524679.0","-177.0","0.05999","0.05968","-0.00031","15.85","-2805.45","SELL","1","","","",25.0,-36.6,""
"2026-05-14","US0084922097","008492209","ADC-A","ADC","AGREE REALTY CORP","Financial Institutions","479803.0","479641.0","-162.0","0.05925","0.05938","0.00013","17.25","-2794.5","SELL","1","ADC-PA",15804,0.0,25.0,-31.0,0.0
"2026-05-14","US6496048165","649604816","ADAM","ADAM","NEW YORK MORTGAGE TRUST INC","Financial Institutions","315265.0","315157.0","-108.0","0.0581","0.05806","-4e-05","25.67","-2772.36","SELL","1","ADAM",779267,0.0,25.0,2.68,0.0
"2026-05-14","US70509V7047","70509V704","PEB-F","PEB","PEBBLEBROOK HOTEL TRUST","Financial Institutions","403768.0","403630.0","-138.0","0.05711","0.05793","0.00082","20.0","-2760.0","SELL","1","PEB-PF",11600,0.0,25.0,-20.0,0.0
"2026-05-14","BMG162582313","-","BEPUCN","BEPUCN","BROOKFIELD RENEWABLE PARTNERS LP","Utility","547925.0","547775.0","-150.0","0.07246","0.07214","-0.00032","18.35","-2752.5","SELL","1","","","",25.0,-26.6,""
"2026-05-14","MHY271831213","-","GSL","GSL","GLOBAL SHIP LEASE INC","Industrial","298810.0","298708.0","-102.0","0.05787","0.05775","-0.00012","26.94","-2747.88","SELL","1","GSL",274013,0.0,25.0,7.76,0.0
"2026-05-14","US26884U3077","26884U307","EPR-E","EPR","EPR PROPERTIES","Financial Institutions","245707.0","245623.0","-84.0","0.05765","0.05764","-1e-05","32.7","-2746.8","SELL","1","EPR-PE",2944,0.0,25.0,30.8,0.0
"2026-05-14","US8660826053","866082605","INN-E","INN","SUMMIT HOTEL PROPERTIES INC","Financial Institutions","438691.0","438541.0","-150.0","0.05739","0.05753","0.00014","18.28","-2742.0","SELL","1","INN-PE",8396,0.0,25.0,-26.88,0.0
"2026-05-14","US28852N3070","28852N307","EFC-B","EFC","ELLINGTON FINANCIAL INC","Financial Institutions","330403.0","330292.0","-111.0","0.05859","0.05852","-7e-05","24.69","-2740.59","SELL","1","EFC-PB",7191,0.0,25.0,-1.24,0.0
"2026-05-14","US8964426055","896442605","TRIN","TRIN","TRINITY CAPITAL INC","Financial Institutions","319771.0","319663.0","-108.0","0.05834","0.05815","-0.00019","25.35","-2737.8","SELL","1","TRIN",1237577,0.0,25.0,1.4,0.0
"2026-05-14","US64944P3073","64944P307","FLG","NYCB","NEW YORK COMMUNITY CAPITAL TRUST V","Financial Institutions","198753.0","198687.0","-66.0","0.05989","0.05914","-0.00075","41.48","-2737.68","SELL","1","FLG",4768987,0.0,25.0,65.92,0.0
"2026-05-14","US3137452005","313745200","FRT-C","FRT","FEDERAL REALTY INVESTMENT DEPOSITA","Financial Institutions","411255.0","411114.0","-141.0","0.05725","0.05726","1e-05","19.41","-2736.81","SELL","1","FRT-PC",9886,0.0,25.0,-22.36,0.0
"2026-05-14","US5977423038","597742303","MSBI","MSBI","MIDLAND STATES BANCORP INC","Financial Institutions","315301.0","315193.0","-108.0","0.05727","0.05723","-4e-05","25.3","-2732.4","SELL","1","MSBI",161923,0.0,25.0,1.2,0.0
"2026-05-14","US26817Q8785","26817Q878","DX-C","DX","DYNEX CAPITAL INC","Financial Institutions","305728.0","305623.0","-105.0","0.05696","0.05703","7e-05","26.0","-2730.0","SELL","1","DX-PC",10149,0.0,25.0,4.0,0.0
"2026-05-14","US90187B8871","90187B887","TWO","TWO","TWO HARBORS INVESTMENT CORP","Financial Institutions","315283.0","315175.0","-108.0","0.05684","0.05713","0.00029","25.26","-2728.08","SELL","1","TWO",2875930,0.0,25.0,1.04,0.0
"2026-05-14","US6475513080","647551308","NMFC","NMFC","NEW MOUNTAIN FINANCE CORP","Financial Institutions","315282.0","315174.0","-108.0","0.05702","0.05698","-4e-05","25.19","-2720.52","SELL","1","NMFC",779957,0.0,25.0,0.76,0.0
"2026-05-14","US75574U8383","75574U838","RC","RC","READY CAPITAL CORP","Financial Institutions","356394.0","356274.0","-120.0","0.05778","0.05776","-2e-05","22.59","-2710.8","SELL","1","RC",1507900,0.0,25.0,-9.64,0.0
"2026-05-14","US20786W5031","20786W503","CNOB-A","CNOB","CONNECTONE BANCORP INC","Financial Institutions","315300.0","315192.0","-108.0","0.05657","0.05653","-4e-05","24.99","-2698.92","SELL","1","","","",25.0,-0.04,""
"2026-05-14","US2635343070","263534307","CTVA","CTVA","E I DU PONT DE NEMOURS AND CO","Industrial","114660.0","114621.0","-39.0","0.05613","0.05594","-0.00019","68.0","-2652.0","SELL","1","CTVA",3759623,0.0,25.0,172.0,0.0
"2026-05-14","US2256552082","225655208","CCABDC","FCRX","CRESCENT CAPITAL BDC   NOTES DUE I","Financial Institutions","306014.0","305909.0","-105.0","0.05523","0.05519","-4e-05","25.14","-2639.7","SELL","1","","","",25.0,0.56,""
"2026-05-14","US02665T8687","02665T868","AMH-H","AMH","AMERICAN HOMES 4 RENT","Financial Institutions","315303.0","315195.0","-108.0","0.055","0.05512","0.00012","24.37","-2631.96","SELL","1","AMH-PH",7275,0.0,25.0,-2.52,0.0
"2026-05-14","US0605055914","060505591","BAC","BAC","BANK OF AMERICA DEPOSITORY SHARES","Financial Institutions","371261.0","371135.0","-126.0","0.05483","0.05471","-0.00012","20.54","-2588.04","SELL","1","BAC",33424160,0.0,25.0,-17.84,0.0
"2026-05-14","US64828T3005","64828T300","RITM-A","RITM","NEW RESIDENTIAL INVESTMENT CORP","Financial Institutions","300217.0","300115.0","-102.0","0.05451","0.05445","-6e-05","25.28","-2578.56","SELL","1","RITM-PA",17628,0.0,25.0,1.12,0.0
"2026-05-14","US70931T3014","70931T301","PMT-A","PMT","PENNYMAC MORTGAGE INVESTMENT TRUST","Financial Institutions","328007.0","327896.0","-111.0","0.05436","0.05452","0.00016","23.17","-2571.87","SELL","1","PMT-PA",6157,0.0,25.0,-7.32,0.0
"2026-05-14","US70931T8062","70931T806","PMT","PMT","PENNYMAC MORTGAGE INVESTMENT TRUST","Financial Institutions","287878.0","287779.0","-99.0","0.05306","0.05285","-0.00021","25.59","-2533.41","SELL","1","PMT",1178383,0.0,25.0,2.36,0.0
"2026-05-14","KYG3730V1398","-","FTAI-C","FTAI","FTAI AVIATION   FIXED RATE RESET C","Industrial","287914.0","287815.0","-99.0","0.0525","0.05286","0.00036","25.59","-2533.41","SELL","1","","","",25.0,2.36,""
"2026-05-14","US3205178656","320517865","FHN-F","FHN","FIRST HORIZON CORP (TENNESSEE)","Financial Institutions","411219.0","411078.0","-141.0","0.05282","0.05295","0.00013","17.95","-2530.95","SELL","1","FHN-PF",10522,0.0,25.0,-28.2,0.0
"2026-05-14","US74460W4877","74460W487","PSA-O","PSA","PUBLIC STORAGE","Financial Institutions","484830.0","484665.0","-165.0","0.05322","0.05332","0.0001","15.33","-2529.45","SELL","1","PSA-PO",19088,0.0,25.0,-38.68,0.0
"2026-05-14","US02665T8760","02665T876","AMH-G","AMH","AMERICAN HOMES 4 RENT","Financial Institutions","315301.0","315193.0","-108.0","0.05263","0.05298","0.00035","23.42","-2529.36","SELL","1","AMH-PG",3540,0.0,25.0,-6.32,0.0
"2026-05-14","US12621E3018","12621E301","CNO","CNO","CNO FINANCIAL GROUP INC","Financial Institutions","411219.0","411078.0","-141.0","0.05308","0.05284","-0.00024","17.91","-2525.31","SELL","1","CNO",681130,0.0,25.0,-28.36,0.0
"2026-05-14","US22948Q2003","22948Q200","CTO-A","CTO","CTO REALTY GROWTH INC","Financial Institutions","336067.0","335953.0","-114.0","0.05326","0.0534","0.00014","22.15","-2525.1","SELL","1","CTO-PA",2200,0.1,25.0,-11.4,1.14
"2026-05-14","US68003D2045","68003D204","ONB-A","ONB","OLD NATIONAL BANCORP","Financial Institutions","296106.0","296004.0","-102.0","0.05252","0.05255","3e-05","24.74","-2523.48","SELL","1","","","",25.0,-1.04,""
"2026-05-14","US7588498896","758849889","REG-A","REG","REGENCY CENTERS   SERIES A CUMULAT","Financial Institutions","315301.0","315193.0","-108.0","0.05279","0.05284","5e-05","23.36","-2522.88","SELL","1","","","",25.0,-6.56,""
"2026-05-14","US7588498714","758849871","REG-B","REG","REGENCY CENTERS   SERIES B CUMULAT","Financial Institutions","328007.0","327896.0","-111.0","0.05294","0.05306","0.00012","22.55","-2503.05","SELL","1","","","",25.0,-9.8,""
"2026-05-14","US80349A8027","80349A802","SAR","SAR","SARATOGA INVESTMENT CORP","Financial Institutions","289241.0","289142.0","-99.0","0.05222","0.05235","0.00013","25.23","-2497.77","SELL","1","SAR",112463,0.0,25.0,0.92,0.0
"2026-05-14","US0259328070","025932807","AFG","AFG","AMERICAN FINANCIAL GROUP INC","Financial Institutions","342718.0","342601.0","-117.0","0.05239","0.05237","-2e-05","21.3","-2492.1","SELL","1","AFG",484033,0.0,25.0,-14.8,0.0
"2026-05-14","US3793784097","379378409","GNL-B","GNL","GLOBAL NET LEASE INC","Financial Institutions","334793.0","334679.0","-114.0","0.05222","0.05222","0.0","21.74","-2478.36","SELL","1","GNL-PB",7751,0.0,25.0,-13.04,0.0
"2026-05-14","US25432X2018","25432X201","DCOM","DCOM","DIME COMMUNITY BANCSHARES CUMULATI","Financial Institutions","377854.0","377725.0","-129.0","0.05141","0.05191","0.0005","19.15","-2470.35","SELL","1","DCOM",307583,0.0,25.0,-23.4,0.0
"2026-05-14","US8043958797","804395879","BFS-E","BFS","SAUL CENTERS INC","Financial Institutions","313664.0","313559.0","-105.0","0.05204","0.052","-4e-05","23.11","-2426.55","SELL","1","BFS-PE",5102,0.0,25.0,-7.56,0.0
"2026-05-14","US53803X4025","53803X402","LOB-A","LOB","LIVE OAK BANCSHARES INC","Financial Institutions","285228.0","285132.0","-96.0","0.05182","0.05161","-0.00021","25.22","-2421.12","SELL","1","LOB-PA",9494,0.0,25.0,0.88,0.0
"2026-05-14","US2298993070","229899307","CFR-B","CFR","CULLEN FROST BANKERS DRC INC","Financial Institutions","411219.0","411078.0","-141.0","0.05034","0.05046","0.00012","17.11","-2412.51","SELL","1","CFR-PB",12430,0.0,25.0,-31.56,0.0
"2026-05-14","US9197943056","919794305","VLY-B","VLY","VALLEY NATL NON CUM PERP PREF SERI","Financial Institutions","285228.0","285132.0","-96.0","0.05135","0.0512","-0.00015","25.02","-2401.92","SELL","1","","","",25.0,0.08,""
"2026-05-14","US28852N4060","28852N406","EFC-C","EFC","ELLINGTON FINANCIAL INC","Financial Institutions","274168.0","274075.0","-93.0","0.05035","0.05039","4e-05","25.62","-2382.66","SELL","1","EFC-PC",4015,0.0,25.0,2.48,0.0
"2026-05-14","US7580758578","758075857","RWT","RWT","REDWOOD TRUST INC","Financial Institutions","274150.0","274057.0","-93.0","0.04972","0.04992","0.0002","25.38","-2360.34","SELL","1","RWT",1276150,0.0,25.0,1.52,0.0
"2026-05-14","US73317H2067","73317H206","BPOP","BPOP","POPULAR CAPITAL TRUST II","Financial Institutions","276975.0","276882.0","-93.0","0.05049","0.05043","-6e-05","25.38","-2360.34","SELL","1","BPOP",503727,0.0,25.0,1.52,0.0
"2026-05-14","US16208T2015","16208T201","CLDT-A","CLDT","CHATHAM LODGING TRUST","Financial Institutions","342225.0","342108.0","-117.0","0.04951","0.0491","-0.00041","20.0","-2340.0","SELL","1","CLDT-PA",10799,0.0,25.0,-20.0,0.0
"2026-05-14","US29364P1030","29364P103","ETR","ETR","ENTERGY NEW ORLEANS INC","Utility","313663.0","313558.0","-105.0","0.04972","0.04986","0.00014","22.16","-2326.8","SELL","1","ETR",3485770,0.0,25.0,-11.36,0.0
"2026-05-14","US00489Q3002","00489Q300","ACR-D","ACR","ACRES COMMERCIAL REALTY CORP","Financial Institutions","308939.0","308834.0","-105.0","0.04888","0.04898","0.0001","22.1","-2320.5","SELL","1","ACR-PD",5264,0.0,25.0,-11.6,0.0
"2026-05-14","US3131488278","313148827","AGMPP","FAMCA","FEDERAL AGRIC MTG NON CUMULATIVE P","Agency","285228.0","285132.0","-96.0","0.04917","0.04931","0.00014","24.1","-2313.6","SELL","1","","","",25.0,-3.6,""
"2026-05-14","US6943082064","694308206","PCG-A","PCG","PACIFIC GAS & ELEC CO","Utility","300295.0","300193.0","-102.0","0.04825","0.04869","0.00044","22.6","-2305.2","SELL","1","PCG-PA",5361,0.0,25.0,-9.6,0.0
"2026-05-14","US20451Q2030","20451Q203","CODI-A","CODI","COMPASS DIVERSIFIED HOLDINGS","Financial Institutions","320560.0","320452.0","-108.0","0.04837","0.04797","-0.0004","20.86","-2252.88","SELL","1","CODI-PA",8578,0.0,25.0,-16.56,0.0
"2026-05-14","US5290433094","529043309","LXP-C","LXP","LXP INDUSTRIAL TRUST","Financial Institutions","137952.0","137904.0","-48.0","0.04576","0.04629","0.00053","46.77","-2244.96","SELL","1","LXP-PC",1985,0.0,25.0,87.08,0.0
"2026-05-14","US74348T5653","74348T565","PSEC-A","PSEC","PROSPECT CAPITAL CORP","Financial Institutions","359877.0","359754.0","-123.0","0.04479","0.045","0.00021","17.43","-2143.89","SELL","1","PSEC-PA",8262,0.0,25.0,-30.28,0.0
"2026-05-14","US3131488435","313148843","FAMCA","FAMCA","FEDERAL AGRICULTURAL MORTGAGE CORP","Agency","328965.0","328854.0","-111.0","0.04449","0.04465","0.00016","18.92","-2100.12","SELL","1","","","",25.0,-24.32,""
"2026-05-14","US74460W4463","74460W446","PSA-Q","PSA","PUBLIC STORAGE","Financial Institutions","394109.0","393974.0","-135.0","0.04382","0.04368","-0.00014","15.45","-2085.75","SELL","1","PSA-PQ",14521,0.0,25.0,-38.2,0.0
"2026-05-14","US14040H7742","14040H774","COF-K","COF","CAPITAL ONE FINANCIAL CORPORATION","Financial Institutions","342718.0","342601.0","-117.0","0.04333","0.0434","7e-05","17.65","-2065.05","SELL","1","COF-PK",9127,0.0,25.0,-29.4,0.0
"2026-05-14","US3131488351","313148835","FAMCA","FAMCA","FEDERAL AGRICULTURAL MORTGAGE   NO","Agency","342718.0","342601.0","-117.0","0.04316","0.04312","-4e-05","17.54","-2052.18","SELL","1","","","",25.0,-29.84,""
"2026-05-14","US9116847024","911684702","UZA","AD","UNITED STATES CELLULAR CORPORATION","Industrial","301852.0","301750.0","-102.0","0.04352","0.04335","-0.00017","20.02","-2042.04","SELL","1","","","",25.0,-19.92,""
"2026-05-14","US0454872047","045487204","ASB-E","ASB","ASSOCIATED BANC DEPOSITARY SHARES","Financial Institutions","285220.0","285124.0","-96.0","0.04331","0.04338","7e-05","21.2","-2035.2","SELL","1","ASB-PE",3271,0.0,25.0,-15.2,0.0
"2026-05-14","US70509V6056","70509V605","PEB-E","PEB","PEBBLEBROOK HOTEL TRUST","Financial Institutions","292300.0","292201.0","-99.0","0.04187","0.04198","0.00011","20.02","-1981.98","SELL","1","PEB-PE",17735,0.0,25.0,-19.92,0.0
"2026-05-14","US56029Q4082","56029Q408","MHLD","MHLD","MAIDEN HOLDINGS NORTH AMERICA LTD","Financial Institutions","418062.0","417921.0","-141.0","0.04166","0.0419","0.00024","13.97","-1969.77","SELL","1","","","",25.0,-44.12,""
"2026-05-14","US3131488682","313148868","FAMCA","FAMCA","FEDERAL AGRICULTURAL MORTGAGE CORP","Agency","274149.0","274056.0","-93.0","0.04055","0.04056","1e-05","20.62","-1917.66","SELL","1","","","",25.0,-17.52,""
"2026-05-14","US0454874027","045487402","ASB-F","ASB","ASSOCIATED BANC-CORP","Financial Institutions","274150.0","274057.0","-93.0","0.04019","0.04042","0.00023","20.55","-1911.15","SELL","1","ASB-PF",4985,0.0,25.0,-17.8,0.0
"2026-05-14","US80349A8514","80349A851","SAR","SAR","SARATOGA INVESTMENT CORP","Financial Institutions","274175.0","274100.0","-75.0","0.05","0.05006","6e-05","25.45","-1908.75","SELL","1","SAR",112463,0.0,25.0,1.8,0.0
"2026-05-14","US3765468596","376546859","GAIN","GAIN","GLADSTONE INVESTMENT CORP","Financial Institutions","285900.0","285825.0","-75.0","0.05132","0.05177","0.00045","25.24","-1893.0","SELL","1","GAIN",334713,0.0,25.0,0.96,0.0
"2026-05-14","US55272X7066","55272X706","MFA","MFA","MFA FINANCIAL INC","Financial Institutions","329600.0","329525.0","-75.0","0.0594","0.05947","7e-05","25.15","-1886.25","SELL","1","MFA",1430127,0.0,25.0,0.6,0.0
"2026-05-14","US00489Q2012","00489Q201","ACR-C","ACR","ACRES COMMERCIAL REALTY .625 FIXED","Financial Institutions","328575.0","328500.0","-75.0","0.05919","0.05925","6e-05","25.14","-1885.5","SELL","1","ACR-PC",7545,0.0,25.0,0.56,0.0
"2026-05-14","US78163D4079","78163D407","RWAY","RWAY","RUNWAY GROWTH FINANCE","Financial Institutions","274175.0","274100.0","-75.0","0.04915","0.04924","9e-05","25.03","-1877.25","SELL","1","RWAY",722297,0.0,25.0,0.12,0.0
"2026-05-14","US9116848840","911684884","UZC","AD","UNITED STATES CELLULAR CORPORATION","Industrial","298172.0","298070.0","-102.0","0.03836","0.03827","-9e-05","17.89","-1824.78","SELL","1","","","",25.0,-28.44,""
"2026-05-14","US8660827044","866082704","INN-F","INN","SUMMIT HOTEL PROPERTIES INC","Financial Institutions","285236.0","285140.0","-96.0","0.03561","0.03561","0.0","17.4","-1670.4","SELL","1","INN-PF",4711,0.0,25.0,-30.4,0.0
"2026-05-14","US5835432023","583543202","SLNH-A","SLNH","SOLUNA HOLDINGS INC","Industrial","374038.0","373888.0","-150.0","0.02753","0.02938","0.00185","10.95","-1642.5","SELL","1","","","",25.0,-56.2,""
"2026-05-14","US8678928040","867892804","SHO-H","SHO","SUNSTONE HOTEL INVESTORS INC","Financial Institutions","311586.0","311511.0","-75.0","0.04796","0.04818","0.00022","21.55","-1616.25","SELL","1","SHO-PH",12395,0.0,25.0,-13.8,0.0
"2026-05-14","US5602923022","560292302","MHLD","MHLD","MAIDEN HOLDINGS LTD","Financial Institutions","323715.0","323604.0","-111.0","0.03021","0.03019","-2e-05","13.0","-1443.0","SELL","1","","","",25.0,-48.0,""
"2026-05-14","US75574U8870","75574U887","RC-E","RC","READY CAPITAL CORP","Financial Institutions","315265.0","315157.0","-108.0","0.0294","0.02936","-4e-05","12.98","-1401.84","SELL","1","RC-PE",10602,0.0,25.0,-48.08,0.0
"2026-05-14","US10482B2007","10482B200","BHR-B","BHR","BRAEMAR HOTEL & RESORTS INC","Financial Institutions","225057.0","224982.0","-75.0","0.0244","0.0242","-0.0002","14.99","-1124.25","SELL","1","BHR-PB",7646,0.0,25.0,-40.04,0.0
"2026-05-14","US74913G8731","74913G873","CTL","CTL","QWEST CORP","Industrial","1818042.0","1818042.0","0.0","0.25518","0.25507","-0.00011","19.55","0.0","UNCHANGED","1","","","","","",""
"2026-05-14","US0389238686","038923868","ABR-E","ABR","ARBOR REALTY TRUST INC","Financial Institutions","394047.0","394047.0","0.0","0.04688","0.04683","-5e-05","16.56","0.0","UNCHANGED","1","","","","","",""
"2026-05-14","US0625452075","062545207","BOH-A","BOH","BANK OF HAWAII CORP","Financial Institutions","493399.0","493399.0","0.0","0.05679","0.05703","0.00024","16.11","0.0","UNCHANGED","1","","","","","",""
"2026-05-14","US34988VAF31","34988VAF3","FOSL","FOSL","FOSSIL GROUP INC","Industrial","1174925.0","1174925.0","0.0","0.008","0.00799","-1e-05","93.5","0.0","UNCHANGED","1","","","","","",""
"2026-05-14","US0389238769","038923876","ABR-D","ABR","ARBOR REALTY TRUST INC","Financial Institutions","630421.0","630421.0","0.0","0.07586","0.07573","-0.00013","16.74","0.0","UNCHANGED","1","","","","","",""
"2026-05-14","US0389238504","038923850","ABR-F","ABR","ARBOR REALTY TRUST INC","Financial Institutions","777196.0","777196.0","0.0","0.12867","0.12901","0.00034","23.13","0.0","UNCHANGED","1","","","","","",""
"2026-05-14","US0625403078","062540307","BOH","BOH","BANK OF HAWAII CORP","Financial Institutions","452299.0","452299.0","0.0","0.08589","0.08563","-0.00026","26.38","0.0","UNCHANGED","1","","","","","",""
"2026-05-14","US9388243076","938824307","WAFD-A","WAFD","WASHINGTON FEDERAL INC","Financial Institutions","822331.0","822331.0","0.0","0.09807","0.09855","0.00048","16.7","0.0","UNCHANGED","1","","","","","",""
"2026-05-14","US3602713089","360271308","FULT-A","FULT","FULTON FINANCIAL CORPORATION","Financial Institutions","548221.0","548221.0","0.0","0.07238","0.07282","0.00044","18.51","0.0","UNCHANGED","1","","","","","",""
"2026-05-14","US7443208050","744320805","PRU","PRU","PRUDENTIAL FINANCIAL INC","Financial Institutions","1560818.0","1560818.0","0.0","0.25617","0.25695","0.00078","22.94","0.0","UNCHANGED","1","","","","","",""
"2026-05-14","US5341878859","534187885","LNC-D","LNC","LINCOLN NATIONAL CORPORATION","Financial Institutions","1370485.0","1370485.0","0.0","0.26183","0.26142","-0.00041","26.58","0.0","UNCHANGED","1","","","","","",""
"2026-05-14","US7443208704","744320870","PRU","PRU","PRUDENTIAL FINANCIAL INC","Financial Institutions","828782.0","828782.0","0.0","0.14138","0.14179","0.00041","23.84","0.0","UNCHANGED","1","","","","","",""
"2026-05-14","US7443208886","744320888","PRU","PRU","PRUDENTIAL FINANCIAL INC","Financial Institutions","1381235.0","1381235.0","0.0","0.167","0.16732","0.00032","16.88","0.0","UNCHANGED","1","","","","","",""
"2026-05-14","US46817M2061","46817M206","JXN","JXN","JACKSON FINANCIAL INC","Financial Institutions","1507574.0","1507574.0","0.0","0.28261","0.2827","9e-05","26.13","0.0","UNCHANGED","1","","","","","",""
"2026-05-14","US7244795065","724479506","PBI","PBI","PITNEY BOWES INC","Industrial","957402.0","957402.0","0.0","0.14889","0.14951","0.00062","21.76","0.0","UNCHANGED","1","","","","","",""
"2026-05-14","US17259U4022","17259U402","CION","CICC","CION INVESTMENT   NOTES DUE CORP","Financial Institutions","342655.0","342655.0","0.0","0.06148","0.06125","-0.00023","24.91","0.0","UNCHANGED","1","","","","","",""
"2026-05-14","US29452E4089","29452E408","EQH-C","EQH","EQUITABLE HOLDINGS INC","Financial Institutions","822331.0","822331.0","0.0","0.09635","0.09613","-0.00022","16.29","0.0","UNCHANGED","1","","","","","",""
"2026-05-14","US29452E2000","29452E200","EQH-A","EQH","EQUITABLE HLDNGS  DRC REPRESENTING","Financial Institutions","2192816.0","2192816.0","0.0","0.31267","0.31111","-0.00156","19.77","0.0","UNCHANGED","1","","","","","",""
"2026-05-14","US74913G8814","74913G881","CTL","CTL","QWEST CORP","Industrial","2691284.0","2691284.0","0.0","0.37447","0.3743","-0.00017","19.38","0.0","UNCHANGED","1","","","","","",""
"2026-05-14","US06417N2027","06417N202","OZK-A","OZK","BANK OZK","Financial Institutions","959353.0","959353.0","0.0","0.11237","0.11318","0.00081","16.44","0.0","UNCHANGED","1","","","","","",""
"2026-05-14","US78442P5026","78442P502","SLM-B","SLM","SLM CORP","Financial Institutions","172068.0","172068.0","0.0","0.09236","0.09265","0.00029","75.03","0.0","UNCHANGED","1","","","","","",""
"2026-05-14","US3765493099","376549309","LAND-B","LAND","GLADSTONE LAND CORP","Financial Institutions","400235.0","400235.0","0.0","0.06006","0.06012","6e-05","20.93","0.0","UNCHANGED","1","","","","","",""
"2026-05-14","US05461T3059","05461T305","AXS-E","AXS","AXIS CAPITAL HOLDINGS LTD","Financial Institutions","1507574.0","1507574.0","0.0","0.21139","0.2114","1e-05","19.54","0.0","UNCHANGED","1","","","","","",""
