"date","isin","cusip","ticker","ticker_raw","name","sector","prior_shares","today_shares","shares_delta","prior_weight","today_weight","weight_delta","price","dollar_flow","flow_type","gap_days","yahoo_ticker","adv_30d","overhang_days","par_value","price_vs_par_pct","signal_score"
"2026-05-12","-","-","USD","USD","USD CASH","Cash and/or Derivatives","-7982592.0","-8635201.0","-652609.0","-0.05716","-0.06199","-0.00483","100.0","-65260900.0","UNCHANGED","1","","","","","",""
"2026-05-12","US0669224778","066922477","XTSLA","XTSLA","BLK CSH FND TREASURY SL AGENCY","Cash and/or Derivatives","45772133.0","46362407.0","590274.0","0.32776","0.33281","0.00505","1.0","590274.0","UNCHANGED","1","","","","","",""
"2026-05-12","US0970232049","097023204","BA","BA","BOEING CO","Industrial","7912786.0","7911891.0","-895.0","4.26314","4.26134","-0.0018","75.03","-67151.85","SELL","1","BA",6080023,0.0,25.0,200.12,0.0
"2026-05-12","US68389X2045","68389X204","ORCL-D","ORCL","ORACLE CORPORATION","Industrial","6879900.0","6879100.0","-800.0","2.81793","2.7298","-0.08813","55.28","-44224.0","SELL","1","ORCL-PD",1523991,0.0,25.0,121.12,0.0
"2026-05-12","US5949728530","594972853","STRC","MSTR","STRATEGY INC","Industrial","3457259.0","3456868.0","-391.0","2.47562","2.48125","0.00563","99.99","-39096.09","SELL","1","STRC",3346103,0.0,25.0,299.96,0.0
"2026-05-12","US9497468044","949746804","WFC-L","WFC","WELLS FARGO & COMPANY SERIES L","Financial Institutions","269632.0","269601.0","-31.0","2.29816","2.29722","-0.00094","1187.0","-36797.0","SELL","1","WFC-PL",7395,0.0,1000.0,18.7,0.0
"2026-05-12","US0126532003","012653200","ALB","ALB","ALBEMARLE CORP","Industrial","3165126.0","3164768.0","-358.0","1.88998","1.85766","-0.03232","81.77","-29273.66","SELL","1","ALB",1937697,0.0,25.0,227.08,0.0
"2026-05-12","US0605056821","060505682","BAC-L","BAC","BANK OF AMERICA CORP","Financial Institutions","151126.0","151109.0","-17.0","1.31022","1.31361","0.00339","1211.0","-20587.0","SELL","1","BAC-PL",8896,0.0,1000.0,21.1,0.0
"2026-05-12","US1730802014","173080201","C","C","CITIGROUP CAPITAL XIII","Financial Institutions","6181532.0","6180832.0","-700.0","1.29051","1.29513","0.00462","29.19","-20433.0","SELL","1","C",12483017,0.0,25.0,16.76,0.0
"2026-05-12","US5950173022","595017302","MCHP","MCHP","MICROCHIP TECHNOLOGY INCORPORATED","Industrial","2043582.0","2043351.0","-231.0","1.22247","1.21423","-0.00824","82.78","-19122.18","SELL","1","MCHP",9251447,0.0,25.0,231.12,0.0
"2026-05-12","US42824C2089","42824C208","HPE-A","HPE","HEWLETT PACKARD ENTERPRISE CONV PR","Industrial","2064175.0","2063941.0","-234.0","1.21676","1.1955","-0.02126","80.69","-18881.46","SELL","1","","","",25.0,222.76,""
"2026-05-12","US65339F6557","65339F655","NEE-V","NEE","NEXTERA ENERGY INC","Utility","3165116.0","3164758.0","-358.0","1.16132","1.16067","-0.00065","51.09","-18290.22","SELL","1","NEE-PV",681755,0.0,25.0,104.36,0.0
"2026-05-12","US65339F6631","65339F663","NEE-S","NEECU","NEXTERA ENERGY UNITS INC","Utility","2752286.0","2751975.0","-311.0","1.13519","1.13403","-0.00116","57.41","-17854.51","SELL","1","NEE-PS",135876,0.0,25.0,129.64,0.0
"2026-05-12","US48251W5004","48251W500","KKR-D","KKR","KKR & CO INC","Financial Institutions","3560742.0","3560339.0","-403.0","1.10683","1.10231","-0.00452","43.13","-17381.39","SELL","1","KKR-PD",238326,0.0,25.0,72.52,0.0
"2026-05-12","US8425878423","842587842","SO-A","SO","SOUTHERN COMPANY (THE)","Utility","2752286.0","2751975.0","-311.0","1.00019","1.00572","0.00553","50.91","-15833.01","SELL","1","SOPA",2387937,0.0,25.0,103.64,0.0
"2026-05-12","US03769M3043","03769M304","APO","APO","APOLLO GLOBAL MANAGEMENT INC","Financial Institutions","1978140.0","1977916.0","-224.0","0.94139","0.95981","0.01842","67.6","-15142.4","SELL","1","APO",4233390,0.0,25.0,170.4,0.0
"2026-05-12","US48128B6487","48128B648","JPM-EE","JPM","JPMORGAN CHASE & CO","Financial Institutions","5091698.0","5091122.0","-576.0","0.91551","0.91805","0.00254","25.12","-14469.12","SELL","1","","","",25.0,0.48,""
"2026-05-12","US48128B6552","48128B655","JPM-DD","JPM","JPMORGAN CHASE & CO","Financial Institutions","4668511.0","4667983.0","-528.0","0.81133","0.81427","0.00294","24.3","-12830.4","SELL","1","","","",25.0,-2.8,""
"2026-05-12","US65339F1194","65339F119","NEE-T","NEECV","NEXTERA ENERGY UNITS INC","Utility","2064175.0","2063941.0","-234.0","0.77865","0.77976","0.00111","52.63","-12315.42","SELL","1","NEE-PT",133569,0.0,25.0,110.52,0.0
"2026-05-12","US94988U1512","94988U151","WFC-Z","WFC","WELLS FARGO & COMPANY","Financial Institutions","5519154.0","5518529.0","-625.0","0.75326","0.75109","-0.00217","18.96","-11850.0","SELL","1","WFC-PZ",123439,0.0,25.0,-24.16,0.0
"2026-05-12","US10950A2050","10950A205","BTSG","BTSG","BRIGHTSPRING HEALTH SERVICES UNITS","Industrial","550475.0","550413.0","-62.0","0.71988","0.72855","0.00867","184.39","-11432.18","SELL","1","BTSG",2616083,0.0,1000.0,-81.56,0.0
"2026-05-12","US48128B5497","48128B549","JPM-LL","JPM","JPMORGAN CHASE NON-CUMULATIVE PREF","Financial Institutions","5091699.0","5091123.0","-576.0","0.69893","0.69767","-0.00126","19.09","-10995.84","SELL","1","","","",25.0,-23.64,""
"2026-05-12","US48128B5232","48128B523","JPM-MM","JPM","JPMORGAN CHASE AND CO DS REPSTG  T","Financial Institutions","5504539.0","5503916.0","-623.0","0.69885","0.69576","-0.00309","17.61","-10971.03","SELL","1","","","",25.0,-29.56,""
"2026-05-12","US69331C3060","69331C306","PCG-A","PCG","PG&E CORPORATION","Utility","2215585.0","2215334.0","-251.0","0.65173","0.67268","0.02095","42.3","-10617.3","SELL","1","PCG-PA",5386,0.0,25.0,69.2,0.0
"2026-05-12","US00206R7061","00206R706","T-C","T","AT&T INC","Industrial","4816461.0","4815916.0","-545.0","0.64736","0.6444","-0.00296","18.64","-10158.8","SELL","1","T-PC",172984,0.0,25.0,-25.44,0.0
"2026-05-12","US5949728795","594972879","STRF","MSTR","STRATEGY INC","Industrial","883455.0","883355.0","-100.0","0.63957","0.63855","-0.00102","100.7","-10070.0","SELL","1","STRF",103067,0.0,1000.0,-89.93,0.0
"2026-05-12","US03990B3096","03990B309","ARES-B","ARES","ARES MANAGEMENT CORP","Financial Institutions","2064175.0","2063941.0","-234.0","0.61281","0.60508","-0.00773","40.84","-9556.56","SELL","1","ARES-PB",307134,0.0,25.0,63.36,0.0
"2026-05-12","US14040H8245","14040H824","COF-I","COF","CAPITAL ONE FINANCIAL CORPORATION","Financial Institutions","4128449.0","4127982.0","-467.0","0.5676","0.56776","0.00016","19.16","-8947.72","SELL","1","COF-PI",95302,0.0,25.0,-23.36,0.0
"2026-05-12","US00206R3003","00206R300","T","T","AT&T INC","Industrial","3639890.0","3639478.0","-412.0","0.56376","0.56353","-0.00023","21.57","-8886.84","SELL","1","T",36707857,0.0,25.0,-13.72,0.0
"2026-05-12","US48128B5802","48128B580","JPM-JJ","JPM","JPMORGAN CHASE DRC","Financial Institutions","4128383.0","4127916.0","-467.0","0.55931","0.55768","-0.00163","18.82","-8788.94","SELL","1","","","",25.0,-24.72,""
"2026-05-12","US69351T8669","69351T866","PPL","PPL","PPL CORPORATION","Utility","1582727.0","1582548.0","-179.0","0.55171","0.55461","0.0029","48.82","-8738.78","SELL","1","PPL",7461380,0.0,25.0,95.28,0.0
"2026-05-12","US5949728613","594972861","STRD","MSTR","STRATEGY INC","Industrial","964944.0","964835.0","-109.0","0.52869","0.5333","0.00461","77.0","-8393.0","SELL","1","STRD",76833,0.0,25.0,208.0,0.0
"2026-05-12","US38144G8042","38144G804","GS-D","GS","GOLDMAN SACHS GROUP INC","Financial Institutions","3715465.0","3715045.0","-420.0","0.51135","0.51416","0.00281","19.28","-8097.6","SELL","1","GS-PD",163743,0.0,25.0,-22.88,0.0
"2026-05-12","US61762V8384","61762V838","MS-Q","MS","MORGAN STANLEY","Financial Institutions","2752286.0","2751975.0","-311.0","0.50492","0.50573","0.00081","25.6","-7961.6","SELL","1","MS-PQ",58534,0.0,25.0,2.4,0.0
"2026-05-12","US61762V8533","61762V853","MS-P","MS","MORGAN STANLEY","Financial Institutions","2752286.0","2751975.0","-311.0","0.49881","0.5002","0.00139","25.32","-7874.52","SELL","1","MS-PP",69339,0.0,25.0,1.28,0.0
"2026-05-12","US26441C5013","26441C501","DUK-A","DUK","DUKE ENERGY CORP","Utility","2752286.0","2751975.0","-311.0","0.49724","0.49782","0.00058","25.2","-7837.2","SELL","1","DUK-PA",76033,0.0,25.0,0.8,0.0
"2026-05-12","US61761J4067","61761J406","MS-I","MS","MORGAN STANLEY DS REPRESENTING   F","Financial Institutions","2752285.0","2751974.0","-311.0","0.49487","0.49526","0.00039","25.07","-7796.77","SELL","1","MS-PI",63519,0.0,25.0,0.28,0.0
"2026-05-12","US5949728878","594972887","STRK","MSTR","STRATEGY INC","Industrial","965048.0","964948.0","-100.0","0.53984","0.53738","-0.00246","77.58","-7758.0","SELL","1","STRK",149043,0.0,25.0,210.32,0.0
"2026-05-12","US61762V6065","61762V606","MS-K","MS","MORGAN STANLEY","Financial Institutions","2752285.0","2751974.0","-311.0","0.47733","0.47669","-0.00064","24.13","-7504.43","SELL","1","MS-PK",54100,0.0,25.0,-3.48,0.0
"2026-05-12","US00206R5081","00206R508","T-A","T","AT&T INC","Industrial","3302738.0","3302364.0","-374.0","0.47453","0.47483","0.0003","20.03","-7491.22","SELL","1","T-PA",95173,0.0,25.0,-19.88,0.0
"2026-05-12","US0605052291","060505229","BAC-GG","BAC","BANK OF AMERICA CORP","Financial Institutions","2631064.0","2630766.0","-298.0","0.47157","0.47231","0.00074","25.01","-7452.98","SELL","1","","","",25.0,0.04,""
"2026-05-12","US0200028381","020002838","ALL-H","ALL","ALLSTATE CORPORATION (THE)","Financial Institutions","3165126.0","3164768.0","-358.0","0.47119","0.46686","-0.00433","20.55","-7356.9","SELL","1","ALL-PH",75044,0.0,25.0,-17.8,0.0
"2026-05-12","US1167942077","116794207","BRKR","BRKR","BRUKER CORPORATION","Industrial","189949.0","189928.0","-21.0","0.45918","0.47216","0.01298","346.31","-7272.51","SELL","1","BRKR",1899313,0.0,1000.0,-65.37,0.0
"2026-05-12","US14040H7825","14040H782","COF-J","COF","CAPITAL ONE FINANCIAL CORPORATION","Financial Institutions","3440364.0","3439975.0","-389.0","0.4523","0.45115","-0.00115","18.27","-7107.03","SELL","1","COF-PJ",86032,0.0,25.0,-26.92,0.0
"2026-05-12","US61762V8616","61762V861","MS-O","MS","MORGAN STANLEY","Financial Institutions","3577908.0","3577503.0","-405.0","0.44528","0.44351","-0.00177","17.27","-6994.35","SELL","1","MS-PO",78845,0.0,25.0,-30.92,0.0
"2026-05-12","US65339K8374","65339K837","NEE-U","NEE","NEXTERA ENERGY CAPITAL HOLDINGS IN","Utility","2408150.0","2407875.0","-275.0","0.43765","0.43782","0.00017","25.33","-6965.75","SELL","1","","","",25.0,1.32,""
"2026-05-12","US06053U6010","06053U601","BAC-KK","BAC","BANK AMER DS REPRESENTING   NON CU","Financial Institutions","2759310.0","2758998.0","-312.0","0.43607","0.43552","-0.00055","21.99","-6860.88","SELL","1","","","",25.0,-12.04,""
"2026-05-12","US61762V2007","61762V200","MS-E","MS","MORGAN STANLEY","Financial Institutions","2373766.0","2373497.0","-269.0","0.43191","0.43261","0.0007","25.39","-6829.91","SELL","1","MS-PE",63837,0.0,25.0,1.56,0.0
"2026-05-12","US94988U1280","94988U128","WFC-AA","WFC","WELLS FARGO & COMPANY","Financial Institutions","3208731.0","3208368.0","-363.0","0.43495","0.43299","-0.00196","18.8","-6824.4","SELL","1","","","",25.0,-24.8,""
"2026-05-12","US61747S5047","61747S504","MS","MS","MORGAN STANLEY","Financial Institutions","3027500.0","3027157.0","-343.0","0.42577","0.4283","0.00253","19.71","-6760.53","SELL","1","MS",5765193,0.0,25.0,-21.16,0.0
"2026-05-12","US98389B8789","98389B878","XEL","XEL","XCEL ENERGY INC","Utility","2477200.0","2476925.0","-275.0","0.43406","0.43473","0.00067","24.45","-6723.75","SELL","1","XEL",4394843,0.0,25.0,-2.2,0.0
"2026-05-12","US61763E2072","61763E207","MS-F","MS","MORGAN STANLEY DS","Financial Institutions","2339412.0","2339147.0","-265.0","0.42281","0.42449","0.00168","25.28","-6699.2","SELL","1","MS-PF",97577,0.0,25.0,1.12,0.0
"2026-05-12","US95002Y4008","95002Y400","WFC-DD","WFC","WELLS FARGO & COMPANY","Financial Institutions","3428137.0","3427749.0","-388.0","0.42443","0.42199","-0.00244","17.15","-6654.2","SELL","1","","","",25.0,-31.4,""
"2026-05-12","US04686J8615","04686J861","ATH-A","ATH","ATHENE HOLDING DS REPRESENTING   P","Financial Institutions","2373813.0","2373544.0","-269.0","0.41917","0.42085","0.00168","24.7","-6644.3","SELL","1","ATH-PA",43521,0.0,25.0,-1.2,0.0
"2026-05-12","CA67000B2030","67000B203","NOVTV","NOVT","NOVANTA TANGIBLE EQUITY UNITS INC","Industrial","870393.0","870295.0","-98.0","0.37925","0.42207","0.04282","67.56","-6620.88","SELL","1","","","",25.0,170.24,""
"2026-05-12","US55261F8648","55261F864","MTB-J","MTB","M T BK DEP INT PERP PFD STK SER J","Financial Institutions","2064175.0","2063941.0","-234.0","0.39642","0.39647","5e-05","26.76","-6261.84","SELL","1","MTB-PJ",44646,0.0,25.0,7.04,0.0
"2026-05-12","US8425878001","842587800","SO","SO","SOUTHERN COMPANY (THE)","Utility","2752286.0","2751975.0","-311.0","0.39751","0.39707","-0.00044","20.1","-6251.1","SELL","1","SO",4724240,0.0,25.0,-19.6,0.0
"2026-05-12","US1729672428","172967242","C-II","C","CITIGROUP INC","Financial Institutions","2201810.0","2201561.0","-249.0","0.39479","0.3951","0.00031","25.0","-6225.0","SELL","1","CPII",390,0.6,25.0,0.0,0.0
"2026-05-12","US0605051798","060505179","BAC-K","BAC","BANK OF AMERICA CORP","Financial Institutions","2093759.0","2093522.0","-237.0","0.38263","0.38397","0.00134","25.55","-6055.35","SELL","1","BAC-PK",40754,0.0,25.0,2.2,0.0
"2026-05-12","US59156R8503","59156R850","MET-F","MET","METLIFE INC","Financial Institutions","2752286.0","2751975.0","-311.0","0.38017","0.37949","-0.00068","19.21","-5974.31","SELL","1","MET-PF",88971,0.0,25.0,-23.16,0.0
"2026-05-12","US9029731554","902973155","USB-B","USB","US BANCORP","Financial Institutions","2752285.0","2751974.0","-311.0","0.37544","0.3789","0.00346","19.18","-5964.98","SELL","1","","","",25.0,-23.28,""
"2026-05-12","US06055H2022","06055H202","BAC-LL","BAC","BANK OF AMERICA CORPORATION DEPOSI","Financial Institutions","2529128.0","2528842.0","-286.0","0.37108","0.37123","0.00015","20.45","-5848.7","SELL","1","","","",25.0,-18.2,""
"2026-05-12","US0357108705","035710870","NLY-F","NLY","ANNALY CAPITAL MANAGEMENT INC","Financial Institutions","1981667.0","1981443.0","-224.0","0.36938","0.37067","0.00129","26.06","-5837.44","SELL","1","NLY-PF",52631,0.0,25.0,4.24,0.0
"2026-05-12","US8085136005","808513600","SCHW-D","SCHW","CHARLES SCHWAB CORPORATION (THE)","Financial Institutions","2064175.0","2063941.0","-234.0","0.36908","0.36921","0.00013","24.92","-5831.28","SELL","1","SCHW-PD",62266,0.0,25.0,-0.32,0.0
"2026-05-12","US59156R8768","59156R876","MET-E","MET","METLIFE INC","Financial Institutions","2215585.0","2215334.0","-251.0","0.36656","0.36624","-0.00032","23.03","-5780.53","SELL","1","MET-PE",57896,0.0,25.0,-7.88,0.0
"2026-05-12","US7593518852","759351885","RGA","RGA","REINSURANCE GROUP OF AMERICA INCOR","Financial Institutions","1926333.0","1926108.0","-225.0","0.35078","0.35092","0.00014","25.38","-5710.5","SELL","1","RGA",344750,0.0,25.0,1.52,0.0
"2026-05-12","US95002Y2028","95002Y202","WFC-CC","WFC","WELLS FARGO & COMPANY","Financial Institutions","2879668.0","2879342.0","-326.0","0.36374","0.3615","-0.00224","17.49","-5701.74","SELL","1","","","",25.0,-30.04,""
"2026-05-12","US00775V1044","00775V104","AEGON","AEGON","AEGON FUNDING CORPORATION II","Financial Institutions","2545849.0","2545561.0","-288.0","0.35804","0.35907","0.00103","19.65","-5659.2","SELL","1","","","",25.0,-21.4,""
"2026-05-12","US48128B6222","48128B622","JPM-GG","JPM","JPMORGAN CHASE & CO","Financial Institutions","2477048.0","2476768.0","-280.0","0.35013","0.34972","-0.00041","19.67","-5507.6","SELL","1","","","",25.0,-21.32,""
"2026-05-12","US89832Q6952","89832Q695","TFC-R","TFC","TRUIST FINANCIAL DRC CORP","Financial Institutions","2545849.0","2545561.0","-288.0","0.33889","0.33879","-0.0001","18.54","-5339.52","SELL","1","TFC-PR",73576,0.0,25.0,-25.84,0.0
"2026-05-12","US3453708378","345370837","F","F","FORD MOTOR COMPANY","Industrial","2201811.0","2201562.0","-249.0","0.33188","0.33156","-0.00032","20.98","-5224.02","SELL","1","F",39010963,0.0,25.0,-16.08,0.0
"2026-05-12","US65339K8606","65339K860","NEE-N","NEE","NEXTERA ENERGY CAPITAL HOLDINGS IN","Utility","1892172.0","1891958.0","-214.0","0.32504","0.32541","0.00037","23.96","-5127.44","SELL","1","","","",25.0,-4.16,""
"2026-05-12","US94988U6560","94988U656","WFC-Y","WFC","WELLS FARGO & COMPANY","Financial Institutions","1892400.0","1892186.0","-214.0","0.32468","0.32477","9e-05","23.91","-5116.74","SELL","1","WFC-PY",39024,0.0,25.0,-4.36,0.0
"2026-05-12","US8168516040","816851604","SRE","SRE","SEMPRA ENERGY","Utility","2084869.0","2084633.0","-236.0","0.32232","0.32398","0.00166","21.65","-5109.4","SELL","1","SRE",3197533,0.0,25.0,-13.4,0.0
"2026-05-12","US3453708451","345370845","F","F","FORD MOTOR COMPANY","Industrial","2064175.0","2063941.0","-234.0","0.32074","0.32054","-0.0002","21.64","-5063.76","SELL","1","F",39010963,0.0,25.0,-13.44,0.0
"2026-05-12","US0200027888","020002788","ALL-J","ALL","ALLSTATE DEP REPSTG  TH NON CUM PE","Financial Institutions","1651335.0","1651148.0","-187.0","0.30969","0.309","-0.00069","26.07","-4875.09","SELL","1","ALL-PJ",43285,0.0,25.0,4.28,0.0
"2026-05-12","US03769M2052","03769M205","APO","APO","APOLLO GLOBAL MANAGEMENT INC","Financial Institutions","1651335.0","1651148.0","-187.0","0.30744","0.30817","0.00073","26.0","-4862.0","SELL","1","APO",4233390,0.0,25.0,4.0,0.0
"2026-05-12","US06055H8060","06055H806","BAC-QQ","BAC","BANK OF AMERICA CORP","Financial Institutions","2514575.0","2514290.0","-285.0","0.30718","0.30611","-0.00107","16.96","-4833.6","SELL","1","","","",25.0,-32.16,""
"2026-05-12","US65339K8291","65339K829","NEE-Z","NEE","NEXTERA ENERGY CAPITAL HOLDINGS IN","Utility","1654206.0","1654019.0","-187.0","0.29826","0.29838","0.00012","25.13","-4699.31","SELL","1","","","",25.0,0.52,""
"2026-05-12","US4932678430","493267843","KEY","KEY","KEYCORP","Financial Institutions","1651335.0","1651148.0","-187.0","0.29668","0.29691","0.00023","25.05","-4684.35","SELL","1","KEY",12576473,0.0,25.0,0.2,0.0
"2026-05-12","US0605051954","060505195","BAC-HH","BAC","BANK OF AMERICA DEP REPRESENTING","Financial Institutions","1648642.0","1648455.0","-187.0","0.29395","0.29457","0.00062","24.89","-4654.43","SELL","1","","","",25.0,-0.44,""
"2026-05-12","US38143Y6656","38143Y665","GS-A","GS","GOLDMAN SACHS GROUP INC","Financial Institutions","2064107.0","2063873.0","-234.0","0.28925","0.2929","0.00365","19.77","-4626.18","SELL","1","GS-PA",77558,0.0,25.0,-20.92,0.0
"2026-05-12","US1258968452","125896845","CMS","CMS","CMS ENERGY CORPORATION","Utility","1733944.0","1733748.0","-196.0","0.29315","0.29372","0.00057","23.6","-4625.6","SELL","1","CMS",2898397,0.0,25.0,-5.6,0.0
"2026-05-12","US2333317921","233331792","DTE-H","DTE","DTE ENERGY COMPANY","Utility","1651335.0","1651148.0","-187.0","0.2929","0.29241","-0.00049","24.67","-4613.29","SELL","1","","","",25.0,-1.32,""
"2026-05-12","US48251W6093","48251W609","KKR-T","KKR","KKR & CO INC","Financial Institutions","1623822.0","1623638.0","-184.0","0.29022","0.28987","-0.00035","24.87","-4576.08","SELL","1","","","",25.0,-0.52,""
"2026-05-12","US82846H5046","82846H504","QXO","QXO","QXO INC","Industrial","791287.0","791197.0","-90.0","0.29628","0.28574","-0.01054","50.31","-4527.9","SELL","1","QXO",13687177,0.0,25.0,101.24,0.0
"2026-05-12","US87165B2025","87165B202","SYF-A","SYF","SYNCHRONY FINANCIAL","Financial Institutions","2064462.0","2064237.0","-225.0","0.29728","0.29695","-0.00033","20.04","-4509.0","SELL","1","SYF-PA",65793,0.0,25.0,-19.84,0.0
"2026-05-12","US04686J8383","04686J838","ATH","ATH","ATHENE HOLDING LTD","Financial Institutions","1582534.0","1582355.0","-179.0","0.28568","0.28556","-0.00012","25.14","-4500.06","SELL","1","","","",25.0,0.56,""
"2026-05-12","US8425878670","842587867","SO","SO","SOUTHERN COMPANY (THE)","Utility","1555021.0","1554845.0","-176.0","0.28461","0.28529","0.00068","25.56","-4498.56","SELL","1","SO",4724240,0.0,25.0,2.24,0.0
"2026-05-12","US00123Q8722","00123Q872","AGNC-F","AGNC","AGNC INVESTMENT CORP","Financial Institutions","1582534.0","1582355.0","-179.0","0.28307","0.28363","0.00056","24.97","-4469.63","SELL","1","","","",25.0,-0.12,""
"2026-05-12","US21871X2080","21871X208","CRBG","CRBG","COREBRIDGE FINANCIAL INC","Financial Institutions","1651335.0","1651148.0","-187.0","0.28379","0.2815","-0.00229","23.75","-4441.25","SELL","1","CRBG",7032520,0.0,25.0,-5.0,0.0
"2026-05-12","US12542R3084","12542R308","CHSINC","CHSINC","CHS CUMULATIVE REDEEMABLE PREF CLA","Industrial","1476551.0","1476384.0","-167.0","0.27818","0.27873","0.00055","26.3","-4392.1","SELL","1","","","",25.0,5.2,""
"2026-05-12","US8794337613","879433761","TDS-VV","TDS","TELEPHONE AND DATA SYSTEMS INC","Industrial","1899070.0","1898855.0","-215.0","0.27306","0.27391","0.00085","20.09","-4319.35","SELL","1","","","",25.0,-19.64,""
"2026-05-12","US7838922018","783892201","EIX-M","EIX","SCE TRUST VII","Utility","1513723.0","1513552.0","-171.0","0.26892","0.26967","0.00075","24.82","-4244.22","SELL","1","","","",25.0,-0.72,""
"2026-05-12","US3453708113","345370811","F","F","FORD MOTOR COMPANY","Industrial","1651350.0","1651163.0","-187.0","0.26523","0.26527","4e-05","22.38","-4185.06","SELL","1","F",39010963,0.0,25.0,-10.48,0.0
"2026-05-12","US12542R8034","12542R803","CHSINC","CHSINC","CHS INC","Industrial","1424452.0","1424291.0","-161.0","0.26336","0.26419","0.00083","25.84","-4160.24","SELL","1","","","",25.0,3.36,""
"2026-05-12","US59156R5046","59156R504","MET-A","MET","METLIFE INC","Financial Institutions","1651758.0","1651571.0","-187.0","0.25879","0.2632","0.00441","22.2","-4151.4","SELL","1","MET-PA",84097,0.0,25.0,-11.2,0.0
"2026-05-12","US06055H4002","06055H400","BAC-NN","BAC","BANK OF AMERICA CORP","Financial Institutions","2078579.0","2078344.0","-235.0","0.2624","0.26139","-0.00101","17.52","-4117.2","SELL","1","","","",25.0,-29.92,""
"2026-05-12","US82452J3077","82452J307","FOUR","FOUR","SHIFT4 PAYMENTS INC","Industrial","688078.0","688000.0","-78.0","0.2636","0.26067","-0.00293","52.78","-4116.84","SELL","1","FOUR",1752593,0.0,25.0,111.12,0.0
"2026-05-12","US05990K8412","05990K841","BANC-F","BANC","BANC OF CALIFORNIA INC","Financial Institutions","1407319.0","1407160.0","-159.0","0.25778","0.25839","0.00061","25.58","-4067.22","SELL","1","BANC-PF",53220,0.0,25.0,2.32,0.0
"2026-05-12","US87165B4005","87165B400","SYF-B","SYF","SYNCHRONY FINANCIAL","Financial Institutions","1376251.0","1376095.0","-156.0","0.25672","0.25723","0.00051","26.04","-4062.24","SELL","1","SYF-PB",50251,0.0,25.0,4.16,0.0
"2026-05-12","US8425878837","842587883","SO-C","SO","SOUTHERN COMPANY (THE)","Utility","2064487.0","2064253.0","-234.0","0.25634","0.25635","1e-05","17.3","-4048.2","SELL","1","","","",25.0,-30.8,""
"2026-05-12","US0200023093","020002309","ALL","ALL","ALLSTATE CORPORATION (THE)","Financial Institutions","1376300.0","1376144.0","-156.0","0.25436","0.25497","0.00061","25.81","-4026.36","SELL","1","ALL",1394367,0.0,25.0,3.24,0.0
"2026-05-12","US7591EP8604","7591EP860","RF","RF","REGIONS FINANCIAL CORPORATION","Financial Institutions","1376377.0","1376221.0","-156.0","0.25566","0.25488","-0.00078","25.8","-4024.8","SELL","1","RF",10132240,0.0,25.0,3.2,0.0
"2026-05-12","US0640588457","64058845","BK-K","BK","BANK OF NEW YORK MELLON CORP/THE","Financial Institutions","1376433.0","1376277.0","-156.0","0.25192","0.25361","0.00169","25.67","-4004.52","SELL","1","BK-PK",30215,0.0,25.0,2.68,0.0
"2026-05-12","US9029737593","902973759","USB-K","USB","US BANCORP","Financial Institutions","1576687.0","1576509.0","-178.0","0.25346","0.25314","-0.00032","22.37","-3981.86","SELL","1","","","",25.0,-10.52,""
"2026-05-12","US04686J5074","04686J507","ATH-E","ATH","ATHENE HLDG LTD DEP SHR REPSTG   I","Financial Institutions","1376445.0","1376289.0","-156.0","0.25153","0.25183","0.0003","25.49","-3976.44","SELL","1","ATH-PE",63765,0.0,25.0,1.96,0.0
"2026-05-12","US4932677028","493267702","KEY-E","KEY","KEYCORP","Financial Institutions","1370997.0","1370842.0","-155.0","0.24788","0.24818","0.0003","25.22","-3909.1","SELL","1","","","",25.0,0.88,""
"2026-05-12","US7591EP7044","7591EP704","RF-C","RF","REGIONS FINANCIAL CORPORATION","Financial Institutions","1376560.0","1376404.0","-156.0","0.24209","0.24247","0.00038","24.54","-3828.24","SELL","1","RF-PC",37488,0.0,25.0,-1.84,0.0
"2026-05-12","US89832Q7455","89832Q745","TFC-O","TFC","TRUIST FINANCIAL PERPETUAL PREF SE","Financial Institutions","1583069.0","1582890.0","-179.0","0.241","0.24044","-0.00056","21.16","-3787.64","SELL","1","TFC-PO",41003,0.0,25.0,-15.36,0.0
"2026-05-12","US12542R7044","12542R704","CHSINC","CHSINC","CHS RESET RATE CUMULATIVE REDEEMAB","Industrial","1356082.0","1355932.0","-150.0","0.24363","0.24465","0.00102","25.14","-3771.0","SELL","1","","","",25.0,0.56,""
"2026-05-12","US26441C4024","26441C402","DUK","DUK","DUKE ENERGY CORP","Utility","1376727.0","1376571.0","-156.0","0.23818","0.23835","0.00017","24.12","-3762.72","SELL","1","DUK",3262213,0.0,25.0,-3.52,0.0
"2026-05-12","US55261F8499","55261F849","MTB-K","MTB","M&T BANK CORPORATION","Financial Institutions","1239600.0","1239450.0","-150.0","0.22262","0.22288","0.00026","25.05","-3757.5","SELL","1","MTB-PK",46296,0.0,25.0,0.2,0.0
"2026-05-12","US9029737189","902973718","USB-M","USB","US BANCORP","Financial Institutions","2065214.0","2064980.0","-234.0","0.23528","0.23458","-0.0007","15.82","-3701.88","SELL","1","","","",25.0,-36.72,""
"2026-05-12","US6494452021","649445202","FLG-A","FLG","NEW YORK COMMUNITY BANCORP INT FXD","Financial Institutions","1418216.0","1418056.0","-160.0","0.23418","0.23494","0.00076","23.08","-3692.8","SELL","1","FLG-PA",115118,0.0,25.0,-7.68,0.0
"2026-05-12","US64828T7063","64828T706","RITM-D","RITM","NEW RESIDENTIAL INVESTMENT CORP","Financial Institutions","1275031.0","1274887.0","-144.0","0.22734","0.22815","0.00081","24.93","-3589.92","SELL","1","RITM-PD",53552,0.0,25.0,-0.28,0.0
"2026-05-12","US3167736053","316773605","FITB-I","FITB","FIFTH THIRD BANCORP DEPOSITARY SHA","Financial Institutions","1233934.0","1233794.0","-140.0","0.22487","0.22549","0.00062","25.46","-3564.4","SELL","1","","","",25.0,1.84,""
"2026-05-12","BMG1624R1079","-","BPY","BPY","BROOKFIELD PROPERTY PREFERRED PREF","Industrial","1840204.0","1839996.0","-208.0","0.22256","0.22454","0.00198","17.0","-3536.0","SELL","1","","","",25.0,-32.0,""
"2026-05-12","US0357108473","035710847","NLY-I","NLY","ANNALY CAPITAL MANAGEMENT INC","Financial Institutions","1213334.0","1213197.0","-137.0","0.22337","0.22408","0.00071","25.73","-3525.01","SELL","1","NLY-PI",73611,0.0,25.0,2.92,0.0
"2026-05-12","US9182842099","918284209","VSEC","VSEC","VSE CORP","Industrial","634256.0","634184.0","-72.0","0.22672","0.22252","-0.0042","48.88","-3519.36","SELL","1","VSEC",563517,0.0,25.0,95.52,0.0
"2026-05-12","US14040H7585","14040H758","COF-L","COF","CAPITAL ONE FINANCIAL CORPORATION","Financial Institutions","1859222.0","1859012.0","-210.0","0.22273","0.22246","-0.00027","16.67","-3500.7","SELL","1","COF-PL",38298,0.0,25.0,-33.32,0.0
"2026-05-12","US8574778556","857477855","STT-G","STT","STATE STREET CORP","Financial Institutions","1370997.0","1370842.0","-155.0","0.21941","0.21944","3e-05","22.3","-3456.5","SELL","1","STT-PG",41868,0.0,25.0,-10.8,0.0
"2026-05-12","US8085138654","808513865","SCHW-J","SCHW","CHARLES SCHWAB CORPORATION (THE)","Financial Institutions","1652714.0","1652527.0","-187.0","0.21633","0.21637","4e-05","18.24","-3410.88","SELL","1","SCHW-PJ",72875,0.0,25.0,-27.04,0.0
"2026-05-12","US0082528276","008252827","AMG","AMG","AFFILIATED MANAGERS GROUP INC.","Financial Institutions","1239715.0","1239575.0","-140.0","0.21403","0.214","-3e-05","24.05","-3367.0","SELL","1","AMG",345917,0.0,25.0,-3.8,0.0
"2026-05-12","US0357108622","035710862","NLY-G","NLY","ANNALY CAPITAL MANAGEMENT INC","Financial Institutions","1165357.0","1165225.0","-132.0","0.21173","0.21271","0.00098","25.43","-3356.76","SELL","1","NLY-PG",26538,0.0,25.0,1.72,0.0
"2026-05-12","US12542R5063","12542R506","CHSINC","CHSINC","CHS INC","Industrial","1157098.0","1156967.0","-131.0","0.20946","0.21054","0.00108","25.35","-3320.85","SELL","1","","","",25.0,1.4,""
"2026-05-12","US06055H6080","06055H608","BAC-PP","BAC","BANK OF AMERICA DRC CORP","Financial Institutions","1756495.0","1756296.0","-199.0","0.21068","0.21004","-0.00064","16.66","-3315.34","SELL","1","BAC-PP",47121,0.0,25.0,-33.36,0.0
"2026-05-12","US97650W7020","97650W702","WTFC-F","WTFC","WINTRUST FINANCIAL CORPORATION","Financial Institutions","1170675.0","1170550.0","-125.0","0.22265","0.22267","2e-05","26.5","-3312.5","SELL","1","","","",25.0,6.0,""
"2026-05-12","US1746106004","174610600","CFG-H","CFG","CITIZENS FINANCIAL GROUP INC","Financial Institutions","1102173.0","1102048.0","-125.0","0.20788","0.2079","2e-05","26.28","-3285.0","SELL","1","CFG-PH",22971,0.0,25.0,5.12,0.0
"2026-05-12","US3167738372","316773837","FITBM","FITB","FIFTH THIRD BANCORP DEPOSITARY SHA","Financial Institutions","1102196.0","1102071.0","-125.0","0.20718","0.20759","0.00041","26.24","-3280.0","SELL","1","FITBM",60207,0.0,25.0,4.96,0.0
"2026-05-12","US9633202059","963320205","WHR-A","WHR","WHIRLPOOL CORPORATION","Industrial","791359.0","791269.0","-90.0","0.20298","0.20346","0.00048","35.82","-3223.8","SELL","1","WHR-PA",241028,0.0,25.0,43.28,0.0
"2026-05-12","US74460W5528","74460W552","PSA-L","PSA","PUBLIC STORAGE","Financial Institutions","1556733.0","1556557.0","-176.0","0.20377","0.20437","0.0006","18.29","-3219.04","SELL","1","PSA-PL",46115,0.0,25.0,-26.84,0.0
"2026-05-12","US00123Q8078","00123Q807","AGNC-E","AGNC","AGNC INVESTMENT CORP","Financial Institutions","1103646.0","1103521.0","-125.0","0.202","0.20263","0.00063","25.58","-3197.5","SELL","1","","","",25.0,2.32,""
"2026-05-12","US61762V8046","61762V804","MS-L","MS","MORGAN STANLEY","Financial Institutions","1377724.0","1377568.0","-156.0","0.20214","0.20203","-0.00011","20.43","-3187.08","SELL","1","MS-PL",23753,0.0,25.0,-18.28,0.0
"2026-05-12","US1746108083","174610808","CFG-I","CFG","CITIZENS FINANCIAL GROUP INC","Financial Institutions","1102309.0","1102184.0","-125.0","0.19994","0.20089","0.00095","25.39","-3173.75","SELL","1","CFG-PI",26576,0.0,25.0,1.56,0.0
"2026-05-12","US31959X4007","31959X400","FCNCA","FCNCA","FIRST CITIZENS BANCSHARES INC (DEL","Financial Institutions","1102331.0","1102206.0","-125.0","0.19958","0.19978","0.0002","25.25","-3156.25","SELL","1","FCNCA",69257,0.0,25.0,1.0,0.0
"2026-05-12","US7593518027","759351802","RGA","RGA","REINSURANCE GROUP OF AMERICA INCOR","Financial Institutions","1102315.0","1102190.0","-125.0","0.19915","0.1997","0.00055","25.24","-3155.0","SELL","1","RGA",344750,0.0,25.0,0.96,0.0
"2026-05-12","US9029738666","902973866","USB-A","USB","US BANCORP","Financial Institutions","39557.0","39553.0","-4.0","0.21933","0.22061","0.00128","777.0","-3108.0","SELL","1","USB-PA",1300,0.0,1000.0,-22.3,0.0
"2026-05-12","US3205178409","320517840","FHN-H","FHN","FIRST HORIZON CORP","Financial Institutions","1099170.0","1099046.0","-124.0","0.1974","0.19692","-0.00048","24.96","-3095.04","SELL","1","FHN-PH",166053,0.0,25.0,-0.16,0.0
"2026-05-12","US8726521029","872652102","TPG","TPG","TPG OPERATING GROUP II LP","Financial Institutions","1102377.0","1102252.0","-125.0","0.19497","0.19488","-9e-05","24.63","-3078.75","SELL","1","TPG",2969317,0.0,25.0,-1.48,0.0
"2026-05-12","US87264A1051","87264A105","TMUS","TMUS","T-MOBILE USA INC","Industrial","1084467.0","1084344.0","-123.0","0.19359","0.19452","0.00093","24.99","-3073.77","SELL","1","TMUS",6177427,0.0,25.0,-0.04,0.0
"2026-05-12","US8425874042","842587404","SO","SO","SOUTHERN COMPANY (THE)","Utility","1240275.0","1240135.0","-140.0","0.19414","0.1938","-0.00034","21.77","-3047.8","SELL","1","SO",4724240,0.0,25.0,-12.92,0.0
"2026-05-12","US64828T5083","64828T508","RITM-C","RITM","NEW RESIDENTIAL INVESTMENT CORP","Financial Institutions","1090185.0","1090062.0","-123.0","0.1918","0.1932","0.0014","24.69","-3036.87","SELL","1","RITM-PC",41851,0.0,25.0,-1.24,0.0
"2026-05-12","US4932678687","493267868","KEY-G","KEY","KEYCORP","Financial Institutions","1233934.0","1233794.0","-140.0","0.18909","0.18909","0.0","21.35","-2989.0","SELL","1","","","",25.0,-14.6,""
"2026-05-12","US74460W4612","74460W461","PSA-P","PSA","PUBLIC STORAGE","Financial Institutions","1664174.0","1663986.0","-188.0","0.18935","0.18968","0.00033","15.88","-2985.44","SELL","1","PSA-PP",72484,0.0,25.0,-36.48,0.0
"2026-05-12","US04686J4085","04686J408","ATH-D","ATH","ATHENE HOLDING DS REPRESENTING A","Financial Institutions","1585042.0","1584863.0","-179.0","0.19045","0.18829","-0.00216","16.55","-2962.45","SELL","1","ATH-PD",40386,0.0,25.0,-33.8,0.0
"2026-05-12","US72348N3070","72348N307","PNFP-B","PNFP","PINNACLE FINANCIAL PARTNERS NON CU","Financial Institutions","965006.0","964897.0","-109.0","0.18329","0.18459","0.0013","26.65","-2904.85","SELL","1","PNFP-PB",15835,0.0,25.0,6.6,0.0
"2026-05-12","US8794337878","879433787","TDS-UU","TDS","TELEPHONE DATA SYS DRC INC","Industrial","1158095.0","1157964.0","-131.0","0.18368","0.18391","0.00023","22.13","-2899.03","SELL","1","","","",25.0,-11.48,""
"2026-05-12","US0158578080","015857808","AQNCN","AQNCN","ALGONQUIN POWER & UTILITIES CORP","Utility","965043.0","964934.0","-109.0","0.18133","0.18131","-2e-05","26.18","-2853.62","SELL","1","","","",25.0,4.72,""
"2026-05-12","US06055H8714","06055H871","BAC-SS","BAC","BANK OF AMERICA CORP","Financial Institutions","1316868.0","1316719.0","-149.0","0.18095","0.18025","-0.0007","19.07","-2841.43","SELL","1","","","",25.0,-23.72,""
"2026-05-12","US4932678760","493267876","KEY-F","KEY","KEYCORP","Financial Institutions","1165357.0","1165225.0","-132.0","0.17899","0.17925","0.00026","21.43","-2828.76","SELL","1","","","",25.0,-14.28,""
"2026-05-12","US87264A2042","87264A204","TMUS","TMUS","T-MOBILE USA INC","Industrial","1105261.0","1105136.0","-125.0","0.17681","0.17747","0.00066","22.37","-2796.25","SELL","1","TMUS",6177427,0.0,25.0,-10.52,0.0
"2026-05-12","US8935266812","893526681","TRPCN","TRPCN","TRANSCANADA PIPELINES LTD","Industrial","1020335.0","1020220.0","-115.0","0.1755","0.17584","0.00034","24.01","-2761.15","SELL","1","","","",25.0,-3.96,""
"2026-05-12","US87264A3032","87264A303","TMUS","TMUS","T-MOBILE USA INC","Industrial","1088675.0","1088552.0","-123.0","0.17353","0.17371","0.00018","22.23","-2734.29","SELL","1","TMUS",6177427,0.0,25.0,-11.08,0.0
"2026-05-12","US2333318598","233331859","DTE-E","DTE","DTE ENERGY COMPANY","Utility","1103199.0","1103074.0","-125.0","0.17245","0.17254","9e-05","21.79","-2723.75","SELL","1","","","",25.0,-12.84,""
"2026-05-12","US00123Q8318","00123Q831","AGNC-H","AGNC","AGNC INVESTMENT CORP","Financial Institutions","945987.0","945880.0","-107.0","0.17219","0.17213","-6e-05","25.35","-2712.45","SELL","1","","","",25.0,1.4,""
"2026-05-12","US4165186036","416518603","HIG-G","HIG","HARTFORD FINANCIAL SERVICES GROUP","Financial Institutions","951483.0","951375.0","-108.0","0.17033","0.17012","-0.00021","24.91","-2690.28","SELL","1","HIG-PG",18285,0.0,25.0,-0.36,0.0
"2026-05-12","US30190A2033","30190A203","FG","FG","F&G ANNUITIES & LIFE INC","Financial Institutions","945987.0","945880.0","-107.0","0.16982","0.16988","6e-05","25.02","-2677.14","SELL","1","FG",584017,0.0,25.0,0.08,0.0
"2026-05-12","US12542R2094","12542R209","CHSINC","CHSINC","CHS INC. (8% CUMULATIVE REDEEMABLE","Industrial","846215.0","846119.0","-96.0","0.16827","0.16934","0.00107","27.88","-2676.48","SELL","1","","","",25.0,11.52,""
"2026-05-12","US1746104025","174610402","CFG-E","CFG","CITIZENS FINANCIAL GROUP INC","Financial Institutions","1241085.0","1240945.0","-140.0","0.17081","0.17019","-0.00062","19.11","-2675.4","SELL","1","CFG-PE",28777,0.0,25.0,-23.56,0.0
"2026-05-12","US62913M2061","62913M206","NGL-B","NGL","NGL ENERGY PARTNERS LP","Industrial","928607.0","928502.0","-105.0","0.16853","0.1693","0.00077","25.4","-2667.0","SELL","1","NGL-PB",20705,0.0,25.0,1.6,0.0
"2026-05-12","US03939A4040","03939A404","ACGL-G","ACGL","ARCH CAPITAL GROUP LTD.","Financial Institutions","1378988.0","1378832.0","-156.0","0.16984","0.16911","-0.00073","17.09","-2666.04","SELL","1","","","",25.0,-31.64,""
"2026-05-12","US78410V2007","78410V200","SCE-L","EIX","SCE TRUST VI","Financial Institutions","1310097.0","1309949.0","-148.0","0.16877","0.1686","-0.00017","17.93","-2653.64","SELL","1","SCE-PL",18421,0.0,25.0,-28.28,0.0
"2026-05-12","US29364D1000","29364D100","ETR","ETR","ENTERGY ARKANSAS LLC","Utility","1130886.0","1130758.0","-128.0","0.16808","0.16819","0.00011","20.72","-2652.16","SELL","1","ETR",2969683,0.0,25.0,-17.12,0.0
"2026-05-12","US14314C1053","14314C105","CG","CG","CARLYLE FINANCE LLC","Financial Institutions","1378933.0","1378777.0","-156.0","0.16894","0.16826","-0.00068","17.0","-2652.0","SELL","1","CG",3398857,0.0,25.0,-32.0,0.0
"2026-05-12","US4461508230","446150823","HBAN-H","HBAN","HUNTINGTON BANCSHARES DRC INC","Financial Institutions","1378998.0","1378842.0","-156.0","0.16856","0.16757","-0.00099","16.93","-2641.08","SELL","1","","","",25.0,-32.28,""
"2026-05-12","US00123Q5009","00123Q500","AGNC-C","AGNC","AGNC INVESTMENT CORP","Financial Institutions","891141.0","891040.0","-101.0","0.16444","0.16458","0.00014","25.73","-2598.73","SELL","1","","","",25.0,2.92,""
"2026-05-12","US80620A2087","80620A208","EIX-N","EIX","SCE TRUST VIII","Utility","959717.0","959608.0","-109.0","0.16356","0.16346","-0.0001","23.73","-2586.57","SELL","1","","","",25.0,-5.08,""
"2026-05-12","US8629452017","862945201","ASSE-A","ASSE","STRIVE INC","Industrial","227581.0","227555.0","-26.0","0.16198","0.1623","0.00032","99.36","-2583.36","SELL","1","","","",25.0,297.44,""
"2026-05-12","US4461507737","446150773","HBAN-J","HBAN","HUNTINGTON BANCSHARES INC","Financial Institutions","896646.0","896546.0","-100.0","0.1643","0.16489","0.00059","25.62","-2562.0","SELL","1","","","",25.0,2.48,""
"2026-05-12","US74965L2007","74965L200","RLJ-A","RLJ","RLJ LODGING .95 CUMULATIVE CONVERT","Financial Institutions","882930.0","882830.0","-100.0","0.1597","0.16027","0.00057","25.29","-2529.0","SELL","1","RLJ-PA",36354,0.0,25.0,1.16,0.0
"2026-05-12","US30190A6091","30190A609","FG","FG","F&G ANNUITIES & LIFE INC","Financial Institutions","1028272.0","1028156.0","-116.0","0.16088","0.1609","2e-05","21.8","-2528.8","SELL","1","FG",584017,0.0,25.0,-12.8,0.0
"2026-05-12","US9027884058","902788405","UMBF","UMBF","UMB FINANCIAL CORPORATION","Financial Institutions","822631.0","822538.0","-93.0","0.15863","0.15925","0.00062","26.97","-2508.21","SELL","1","UMBF",706563,0.0,25.0,7.88,0.0
"2026-05-12","US48253M1045","48253M104","KKR","KKR","KKR GROUP FINANCE CO IX LLC","Financial Institutions","1379279.0","1379129.0","-150.0","0.16641","0.16543","-0.00098","16.71","-2506.5","SELL","1","KKR",5140547,0.0,25.0,-33.16,0.0
"2026-05-12","US9029736686","902973668","USB-O","USB","US BANCORP","Financial Institutions","1241593.0","1241453.0","-140.0","0.15959","0.15881","-0.00078","17.82","-2494.8","SELL","1","","","",25.0,-28.72,""
"2026-05-12","US16934Q4064","16934Q406","CIM-B","CIM","CHIMERA INVESTMENT CORP","Financial Institutions","891137.0","891036.0","-101.0","0.15729","0.15754","0.00025","24.63","-2487.63","SELL","1","CIM-PB",37335,0.0,25.0,-1.48,0.0
"2026-05-12","BMG7498P1279","-","RNR-G","RNR","RENAISSANCERE HOLDINGS LTD","Financial Institutions","1379859.0","1379703.0","-156.0","0.15404","0.15391","-0.00013","15.54","-2424.24","SELL","1","RNR-PG",27702,0.0,25.0,-37.84,0.0
"2026-05-12","US6658598569","665859856","NTRS-E","NTRS","NORTHERN TRUST CORPORATION","Financial Institutions","1096848.0","1096724.0","-124.0","0.15111","0.15108","-3e-05","19.19","-2379.56","SELL","1","","","",25.0,-23.24,""
"2026-05-12","US0454876006","045487600","ASB","ASB","ASSOCIATED BANC-CORP","Financial Institutions","828160.0","828066.0","-94.0","0.14967","0.14985","0.00018","25.21","-2369.74","SELL","1","ASB",2143843,0.0,25.0,0.84,0.0
"2026-05-12","US10922N7075","10922N707","BHF-C","BHF","BRIGHTHOUSE FINANCIAL INC","Financial Institutions","1587242.0","1587062.0","-180.0","0.14764","0.14879","0.00115","13.06","-2350.8","SELL","1","","","",25.0,-47.76,""
"2026-05-12","US9029737346","902973734","USB-L","USB","US BANCORP","Financial Institutions","1380135.0","1379979.0","-156.0","0.14903","0.14839","-0.00064","14.98","-2336.88","SELL","1","","","",25.0,-40.08,""
"2026-05-12","US0256768591","025676859","ANGINC","ANGINC","AMERICAN NATIONAL GROUP INC","Financial Institutions","822631.0","822538.0","-93.0","0.14656","0.14646","-0.0001","24.81","-2307.33","SELL","1","","","",25.0,-0.76,""
"2026-05-12","US3196263053","319626305","FCNCA","FCNCA","FIRST CITIZENS BANCSHARES INC.","Financial Institutions","952337.0","952229.0","-108.0","0.14484","0.14355","-0.00129","21.0","-2268.0","SELL","1","FCNCA",69257,0.0,25.0,-16.0,0.0
"2026-05-12","US9030025095","903002509","UMH-D","UMH","UMH PROPERTIES INC","Financial Institutions","889948.0","889847.0","-101.0","0.14201","0.14321","0.0012","22.42","-2264.42","SELL","1","UMH-PD",16769,0.0,25.0,-10.32,0.0
"2026-05-12","US05580M8192","05580M819","RILYI","RILY","B. RILEY FINANCIAL INC","Financial Institutions","1056398.0","1056278.0","-120.0","0.14206","0.14255","0.00049","18.8","-2256.0","SELL","1","","","",25.0,-24.8,""
"2026-05-12","US9290892093","929089209","VOYA-B","VOYA","VOYA FINANCIAL INC","Financial Institutions","822631.0","822538.0","-93.0","0.14202","0.14236","0.00034","24.11","-2242.23","SELL","1","VOYA-PB",19594,0.0,25.0,-3.56,0.0
"2026-05-12","US9576384062","957638406","WAL-A","WAL","WESTERN ALLIANCE BANCORP","Financial Institutions","822631.0","822538.0","-93.0","0.14031","0.14082","0.00051","23.85","-2218.05","SELL","1","WAL-PA",15597,0.0,25.0,-4.6,0.0
"2026-05-12","US0357108218","035710821","NLY-J","NLY","ANNALY CAPITAL MANAGEMENT INC","Financial Institutions","754055.0","753970.0","-85.0","0.14079","0.14124","0.00045","26.09","-2217.65","SELL","1","NLY-PJ",33349,0.0,25.0,4.36,0.0
"2026-05-12","US64828T4094","64828T409","RITM-B","RITM","NEW RESIDENTIAL INVESTMENT CORP","Financial Institutions","771956.0","771869.0","-87.0","0.13957","0.14007","0.0005","25.28","-2199.36","SELL","1","RITM-PB",38037,0.0,25.0,1.12,0.0
"2026-05-12","US2538688225","253868822","DLR-L","DLR","DIGITAL REALTY TRUST INC","Financial Institutions","945987.0","945880.0","-107.0","0.13785","0.1379","5e-05","20.31","-2173.17","SELL","1","DLR-PL",24559,0.0,25.0,-18.76,0.0
"2026-05-12","US14040H7338","14040H733","COF-N","COF","CAPITAL ONE FINL DS REPSTG  TH PRF","Financial Institutions","1173894.0","1173761.0","-133.0","0.13735","0.13742","7e-05","16.31","-2169.23","SELL","1","COF-PN",24718,0.0,25.0,-34.76,0.0
"2026-05-12","US91529Y6014","91529Y601","UNM","UNM","UNUM GROUP","Financial Institutions","822631.0","822538.0","-93.0","0.13743","0.13728","-0.00015","23.25","-2162.25","SELL","1","UNM",1337927,0.0,25.0,-7.0,0.0
"2026-05-12","US74460W4208","74460W420","PSA-R","PSA","PUBLIC STORAGE","Financial Institutions","1201534.0","1201398.0","-136.0","0.13577","0.136","0.00023","15.77","-2144.72","SELL","1","PSA-PR",30752,0.0,25.0,-36.92,0.0
"2026-05-12","US10922N3017","10922N301","BHF-A","BHF","BRIGHTHOUSE FINANCIAL INC","Financial Institutions","1173889.0","1173756.0","-133.0","0.13399","0.13464","0.00065","15.98","-2125.34","SELL","1","","","",25.0,-36.08,""
"2026-05-12","US04686J2006","04686J200","ATH-B","ATH","ATHENE HLDG DRC LTD","Financial Institutions","945986.0","945879.0","-107.0","0.13399","0.13312","-0.00087","19.61","-2098.27","SELL","1","ATH-PB",23709,0.0,25.0,-21.56,0.0
"2026-05-12","US10922N5095","10922N509","BHF-B","BHF","BRIGHTHOUSE FINANCIAL INC","Financial Institutions","1111857.0","1111731.0","-126.0","0.13208","0.1324","0.00032","16.59","-2090.34","SELL","1","","","",25.0,-33.64,""
"2026-05-12","US7591EP8869","7591EP886","RF-E","RF","REGIONS FINL DRC CORP","Financial Institutions","1105069.0","1104944.0","-125.0","0.13159","0.13167","8e-05","16.6","-2075.0","SELL","1","RF-PE",28558,0.0,25.0,-33.6,0.0
"2026-05-12","US03939A1079","03939A107","ACGL-F","ACGL","ARCH CAPITAL GROUP LTD.","Financial Institutions","904849.0","904747.0","-102.0","0.13198","0.13171","-0.00027","20.28","-2068.56","SELL","1","","","",25.0,-18.88,""
"2026-05-12","US4440973075","444097307","HPP-C","HPP","HUDSON PACIFIC PROPERTIES INC","Financial Institutions","1165357.0","1165225.0","-132.0","0.12893","0.13032","0.00139","15.58","-2056.56","SELL","1","HPP-PC",11467,0.0,25.0,-37.68,0.0
"2026-05-12","US25525P2065","25525P206","DHC","DHC","DIVERSIFIED HEALTHCARE .625% SENIO","Financial Institutions","959717.0","959608.0","-109.0","0.12645","0.12909","0.00264","18.74","-2042.66","SELL","1","DHC",1428720,0.0,25.0,-25.04,0.0
"2026-05-12","US55272X5086","55272X508","MFA-C","MFA","MFA FINANCIAL INC","Financial Institutions","754055.0","753970.0","-85.0","0.12851","0.12906","0.00055","23.84","-2026.4","SELL","1","MFA-PC",22433,0.0,25.0,-4.64,0.0
"2026-05-12","US74460W6443","74460W644","PSA-H","PSA","PUBLIC STORAGE","Financial Institutions","787552.0","787463.0","-89.0","0.12753","0.12781","0.00028","22.61","-2012.29","SELL","1","PSA-PH",19624,0.0,25.0,-9.56,0.0
"2026-05-12","US1258968528","125896852","CMS","CMS","CMS ENERGY CORPORATION","Utility","767803.0","767716.0","-87.0","0.12711","0.12736","0.00025","23.11","-2010.57","SELL","1","CMS",2898397,0.0,25.0,-7.56,0.0
"2026-05-12","US10922N2027","10922N202","BHF","BHF","BRIGHTHOUSE FINANCIAL INC","Financial Institutions","1036438.0","1036321.0","-117.0","0.12483","0.12617","0.00134","16.96","-1984.32","SELL","1","BHF",526273,0.0,25.0,-32.16,0.0
"2026-05-12","US88224Q3056","88224Q305","TCBI-B","TCBI","TEXAS CAP BANCSHARES DRC INC","Financial Institutions","822631.0","822538.0","-93.0","0.12671","0.125","-0.00171","21.17","-1968.81","SELL","1","","","",25.0,-15.32,""
"2026-05-12","US55261F8721","55261F872","MTB-H","MTB","M AND T BANK PERPETUAL FIXED TO FL","Financial Institutions","685501.0","685423.0","-78.0","0.12365","0.12404","0.00039","25.21","-1966.38","SELL","1","MTB-PH",17885,0.0,25.0,0.84,0.0
"2026-05-12","US90187B3096","90187B309","TWO-B","TWO","TWO HARBORS INVESTMENT CORP","Financial Institutions","696402.0","696323.0","-79.0","0.12317","0.12361","0.00044","24.73","-1953.67","SELL","1","TWO-PB",33006,0.0,25.0,-1.08,0.0
"2026-05-12","US0082528508","008252850","AMG","AMG","AFFILIATED MANAGERS GROUP INC.","Financial Institutions","829388.0","829294.0","-94.0","0.12329","0.12359","0.0003","20.76","-1951.44","SELL","1","AMG",345917,0.0,25.0,-16.96,0.0
"2026-05-12","BMG053842040","-","AHL","AHL","ASPEN INSURANCE HOLDINGS LTD","Financial Institutions","825449.0","825356.0","-93.0","0.12383","0.12383","0.0","20.9","-1943.7","SELL","1","","","",25.0,-16.4,""
"2026-05-12","US8805913006","880591300","TVA-D","TVA","TENN VALLEY AUTHORITY","Agency","703267.0","703187.0","-80.0","0.12187","0.12236","0.00049","24.24","-1939.2","SELL","1","","","",25.0,-3.04,""
"2026-05-12","US11271L1026","11271L102","BNCN","BNCN","BROOKFIELD FINANCE INC","Financial Institutions","1096848.0","1096724.0","-124.0","0.12292","0.12301","9e-05","15.63","-1938.12","SELL","1","","","",25.0,-37.48,""
"2026-05-12","US64828T8889","64828T888","RITM-F","RITM","RITHM CAPITAL CORP","Financial Institutions","685501.0","685423.0","-78.0","0.12026","0.12084","0.00058","24.56","-1915.68","SELL","1","RITM-PF",45084,0.0,25.0,-1.76,0.0
"2026-05-12","US16934Q5053","16934Q505","CIM-C","CIM","CHIMERA INVESTMENT CORP","Financial Institutions","712958.0","712877.0","-81.0","0.11895","0.12097","0.00202","23.64","-1914.84","SELL","1","CIM-PC",41872,0.0,25.0,-5.44,0.0
"2026-05-12","US74460W6286","74460W628","PSA-I","PSA","PUBLIC STORAGE REPSTG  TH BEN INT","Financial Institutions","867182.0","867084.0","-98.0","0.12065","0.12069","4e-05","19.39","-1900.22","SELL","1","PSA-PI",28951,0.0,25.0,-22.44,0.0
"2026-05-12","US74460W6690","74460W669","PSA-G","PSA","PUBLIC STORAGE","Financial Institutions","822631.0","822538.0","-93.0","0.11999","0.12039","0.0004","20.39","-1896.27","SELL","1","PSA-PG",29589,0.0,25.0,-18.44,0.0
"2026-05-12","US3733344408","373334440","SO","SO","GEORGIA POWER COMPANY","Utility","740346.0","740262.0","-84.0","0.11864","0.11951","0.00087","22.49","-1889.16","SELL","1","SO",4724240,0.0,25.0,-10.04,0.0
"2026-05-12","US6374321056","637432105","NRUC-US","NRUC","NATIONAL RURAL UTILITIES COOPERATI","Utility","685500.0","685422.0","-78.0","0.11761","0.11912","0.00151","24.21","-1888.38","SELL","1","","","",25.0,-3.16,""
"2026-05-12","US48251K2096","48251K209","KREF-A","KREF","KKR REAL ESTATE FINANCE TRUST INC","Financial Institutions","898679.0","898577.0","-102.0","0.11808","0.1183","0.00022","18.34","-1870.68","SELL","1","KREF-PA",26382,0.0,25.0,-26.64,0.0
"2026-05-12","US90187B5075","90187B507","TWO-C","TWO","TWO HARBORS INVESTMENT CORP","Financial Institutions","662282.0","662207.0","-75.0","0.11766","0.11789","0.00023","24.8","-1860.0","SELL","1","TWO-PC",57854,0.0,25.0,-0.8,0.0
"2026-05-12","US9508108878","950810887","WSBC-B","WSBC","WESBANCO INC","Financial Institutions","630650.0","630579.0","-71.0","0.1166","0.11688","0.00028","25.82","-1833.22","SELL","1","","","",25.0,3.28,""
"2026-05-12","US0844238057","084423805","WRB","WRB","WR BERKLEY CORPORATION","Financial Institutions","829660.0","829566.0","-94.0","0.11549","0.11565","0.00016","19.42","-1825.48","SELL","1","WRB",2041353,0.0,25.0,-22.32,0.0
"2026-05-12","US00123Q6098","00123Q609","AGNC-D","AGNC","AGNC INVESTMENT CORP","Financial Institutions","644381.0","644308.0","-73.0","0.11522","0.11563","0.00041","25.0","-1825.0","SELL","1","","","",25.0,0.0,""
"2026-05-12","US74460W6856","74460W685","PSA-F","PSA","PUBLIC STORAGE DS REPRESENTING  TH","Financial Institutions","767803.0","767716.0","-87.0","0.11392","0.11325","-0.00067","20.55","-1787.85","SELL","1","PSA-PF",22580,0.0,25.0,-17.8,0.0
"2026-05-12","US0200028126","020002812","ALL-I","ALL","ALLSTATE CORPORATION (THE)","Financial Institutions","822631.0","822538.0","-93.0","0.11292","0.11301","9e-05","19.14","-1780.02","SELL","1","ALL-PI",23505,0.0,25.0,-23.44,0.0
"2026-05-12","US72348N5059","72348N505","PNFP-C","PNFP","PINNACLE FINANCIAL PARTNERS DEPOSI","Financial Institutions","622532.0","622462.0","-70.0","0.11238","0.1126","0.00022","25.2","-1764.0","SELL","1","PNFP-PC",29318,0.0,25.0,0.8,0.0
"2026-05-12","US9290428286","929042828","VNO-M","VNO","VORNADO REALTY TRUST","Financial Institutions","876065.0","875966.0","-99.0","0.11147","0.11161","0.00014","17.75","-1757.25","SELL","1","VNO-PM",26319,0.0,25.0,-29.0,0.0
"2026-05-12","US58844R8503","58844R850","MBIN","MBIN","MERCHANTS BANCORP","Financial Institutions","630650.0","630579.0","-71.0","0.11181","0.11194","0.00013","24.73","-1755.83","SELL","1","MBIN",174613,0.0,25.0,-1.08,0.0
"2026-05-12","US63938C4050","63938C405","NAVI","NAVI","NAVIENT  PRCNT SENIOR NOTES EXP  D","Financial Institutions","822631.0","822538.0","-93.0","0.11151","0.11083","-0.00068","18.77","-1745.61","SELL","1","NAVI",985017,0.0,25.0,-24.92,0.0
"2026-05-12","US3193836000","319383600","BUSE-B","BUSE","FIRST BUSEY CORPORATION","Financial Institutions","589553.0","589486.0","-67.0","0.10961","0.11002","0.00041","26.0","-1742.0","SELL","1","","","",25.0,4.0,""
"2026-05-12","BMG053841703","-","AHL","AHL","ASPEN INSURANCE HOLDINGS LTD","Financial Institutions","616991.0","616921.0","-70.0","0.10962","0.11009","0.00047","24.86","-1740.2","SELL","1","","","",25.0,-0.56,""
"2026-05-12","US29364W1080","29364W108","ETR","ETR","ENTERGY LOUISIANA LLC","Utility","740346.0","740262.0","-84.0","0.10939","0.10968","0.00029","20.64","-1733.76","SELL","1","ETR",2969683,0.0,25.0,-17.44,0.0
"2026-05-12","US2836782092","283678209","KMI","KMI","EL PASO ENERGY CAPITAL TRUST I","Industrial","302328.0","302294.0","-34.0","0.10933","0.10998","0.00065","50.68","-1723.12","SELL","1","KMI",12193420,0.0,25.0,102.72,0.0
"2026-05-12","US29364N1081","29364N108","ETR","ETR","ENTERGY MISSISSIPPI INC","Utility","712957.0","712876.0","-81.0","0.10749","0.10772","0.00023","21.05","-1705.05","SELL","1","ETR",2969683,0.0,25.0,-15.8,0.0
"2026-05-12","US75968N3098","75968N309","RNR-F","RNR","RENAISSANCERE HOLDINGS LTD","Financial Institutions","685500.0","685422.0","-78.0","0.10589","0.10569","-0.0002","21.48","-1675.44","SELL","1","RNR-PF",13210,0.0,25.0,-14.08,0.0
"2026-05-12","US9290428104","929042810","VNO-N","VNO","VORNADO REALTY TRUST","Financial Institutions","822632.0","822539.0","-93.0","0.10397","0.10534","0.00137","17.84","-1659.12","SELL","1","VNO-PN",27837,0.0,25.0,-28.64,0.0
"2026-05-12","US0605055831","060505583","BAC-1","BAC","BANK OF AMERICA CORPORATION PFD 1","Financial Institutions","738721.0","738637.0","-84.0","0.10423","0.10472","0.00049","19.75","-1659.0","SELL","1","","","",25.0,-21.0,""
"2026-05-12","US9290428443","929042844","VNO-L","VNO","VORNADO REALTY TRUST 5.4% CUM RED","Financial Institutions","822632.0","822539.0","-93.0","0.10591","0.10513","-0.00078","17.81","-1656.33","SELL","1","VNO-PL",21747,0.0,25.0,-28.76,0.0
"2026-05-12","US49446R7118","49446R711","KIM-M","KIM","KIMCO RLTY DS REPRESENTING   CLASS","Financial Institutions","717397.0","717316.0","-81.0","0.10521","0.10502","-0.00019","20.4","-1652.4","SELL","1","KIM-PM",25987,0.0,25.0,-18.4,0.0
"2026-05-12","US1170436042","117043604","BC","BC","BRUNSWICK CORPORATION","Industrial","589555.0","589488.0","-67.0","0.10402","0.10382","-0.0002","24.54","-1644.18","SELL","1","BC",771700,0.0,25.0,-1.84,0.0
"2026-05-12","US8606308703","860630870","SF-C","SF","STIFEL FINANCIAL CORP","Financial Institutions","616991.0","616921.0","-70.0","0.10245","0.10325","0.0008","23.31","-1631.7","SELL","1","SF-PC",15945,0.0,25.0,-6.76,0.0
"2026-05-12","US25401T3068","25401T306","DBRG-J","DBRG","DIGITALBRIDGE GROUP INC","Financial Institutions","800310.0","800210.0","-100.0","0.09169","0.09363","0.00194","16.3","-1630.0","SELL","1","DBRG-PJ",36880,0.0,25.0,-34.8,0.0
"2026-05-12","US25406P2002","25406P200","DDS","DDS","DILLARDS CAP TR I CAP SECS 7.5%","Industrial","548415.0","548353.0","-62.0","0.10249","0.10262","0.00013","26.07","-1616.34","SELL","1","DDS",89837,0.0,25.0,4.28,0.0
"2026-05-12","US6378702053","637870205","NSA-A","NSA","NATIONAL STORAGE AFFILIATES REDEEM","Financial Institutions","619480.0","619410.0","-70.0","0.10238","0.10249","0.00011","23.05","-1613.5","SELL","1","NSA-PA",14792,0.0,25.0,-7.8,0.0
"2026-05-12","US37959E3009","37959E300","GL","GL","GLOBE LIFE INC","Financial Institutions","891140.0","891039.0","-101.0","0.10235","0.10177","-0.00058","15.91","-1606.91","SELL","1","GL",525037,0.0,25.0,-36.36,0.0
"2026-05-12","US72348N2080","72348N208","PNFP-A","PNFP","PINNACLE FINANCIAL PARTNERS NON CU","Financial Institutions","548404.0","548342.0","-62.0","0.10084","0.10128","0.00044","25.73","-1595.26","SELL","1","PNFP-PA",21373,0.0,25.0,2.92,0.0
"2026-05-12","US25401T4058","25401T405","DBRG-I","DBRG","DIGITALBRIDGE GROUP .15 CUMULATIVE","Financial Institutions","885909.0","885809.0","-100.0","0.10258","0.10129","-0.00129","15.93","-1593.0","SELL","1","DBRG-PI",31629,0.0,25.0,-36.28,0.0
"2026-05-12","US35243J2006","35243J200","FBRT-E","FBRT","FRANKLIN BSP REALTY TRUST   CUMULA","Financial Institutions","708043.0","707963.0","-80.0","0.10117","0.10078","-0.00039","19.83","-1586.4","SELL","1","FBRT-PE",23560,0.0,25.0,-20.68,0.0
"2026-05-12","US8606308620","860630862","SF-D","SF","STIFEL FINANCIAL CORP","Financial Institutions","822631.0","822538.0","-93.0","0.10014","0.10008","-6e-05","16.95","-1576.35","SELL","1","SF-PD",22317,0.0,25.0,-32.2,0.0
"2026-05-12","US6378703044","637870304","NSA-B","NSA PR B","NATIONAL STORAGE AFFILIATES    CUM","Financial Institutions","389394.0","389344.0","-50.0","0.08713","0.08734","0.00021","31.25","-1562.5","SELL","1","NSA-PB",27747,0.0,25.0,25.0,0.0
"2026-05-12","US78440X5077","78440X507","SLG-I","SLG","SL GREEN REALTY CORP","Financial Institutions","630651.0","630580.0","-71.0","0.09887","0.09896","9e-05","21.86","-1552.06","SELL","1","SLG-PI",23773,0.0,25.0,-12.56,0.0
"2026-05-12","US84857L7055","84857L705","SR","SR","SPIRE INC","Utility","548415.0","548353.0","-62.0","0.09747","0.0979","0.00043","24.87","-1541.94","SELL","1","SR",386870,0.0,25.0,-0.52,0.0
"2026-05-12","US8805914095","880591409","TVA-A","TVA","TENN VALLEY AUTH","Agency","571315.0","571250.0","-65.0","0.09696","0.09719","0.00023","23.7","-1540.5","SELL","1","","","",25.0,-5.2,""
"2026-05-12","US04621X3061","04621X306","AIZ","AIZ","ASSURANT INC","Financial Institutions","685500.0","685422.0","-78.0","0.09695","0.09713","0.00018","19.74","-1539.72","SELL","1","AIZ",398350,0.0,25.0,-21.04,0.0
"2026-05-12","US25525P3055","25525P305","DHC","DHC","DIVERSIFIED HEALTHCARE .25% SENIOR","Financial Institutions","685501.0","685423.0","-78.0","0.0965","0.09693","0.00043","19.7","-1536.6","SELL","1","DHC",1428720,0.0,25.0,-21.2,0.0
"2026-05-12","US05554M1009","05554M100","BIP","BIP","BIP BERMUDA HOLDINGS I LTD","Financial Institutions","822631.0","822538.0","-93.0","0.09702","0.09731","0.00029","16.48","-1532.64","SELL","1","BIP",961400,0.0,25.0,-34.08,0.0
"2026-05-12","US16934Q6044","16934Q604","CIM-D","CIM","CHIMERA INVESTMENT CORP","Financial Institutions","548415.0","548353.0","-62.0","0.09637","0.09683","0.00046","24.6","-1525.2","SELL","1","CIM-PD",18364,0.0,25.0,-1.6,0.0
"2026-05-12","US6740014096","674001409","OAK-B","OAK","OAKTREE CAPITAL GROUP LLC","Financial Institutions","644381.0","644308.0","-73.0","0.09671","0.09588","-0.00083","20.73","-1513.29","SELL","1","OAK-PB",9498,0.0,25.0,-17.08,0.0
"2026-05-12","US11259P1093","11259P109","BRBRPH","BEPUCN","BROOKFIELD BRP HOLDINGS (CANADA) I","Utility","968544.0","968444.0","-100.0","0.10514","0.10504","-0.0001","15.11","-1511.0","SELL","1","","","",25.0,-39.56,""
"2026-05-12","US2333318184","233331818","DTE","DTE","DTE ENERGY CO","Utility","767803.0","767716.0","-87.0","0.09473","0.0949","0.00017","17.22","-1498.14","SELL","1","DTE",1223670,0.0,25.0,-31.12,0.0
"2026-05-12","US3167738604","316773860","FITB-K","FITB","FIFTH THIRD BANCORP","Financial Institutions","685500.0","685422.0","-78.0","0.09395","0.09358","-0.00037","19.02","-1483.56","SELL","1","","","",25.0,-23.92,""
"2026-05-12","US74460W5940","74460W594","PSA-J","PSA","PUBLIC STORAGE DEP SHS REPSTG  TH","Financial Institutions","709504.0","709424.0","-80.0","0.09455","0.09442","-0.00013","18.54","-1483.2","SELL","1","PSA-PJ",12177,0.0,25.0,-25.84,0.0
"2026-05-12","US6496048736","649604873","ADAM-E","ADAM","NEW YORK MORTGAGE TRUST INC","Financial Institutions","511152.0","511094.0","-58.0","0.09362","0.09359","-3e-05","25.51","-1479.58","SELL","1","","","",25.0,2.04,""
"2026-05-12","US2538688308","253868830","DLR-K","DLR","DIGITAL REALTY TRUST INC","Financial Institutions","575805.0","575740.0","-65.0","0.09413","0.09382","-0.00031","22.7","-1475.5","SELL","1","DLR-PK",21379,0.0,25.0,-9.2,0.0
"2026-05-12","US3167738869","316773886","FITB-A","FITB","FIFTH THIRD BANCORP  DEPOSITORY SH","Financial Institutions","548415.0","548353.0","-62.0","0.09307","0.09329","0.00022","23.7","-1469.4","SELL","1","","","",25.0,-5.2,""
"2026-05-12","US0844238701","084423870","WRB","WRB","WR BERKLEY CORPORATION","Financial Institutions","822631.0","822538.0","-93.0","0.09313","0.09317","4e-05","15.78","-1467.54","SELL","1","WRB",2041353,0.0,25.0,-36.88,0.0
"2026-05-12","US3793785086","379378508","GNL-D","GNL","GLOBAL NET LEASE   CUMULATIVE REDE","Financial Institutions","543859.0","543797.0","-62.0","0.09253","0.09216","-0.00037","23.61","-1463.82","SELL","1","GNL-PD",13801,0.0,25.0,-5.56,0.0
"2026-05-12","US05580M7939","05580M793","RILYZ","RILY","B. RILEY FINANCIAL INC","Financial Institutions","530967.0","530907.0","-60.0","0.09201","0.09253","0.00052","24.28","-1456.8","SELL","1","RILYZ",47510,0.0,25.0,-2.88,0.0
"2026-05-12","US64828T8053","64828T805","RITM-E","RITM","RITHM CAPITAL CORP","Financial Institutions","520977.0","520918.0","-59.0","0.0908","0.09132","0.00052","24.42","-1440.78","SELL","1","RITM-PE",36953,0.0,25.0,-2.32,0.0
"2026-05-12","US0082528433","008252843","AMG","AMG","AFFILIATED MANAGERS GROUP INC.","Financial Institutions","754055.0","753970.0","-85.0","0.09152","0.09136","-0.00016","16.88","-1434.8","SELL","1","AMG",345917,0.0,25.0,-32.48,0.0
"2026-05-12","US9290427940","929042794","VNO-O","VNO","VORNADO REALTY TRUST","Financial Institutions","822632.0","822539.0","-93.0","0.09077","0.09093","0.00016","15.4","-1432.2","SELL","1","VNO-PO",24018,0.0,25.0,-38.4,0.0
"2026-05-12","US70931T5092","70931T509","PMT-C","PMT","PENNYMAC MORTGAGE INVESTMENT TRUST","Financial Institutions","685501.0","685423.0","-78.0","0.09047","0.09016","-0.00031","18.32","-1428.96","SELL","1","PMT-PC",27101,0.0,25.0,-26.72,0.0
"2026-05-12","BMG053841620","-","AHL","AHL","ASPEN INSURANCE HOLDINGS LTD","Financial Institutions","595162.0","595095.0","-67.0","0.09035","0.09039","4e-05","21.16","-1417.72","SELL","1","","","",25.0,-15.36,""
"2026-05-12","US8606306079","860630607","SF","SF","STIFEL FINANCIAL CORP","Financial Institutions","616992.0","616922.0","-70.0","0.08933","0.08968","0.00035","20.25","-1417.5","SELL","1","SF",1393050,0.0,25.0,-19.0,0.0
"2026-05-12","US05580M8358","05580M835","RILYM","RILY","B. RILEY FINANCIAL INC","Financial Institutions","602216.0","602148.0","-68.0","0.08836","0.08969","0.00133","20.75","-1411.0","SELL","1","","","",25.0,-17.0,""
"2026-05-12","US70931T4004","70931T400","PMT-B","PMT","PENNYMAC MORTGAGE INVESTMENT TRUST","Financial Institutions","534707.0","534646.0","-61.0","0.08833","0.08827","-6e-05","23.0","-1403.0","SELL","1","PMT-PB",14158,0.0,25.0,-8.0,0.0
"2026-05-12","US05580M8010","05580M801","RILYK","RILY","B. RILEY FINANCIAL INC","Financial Institutions","494999.0","494943.0","-56.0","0.08826","0.08841","0.00015","24.89","-1393.84","SELL","1","","","",25.0,-0.44,""
"2026-05-12","US70509V8037","70509V803","PEB-G","PEB","PEBBLEBROOK HOTEL TRUST","Financial Institutions","622826.0","622756.0","-70.0","0.0888","0.08847","-0.00033","19.79","-1385.3","SELL","1","PEB-PG",23290,0.0,25.0,-20.84,0.0
"2026-05-12","US1258968601","125896860","CMS","CMS","CMS ENERGY CORPORATION","Utility","548428.0","548366.0","-62.0","0.08726","0.08719","-7e-05","22.15","-1373.3","SELL","1","CMS",2940637,0.0,25.0,-11.4,0.0
"2026-05-12","US49446R7373","49446R737","KIM-L","KIM","KIMCO REALTY CORPORATION","Financial Institutions","610261.0","610192.0","-69.0","0.08652","0.08651","-1e-05","19.75","-1362.75","SELL","1","KIM-PL",15618,0.0,25.0,-21.0,0.0
"2026-05-12","US70931T7072","70931T707","PMT","PMT","PENNYMAC MORTGAGE INVESTMENT TRUST","Financial Institutions","472996.0","472942.0","-54.0","0.08559","0.08566","7e-05","25.23","-1362.42","SELL","1","PMT",1178383,0.0,25.0,0.92,0.0
"2026-05-12","US20451Q4010","20451Q401","CODI-C","CODI","COMPASS DIVERSIFIED HOLDINGS","Financial Institutions","542021.0","541960.0","-61.0","0.08539","0.08602","0.00063","22.11","-1348.71","SELL","1","CODI-PC",36234,0.0,25.0,-11.56,0.0
"2026-05-12","US17259U3032","17259U303","CIONI","CIONI","CION INVESTMENT CORP","Financial Institutions","474775.0","474721.0","-54.0","0.08516","0.08499","-0.00017","24.94","-1346.76","SELL","1","","","",25.0,-0.24,""
"2026-05-12","US04911A2069","04911A206","AUB-A","AUB","ATLANTIC UNION BANKSHARES CORP","Financial Institutions","472996.0","472942.0","-54.0","0.08496","0.0846","-0.00036","24.92","-1345.68","SELL","1","AUB-PA",6778,0.0,25.0,-0.32,0.0
"2026-05-12","US74460W5114","74460W511","PSA-N","PSA","PUBLIC STORAGE DEP SHS REPSTG   PF","Financial Institutions","774668.0","774580.0","-88.0","0.08482","0.08496","0.00014","15.28","-1344.64","SELL","1","PSA-PN",37845,0.0,25.0,-38.88,0.0
"2026-05-12","US05614L4077","05614L407","BW-A","BW","BABCOCK & WILCOX ENTERPRISES INC","Industrial","525734.0","525675.0","-59.0","0.08549","0.08596","0.00047","22.78","-1344.02","SELL","1","BW-PA",23904,0.0,25.0,-8.88,0.0
"2026-05-12","BMG9078F1499","-","TRTN-C","TRTN","TRITON INTERNATIONAL LTD","Industrial","479856.0","479802.0","-54.0","0.08621","0.08566","-0.00055","24.87","-1342.98","SELL","1","TRTN-PC",8604,0.0,25.0,-0.52,0.0
"2026-05-12","US74460W5783","74460W578","PSA-K","PSA","PUBLIC STORAGE","Financial Institutions","630650.0","630579.0","-71.0","0.08528","0.08546","0.00018","18.88","-1340.48","SELL","1","PSA-PK",16950,0.0,25.0,-24.48,0.0
"2026-05-12","US31959X2027","31959X202","FCNCA","FCNCA","FIRST CITIZENS BANCSHARES   NON CU","Financial Institutions","548415.0","548353.0","-62.0","0.08474","0.08404","-0.0007","21.35","-1323.7","SELL","1","FCNCA",69257,0.0,25.0,-14.6,0.0
"2026-05-12","MHY8564M2048","-","TGP-B","TGP","TEEKAY LNG PARTNERS LP","Industrial","452198.0","452147.0","-51.0","0.08289","0.08303","0.00014","25.58","-1304.58","SELL","1","","","",25.0,2.32,""
"2026-05-12","US20451Q3020","20451Q302","CODI-B","CODI","COMPASS DIVERSIFIED HOLDINGS FIXED","Financial Institutions","515739.0","515681.0","-58.0","0.08269","0.08274","5e-05","22.35","-1296.3","SELL","1","CODI-PB",19090,0.0,25.0,-10.6,0.0
"2026-05-12","US11276B1098","11276B109","BIP","BIP","BROOKFIELD INFRASTRUCTURE FINANCE","Utility","685500.0","685422.0","-78.0","0.08124","0.08155","0.00031","16.57","-1292.46","SELL","1","BIP",961400,0.0,25.0,-33.72,0.0
"2026-05-12","US0844238883","084423888","WRB","WRB","WR BERKLEY CORPORATION","Financial Institutions","685500.0","685422.0","-78.0","0.08153","0.0815","-3e-05","16.57","-1292.46","SELL","1","WRB",2041353,0.0,25.0,-33.72,0.0
"2026-05-12","BMG9078F3057","-","TRTGV","TRTN","TRITON INTL CUM RED PERP PREF SER","Industrial","479850.0","479796.0","-54.0","0.08295","0.08232","-0.00063","23.9","-1290.6","SELL","1","","","",25.0,-4.4,""
"2026-05-12","US55272X4097","55272X409","MFA-B","MFA","MFA FINANCIAL INC","Financial Institutions","548415.0","548353.0","-62.0","0.08245","0.08188","-0.00057","20.8","-1289.6","SELL","1","MFA-PB",10799,0.0,25.0,-16.8,0.0
"2026-05-12","US46131B5066","46131B506","IVR-C","IVR","INVESCO MORTGAGE CAPITAL INC","Financial Institutions","466987.0","466934.0","-53.0","0.08042","0.08071","0.00029","24.08","-1276.24","SELL","1","IVR-PC",20235,0.0,25.0,-3.68,0.0
"2026-05-12","US11259P2083","11259P208","BRBRPH","BEPUCN","BROOKFIELD BRP HOLDINGS (CANADA) I","Utility","712957.0","712876.0","-81.0","0.08041","0.08055","0.00014","15.74","-1274.94","SELL","1","","","",25.0,-37.04,""
"2026-05-12","US38741L3050","38741L305","GPMT-A","GPMT","GRANITE POINT MORTGAGE TRUST INC","Financial Institutions","564182.0","564118.0","-64.0","0.0808","0.08067","-0.00013","19.92","-1274.88","SELL","1","GPMT-PA",7460,0.0,25.0,-20.32,0.0
"2026-05-12","US2538688555","253868855","DLR-J","DLR","DIGITAL REALTY TRUST INC","Financial Institutions","548415.0","548353.0","-62.0","0.08105","0.08093","-0.00012","20.56","-1274.72","SELL","1","DLR-PJ",17988,0.0,25.0,-17.76,0.0
"2026-05-12","US04914Y4098","04914Y409","ATLC","ATLC","ATLANTICUS HOLDINGS CORP","Financial Institutions","458410.0","458360.0","-50.0","0.08361","0.08387","0.00026","25.49","-1274.5","SELL","1","ATLC",69767,0.0,25.0,1.96,0.0
"2026-05-12","US78407R2040","78407R204","SCE-J","EIX","SCE TRUST II CUM TRUST SECS P","Utility","603261.0","603193.0","-68.0","0.08108","0.08114","6e-05","18.74","-1274.32","SELL","1","","","",25.0,-25.04,""
"2026-05-12","US58844R7026","58844R702","MBIN-C","MBIN","MERCHANTS BANCORP","Financial Institutions","537935.0","537874.0","-61.0","0.0807","0.08066","-4e-05","20.89","-1274.29","SELL","1","","","",25.0,-16.44,""
"2026-05-12","US10922N8891","10922N889","BHF-D","BHF","BRIGHTHOUSE FINANCIAL INC","Financial Institutions","959717.0","959608.0","-109.0","0.07924","0.07962","0.00038","11.56","-1260.04","SELL","1","","","",25.0,-53.76,""
"2026-05-12","US16934Q8693","16934Q869","CIM","CIM","CHIMERA INVESTMENT CORP","Financial Institutions","340664.0","340614.0","-50.0","0.06129","0.06139","0.0001","25.11","-1255.5","SELL","1","CIM",710060,0.0,25.0,0.44,0.0
"2026-05-12","BMG162491648","-","BPY-A","BPY","BROOKFIELD PROPERTY PARTNERS LP","Industrial","788310.0","788221.0","-89.0","0.07891","0.07921","0.0003","14.0","-1246.0","SELL","1","","","",25.0,-44.0,""
"2026-05-12","US0605058157","060505815","BAC-E","BAC","BANK OF AMERICA CORP PREF STOCK","Financial Institutions","562613.0","562549.0","-64.0","0.07816","0.07834","0.00018","19.4","-1241.6","SELL","1","BAC-PE",22284,0.0,25.0,-22.4,0.0
"2026-05-12","US0844237067","084423706","WRB","WRB","WR BERKLEY CORPORATION","Financial Institutions","507295.0","507238.0","-57.0","0.0789","0.07901","0.00011","21.7","-1236.9","SELL","1","WRB",2041353,0.0,25.0,-13.2,0.0
"2026-05-12","US38144X6094","38144X609","GS-C","GS","GOLDMAN SACHS GROUP INC","Financial Institutions","548415.0","548353.0","-62.0","0.07732","0.07798","0.00066","19.81","-1228.22","SELL","1","GS-PC",27997,0.0,25.0,-20.76,0.0
"2026-05-12","US11276B2088","11276B208","BIP","BIP","BROOKFIELD INFRASTRUCTURE FINANCE","Utility","433221.0","433172.0","-49.0","0.07771","0.07788","0.00017","25.05","-1227.45","SELL","1","BIP",963773,0.0,25.0,0.2,0.0
"2026-05-12","BMG9078F1648","-","TRTN-D","TRTN","TRITON INTERNATIONAL LTD","Industrial","411325.0","411275.0","-50.0","0.07336","0.07239","-0.00097","24.52","-1226.0","SELL","1","TRTN-PD",4883,0.0,25.0,-1.92,0.0
"2026-05-12","US1258968379","125896837","CMS-C","CMS","CMS ENERGY CORPORATION","Utility","630650.0","630579.0","-71.0","0.07835","0.07795","-0.0004","17.22","-1222.62","SELL","1","CMS-PC",25766,0.0,25.0,-31.12,0.0
"2026-05-12","US9197944047","919794404","VLY-C","VLY","VALLEY NATIONAL BANCORP","Financial Institutions","411302.0","411255.0","-47.0","0.07657","0.07679","0.00022","26.01","-1222.47","SELL","1","","","",25.0,4.04,""
"2026-05-12","US5303075031","530307503","LBRDA","LBRDA","LIBERTY BROADBAND CUM REDEEMABLE P","Industrial","492443.0","492387.0","-56.0","0.07581","0.07698","0.00117","21.78","-1219.68","SELL","1","LBRDA",196407,0.0,25.0,-12.88,0.0
"2026-05-12","US0605056250","060505625","BAC-02","BAC","BANK OF AMERICA CORP","Financial Institutions","543491.0","543429.0","-62.0","0.07569","0.07654","0.00085","19.62","-1216.44","SELL","1","","","",25.0,-21.52,""
"2026-05-12","US4461507810","446150781","HBAN-C","HBAN","HUNTINGTON BANCSHARES INC","Financial Institutions","479785.0","479731.0","-54.0","0.0777","0.07742","-0.00028","22.48","-1213.92","SELL","1","","","",25.0,-10.08,""
"2026-05-12","US3793783008","379378300","GNL-A","GNL","GLOBAL NET LEASE PREF SERIES A INC","Financial Institutions","466131.0","466078.0","-53.0","0.07626","0.07655","0.00029","22.88","-1212.64","SELL","1","GNL-PA",7566,0.0,25.0,-8.48,0.0
"2026-05-12","US74460W3960","74460W396","PSA-S","PSA","PUBLIC STORAGE DEPOSITARY SHS EACH","Financial Institutions","685644.0","685569.0","-75.0","0.07929","0.07928","-1e-05","16.11","-1208.25","SELL","1","PSA-PS",28520,0.0,25.0,-35.56,0.0
"2026-05-12","US2333318267","233331826","DTE-G","DTE","DTE ENERGY COMPANY","Utility","630596.0","630525.0","-71.0","0.07712","0.07699","-0.00013","17.01","-1207.71","SELL","1","","","",25.0,-31.96,""
"2026-05-12","US4101204067","410120406","HWC","HWC","HANCOCK WHITNEY CORP","Financial Institutions","472995.0","472941.0","-54.0","0.07566","0.07564","-2e-05","22.28","-1203.12","SELL","1","HWC",812053,0.0,25.0,-10.88,0.0
"2026-05-12","US0423156068","042315606","ARR-C","ARR","ARMOUR RESIDENTIAL REIT INC","Financial Institutions","506106.0","506049.0","-57.0","0.07614","0.07629","0.00015","21.0","-1197.0","SELL","1","ARR-PC",18085,0.0,25.0,-16.0,0.0
"2026-05-12","US87266M2061","87266M206","TRTX-C","TRTX","TPG RE FIN TR PREF SERIES C INC TR","Financial Institutions","551846.0","551784.0","-62.0","0.07607","0.07629","0.00022","19.26","-1194.12","SELL","1","TRTX-PC",11209,0.0,25.0,-22.96,0.0
"2026-05-12","BMG162491564","-","BPY-A2","BPY","BROOKFIELD PROPERTY PARTNERS LP","Industrial","685501.0","685423.0","-78.0","0.07569","0.07508","-0.00061","15.26","-1190.28","SELL","1","","","",25.0,-38.96,""
"2026-05-12","US8606307069","860630706","SF-B","SF","STIFEL FINANCIAL CORP","Financial Institutions","438741.0","438691.0","-50.0","0.07455","0.07463","8e-05","23.7","-1185.0","SELL","1","SF-PB",9448,0.0,25.0,-5.2,0.0
"2026-05-12","US00123Q8565","00123Q856","AGNCL","AGNC","AGNC INVESTMENT CORP","Financial Institutions","411266.0","411219.0","-47.0","0.07345","0.07427","0.00082","25.16","-1182.52","SELL","1","AGNCL",17477,0.0,25.0,0.64,0.0
"2026-05-12","US11259P3073","11259P307","BRBRPH","BEPUCN","BROOKFIELD BRP HOLDINGS (CANADA) I","Utility","411302.0","411255.0","-47.0","0.07366","0.0738","0.00014","25.0","-1175.0","SELL","1","","","",25.0,0.0,""
"2026-05-12","US3205174028","320517402","FHN-E","FHN","FIRST HORIZON NATIONAL CORP","Financial Institutions","411301.0","411254.0","-47.0","0.07298","0.07307","9e-05","24.75","-1163.25","SELL","1","FHN-PE",5687,0.0,25.0,-1.0,0.0
"2026-05-12","US6740013007","674001300","OAK-A","OAK","OAKTREE CAPITAL GROUP LLC","Financial Institutions","493587.0","493531.0","-56.0","0.07424","0.07355","-0.00069","20.76","-1162.56","SELL","1","OAK-PA",10561,0.0,25.0,-16.96,0.0
"2026-05-12","US74460W5379","74460W537","PSA-M","PSA","PUBLIC STORAGE","Financial Institutions","630596.0","630525.0","-71.0","0.07351","0.07363","0.00012","16.27","-1155.17","SELL","1","PSA-PM",10976,0.0,25.0,-34.92,0.0
"2026-05-12","US0259328807","025932880","AFG","AFG","AMERICAN FINANCIAL GROUP INC","Financial Institutions","548415.0","548353.0","-62.0","0.07324","0.07327","3e-05","18.61","-1153.82","SELL","1","AFG",484033,0.0,25.0,-25.56,0.0
"2026-05-12","US04208T2078","04208T207","AHH-A","AHH","ARMADA HOFFLER PROPERTIES INC","Financial Institutions","469158.0","469105.0","-53.0","0.0734","0.07328","-0.00012","21.76","-1153.28","SELL","1","","","",25.0,-12.96,""
"2026-05-12","US04914Y3009","04914Y300","ATLC","ATLC","ATLANTICUS HOLDINGS CORP","Financial Institutions","406370.0","406324.0","-46.0","0.07278","0.07307","0.00029","25.05","-1152.3","SELL","1","ATLC",69767,0.0,25.0,0.2,0.0
"2026-05-12","US26884U2087","26884U208","EPR-C","EPR","EPR PROPERTIES 5.75% CUM CONV PREF","Financial Institutions","384481.0","384437.0","-44.0","0.07183","0.07175","-8e-05","26.0","-1144.0","SELL","1","EPR-PC",3276,0.0,25.0,4.0,0.0
"2026-05-12","BMG9078F1317","-","TRTN-B","TRTN","TRITON INTERNATIONAL LTD","Industrial","394208.0","394163.0","-45.0","0.07192","0.07193","1e-05","25.42","-1143.9","SELL","1","TRTN-PB",5677,0.0,25.0,1.68,0.0
"2026-05-12","US4461507570","446150757","HBANZ","HBAN","HUNTINGTON BANCSHARES DEPOSITARY S","Financial Institutions","474824.0","474770.0","-54.0","0.0716","0.07147","-0.00013","20.97","-1132.38","SELL","1","HBANZ",12467,0.0,25.0,-16.12,0.0
"2026-05-12","US4884013081","488401308","KMPR","KMPR","KEMPER CORP","Financial Institutions","411302.0","411255.0","-47.0","0.07098","0.071","2e-05","24.05","-1130.35","SELL","1","KMPR",786657,0.0,25.0,-3.8,0.0
"2026-05-12","US6496048819","649604881","ADAM-D","ADAM","NEW YORK MORTGAGE TRUST INC","Financial Institutions","421360.0","421312.0","-48.0","0.07109","0.07119","0.0001","23.54","-1129.92","SELL","1","","","",25.0,-5.84,""
"2026-05-12","US58844R8842","58844R884","MBIN","MBIN","MERCHANTS BANCORP","Financial Institutions","390720.0","390676.0","-44.0","0.0714","0.07199","0.00059","25.67","-1129.48","SELL","1","MBIN",174613,0.0,25.0,2.68,0.0
"2026-05-12","BMG9078F2067","-","TRTN","TRTN","TRITON INTERNATIONAL LTD","Industrial","427969.0","427921.0","-48.0","0.07119","0.07068","-0.00051","23.01","-1104.48","SELL","1","","","",25.0,-7.96,""
"2026-05-12","US6496048652","649604865","ADAM-F","ADAM","NEW YORK MORTGAGE TRUST INC","Financial Institutions","397854.0","397809.0","-45.0","0.06906","0.06921","0.00015","24.23","-1090.35","SELL","1","","","",25.0,-3.08,""
"2026-05-12","US70509V8862","70509V886","PEB-H","PEB","PEBBLEBROOK HOTEL TRUST","Financial Institutions","536572.0","536511.0","-61.0","0.0687","0.0688","0.0001","17.86","-1089.46","SELL","1","PEB-PH",15856,0.0,25.0,-28.56,0.0
"2026-05-12","US25401T5048","25401T504","DBRG-H","DBRG","DIGITALBRIDGE GROUP .125 CUMULATIV","Financial Institutions","580830.0","580764.0","-66.0","0.06759","0.06843","0.00084","16.41","-1083.06","SELL","1","DBRG-PH",16370,0.0,25.0,-34.36,0.0
"2026-05-12","USG162522670","-","BIP-13","BIP","BROOKFIELD INFRASTRUCTURE   CLASS","Utility","548415.0","548353.0","-62.0","0.06798","0.0681","0.00012","17.3","-1072.6","SELL","1","","","",25.0,-30.8,""
"2026-05-12","US11272B1035","11272B103","BNCN","BNCN","BROOKFIELD FINANCE I UK PLC","Financial Institutions","630650.0","630579.0","-71.0","0.06774","0.06794","0.0002","15.01","-1065.71","SELL","1","","","",25.0,-39.96,""
"2026-05-12","US0259328641","025932864","AFG","AFG","AMERICAN FINANCIAL GROUP INC","Financial Institutions","548411.0","548349.0","-62.0","0.06668","0.06636","-0.00032","16.86","-1045.32","SELL","1","AFG",484033,0.0,25.0,-32.56,0.0
"2026-05-12","BMG9078F1564","-","TRTN-E","TRTN","TRITON INTERNATIONAL LTD","Industrial","479819.0","479765.0","-54.0","0.06617","0.06643","0.00026","19.29","-1041.66","SELL","1","TRTN-PE",7444,0.0,25.0,-22.84,0.0
"2026-05-12","US89832Q8107","89832Q810","TFC-I","TFC","TRUIST FINANCIAL DS REPRESENTING","Financial Institutions","473044.0","472990.0","-54.0","0.06527","0.0655","0.00023","19.29","-1041.66","SELL","1","TFC-PI",15991,0.0,25.0,-22.84,0.0
"2026-05-12","US8163005031","816300503","SIGI-B","SIGI","SELECTIVE INS GROUP DS REPSTG   IN","Financial Institutions","548415.0","548353.0","-62.0","0.06611","0.06578","-0.00033","16.71","-1036.02","SELL","1","","","",25.0,-33.16,""
"2026-05-12","BMG162522756","-","BIP-14","BIP","BROOKFIELD INFRASTRUCTURE PARTNERS","Utility","548415.0","548353.0","-62.0","0.06491","0.0653","0.00039","16.59","-1028.58","SELL","1","","","",25.0,-33.64,""
"2026-05-12","US9478907036","947890703","WBS-G","WBS","WEBSTER FINANCIAL CORPORATION","Financial Institutions","370147.0","370105.0","-42.0","0.06478","0.06484","6e-05","24.41","-1025.22","SELL","1","WBS-PG",9452,0.0,25.0,-2.36,0.0
"2026-05-12","US3765468836","376546883","GAIN","GAIN","GLADSTONE INVESTMENT CORP","Financial Institutions","368935.0","368893.0","-42.0","0.06393","0.064","7e-05","24.17","-1015.14","SELL","1","GAIN",334713,0.0,25.0,-3.32,0.0
"2026-05-12","US16934Q3074","16934Q307","CIM-A","CIM","CHIMERA INVESTMENT CORP","Financial Institutions","413610.0","413563.0","-47.0","0.06382","0.06407","0.00025","21.58","-1014.26","SELL","1","CIM-PA",8836,0.0,25.0,-13.68,0.0
"2026-05-12","US9478905055","947890505","WBS-F","WBS","WEBSTER FINANCIAL DRC CORP","Financial Institutions","411302.0","411255.0","-47.0","0.06306","0.06288","-0.00018","21.3","-1001.1","SELL","1","WBS-PF",12974,0.0,25.0,-14.8,0.0
"2026-05-12","US3765468679","376546867","GAIN","GAIN","GLADSTONE INVESTMENT CORP","Financial Institutions","346860.0","346821.0","-39.0","0.06336","0.06368","0.00032","25.58","-997.62","SELL","1","GAIN",334713,0.0,25.0,2.32,0.0
"2026-05-12","US0082528359","008252835","AMG","AMG","AFFILIATED MANAGERS GROUP INC.","Financial Institutions","570452.0","570387.0","-65.0","0.06205","0.06211","6e-05","15.17","-986.05","SELL","1","AMG",345917,0.0,25.0,-39.32,0.0
"2026-05-12","US26884U5056","26884U505","EPR-G","EPR","EPR PROPERTIES","Financial Institutions","427969.0","427921.0","-48.0","0.06285","0.0631","0.00025","20.54","-985.92","SELL","1","EPR-PG",10078,0.0,25.0,-17.84,0.0
"2026-05-12","MHY8564M1131","-","TGP","TGP","TEEKAY LNG PARTNERS LP","Industrial","338129.0","338091.0","-38.0","0.06212","0.06227","0.00015","25.66","-975.08","SELL","1","","","",25.0,2.64,""
"2026-05-12","US90187B2007","90187B200","TWO-A","TWO","TWO HARBORS INVESTMENT CORP","Financial Institutions","346188.0","346149.0","-39.0","0.06098","0.06137","0.00039","24.7","-963.3","SELL","1","TWO-PA",35554,0.0,25.0,-1.2,0.0
"2026-05-12","US0259328724","025932872","AFG","AFG","AMERICAN FINANCIAL GROUP INC","Financial Institutions","411266.0","411219.0","-47.0","0.06034","0.06048","0.00014","20.49","-963.03","SELL","1","AFG",484033,0.0,25.0,-18.04,0.0
"2026-05-12","US68003D3035","68003D303","ONB-C","ONB","OLD NATIONAL BANCORP DEP SHS EACH","Financial Institutions","335892.0","335854.0","-38.0","0.05979","0.05977","-2e-05","24.79","-942.02","SELL","1","","","",25.0,-0.84,""
"2026-05-12","US8964427046","896442704","TRIN","TRIN","TRINITY CAPITAL INC","Financial Institutions","326807.0","326770.0","-37.0","0.05949","0.05958","9e-05","25.4","-939.8","SELL","1","TRIN",1237577,0.0,25.0,1.6,0.0
"2026-05-12","US9197942066","919794206","VLY-A","VLY","VALLEY NATIONAL BANCORP","Financial Institutions","328035.0","327998.0","-37.0","0.05938","0.05959","0.00021","25.31","-936.47","SELL","1","","","",25.0,1.24,""
"2026-05-12","BMG162491499","-","BPY-A-1","BPY","BROOKFIELD PROPERTY PARTNERS LP","Industrial","524915.0","524856.0","-59.0","0.05882","0.05964","0.00082","15.83","-933.97","SELL","1","","","",25.0,-36.68,""
"2026-05-12","MHY271831213","-","GSL","GSL","GLOBAL SHIP LEASE INC","Industrial","298844.0","298810.0","-34.0","0.0583","0.05845","0.00015","27.25","-926.5","SELL","1","GSL",274013,0.0,25.0,9.0,0.0
"2026-05-12","US6496048165","649604816","ADAM","ADAM","NEW YORK MORTGAGE TRUST INC","Financial Institutions","315301.0","315265.0","-36.0","0.05811","0.05816","5e-05","25.7","-925.2","SELL","1","ADAM",779267,0.0,25.0,2.8,0.0
"2026-05-12","US26884U3077","26884U307","EPR-E","EPR","EPR PROPERTIES","Financial Institutions","245735.0","245707.0","-28.0","0.05796","0.05821","0.00025","33.01","-924.28","SELL","1","EPR-PE",2944,0.0,25.0,32.04,0.0
"2026-05-12","US0084922097","008492209","ADC-A","ADC","AGREE REALTY CORP","Financial Institutions","479857.0","479803.0","-54.0","0.05869","0.05876","7e-05","17.06","-921.24","SELL","1","ADC-PA",15804,0.0,25.0,-31.76,0.0
"2026-05-12","BMG162582313","-","BEPUCN","BEPUCN","BROOKFIELD RENEWABLE PARTNERS LP","Utility","547975.0","547925.0","-50.0","0.07161","0.07227","0.00066","18.37","-918.5","SELL","1","","","",25.0,-26.52,""
"2026-05-12","US64944P3073","64944P307","FLG","NYCB","NEW YORK COMMUNITY CAPITAL TRUST V","Financial Institutions","198775.0","198753.0","-22.0","0.05934","0.05955","0.00021","41.74","-918.28","SELL","1","FLG",4768987,0.0,25.0,66.96,0.0
"2026-05-12","US8660826053","866082605","INN-E","INN","SUMMIT HOTEL PROPERTIES INC","Financial Institutions","438741.0","438691.0","-50.0","0.05853","0.05769","-0.00084","18.32","-916.0","SELL","1","INN-PE",8396,0.0,25.0,-26.72,0.0
"2026-05-12","US8964426055","896442605","TRIN","TRIN","TRINITY CAPITAL INC","Financial Institutions","319807.0","319771.0","-36.0","0.05819","0.0584","0.00021","25.44","-915.84","SELL","1","TRIN",1237577,0.0,25.0,1.76,0.0
"2026-05-12","US3137452005","313745200","FRT-C","FRT","FEDERAL REALTY INVESTMENT DEPOSITA","Financial Institutions","411302.0","411255.0","-47.0","0.05761","0.05748","-0.00013","19.47","-915.09","SELL","1","FRT-PC",9886,0.0,25.0,-22.12,0.0
"2026-05-12","US28852N3070","28852N307","EFC-B","EFC","ELLINGTON FINANCIAL INC","Financial Institutions","330440.0","330403.0","-37.0","0.05839","0.05861","0.00022","24.71","-914.27","SELL","1","EFC-PB",7191,0.0,25.0,-1.16,0.0
"2026-05-12","US70509V7047","70509V704","PEB-F","PEB","PEBBLEBROOK HOTEL TRUST","Financial Institutions","403814.0","403768.0","-46.0","0.0578","0.05739","-0.00041","19.8","-910.8","SELL","1","PEB-PF",11600,0.0,25.0,-20.8,0.0
"2026-05-12","US5977423038","597742303","MSBI","MSBI","MIDLAND STATES BANCORP INC","Financial Institutions","315337.0","315301.0","-36.0","0.05738","0.05722","-0.00016","25.28","-910.08","SELL","1","MSBI",161923,0.0,25.0,1.12,0.0
"2026-05-12","US6475513080","647551308","NMFC","NMFC","NEW MOUNTAIN FINANCE CORP","Financial Institutions","315318.0","315282.0","-36.0","0.05699","0.0571","0.00011","25.23","-908.28","SELL","1","NMFC",779957,0.0,25.0,0.92,0.0
"2026-05-12","US90187B8871","90187B887","TWO","TWO","TWO HARBORS INVESTMENT CORP","Financial Institutions","315319.0","315283.0","-36.0","0.05721","0.05708","-0.00013","25.22","-907.92","SELL","1","TWO",2875930,0.0,25.0,0.88,0.0
"2026-05-12","US26817Q8785","26817Q878","DX-C","DX","DYNEX CAPITAL INC","Financial Institutions","305763.0","305728.0","-35.0","0.05622","0.05653","0.00031","25.76","-901.6","SELL","1","DX-PC",10149,0.0,25.0,3.04,0.0
"2026-05-12","US75574U8383","75574U838","RC","RC","READY CAPITAL CORP","Financial Institutions","356434.0","356394.0","-40.0","0.0573","0.05756","0.00026","22.5","-900.0","SELL","1","RC",1507900,0.0,25.0,-10.0,0.0
"2026-05-12","US20786W5031","20786W503","CNOB-A","CNOB","CONNECTONE BANCORP INC","Financial Institutions","315336.0","315300.0","-36.0","0.05641","0.05656","0.00015","24.99","-899.64","SELL","1","","","",25.0,-0.04,""
"2026-05-12","US2635343070","263534307","CTVA","CTVA","E I DU PONT DE NEMOURS AND CO","Industrial","114673.0","114660.0","-13.0","0.05597","0.05628","0.00031","68.37","-888.81","SELL","1","CTVA",3759623,0.0,25.0,173.48,0.0
"2026-05-12","US2256552082","225655208","CCABDC","FCRX","CRESCENT CAPITAL BDC   NOTES DUE I","Financial Institutions","306049.0","306014.0","-35.0","0.0552","0.05518","-2e-05","25.12","-879.2","SELL","1","","","",25.0,0.48,""
"2026-05-12","US02665T8687","02665T868","AMH-H","AMH","AMERICAN HOMES 4 RENT","Financial Institutions","315339.0","315303.0","-36.0","0.05433","0.05473","0.0004","24.18","-870.48","SELL","1","AMH-PH",7275,0.0,25.0,-3.28,0.0
"2026-05-12","US64828T3005","64828T300","RITM-A","RITM","NEW RESIDENTIAL INVESTMENT CORP","Financial Institutions","300251.0","300217.0","-34.0","0.05437","0.05457","0.0002","25.32","-860.88","SELL","1","RITM-PA",17628,0.0,25.0,1.28,0.0
"2026-05-12","US0605055914","060505591","BAC","BAC","BANK OF AMERICA DEPOSITORY SHARES","Financial Institutions","371303.0","371261.0","-42.0","0.05413","0.05461","0.00048","20.49","-860.58","SELL","1","BAC",33424160,0.0,25.0,-18.04,0.0
"2026-05-12","US70931T3014","70931T301","PMT-A","PMT","PENNYMAC MORTGAGE INVESTMENT TRUST","Financial Institutions","328044.0","328007.0","-37.0","0.05456","0.05417","-0.00039","23.0","-851.0","SELL","1","PMT-PA",6157,0.0,25.0,-8.0,0.0
"2026-05-12","US12621E3018","12621E301","CNO","CNO","CNO FINANCIAL GROUP INC","Financial Institutions","411266.0","411219.0","-47.0","0.0533","0.05331","1e-05","18.06","-848.82","SELL","1","CNO",681130,0.0,25.0,-27.76,0.0
"2026-05-12","US70931T8062","70931T806","PMT","PMT","PENNYMAC MORTGAGE INVESTMENT TRUST","Financial Institutions","287911.0","287878.0","-33.0","0.05292","0.05303","0.00011","25.66","-846.78","SELL","1","PMT",1178383,0.0,25.0,2.64,0.0
"2026-05-12","US74460W4877","74460W487","PSA-O","PSA","PUBLIC STORAGE","Financial Institutions","484885.0","484830.0","-55.0","0.05337","0.05339","2e-05","15.34","-843.7","SELL","1","PSA-PO",19088,0.0,25.0,-38.64,0.0
"2026-05-12","US3205178656","320517865","FHN-F","FHN","FIRST HORIZON CORP (TENNESSEE)","Financial Institutions","411266.0","411219.0","-47.0","0.05271","0.0529","0.00019","17.92","-842.24","SELL","1","FHN-PF",10522,0.0,25.0,-28.32,0.0
"2026-05-12","US68003D2045","68003D204","ONB-A","ONB","OLD NATIONAL BANCORP","Financial Institutions","296140.0","296106.0","-34.0","0.05244","0.05248","4e-05","24.69","-839.46","SELL","1","","","",25.0,-1.24,""
"2026-05-12","KYG3730V1398","-","FTAI-C","FTAI","FTAI AVIATION   FIXED RATE RESET C","Industrial","287947.0","287914.0","-33.0","0.05237","0.05256","0.00019","25.43","-839.19","SELL","1","","","",25.0,1.72,""
"2026-05-12","US22948Q2003","22948Q200","CTO-A","CTO","CTO REALTY GROWTH INC","Financial Institutions","336105.0","336067.0","-38.0","0.05232","0.05307","0.00075","22.0","-836.0","SELL","1","CTO-PA",2200,0.0,25.0,-12.0,0.0
"2026-05-12","US7588498896","758849889","REG-A","REG","REGENCY CENTERS   SERIES A CUMULAT","Financial Institutions","315337.0","315301.0","-36.0","0.05241","0.05253","0.00012","23.21","-835.56","SELL","1","","","",25.0,-7.16,""
"2026-05-12","US0259328070","025932807","AFG","AFG","AMERICAN FINANCIAL GROUP INC","Financial Institutions","342757.0","342718.0","-39.0","0.0526","0.05262","2e-05","21.39","-834.21","SELL","1","AFG",484033,0.0,25.0,-14.44,0.0
"2026-05-12","US7588498714","758849871","REG-B","REG","REGENCY CENTERS   SERIES B CUMULAT","Financial Institutions","328044.0","328007.0","-37.0","0.05304","0.05307","3e-05","22.54","-833.98","SELL","1","","","",25.0,-9.84,""
"2026-05-12","US02665T8760","02665T876","AMH-G","AMH","AMERICAN HOMES 4 RENT","Financial Institutions","315337.0","315301.0","-36.0","0.05181","0.05235","0.00054","23.13","-832.68","SELL","1","AMH-PG",3540,0.0,25.0,-7.48,0.0
"2026-05-12","US80349A8027","80349A802","SAR","SAR","SARATOGA INVESTMENT CORP","Financial Institutions","289274.0","289241.0","-33.0","0.05201","0.05218","0.00017","25.13","-829.29","SELL","1","SAR",112463,0.0,25.0,0.52,0.0
"2026-05-12","US3793784097","379378409","GNL-B","GNL","GLOBAL NET LEASE INC","Financial Institutions","334831.0","334793.0","-38.0","0.05179","0.05227","0.00048","21.75","-826.5","SELL","1","GNL-PB",7751,0.0,25.0,-13.0,0.0
"2026-05-12","US25432X2018","25432X201","DCOM","DCOM","DIME COMMUNITY BANCSHARES CUMULATI","Financial Institutions","377897.0","377854.0","-43.0","0.05133","0.05147","0.00014","18.98","-816.14","SELL","1","DCOM",307583,0.0,25.0,-24.08,0.0
"2026-05-12","US53803X4025","53803X402","LOB-A","LOB","LIVE OAK BANCSHARES INC","Financial Institutions","285260.0","285228.0","-32.0","0.05172","0.05182","0.0001","25.31","-809.92","SELL","1","LOB-PA",9494,0.0,25.0,1.24,0.0
"2026-05-12","US9197943056","919794305","VLY-B","VLY","VALLEY NATL NON CUM PERP PREF SERI","Financial Institutions","285260.0","285228.0","-32.0","0.05123","0.05137","0.00014","25.09","-802.88","SELL","1","","","",25.0,0.36,""
"2026-05-12","US2298993070","229899307","CFR-B","CFR","CULLEN FROST BANKERS DRC INC","Financial Institutions","411266.0","411219.0","-47.0","0.05045","0.05021","-0.00024","17.01","-799.47","SELL","1","CFR-PB",12430,0.0,25.0,-31.96,0.0
"2026-05-12","US8043958797","804395879","BFS-E","BFS","SAUL CENTERS INC","Financial Institutions","313699.0","313664.0","-35.0","0.05113","0.05122","9e-05","22.75","-796.25","SELL","1","BFS-PE",5102,0.0,25.0,-9.0,0.0
"2026-05-12","US28852N4060","28852N406","EFC-C","EFC","ELLINGTON FINANCIAL INC","Financial Institutions","274199.0","274168.0","-31.0","0.05024","0.05012","-0.00012","25.47","-789.57","SELL","1","EFC-PC",4015,0.0,25.0,1.88,0.0
"2026-05-12","US16208T2015","16208T201","CLDT-A","CLDT","CHATHAM LODGING TRUST","Financial Institutions","342264.0","342225.0","-39.0","0.0498","0.04965","-0.00015","20.21","-788.19","SELL","1","CLDT-PA",10799,0.0,25.0,-19.16,0.0
"2026-05-12","US7580758578","758075857","RWT","RWT","REDWOOD TRUST INC","Financial Institutions","274181.0","274150.0","-31.0","0.04987","0.05003","0.00016","25.42","-788.02","SELL","1","RWT",1276150,0.0,25.0,1.68,0.0
"2026-05-12","US73317H2067","73317H206","BPOP","BPOP","POPULAR CAPITAL TRUST II","Financial Institutions","277006.0","276975.0","-31.0","0.05024","0.0505","0.00026","25.4","-787.4","SELL","1","BPOP",503727,0.0,25.0,1.6,0.0
"2026-05-12","US3131488278","313148827","AGMPP","FAMCA","FEDERAL AGRIC MTG NON CUMULATIVE P","Agency","285260.0","285228.0","-32.0","0.04935","0.04958","0.00023","24.22","-775.04","SELL","1","","","",25.0,-3.12,""
"2026-05-12","US00489Q3002","00489Q300","ACR-D","ACR","ACRES COMMERCIAL REALTY CORP","Financial Institutions","308974.0","308939.0","-35.0","0.04887","0.04897","0.0001","22.08","-772.8","SELL","1","ACR-PD",5264,0.0,25.0,-11.68,0.0
"2026-05-12","US6943082064","694308206","PCG-A","PCG","PACIFIC GAS & ELEC CO","Utility","300329.0","300295.0","-34.0","0.04933","0.04897","-0.00036","22.72","-772.48","SELL","1","PCG-PA",5361,0.0,25.0,-9.12,0.0
"2026-05-12","US29364P1030","29364P103","ETR","ETR","ENTERGY NEW ORLEANS INC","Utility","313698.0","313663.0","-35.0","0.0496","0.04969","9e-05","22.07","-772.45","SELL","1","ETR",3485770,0.0,25.0,-11.72,0.0
"2026-05-12","US20451Q2030","20451Q203","CODI-A","CODI","COMPASS DIVERSIFIED HOLDINGS","Financial Institutions","320596.0","320560.0","-36.0","0.04775","0.04779","4e-05","20.77","-747.72","SELL","1","CODI-PA",8578,0.0,25.0,-16.92,0.0
"2026-05-12","US5290433094","529043309","LXP-C","LXP","LXP INDUSTRIAL TRUST","Financial Institutions","137968.0","137952.0","-16.0","0.04571","0.04585","0.00014","46.3","-740.8","SELL","1","LXP-PC",1985,0.0,25.0,85.2,0.0
"2026-05-12","US74348T5653","74348T565","PSEC-A","PSEC","PROSPECT CAPITAL CORP","Financial Institutions","359918.0","359877.0","-41.0","0.04562","0.04527","-0.00035","17.52","-718.32","SELL","1","PSEC-PA",8262,0.0,25.0,-29.92,0.0
"2026-05-12","US74460W4463","74460W446","PSA-Q","PSA","PUBLIC STORAGE","Financial Institutions","394154.0","394109.0","-45.0","0.0438","0.04385","5e-05","15.5","-697.5","SELL","1","PSA-PQ",14521,0.0,25.0,-38.0,0.0
"2026-05-12","US3131488435","313148843","FAMCA","FAMCA","FEDERAL AGRICULTURAL MORTGAGE CORP","Agency","329002.0","328965.0","-37.0","0.04474","0.04444","-0.0003","18.82","-696.34","SELL","1","","","",25.0,-24.72,""
"2026-05-12","US14040H7742","14040H774","COF-K","COF","CAPITAL ONE FINANCIAL CORPORATION","Financial Institutions","342757.0","342718.0","-39.0","0.04366","0.04363","-3e-05","17.73","-691.47","SELL","1","COF-PK",9127,0.0,25.0,-29.08,0.0
"2026-05-12","US3131488351","313148835","FAMCA","FAMCA","FEDERAL AGRICULTURAL MORTGAGE   NO","Agency","342757.0","342718.0","-39.0","0.04317","0.043","-0.00017","17.48","-681.72","SELL","1","","","",25.0,-30.08,""
"2026-05-12","US0454872047","045487204","ASB-E","ASB","ASSOCIATED BANC DEPOSITARY SHARES","Financial Institutions","285252.0","285220.0","-32.0","0.04338","0.04353","0.00015","21.26","-680.32","SELL","1","ASB-PE",3271,0.0,25.0,-14.96,0.0
"2026-05-12","US9116847024","911684702","UZA","AD","UNITED STATES CELLULAR CORPORATION","Industrial","301886.0","301852.0","-34.0","0.04358","0.04323","-0.00035","19.95","-678.3","SELL","1","","","",25.0,-20.2,""
"2026-05-12","US70509V6056","70509V605","PEB-E","PEB","PEBBLEBROOK HOTEL TRUST","Financial Institutions","292333.0","292300.0","-33.0","0.04187","0.04192","5e-05","19.98","-659.34","SELL","1","PEB-PE",17735,0.0,25.0,-20.08,0.0
"2026-05-12","US56029Q4082","56029Q408","MHLD","MHLD","MAIDEN HOLDINGS NORTH AMERICA LTD","Financial Institutions","418109.0","418062.0","-47.0","0.03985","0.04138","0.00153","13.79","-648.13","SELL","1","","","",25.0,-44.84,""
"2026-05-12","US0454874027","045487402","ASB-F","ASB","ASSOCIATED BANC-CORP","Financial Institutions","274181.0","274150.0","-31.0","0.04027","0.04062","0.00035","20.64","-639.84","SELL","1","ASB-PF",4985,0.0,25.0,-17.44,0.0
"2026-05-12","US3131488682","313148868","FAMCA","FAMCA","FEDERAL AGRICULTURAL MORTGAGE CORP","Agency","274180.0","274149.0","-31.0","0.04039","0.04042","3e-05","20.54","-636.74","SELL","1","","","",25.0,-17.84,""
"2026-05-12","US80349A8514","80349A851","SAR","SAR","SARATOGA INVESTMENT CORP","Financial Institutions","274200.0","274175.0","-25.0","0.05001","0.05003","2e-05","25.42","-635.5","SELL","1","SAR",112463,0.0,25.0,1.68,0.0
"2026-05-12","US3765468596","376546859","GAIN","GAIN","GLADSTONE INVESTMENT CORP","Financial Institutions","285925.0","285900.0","-25.0","0.05188","0.05172","-0.00016","25.2","-630.0","SELL","1","GAIN",334713,0.0,25.0,0.8,0.0
"2026-05-12","US55272X7066","55272X706","MFA","MFA","MFA FINANCIAL INC","Financial Institutions","329625.0","329600.0","-25.0","0.05936","0.05962","0.00026","25.2","-630.0","SELL","1","MFA",1430127,0.0,25.0,0.8,0.0
"2026-05-12","US00489Q2012","00489Q201","ACR-C","ACR","ACRES COMMERCIAL REALTY .625 FIXED","Financial Institutions","328600.0","328575.0","-25.0","0.05908","0.05927","0.00019","25.13","-628.25","SELL","1","ACR-PC",7545,0.0,25.0,0.52,0.0
"2026-05-12","US78163D4079","78163D407","RWAY","RWAY","RUNWAY GROWTH FINANCE","Financial Institutions","274200.0","274175.0","-25.0","0.04916","0.0493","0.00014","25.05","-626.25","SELL","1","RWAY",722297,0.0,25.0,0.2,0.0
"2026-05-12","US9116848840","911684884","UZC","AD","UNITED STATES CELLULAR CORPORATION","Industrial","298206.0","298172.0","-34.0","0.03869","0.03842","-0.00027","17.95","-610.3","SELL","1","","","",25.0,-28.2,""
"2026-05-12","US8660827044","866082704","INN-F","INN","SUMMIT HOTEL PROPERTIES INC","Financial Institutions","285268.0","285236.0","-32.0","0.03575","0.03592","0.00017","17.55","-561.6","SELL","1","INN-PF",4711,0.0,25.0,-29.8,0.0
"2026-05-12","US8678928040","867892804","SHO-H","SHO","SUNSTONE HOTEL INVESTORS INC","Financial Institutions","311611.0","311586.0","-25.0","0.04759","0.04764","5e-05","21.3","-532.5","SELL","1","SHO-PH",12395,0.0,25.0,-14.8,0.0
"2026-05-12","US5835432023","583543202","SLNH-A","SLNH","SOLUNA HOLDINGS INC","Industrial","374088.0","374038.0","-50.0","0.02596","0.02604","8e-05","9.7","-485.0","SELL","1","","","",25.0,-61.2,""
"2026-05-12","US5602923022","560292302","MHLD","MHLD","MAIDEN HOLDINGS LTD","Financial Institutions","323752.0","323715.0","-37.0","0.02905","0.02982","0.00077","12.83","-474.71","SELL","1","","","",25.0,-48.68,""
"2026-05-12","US75574U8870","75574U887","RC-E","RC","READY CAPITAL CORP","Financial Institutions","315301.0","315265.0","-36.0","0.02994","0.02965","-0.00029","13.1","-471.6","SELL","1","RC-PE",10602,0.0,25.0,-47.6,0.0
"2026-05-12","US10482B2007","10482B200","BHR-B","BHR","BRAEMAR HOTEL & RESORTS INC","Financial Institutions","225082.0","225057.0","-25.0","0.02418","0.02439","0.00021","15.1","-377.5","SELL","1","BHR-PB",7646,0.0,25.0,-39.6,0.0
"2026-05-12","US74913G8731","74913G873","CTL","CTL","QWEST CORP","Industrial","1818042.0","1818042.0","0.0","0.25451","0.25514","0.00063","19.55","0.0","UNCHANGED","1","","","","","",""
"2026-05-12","US0389238686","038923868","ABR-E","ABR","ARBOR REALTY TRUST INC","Financial Institutions","394047.0","394047.0","0.0","0.0474","0.04696","-0.00044","16.6","0.0","UNCHANGED","1","","","","","",""
"2026-05-12","US46817M2061","46817M206","JXN","JXN","JACKSON FINANCIAL INC","Financial Institutions","1507574.0","1507574.0","0.0","0.28262","0.28289","0.00027","26.14","0.0","UNCHANGED","1","","","","","",""
"2026-05-12","US17259U4022","17259U402","CION","CICC","CION INVESTMENT   NOTES DUE CORP","Financial Institutions","342655.0","342655.0","0.0","0.06146","0.06169","0.00023","25.08","0.0","UNCHANGED","1","","","","","",""
"2026-05-12","US0389238769","038923876","ABR-D","ABR","ARBOR REALTY TRUST INC","Financial Institutions","630421.0","630421.0","0.0","0.07611","0.07548","-0.00063","16.68","0.0","UNCHANGED","1","","","","","",""
"2026-05-12","US5341878859","534187885","LNC-D","LNC","LINCOLN NATIONAL CORPORATION","Financial Institutions","1370485.0","1370485.0","0.0","0.26183","0.26199","0.00016","26.63","0.0","UNCHANGED","1","","","","","",""
"2026-05-12","US34988VAF31","34988VAF3","FOSL","FOSL","FOSSIL GROUP INC","Industrial","1174925.0","1174925.0","0.0","0.00803","0.00801","-2e-05","93.74","0.0","UNCHANGED","1","","","","","",""
"2026-05-12","US0625403078","062540307","BOH","BOH","BANK OF HAWAII CORP","Financial Institutions","452299.0","452299.0","0.0","0.08609","0.08604","-5e-05","26.5","0.0","UNCHANGED","1","","","","","",""
"2026-05-12","US29452E4089","29452E408","EQH-C","EQH","EQUITABLE HOLDINGS INC","Financial Institutions","822331.0","822331.0","0.0","0.09651","0.09569","-0.00082","16.21","0.0","UNCHANGED","1","","","","","",""
"2026-05-12","US7443208886","744320888","PRU","PRU","PRUDENTIAL FINANCIAL INC","Financial Institutions","1381235.0","1381235.0","0.0","0.16814","0.16757","-0.00057","16.9","0.0","UNCHANGED","1","","","","","",""
"2026-05-12","US7443208704","744320870","PRU","PRU","PRUDENTIAL FINANCIAL INC","Financial Institutions","828782.0","828782.0","0.0","0.14154","0.14171","0.00017","23.82","0.0","UNCHANGED","1","","","","","",""
"2026-05-12","US05461T3059","05461T305","AXS-E","AXS","AXIS CAPITAL HOLDINGS LTD","Financial Institutions","1507574.0","1507574.0","0.0","0.21256","0.2119","-0.00066","19.58","0.0","UNCHANGED","1","","","","","",""
"2026-05-12","US3765493099","376549309","LAND-B","LAND","GLADSTONE LAND CORP","Financial Institutions","400235.0","400235.0","0.0","0.06119","0.06054","-0.00065","21.07","0.0","UNCHANGED","1","","","","","",""
"2026-05-12","US78442P5026","78442P502","SLM-B","SLM","SLM CORP","Financial Institutions","172068.0","172068.0","0.0","0.09227","0.09263","0.00036","74.99","0.0","UNCHANGED","1","","","","","",""
"2026-05-12","US9388243076","938824307","WAFD-A","WAFD","WASHINGTON FEDERAL INC","Financial Institutions","822331.0","822331.0","0.0","0.09875","0.09781","-0.00094","16.57","0.0","UNCHANGED","1","","","","","",""
"2026-05-12","US3602713089","360271308","FULT-A","FULT","FULTON FINANCIAL CORPORATION","Financial Institutions","548221.0","548221.0","0.0","0.0718","0.07162","-0.00018","18.2","0.0","UNCHANGED","1","","","","","",""
"2026-05-12","US0625452075","062545207","BOH-A","BOH","BANK OF HAWAII CORP","Financial Institutions","493399.0","493399.0","0.0","0.05734","0.05709","-0.00025","16.12","0.0","UNCHANGED","1","","","","","",""
"2026-05-12","US0389238504","038923850","ABR-F","ABR","ARBOR REALTY TRUST INC","Financial Institutions","777196.0","777196.0","0.0","0.12939","0.12865","-0.00074","23.06","0.0","UNCHANGED","1","","","","","",""
"2026-05-12","US29452E2000","29452E200","EQH-A","EQH","EQUITABLE HLDNGS  DRC REPRESENTING","Financial Institutions","2192816.0","2192816.0","0.0","0.31451","0.31333","-0.00118","19.91","0.0","UNCHANGED","1","","","","","",""
"2026-05-12","US7244795065","724479506","PBI","PBI","PITNEY BOWES INC","Industrial","957402.0","957402.0","0.0","0.14808","0.14921","0.00113","21.71","0.0","UNCHANGED","1","","","","","",""
"2026-05-12","US06417N2027","06417N202","OZK-A","OZK","BANK OZK","Financial Institutions","959353.0","959353.0","0.0","0.11369","0.11239","-0.0013","16.32","0.0","UNCHANGED","1","","","","","",""
"2026-05-12","US74913G8814","74913G881","CTL","CTL","QWEST CORP","Industrial","2691284.0","2691284.0","0.0","0.37386","0.37441","0.00055","19.38","0.0","UNCHANGED","1","","","","","",""
"2026-05-12","US7443208050","744320805","PRU","PRU","PRUDENTIAL FINANCIAL INC","Financial Institutions","1560818.0","1560818.0","0.0","0.25672","0.2568","8e-05","22.92","0.0","UNCHANGED","1","","","","","",""
