"date","isin","cusip","ticker","ticker_raw","name","sector","prior_shares","today_shares","shares_delta","prior_weight","today_weight","weight_delta","price","dollar_flow","flow_type","gap_days","yahoo_ticker","adv_30d","overhang_days","par_value","price_vs_par_pct","signal_score"
"2026-06-04","-","-","USD","USD","USD CASH","Cash and/or Derivatives","-73335679.0","-13021134.0","60314545.0","-0.0054","-0.001","0.0044","100.0","6031454500.0","UNCHANGED","1","","","","","",""
"2026-06-04","US0669224778","066922477","XTSLA","XTSLA","BLK CSH FND TREASURY SL AGENCY","Cash and/or Derivatives","108865263.0","47974919.0","-60890344.0","0.008","0.0035","-0.0045","1.0","-60890344.0","UNCHANGED","1","","","","","",""
"2026-06-04","US0970232049","097023204","BA","BA","BOEING CO","Industrial","7802799.0","7796555.0","-6244.0","0.0385","0.0392","0.0007","68.61","-428400.84","SELL","1","BA",6729392,0.0,25.0,174.44,0.0
"2026-06-04","US68389X2045","68389X204","ORCL-D","ORCL","ORACLE CORPORATION","Industrial","6787050.0","6781450.0","-5600.0","0.0327","0.0332","0.0005","66.83","-374248.0","SELL","1","ORCL-PD",1159455,0.0,25.0,167.32,0.0
"2026-06-04","US5949728530","594972853","STRC","MSTR","STRATEGY INC","Industrial","4633794.0","4630084.0","-3710.0","0.0322","0.0324","0.0002","95.42","-354008.2","SELL","1","STRC",3301747,0.0,25.0,281.68,0.0
"2026-06-04","US9497468044","949746804","WFC-L","WFC","WELLS FARGO & COMPANY SERIES L","Financial Institutions","269323.0","269106.0","-217.0","0.0229","0.023","0.0001","1165.0","-252805.0","SELL","1","WFC-PL",5438,0.0,1000.0,16.5,0.0
"2026-06-04","US42824C2089","42824C208","HPE-A","HPE","HEWLETT PACKARD ENTERPRISE CONV PR","Industrial","2036331.0","2034700.0","-1631.0","0.0211","0.0207","-0.0004","138.52","-225926.12","SELL","1","","","",1000.0,-86.15,""
"2026-06-04","US0126532003","012653200","ALB","ALB","ALBEMARLE CORP","Industrial","3122363.0","3119864.0","-2499.0","0.0154","0.0152","-0.0002","66.28","-165633.72","SELL","1","ALB",2015715,0.0,25.0,165.12,0.0
"2026-06-04","US0605056821","060505682","BAC-L","BAC","BANK OF AMERICA CORP","Financial Institutions","153982.0","153856.0","-126.0","0.0136","0.0138","0.0002","1222.0","-153972.0","SELL","1","BAC-PL",8165,0.0,1000.0,22.2,0.0
"2026-06-04","US1730802014","173080201","C","C","CITIGROUP CAPITAL XIII","Financial Institutions","6098129.0","6093250.0","-4879.0","0.0128","0.0128","0.0","28.72","-140124.88","SELL","1","C",10577477,0.0,25.0,14.88,0.0
"2026-06-04","US5950173022","595017302","MCHP","MCHP","MICROCHIP TECHNOLOGY INCORPORATED","Industrial","2014286.0","2012676.0","-1610.0","0.012","0.0119","-0.0001","80.71","-129943.1","SELL","1","MCHP",11325955,0.0,25.0,222.84,0.0
"2026-06-04","US65339F6557","65339F655","NEE-V","NEE","NEXTERA ENERGY INC","Utility","3122363.0","3119864.0","-2499.0","0.0107","0.0108","0.0001","47.08","-117652.92","SELL","1","NEE-PV",543641,0.0,25.0,88.32,0.0
"2026-06-04","US48251W5004","48251W500","KKR-D","KKR","KKR & CO INC","Financial Institutions","3509320.0","3506513.0","-2807.0","0.0102","0.0106","0.0004","41.23","-115732.61","SELL","1","KKR-PD",170803,0.0,25.0,64.92,0.0
"2026-06-04","US65339F6631","65339F663","NEE-S","NEECU","NEXTERA ENERGY UNITS INC","Utility","2715082.0","2712912.0","-2170.0","0.0104","0.0105","0.0001","52.64","-114228.8","SELL","1","NEE-PS",330208,0.0,25.0,110.56,0.0
"2026-06-04","US8425878423","842587842","SO-A","SO","SOUTHERN COMPANY (THE)","Utility","2712384.0","2710214.0","-2170.0","0.0099","0.01","0.0001","50.24","-109020.8","SELL","1","SOPA",2899873,0.0,25.0,100.96,0.0
"2026-06-04","US03769M3043","03769M304","APO","APO","APOLLO GLOBAL MANAGEMENT INC","Financial Institutions","1949398.0","1947837.0","-1561.0","0.0091","0.0094","0.0003","65.89","-102854.29","SELL","1","APO",3372152,0.0,25.0,163.56,0.0
"2026-06-04","US48128B6487","48128B648","JPM-EE","JPM","JPMORGAN CHASE & CO","Financial Institutions","5022922.0","5018904.0","-4018.0","0.0093","0.0093","0.0","25.28","-101575.04","SELL","1","","","",25.0,1.12,""
"2026-06-04","US48128B6552","48128B655","JPM-DD","JPM","JPMORGAN CHASE & CO","Financial Institutions","4605476.0","4601794.0","-3682.0","0.0081","0.0081","0.0","23.93","-88110.26","SELL","1","","","",25.0,-4.28,""
"2026-06-04","US10950A2050","10950A205","BTSG","BTSG","BRIGHTSPRING HEALTH SERVICES UNITS","Industrial","542331.0","541897.0","-434.0","0.008","0.0075","-0.0005","188.97","-82012.98","SELL","1","BTSG",2852979,0.0,1000.0,-81.1,0.0
"2026-06-04","US94988U1512","94988U151","WFC-Z","WFC","WELLS FARGO & COMPANY","Financial Institutions","5416797.0","5412464.0","-4333.0","0.0073","0.0074","0.0001","18.6","-80593.8","SELL","1","WFC-PZ",181022,0.0,25.0,-25.6,0.0
"2026-06-04","US65339F1194","65339F119","NEE-T","NEECV","NEXTERA ENERGY UNITS INC","Utility","2033614.0","2031990.0","-1624.0","0.0073","0.0073","0.0","49.31","-80079.44","SELL","1","NEE-PT",159625,0.0,25.0,97.24,0.0
"2026-06-04","US48128B5497","48128B549","JPM-LL","JPM","JPMORGAN CHASE NON-CUMULATIVE PREF","Financial Institutions","5003533.0","4999529.0","-4004.0","0.0069","0.0069","0.0","18.7","-74874.8","SELL","1","","","",25.0,-25.2,""
"2026-06-04","US48128B5232","48128B523","JPM-MM","JPM","JPMORGAN CHASE AND CO DS REPSTG T","Financial Institutions","5409244.0","5404918.0","-4326.0","0.0068","0.0068","0.0","17.15","-74190.9","SELL","1","","","",25.0,-31.4,""
"2026-06-04","US69331C3060","69331C306","PCG-A","PCG","PG&E CORPORATION","Utility","2182307.0","2180564.0","-1743.0","0.0067","0.0066","-0.0001","41.45","-72247.35","SELL","1","PCG-PA",6087,0.3,25.0,65.8,0.0
"2026-06-04","US03990B3096","03990B309","ARES-B","ARES","ARES MANAGEMENT CORP","Financial Institutions","2033065.0","2031441.0","-1624.0","0.0061","0.0064","0.0003","42.76","-69442.24","SELL","1","ARES-PB",123582,0.0,25.0,71.04,0.0
"2026-06-04","US00206R7061","00206R706","T-C","T","AT&T INC","Industrial","4744057.0","4740263.0","-3794.0","0.0063","0.0063","0.0","18.08","-68595.52","SELL","1","T-PC",108280,0.0,25.0,-27.68,0.0
"2026-06-04","US1167942077","116794207","BRKR","BRKR","BRUKER CORPORATION","Industrial","187329.0","187182.0","-147.0","0.0064","0.0063","-0.0001","460.67","-67718.49","SELL","1","BRKR",2615138,0.0,1000.0,-53.93,0.0
"2026-06-04","US5949728795","594972879","STRF","MSTR","STRATEGY INC","Industrial","684755.0","684055.0","-700.0","0.0048","0.0048","0.0","95.29","-66703.0","SELL","1","STRF",85079,0.0,25.0,281.16,0.0
"2026-06-04","US48128B5802","48128B580","JPM-JJ","JPM","JPMORGAN CHASE DRC","Financial Institutions","4050453.0","4047212.0","-3241.0","0.0054","0.0054","0.0","18.35","-59472.35","SELL","1","","","",25.0,-26.6,""
"2026-06-04","US00206R3003","00206R300","T","T","AT&T INC","Industrial","3584194.0","3581324.0","-2870.0","0.0055","0.0054","-0.0001","20.71","-59437.7","SELL","1","T",35773551,0.0,25.0,-17.16,0.0
"2026-06-04","US69351T8669","69351T866","PPL","PPL","PPL CORPORATION","Utility","1558375.0","1557129.0","-1246.0","0.0055","0.0054","-0.0001","47.63","-59346.98","SELL","1","PPL",8671482,0.0,25.0,90.52,0.0
"2026-06-04","US14040H8245","14040H824","COF-I","COF","CAPITAL ONE FINANCIAL CORPORATION","Financial Institutions","4057793.0","4054545.0","-3248.0","0.0054","0.0054","0.0","18.13","-58886.24","SELL","1","COF-PI",107030,0.0,25.0,-27.48,0.0
"2026-06-04","US38144G8042","38144G804","GS-D","GS","GOLDMAN SACHS GROUP INC","Financial Institutions","3665313.0","3662380.0","-2933.0","0.0052","0.0052","0.0","19.23","-56401.59","SELL","1","GS-PD",105318,0.0,25.0,-23.08,0.0
"2026-06-04","US61762V8384","61762V838","MS-Q","MS","MORGAN STANLEY","Financial Institutions","2699098.0","2696942.0","-2156.0","0.005","0.005","0.0","25.44","-54848.64","SELL","1","MS-PQ",56020,0.0,25.0,1.76,0.0
"2026-06-04","US61762V8533","61762V853","MS-P","MS","MORGAN STANLEY DS REPRESENTING F","Financial Institutions","2715083.0","2712913.0","-2170.0","0.005","0.005","0.0","25.08","-54423.6","SELL","1","MS-PP",58304,0.0,25.0,0.32,0.0
"2026-06-04","US61761J4067","61761J406","MS-I","MS","MORGAN STANLEY","Financial Institutions","2698858.0","2696702.0","-2156.0","0.005","0.005","0.0","25.2","-54331.2","SELL","1","MS-PI",50583,0.0,25.0,0.8,0.0
"2026-06-04","US0605052291","060505229","BAC-GG","BAC","BANK OF AMERICA CORP","Financial Institutions","2699219.0","2697063.0","-2156.0","0.0049","0.0049","0.0","24.9","-53684.4","SELL","1","","","",25.0,-0.4,""
"2026-06-04","US26441C5013","26441C501","DUK-A","DUK","DUKE ENERGY CORP","Utility","2709575.0","2707405.0","-2170.0","0.0049","0.0049","0.0","24.67","-53533.9","SELL","1","DUK-PA",63894,0.0,25.0,-1.32,0.0
"2026-06-04","US61762V6065","61762V606","MS-K","MS","MORGAN STANLEY","Financial Institutions","2715083.0","2712913.0","-2170.0","0.0047","0.0047","0.0","23.69","-51407.3","SELL","1","MS-PK",45723,0.0,25.0,-5.24,0.0
"2026-06-04","US00206R5081","00206R508","T-A","T","AT&T INC","Industrial","3251203.0","3248599.0","-2604.0","0.0046","0.0046","0.0","19.28","-50205.12","SELL","1","T-PA",82618,0.0,25.0,-22.88,0.0
"2026-06-04","US0200028381","020002838","ALL-H","ALL","ALLSTATE CORPORATION (THE)","Financial Institutions","3115620.0","3113128.0","-2492.0","0.0046","0.0046","0.0","19.98","-49790.16","SELL","1","ALL-PH",68375,0.0,25.0,-20.08,0.0
"2026-06-04","US5949728878","594972887","STRK","MSTR","STRATEGY INC","Industrial","741348.0","740648.0","-700.0","0.0037","0.0037","0.0","68.25","-47775.0","SELL","1","STRK",143981,0.0,25.0,173.0,0.0
"2026-06-04","US61763E2072","61763E207","MS-F","MS","MORGAN STANLEY","Financial Institutions","2323536.0","2321674.0","-1862.0","0.0044","0.0043","-0.0001","25.52","-47518.24","SELL","1","MS-PF",75923,0.0,25.0,2.08,0.0
"2026-06-04","US61762V8616","61762V861","MS-O","MS","MORGAN STANLEY","Financial Institutions","3502911.0","3500111.0","-2800.0","0.0043","0.0044","0.0001","16.97","-47516.0","SELL","1","MS-PO",103606,0.0,25.0,-32.12,0.0
"2026-06-04","CA67000B2030","67000B203","NOVTV","NOVT","NOVANTA TANGIBLE EQUITY UNITS INC","Industrial","856627.0","855941.0","-686.0","0.0044","0.0043","-0.0001","69.25","-47505.5","SELL","1","","","",25.0,177.0,""
"2026-06-04","US65339K8374","65339K837","NEE-U","NEE","NEXTERA ENERGY CAPITAL HOLDINGS IN","Utility","2364750.0","2362825.0","-1925.0","0.0043","0.0043","0.0","24.56","-47278.0","SELL","1","","","",25.0,-1.76,""
"2026-06-04","US14040H7825","14040H782","COF-J","COF","CAPITAL ONE FINANCIAL CORPORATION","Financial Institutions","3375876.0","3373174.0","-2702.0","0.0043","0.0043","0.0","17.39","-46987.78","SELL","1","COF-PJ",92023,0.0,25.0,-30.44,0.0
"2026-06-04","US61762V2007","61762V200","MS-E","MS","MORGAN STANLEY DS","Financial Institutions","2291159.0","2289325.0","-1834.0","0.0043","0.0043","0.0","25.38","-46546.92","SELL","1","MS-PE",41895,0.0,25.0,1.52,0.0
"2026-06-04","US06053U6010","06053U601","BAC-KK","BAC","BANK AMER DS REPRESENTING NON CU","Financial Institutions","2732166.0","2729982.0","-2184.0","0.0043","0.0043","0.0","21.29","-46497.36","SELL","1","","","",25.0,-14.84,""
"2026-06-04","US61747S5047","61747S504","MS","MS","MORGAN STANLEY","Financial Institutions","2963082.0","2960709.0","-2373.0","0.0043","0.0042","-0.0001","19.55","-46392.15","SELL","1","MS",5346127,0.0,25.0,-21.8,0.0
"2026-06-04","US98389B8789","98389B878","XEL","XEL","XCEL ENERGY INC","Utility","2437975.0","2436050.0","-1925.0","0.0043","0.0043","0.0","23.95","-46103.75","SELL","1","XEL",5375022,0.0,25.0,-4.2,0.0
"2026-06-04","US94988U1280","94988U128","WFC-AA","WFC","WELLS FARGO & COMPANY","Financial Institutions","3126107.0","3123608.0","-2499.0","0.0042","0.0042","0.0","18.44","-46081.56","SELL","1","","","",25.0,-26.24,""
"2026-06-04","US04686J8615","04686J861","ATH-A","ATH","ATHENE HOLDING DS REPRESENTING P","Financial Institutions","2328832.0","2326970.0","-1862.0","0.0042","0.0042","0.0","24.66","-45916.92","SELL","1","ATH-PA",30814,0.1,25.0,-1.36,0.14
"2026-06-04","US95002Y4008","95002Y400","WFC-DD","WFC","WELLS FARGO & COMPANY","Financial Institutions","3338385.0","3335711.0","-2674.0","0.0041","0.0041","0.0","16.63","-44468.62","SELL","1","","","",25.0,-33.48,""
"2026-06-04","US1729672428","172967242","C-II","C","CITIGROUP INC","Financial Institutions","2172067.0","2170331.0","-1736.0","0.004","0.004","0.0","25.04","-43469.44","SELL","1","CPII",2207,0.8,25.0,0.16,0.0
"2026-06-04","US0605051798","060505179","BAC-K","BAC","BANK OF AMERICA CORP","Financial Institutions","2073140.0","2071481.0","-1659.0","0.0039","0.0039","0.0","25.55","-42387.45","SELL","1","BAC-PK",46877,0.0,25.0,2.2,0.0
"2026-06-04","US55261F8648","55261F864","MTB-J","MTB","M T BK DEP INT PERP PFD STK SER J","Financial Institutions","2031146.0","2029522.0","-1624.0","0.0039","0.0039","0.0","25.94","-42126.56","SELL","1","MTB-PJ",40258,0.0,25.0,3.76,0.0
"2026-06-04","US8425878001","842587800","SO","SO","SOUTHERN COMPANY (THE)","Utility","2704355.0","2702192.0","-2163.0","0.0038","0.0038","0.0","19.31","-41767.53","SELL","1","SO",5417430,0.0,25.0,-22.76,0.0
"2026-06-04","US5949728613","594972861","STRD","MSTR","STRATEGY INC","Industrial","741229.0","740634.0","-595.0","0.0038","0.0038","0.0","70.0","-41650.0","SELL","1","STRD",102450,0.0,25.0,180.0,0.0
"2026-06-04","US9029731554","902973155","USB-B","USB","US BANCORP","Financial Institutions","2715083.0","2712913.0","-2170.0","0.0038","0.0038","0.0","18.95","-41121.5","SELL","1","","","",25.0,-24.2,""
"2026-06-04","US7593518852","759351885","RGA","RGA","REINSURANCE GROUP OF AMERICA INCOR","Financial Institutions","1894933.0","1893358.0","-1575.0","0.0035","0.0035","0.0","25.45","-40083.75","SELL","1","RGA",363570,0.0,25.0,1.8,0.0
"2026-06-04","US0357108705","035710870","NLY-F","NLY","ANNALY CAPITAL MANAGEMENT INC","Financial Institutions","1954866.0","1953305.0","-1561.0","0.0037","0.0037","0.0","25.58","-39930.38","SELL","1","NLY-PF",36452,0.0,25.0,2.32,0.0
"2026-06-04","US8085136005","808513600","SCHW-D","SCHW","CHARLES SCHWAB CORPORATION (THE)","Financial Institutions","2036332.0","2034701.0","-1631.0","0.0036","0.0036","0.0","24.41","-39812.71","SELL","1","SCHW-PD",50440,0.0,25.0,-2.36,0.0
"2026-06-04","US59156R8503","59156R850","MET-F","MET","METLIFE INC","Financial Institutions","2700565.0","2698402.0","-2163.0","0.0036","0.0036","0.0","18.4","-39799.2","SELL","1","MET-PF",93336,0.0,25.0,-26.4,0.0
"2026-06-04","US06055H2022","06055H202","BAC-LL","BAC","BANK OF AMERICA CORPORATION DEPOSI","Financial Institutions","2504246.0","2502244.0","-2002.0","0.0036","0.0036","0.0","19.75","-39539.5","SELL","1","","","",25.0,-21.0,""
"2026-06-04","US59156R8768","59156R876","MET-E","MET","METLIFE INC","Financial Institutions","2173707.0","2171971.0","-1736.0","0.0035","0.0035","0.0","22.17","-38487.12","SELL","1","MET-PE",57019,0.0,25.0,-11.32,0.0
"2026-06-04","US95002Y2028","95002Y202","WFC-CC","WFC","WELLS FARGO & COMPANY","Financial Institutions","2794272.0","2792039.0","-2233.0","0.0035","0.0035","0.0","17.16","-38318.28","SELL","1","","","",25.0,-31.36,""
"2026-06-04","US00775V1044","00775V104","AEGON","AEGON","AEGON FUNDING CORPORATION II","Financial Institutions","2511461.0","2509452.0","-2009.0","0.0035","0.0035","0.0","19.0","-38171.0","SELL","1","","","",25.0,-24.0,""
"2026-06-04","US48128B6222","48128B622","JPM-GG","JPM","JPMORGAN CHASE & CO","Financial Institutions","2419622.0","2417683.0","-1939.0","0.0034","0.0034","0.0","19.22","-37267.58","SELL","1","","","",25.0,-23.12,""
"2026-06-04","US89832Q6952","89832Q695","TFC-R","TFC","TRUIST FINANCIAL DRC CORP","Financial Institutions","2504029.0","2502027.0","-2002.0","0.0034","0.0034","0.0","18.32","-36676.64","SELL","1","TFC-PR",59397,0.0,25.0,-26.72,0.0
"2026-06-04","US3453708378","345370837","F","F","FORD MOTOR COMPANY","Industrial","2158039.0","2156310.0","-1729.0","0.0033","0.0033","0.0","20.85","-36049.65","SELL","1","F",71835587,0.0,25.0,-16.6,0.0
"2026-06-04","US94988U6560","94988U656","WFC-Y","WFC","WELLS FARGO & COMPANY","Financial Institutions","1873782.0","1872284.0","-1498.0","0.0032","0.0032","0.0","23.36","-34993.28","SELL","1","WFC-PY",33983,0.0,25.0,-6.56,0.0
"2026-06-04","US8168516040","816851604","SRE","SRE","SEMPRA ENERGY","Utility","2050251.0","2048613.0","-1638.0","0.0032","0.0032","0.0","21.3","-34889.4","SELL","1","SRE",3491992,0.0,25.0,-14.8,0.0
"2026-06-04","US3453708451","345370845","F","F","FORD MOTOR COMPANY","Industrial","2022379.0","2020762.0","-1617.0","0.0031","0.0032","0.0001","21.5","-34765.5","SELL","1","F",71835587,0.0,25.0,-14.0,0.0
"2026-06-04","US65339K8606","65339K860","NEE-N","NEE","NEXTERA ENERGY CAPITAL HOLDINGS IN","Utility","1854370.0","1852886.0","-1484.0","0.0031","0.0031","0.0","22.88","-33953.92","SELL","1","","","",25.0,-8.48,""
"2026-06-04","US0200027888","020002788","ALL-J","ALL","ALLSTATE DEP REPSTG TH NON CUM PE","Financial Institutions","1617674.0","1616379.0","-1295.0","0.0031","0.0031","0.0","26.0","-33670.0","SELL","1","ALL-PJ",31492,0.0,25.0,4.0,0.0
"2026-06-04","US06055H8060","06055H806","BAC-QQ","BAC","BANK OF AMERICA CORP","Financial Institutions","2489780.0","2487785.0","-1995.0","0.0031","0.0031","0.0","16.78","-33476.1","SELL","1","","","",25.0,-32.88,""
"2026-06-04","US03769M2052","03769M205","APO","APO","APOLLO GLOBAL MANAGEMENT INC","Financial Institutions","1615875.0","1614580.0","-1295.0","0.003","0.003","0.0","25.59","-33139.05","SELL","1","APO",3372355,0.0,25.0,2.36,0.0
"2026-06-04","US4932678430","493267843","KEY","KEY","KEYCORP","Financial Institutions","1622515.0","1621220.0","-1295.0","0.003","0.003","0.0","24.95","-32310.25","SELL","1","KEY",10362974,0.0,25.0,-0.2,0.0
"2026-06-04","US65339K8291","65339K829","NEE-Z","NEE","NEXTERA ENERGY CAPITAL HOLDINGS IN","Utility","1618113.0","1616818.0","-1295.0","0.003","0.003","0.0","24.94","-32297.3","SELL","1","","","",25.0,-0.24,""
"2026-06-04","US0605051954","060505195","BAC-HH","BAC","BANK OF AMERICA DEP REPRESENTING","Financial Institutions","1632373.0","1631064.0","-1309.0","0.0029","0.0029","0.0","24.38","-31913.42","SELL","1","","","",25.0,-2.48,""
"2026-06-04","US38143Y6656","38143Y665","GS-A","GS","GOLDMAN SACHS GROUP INC","Financial Institutions","2027691.0","2026067.0","-1624.0","0.0029","0.0029","0.0","19.55","-31749.2","SELL","1","GS-PA",51745,0.0,25.0,-21.8,0.0
"2026-06-04","US2333317921","233331792","DTE-H","DTE","DTE ENERGY COMPANY","Utility","1623469.0","1622167.0","-1302.0","0.0029","0.0029","0.0","24.16","-31456.32","SELL","1","","","",25.0,-3.36,""
"2026-06-04","US00123Q8722","00123Q872","AGNC-F","AGNC","AGNC INVESTMENT CORP","Financial Institutions","1554313.0","1553067.0","-1246.0","0.0029","0.0029","0.0","25.1","-31274.6","SELL","1","","","",25.0,0.4,""
"2026-06-04","US48251W6093","48251W609","KKR-T","KKR","KKR & CO INC","Financial Institutions","1587390.0","1586123.0","-1267.0","0.0028","0.0029","0.0001","24.63","-31206.21","SELL","1","","","",25.0,-1.48,""
"2026-06-04","US04686J8383","04686J838","ATH","ATH","ATHENE HOLDING LTD","Financial Institutions","1546978.0","1545739.0","-1239.0","0.0028","0.0028","0.0","25.01","-30987.39","SELL","1","","","",25.0,0.04,""
"2026-06-04","US1258968452","125896845","CMS","CMS","CMS ENERGY CORPORATION","Utility","1704551.0","1703186.0","-1365.0","0.0028","0.0028","0.0","22.65","-30917.25","SELL","1","CMS",2930592,0.0,25.0,-9.4,0.0
"2026-06-04","US87165B2025","87165B202","SYF-A","SYF","SYNCHRONY FINANCIAL","Financial Institutions","2029596.0","2028021.0","-1575.0","0.0029","0.0029","0.0","19.56","-30807.0","SELL","1","SYF-PA",55023,0.0,25.0,-21.76,0.0
"2026-06-04","US8425878670","842587867","SO","SO","SOUTHERN COMPANY (THE)","Utility","1523497.0","1522279.0","-1218.0","0.0028","0.0028","0.0","25.16","-30644.88","SELL","1","SO",5417434,0.0,25.0,0.64,0.0
"2026-06-04","US12542R3084","12542R308","CHSINC","CHSINC","CHS CUMULATIVE REDEEMABLE PREF CLA","Industrial","1449881.0","1448719.0","-1162.0","0.0028","0.0028","0.0","26.08","-30304.96","SELL","1","","","",25.0,4.32,""
"2026-06-04","US7838922018","783892201","EIX-M","EIX","SCE TRUST VII","Utility","1493363.0","1492166.0","-1197.0","0.0027","0.0027","0.0","24.97","-29889.09","SELL","1","","","",25.0,-0.12,""
"2026-06-04","US8794337613","879433761","TDS-VV","TDS","TELEPHONE AND DATA SYSTEMS INC","Industrial","1864366.0","1862875.0","-1491.0","0.0027","0.0027","0.0","19.58","-29193.78","SELL","1","","","",25.0,-21.68,""
"2026-06-04","US21871X2080","21871X208","CRBG","CRBG","COREBRIDGE FINANCIAL INC","Financial Institutions","1629133.0","1627831.0","-1302.0","0.0027","0.0027","0.0","22.33","-29073.66","SELL","1","CRBG",7234740,0.0,25.0,-10.68,0.0
"2026-06-04","US3453708113","345370811","F","F","FORD MOTOR COMPANY","Industrial","1620782.0","1619487.0","-1295.0","0.0026","0.0027","0.0001","22.42","-29033.9","SELL","1","F",71836512,0.0,25.0,-10.32,0.0
"2026-06-04","US82846H5046","82846H504","QXO","QXO","QXO INC","Industrial","777975.0","777352.0","-623.0","0.0027","0.0026","-0.0001","46.44","-28932.12","SELL","1","QXO",15852942,0.0,25.0,85.76,0.0
"2026-06-04","US12542R8034","12542R803","CHSINC","CHSINC","CHS INC","Industrial","1398087.0","1396967.0","-1120.0","0.0026","0.0026","0.0","25.8","-28896.0","SELL","1","","","",25.0,3.2,""
"2026-06-04","US59156R5046","59156R504","MET-A","MET","METLIFE INC","Financial Institutions","1621357.0","1620062.0","-1295.0","0.0026","0.0026","0.0","22.1","-28619.5","SELL","1","MET-PA",66592,0.0,25.0,-11.6,0.0
"2026-06-04","US06055H4002","06055H400","BAC-NN","BAC","BANK OF AMERICA CORP","Financial Institutions","2058134.0","2056489.0","-1645.0","0.0026","0.0026","0.0","17.37","-28573.65","SELL","1","","","",25.0,-30.52,""
"2026-06-04","US82452J3077","82452J307","FOUR","FOUR","SHIFT4 PAYMENTS INC","Industrial","678856.0","678310.0","-546.0","0.0027","0.0026","-0.0001","52.32","-28566.72","SELL","1","FOUR",1579633,0.0,25.0,109.28,0.0
"2026-06-04","US87165B4005","87165B400","SYF-B","SYF","SYNCHRONY FINANCIAL","Financial Institutions","1353910.0","1352825.0","-1085.0","0.0026","0.0026","0.0","25.84","-28036.4","SELL","1","SYF-PB",30151,0.0,25.0,3.36,0.0
"2026-06-04","US05990K8412","05990K841","BANC-F","BANC","BANC OF CALIFORNIA INC","Financial Institutions","1393486.0","1392373.0","-1113.0","0.0026","0.0026","0.0","25.12","-27958.56","SELL","1","BANC-PF",39402,0.0,25.0,0.48,0.0
"2026-06-04","US0200023093","020002309","ALL","ALL","ALLSTATE CORPORATION (THE)","Financial Institutions","1350478.0","1349400.0","-1078.0","0.0026","0.0025","-0.0001","25.78","-27790.84","SELL","1","ALL",1663913,0.0,25.0,3.12,0.0
"2026-06-04","US7591EP8604","7591EP860","RF","RF","REGIONS FINANCIAL CORPORATION","Financial Institutions","1353948.0","1352863.0","-1085.0","0.0025","0.0025","0.0","25.35","-27504.75","SELL","1","RF",9878538,0.0,25.0,1.4,0.0
"2026-06-04","US04686J5074","04686J507","ATH-E","ATH","ATHENE HLDG LTD DEP SHR REPSTG I","Financial Institutions","1343244.0","1342166.0","-1078.0","0.0025","0.0025","0.0","25.48","-27467.44","SELL","1","ATH-PE",47562,0.0,25.0,1.92,0.0
"2026-06-04","US4932677028","493267702","KEY-E","KEY","KEYCORP","Financial Institutions","1357512.0","1356427.0","-1085.0","0.0025","0.0025","0.0","25.03","-27157.55","SELL","1","","","",25.0,0.12,""
"2026-06-04","US7443208050","744320805","PRU","PRU","PRUDENTIAL FINANCIAL INC","Financial Institutions","1533523.0","1532298.0","-1225.0","0.0025","0.0025","0.0","22.15","-27133.75","SELL","1","PRU",2182826,0.0,25.0,-11.4,0.0
"2026-06-04","US8425878837","842587883","SO-C","SO","SOUTHERN COMPANY (THE)","Utility","2020106.0","2018489.0","-1617.0","0.0025","0.0025","0.0","16.78","-27133.26","SELL","1","","","",25.0,-32.88,""
"2026-06-04","US9029737593","902973759","USB-K","USB","US BANCORP","Financial Institutions","1561201.0","1559955.0","-1246.0","0.0025","0.0025","0.0","21.77","-27125.42","SELL","1","","","",25.0,-12.92,""
"2026-06-04","US7591EP7044","7591EP704","RF-C","RF","REGIONS FINANCIAL CORPORATION","Financial Institutions","1353695.0","1352610.0","-1085.0","0.0024","0.0024","0.0","24.39","-26463.15","SELL","1","RF-PC",31067,0.0,25.0,-2.44,0.0
"2026-06-04","US12542R7044","12542R704","CHSINC","CHSINC","CHS RESET RATE CUMULATIVE REDEEMAB","Industrial","1324807.0","1323757.0","-1050.0","0.0024","0.0024","0.0","24.98","-26229.0","SELL","1","","","",25.0,-0.08,""
"2026-06-04","US89832Q7455","89832Q745","TFC-O","TFC","TRUIST FINANCIAL PERPETUAL PREF SE","Financial Institutions","1556732.0","1555486.0","-1246.0","0.0024","0.0024","0.0","21.01","-26178.46","SELL","1","TFC-PO",38022,0.0,25.0,-15.96,0.0
"2026-06-04","US26441C4024","26441C402","DUK","DUK","DUKE ENERGY CORP","Utility","1353636.0","1352551.0","-1085.0","0.0024","0.0024","0.0","23.91","-25942.35","SELL","1","DUK",3068492,0.0,25.0,-4.36,0.0
"2026-06-04","US6494452021","649445202","FLG-A","FLG","NEW YORK COMMUNITY BANCORP INT FXD","Financial Institutions","1392592.0","1391479.0","-1113.0","0.0024","0.0024","0.0","23.26","-25888.38","SELL","1","FLG-PA",23013,0.0,25.0,-6.96,0.0
"2026-06-04","US55261F8499","55261F849","MTB-K","MTB","M&T BANK CORPORATION","Financial Institutions","1217425.0","1216375.0","-1050.0","0.0022","0.0022","0.0","24.64","-25872.0","SELL","1","MTB-PK",30101,0.0,25.0,-1.44,0.0
"2026-06-04","US3167736053","316773605","FITB-I","FITB","FIFTH THIRD BANCORP DEPOSITARY SHA","Financial Institutions","1221754.0","1220774.0","-980.0","0.0023","0.0023","0.0","25.65","-25137.0","SELL","1","","","",25.0,2.6,""
"2026-06-04","US64828T7063","64828T706","RITM-D","RITM","NEW RESIDENTIAL INVESTMENT CORP","Financial Institutions","1262503.0","1261495.0","-1008.0","0.0023","0.0023","0.0","24.89","-25089.12","SELL","1","RITM-PD",38375,0.0,25.0,-0.44,0.0
"2026-06-04","US9029737189","902973718","USB-M","USB","US BANCORP","Financial Institutions","2012950.0","2011340.0","-1610.0","0.0023","0.0023","0.0","15.55","-25035.5","SELL","1","","","",25.0,-37.8,""
"2026-06-04","BMG1624R1079","-","BPY","BPY","BROOKFIELD PROPERTY PREFERRED PREF","Industrial","1822108.0","1820652.0","-1456.0","0.0022","0.0022","0.0","16.7","-24315.2","SELL","1","","","",25.0,-33.2,""
"2026-06-04","US0357108473","035710847","NLY-I","NLY","ANNALY CAPITAL MANAGEMENT INC","Financial Institutions","1201415.0","1200456.0","-959.0","0.0022","0.0022","0.0","25.28","-24243.52","SELL","1","NLY-PI",34285,0.0,25.0,1.12,0.0
"2026-06-04","US9182842099","918284209","VSEC","VSEC","VSE CORP","Industrial","621583.0","621086.0","-497.0","0.0021","0.0022","0.0001","48.11","-23910.67","SELL","1","VSEC",462028,0.0,25.0,92.44,0.0
"2026-06-04","US0082528276","008252827","AMG","AMG","AFFILIATED MANAGERS GROUP INC.","Financial Institutions","1214250.0","1213277.0","-973.0","0.0021","0.0021","0.0","23.94","-23293.62","SELL","1","AMG",315301,0.0,25.0,-4.24,0.0
"2026-06-04","US8574778556","857477855","STT-G","STT","STATE STREET CORP","Financial Institutions","1357512.0","1356427.0","-1085.0","0.0021","0.0021","0.0","21.45","-23273.25","SELL","1","STT-PG",34062,0.0,25.0,-14.2,0.0
"2026-06-04","US0357108622","035710862","NLY-G","NLY","ANNALY CAPITAL MANAGEMENT INC","Financial Institutions","1153873.0","1152949.0","-924.0","0.0021","0.0021","0.0","25.05","-23146.2","SELL","1","NLY-PG",17687,0.1,25.0,0.2,0.0
"2026-06-04","US06055H6080","06055H608","BAC-PP","BAC","BANK OF AMERICA DRC CORP","Financial Institutions","1739182.0","1737789.0","-1393.0","0.0021","0.0021","0.0","16.55","-23054.15","SELL","1","BAC-PP",53347,0.0,25.0,-33.8,0.0
"2026-06-04","US14040H7585","14040H758","COF-L","COF","CAPITAL ONE FINANCIAL CORPORATION","Financial Institutions","1815550.0","1814101.0","-1449.0","0.0021","0.0021","0.0","15.83","-22937.67","SELL","1","COF-PL",44952,0.0,25.0,-36.68,0.0
"2026-06-04","US97650W7020","97650W702","WTFC-F","WTFC","WINTRUST FINANCIAL CORPORATION","Financial Institutions","1149325.0","1148450.0","-875.0","0.0022","0.0022","0.0","26.14","-22872.5","SELL","1","","","",25.0,4.56,""
"2026-06-04","US12542R5063","12542R506","CHSINC","CHSINC","CHS INC","Industrial","1127661.0","1126758.0","-903.0","0.0021","0.0021","0.0","25.2","-22755.6","SELL","1","","","",25.0,0.8,""
"2026-06-04","US8085138654","808513865","SCHW-J","SCHW","CHARLES SCHWAB CORPORATION (THE)","Financial Institutions","1615801.0","1614506.0","-1295.0","0.0021","0.0021","0.0","17.47","-22623.65","SELL","1","SCHW-PJ",60775,0.0,25.0,-30.12,0.0
"2026-06-04","US3167738372","316773837","FITBM","FITB","FIFTH THIRD BANCORP DEPOSITARY SHA","Financial Institutions","1077526.0","1076665.0","-861.0","0.0021","0.0021","0.0","26.09","-22463.49","SELL","1","FITBM",24124,0.0,25.0,4.36,0.0
"2026-06-04","US00123Q8078","00123Q807","AGNC-E","AGNC","AGNC INVESTMENT CORP","Financial Institutions","1092771.0","1091896.0","-875.0","0.002","0.002","0.0","25.52","-22330.0","SELL","1","","","",25.0,2.08,""
"2026-06-04","US1746106004","174610600","CFG-H","CFG","CITIZENS FINANCIAL GROUP INC","Financial Institutions","1077318.0","1076457.0","-861.0","0.002","0.002","0.0","25.84","-22248.24","SELL","1","CFG-PH",24348,0.0,25.0,3.36,0.0
"2026-06-04","US74460W5528","74460W552","PSA-L","PSA","PUBLIC STORAGE","Financial Institutions","1518917.0","1517699.0","-1218.0","0.002","0.002","0.0","18.2","-22167.6","SELL","1","PSA-PL",36781,0.0,25.0,-27.2,0.0
"2026-06-04","US9633202059","963320205","WHR-A","WHR","WHIRLPOOL CORPORATION","Industrial","779904.0","779281.0","-623.0","0.002","0.002","0.0","35.11","-21873.53","SELL","1","WHR-PA",233318,0.0,25.0,40.44,0.0
"2026-06-04","US1746108083","174610808","CFG-I","CFG","CITIZENS FINANCIAL GROUP INC","Financial Institutions","1077128.0","1076267.0","-861.0","0.002","0.002","0.0","25.33","-21809.13","SELL","1","CFG-PI",78697,0.0,25.0,1.32,0.0
"2026-06-04","US7593518027","759351802","RGA","RGA","REINSURANCE GROUP OF AMERICA INCOR","Financial Institutions","1077044.0","1076183.0","-861.0","0.002","0.002","0.0","25.31","-21791.91","SELL","1","RGA",363583,0.0,25.0,1.24,0.0
"2026-06-04","US3205178409","320517840","FHN-H","FHN","FIRST HORIZON CORP","Financial Institutions","1082896.0","1082028.0","-868.0","0.002","0.002","0.0","24.97","-21673.96","SELL","1","FHN-PH",72409,0.0,25.0,-0.12,0.0
"2026-06-04","US31959X4007","31959X400","FCNCA","FCNCA","FIRST CITIZENS BANCSHARES INC (DEL","Financial Institutions","1078782.0","1077921.0","-861.0","0.002","0.002","0.0","25.12","-21628.32","SELL","1","FCNCA",61016,0.0,25.0,0.48,0.0
"2026-06-04","US9029738666","902973866","USB-A","USB","US BANCORP","Financial Institutions","38678.0","38650.0","-28.0","0.0022","0.0022","0.0","768.0","-21504.0","SELL","1","USB-PA",713,0.0,1000.0,-23.2,0.0
"2026-06-04","US64828T5083","64828T508","RITM-C","RITM","NEW RESIDENTIAL INVESTMENT CORP","Financial Institutions","1079484.0","1078623.0","-861.0","0.0019","0.0019","0.0","24.48","-21077.28","SELL","1","RITM-PC",25169,0.0,25.0,-2.08,0.0
"2026-06-04","US61762V8046","61762V804","MS-L","MS","MORGAN STANLEY","Financial Institutions","1332279.0","1331215.0","-1064.0","0.0019","0.0019","0.0","19.75","-21014.0","SELL","1","MS-PL",26621,0.0,25.0,-21.0,0.0
"2026-06-04","US87264A1051","87264A105","TMUS","TMUS","T-MOBILE USA INC","Industrial","1060984.0","1060137.0","-847.0","0.0019","0.0019","0.0","24.3","-20582.1","SELL","1","TMUS",5137369,0.0,25.0,-2.8,0.0
"2026-06-04","US74460W4612","74460W461","PSA-P","PSA","PUBLIC STORAGE","Financial Institutions","1627546.0","1626244.0","-1302.0","0.0019","0.0019","0.0","15.76","-20519.52","SELL","1","PSA-PP",35732,0.0,25.0,-36.96,0.0
"2026-06-04","US04686J4085","04686J408","ATH-D","ATH","ATHENE HOLDING DS REPRESENTING A","Financial Institutions","1544558.0","1543319.0","-1239.0","0.0019","0.0018","-0.0001","16.32","-20220.48","SELL","1","ATH-PD",34450,0.0,25.0,-34.72,0.0
"2026-06-04","US8425874042","842587404","SO","SO","SOUTHERN COMPANY (THE)","Utility","1209111.0","1208145.0","-966.0","0.0019","0.0019","0.0","20.91","-20199.06","SELL","1","SO",5417588,0.0,25.0,-16.36,0.0
"2026-06-04","US72348N3070","72348N307","PNFP-B","PNFP","PINNACLE FINANCIAL PARTNERS NON CU","Financial Institutions","946994.0","946238.0","-756.0","0.0018","0.0018","0.0","26.53","-20056.68","SELL","1","PNFP-PB",40046,0.0,25.0,6.12,0.0
"2026-06-04","US8726521029","872652102","TPG","TPG","TPG OPERATING GROUP II LP","Financial Institutions","1080162.0","1079301.0","-861.0","0.0018","0.0018","0.0","23.25","-20018.25","SELL","1","TPG",2352096,0.0,25.0,-7.0,0.0
"2026-06-04","US4932678687","493267868","KEY-G","KEY","KEYCORP","Financial Institutions","1221754.0","1220774.0","-980.0","0.0018","0.0018","0.0","20.25","-19845.0","SELL","1","","","",25.0,-19.0,""
"2026-06-04","US0158578080","015857808","AQNCN","AQNCN","ALGONQUIN POWER & UTILITIES CORP","Utility","950291.0","949528.0","-763.0","0.0018","0.0018","0.0","25.98","-19822.74","SELL","1","","","",25.0,3.92,""
"2026-06-04","US06055H8714","06055H871","BAC-SS","BAC","BANK OF AMERICA CORP","Financial Institutions","1303905.0","1302862.0","-1043.0","0.0018","0.0018","0.0","18.88","-19691.84","SELL","1","","","",25.0,-24.48,""
"2026-06-04","US8794337878","879433787","TDS-UU","TDS","TELEPHONE DATA SYS DRC INC","Industrial","1136414.0","1135504.0","-910.0","0.0018","0.0018","0.0","21.6","-19656.0","SELL","1","","","",25.0,-13.6,""
"2026-06-04","US8935266812","893526681","TRPCN","TRPCN","TRANSCANADA PIPELINES LTD","Industrial","1004597.0","1003792.0","-805.0","0.0018","0.0018","0.0","23.84","-19191.2","SELL","1","","","",25.0,-4.64,""
"2026-06-04","US00123Q8318","00123Q831","AGNC-H","AGNC","AGNC INVESTMENT CORP","Financial Institutions","936678.0","935929.0","-749.0","0.0018","0.0017","-0.0001","25.46","-19069.54","SELL","1","","","",25.0,1.84,""
"2026-06-04","US62913M2061","62913M206","NGL-B","NGL","NGL ENERGY PARTNERS LP","Industrial","919472.0","918737.0","-735.0","0.0017","0.0017","0.0","25.7","-18889.5","SELL","1","NGL-PB",17977,0.0,25.0,2.8,0.0
"2026-06-04","US4932678760","493267876","KEY-F","KEY","KEYCORP","Financial Institutions","1153873.0","1152949.0","-924.0","0.0017","0.0017","0.0","20.23","-18692.52","SELL","1","","","",25.0,-19.08,""
"2026-06-04","US4165186036","416518603","HIG-G","HIG","HARTFORD FINANCIAL SERVICES GROUP","Financial Institutions","936644.0","935895.0","-749.0","0.0017","0.0017","0.0","24.79","-18567.71","SELL","1","HIG-PG",16825,0.0,25.0,-0.84,0.0
"2026-06-04","US87264A3032","87264A303","TMUS","TMUS","T-MOBILE USA INC","Industrial","1084018.0","1083150.0","-868.0","0.0017","0.0017","0.0","21.24","-18436.32","SELL","1","TMUS",5137369,0.0,25.0,-15.04,0.0
"2026-06-04","US80620A2087","80620A208","EIX-N","EIX","SCE TRUST VIII","Utility","950234.0","949471.0","-763.0","0.0017","0.0017","0.0","23.82","-18174.66","SELL","1","","","",25.0,-4.72,""
"2026-06-04","US00123Q5009","00123Q500","AGNC-C","AGNC","AGNC INVESTMENT CORP","Financial Institutions","882354.0","881647.0","-707.0","0.0017","0.0017","0.0","25.7","-18169.9","SELL","1","","","",25.0,2.8,""
"2026-06-04","US12542R2094","12542R209","CHSINC","CHSINC","CHS INC. (8% CUMULATIVE REDEEMABLE","Industrial","821381.0","820723.0","-658.0","0.0017","0.0017","0.0","27.55","-18127.9","SELL","1","","","",25.0,10.2,""
"2026-06-04","US87264A2042","87264A204","TMUS","TMUS","T-MOBILE USA INC","Industrial","1067516.0","1066662.0","-854.0","0.0017","0.0017","0.0","21.18","-18087.72","SELL","1","TMUS",5137427,0.0,25.0,-15.28,0.0
"2026-06-04","US2333318598","233331859","DTE-E","DTE","DTE ENERGY COMPANY","Utility","1075175.0","1074314.0","-861.0","0.0017","0.0016","-0.0001","20.92","-18012.12","SELL","1","","","",25.0,-16.32,""
"2026-06-04","US29364D1000","29364D100","ETR","ETR","ENTERGY ARKANSAS LLC","Utility","1113104.0","1112215.0","-889.0","0.0017","0.0016","-0.0001","20.21","-17966.69","SELL","1","ETR",3785454,0.0,25.0,-19.16,0.0
"2026-06-04","US74965L2007","74965L200","RLJ-A","RLJ","RLJ LODGING .95 CUMULATIVE CONVERT","Financial Institutions","874230.0","873530.0","-700.0","0.0016","0.0016","0.0","25.37","-17759.0","SELL","1","RLJ-PA",19371,0.0,25.0,1.48,0.0
"2026-06-04","US03939A4040","03939A404","ACGL-G","ACGL","ARCH CAPITAL GROUP LTD.","Financial Institutions","1348998.0","1347920.0","-1078.0","0.0016","0.0016","0.0","16.44","-17722.32","SELL","1","","","",25.0,-34.24,""
"2026-06-04","US7443208886","744320888","PRU","PRU","PRUDENTIAL FINANCIAL INC","Financial Institutions","1357075.0","1355990.0","-1085.0","0.0016","0.0016","0.0","16.3","-17685.5","SELL","1","PRU",2182826,0.0,25.0,-34.8,0.0
"2026-06-04","US4461508230","446150823","HBAN-H","HBAN","HUNTINGTON BANCSHARES DRC INC","Financial Institutions","1346330.0","1345252.0","-1078.0","0.0016","0.0016","0.0","16.4","-17679.2","SELL","1","","","",25.0,-34.4,""
"2026-06-04","US78410V2007","78410V200","SCE-L","EIX","SCE TRUST VI","Financial Institutions","1289400.0","1288371.0","-1029.0","0.0016","0.0016","0.0","17.16","-17657.64","SELL","1","SCE-PL",19041,0.1,25.0,-31.36,3.14
"2026-06-04","US1746104025","174610402","CFG-E","CFG","CITIZENS FINANCIAL GROUP INC","Financial Institutions","1209360.0","1208394.0","-966.0","0.0016","0.0016","0.0","18.23","-17610.18","SELL","1","CFG-PE",34129,0.0,25.0,-27.08,0.0
"2026-06-04","US4461507737","446150773","HBAN-J","HBAN","HUNTINGTON BANCSHARES INC","Financial Institutions","878921.0","878221.0","-700.0","0.0016","0.0016","0.0","25.14","-17598.0","SELL","1","","","",25.0,0.56,""
"2026-06-04","US8629452017","862945201","ASSE-A","ASSE","STRIVE INC","Industrial","225319.0","225137.0","-182.0","0.0016","0.0016","0.0","96.5","-17563.0","SELL","1","","","",25.0,286.0,""
"2026-06-04","US14314C1053","14314C105","CG","CG","CARLYLE FINANCE LLC","Financial Institutions","1357153.0","1356068.0","-1085.0","0.0016","0.0016","0.0","16.15","-17522.75","SELL","1","CG",3355647,0.0,25.0,-35.4,0.0
"2026-06-04","US16934Q4064","16934Q406","CIM-B","CIM","CHIMERA INVESTMENT CORP","Financial Institutions","882350.0","881643.0","-707.0","0.0016","0.0016","0.0","24.27","-17158.89","SELL","1","CIM-PB",27734,0.0,25.0,-2.92,0.0
"2026-06-04","US9027884058","902788405","UMBF","UMBF","UMB FINANCIAL CORPORATION","Financial Institutions","814540.0","813889.0","-651.0","0.0016","0.0016","0.0","26.3","-17121.3","SELL","1","UMBF",715790,0.0,25.0,5.2,0.0
"2026-06-04","US48253M1045","48253M104","KKR","KKR","KKR GROUP FINANCE CO IX LLC","Financial Institutions","1357679.0","1356629.0","-1050.0","0.0016","0.0016","0.0","16.28","-17094.0","SELL","1","KKR",4556483,0.0,25.0,-34.88,0.0
"2026-06-04","US9029736686","902973668","USB-O","USB","US BANCORP","Financial Institutions","1206165.0","1205199.0","-966.0","0.0015","0.0015","0.0","17.51","-16914.66","SELL","1","","","",25.0,-29.96,""
"2026-06-04","US05580M8192","05580M819","RILYI","RILY","B. RILEY FINANCIAL INC","Financial Institutions","1034537.0","1033711.0","-826.0","0.0015","0.0015","0.0","19.93","-16462.18","SELL","1","","","",25.0,-20.28,""
"2026-06-04","US6658598569","665859856","NTRS-E","NTRS","NORTHERN TRUST CORPORATION","Financial Institutions","1086060.0","1085192.0","-868.0","0.0015","0.0015","0.0","18.75","-16275.0","SELL","1","","","",25.0,-25.0,""
"2026-06-04","US0256768591","025676859","ANGINC","ANGINC","AMERICAN NATIONAL GROUP INC","Financial Institutions","814540.0","813889.0","-651.0","0.0015","0.0015","0.0","24.6","-16014.6","SELL","1","","","",25.0,-1.6,""
"2026-06-04","US0454876006","045487600","ASB","ASB","ASSOCIATED BANC-CORP","Financial Institutions","809050.0","808406.0","-644.0","0.0015","0.0015","0.0","24.59","-15835.96","SELL","1","ASB",1726653,0.0,25.0,-1.64,0.0
"2026-06-04","US9029737346","902973734","USB-L","USB","US BANCORP","Financial Institutions","1339110.0","1338039.0","-1071.0","0.0015","0.0014","-0.0001","14.75","-15797.25","SELL","1","","","",25.0,-41.0,""
"2026-06-04","US9576384062","957638406","WAL-A","WAL","WESTERN ALLIANCE BANCORP","Financial Institutions","814540.0","813889.0","-651.0","0.0014","0.0014","0.0","24.05","-15656.55","SELL","1","WAL-PA",21047,0.0,25.0,-3.8,0.0
"2026-06-04","US9030025095","903002509","UMH-D","UMH","UMH PROPERTIES INC","Financial Institutions","881161.0","880454.0","-707.0","0.0014","0.0014","0.0","22.03","-15575.21","SELL","1","UMH-PD",16620,0.0,25.0,-11.88,0.0
"2026-06-04","US64828T4094","64828T409","RITM-B","RITM","NEW RESIDENTIAL INVESTMENT CORP","Financial Institutions","764387.0","763778.0","-609.0","0.0014","0.0014","0.0","25.18","-15334.62","SELL","1","RITM-PB",23767,0.0,25.0,0.72,0.0
"2026-06-04","US9290892093","929089209","VOYA-B","VOYA","VOYA FINANCIAL INC","Financial Institutions","808866.0","808222.0","-644.0","0.0014","0.0014","0.0","23.8","-15327.2","SELL","1","VOYA-PB",15176,0.0,25.0,-4.8,0.0
"2026-06-04","US10922N7075","10922N707","BHF-C","BHF","BRIGHTHOUSE FINANCIAL INC","Financial Institutions","1549885.0","1548646.0","-1239.0","0.0014","0.0014","0.0","12.28","-15214.92","SELL","1","","","",25.0,-50.88,""
"2026-06-04","US2538688225","253868822","DLR-L","DLR","DIGITAL REALTY TRUST INC","Financial Institutions","936678.0","935929.0","-749.0","0.0014","0.0014","0.0","20.29","-15197.21","SELL","1","DLR-PL",19262,0.0,25.0,-18.84,0.0
"2026-06-04","US0357108218","035710821","NLY-J","NLY","ANNALY CAPITAL MANAGEMENT INC","Financial Institutions","746660.0","746065.0","-595.0","0.0014","0.0014","0.0","25.52","-15184.4","SELL","1","NLY-PJ",65602,0.0,25.0,2.08,0.0
"2026-06-04","US3196263053","319626305","FCNCA","FCNCA","FIRST CITIZENS BANCSHARES INC.","Financial Institutions","931878.0","931129.0","-749.0","0.0014","0.0014","0.0","20.16","-15099.84","SELL","1","FCNCA",61020,0.0,25.0,-19.36,0.0
"2026-06-04","US7443208704","744320870","PRU","PRU","PRUDENTIAL FINANCIAL INC","Financial Institutions","814245.0","813594.0","-651.0","0.0014","0.0014","0.0","22.76","-14816.76","SELL","1","PRU",2182826,0.0,25.0,-8.96,0.0
"2026-06-04","US74460W4208","74460W420","PSA-R","PSA","PUBLIC STORAGE","Financial Institutions","1169311.0","1168373.0","-938.0","0.0014","0.0013","-0.0001","15.7","-14726.6","SELL","1","PSA-PR",29393,0.0,25.0,-37.2,0.0
"2026-06-04","US91529Y6014","91529Y601","UNM","UNM","UNUM GROUP","Financial Institutions","808666.0","808022.0","-644.0","0.0013","0.0013","0.0","22.43","-14444.92","SELL","1","UNM",1175529,0.0,25.0,-10.28,0.0
"2026-06-04","US14040H7338","14040H733","COF-N","COF","CAPITAL ONE FINL DS REPSTG TH PRF","Financial Institutions","1136517.0","1135607.0","-910.0","0.0013","0.0013","0.0","15.53","-14132.3","SELL","1","COF-PN",42294,0.0,25.0,-37.88,0.0
"2026-06-04","US03939A1079","03939A107","ACGL-F","ACGL","ARCH CAPITAL GROUP LTD.","Financial Institutions","889077.0","888363.0","-714.0","0.0013","0.0013","0.0","19.58","-13980.12","SELL","1","","","",25.0,-21.68,""
"2026-06-04","US10922N3017","10922N301","BHF-A","BHF","BRIGHTHOUSE FINANCIAL INC","Financial Institutions","1144566.0","1143649.0","-917.0","0.0013","0.0013","0.0","15.23","-13965.91","SELL","1","","","",25.0,-39.08,""
"2026-06-04","US04686J2006","04686J200","ATH-B","ATH","ATHENE HLDG DRC LTD","Financial Institutions","922479.0","921744.0","-735.0","0.0013","0.0013","0.0","18.96","-13935.6","SELL","1","ATH-PB",18841,0.0,25.0,-24.16,0.0
"2026-06-04","US25525P2065","25525P206","DHC","DHC","DIVERSIFIED HEALTHCARE .625% SENIO","Financial Institutions","950234.0","949471.0","-763.0","0.0013","0.0013","0.0","18.26","-13932.38","SELL","1","DHC",1643710,0.0,25.0,-26.96,0.0
"2026-06-04","US7591EP8869","7591EP886","RF-E","RF","REGIONS FINL DRC CORP","Financial Institutions","1077559.0","1076698.0","-861.0","0.0013","0.0013","0.0","16.02","-13793.22","SELL","1","RF-PE",30763,0.0,25.0,-35.92,0.0
"2026-06-04","US55272X5086","55272X508","MFA-C","MFA","MFA FINANCIAL INC","Financial Institutions","746660.0","746065.0","-595.0","0.0013","0.0013","0.0","23.16","-13780.2","SELL","1","MFA-PC",19586,0.0,25.0,-7.36,0.0
"2026-06-04","US55261F8721","55261F872","MTB-H","MTB","M AND T BANK PERPETUAL FIXED TO FL","Financial Institutions","678715.0","678169.0","-546.0","0.0012","0.0012","0.0","25.0","-13650.0","SELL","1","MTB-PH",16174,0.0,25.0,0.0,0.0
"2026-06-04","US90187B3096","90187B309","TWO-B","TWO","TWO HARBORS INVESTMENT CORP","Financial Institutions","689529.0","688976.0","-553.0","0.0012","0.0012","0.0","24.64","-13625.92","SELL","1","TWO-PB",14587,0.0,25.0,-1.44,0.0
"2026-06-04","US1258968528","125896852","CMS","CMS","CMS ENERGY CORPORATION","Utility","754259.0","753657.0","-602.0","0.0013","0.0012","-0.0001","22.61","-13611.22","SELL","1","CMS",2930659,0.0,25.0,-9.56,0.0
"2026-06-04","US4440973075","444097307","HPP-C","HPP","HUDSON PACIFIC PROPERTIES INC","Financial Institutions","1153873.0","1152949.0","-924.0","0.0012","0.0012","0.0","14.64","-13527.36","SELL","1","HPP-PC",6384,0.1,25.0,-41.44,4.14
"2026-06-04","US10922N5095","10922N509","BHF-B","BHF","BRIGHTHOUSE FINANCIAL INC","Financial Institutions","1083822.0","1082954.0","-868.0","0.0012","0.0012","0.0","15.56","-13506.08","SELL","1","","","",25.0,-37.76,""
"2026-06-04","US11271L1026","11271L102","BNCN","BNCN","BROOKFIELD FINANCE INC","Financial Institutions","1086060.0","1085192.0","-868.0","0.0012","0.0012","0.0","15.45","-13410.6","SELL","1","","","",25.0,-38.2,""
"2026-06-04","US74460W6443","74460W644","PSA-H","PSA","PUBLIC STORAGE","Financial Institutions","765480.0","764871.0","-609.0","0.0012","0.0012","0.0","21.86","-13312.74","SELL","1","PSA-PH",19327,0.0,25.0,-12.56,0.0
"2026-06-04","US88224Q3056","88224Q305","TCBI-B","TCBI","TEXAS CAP BANCSHARES DRC INC","Financial Institutions","808128.0","807484.0","-644.0","0.0012","0.0012","0.0","20.63","-13285.72","SELL","1","","","",25.0,-17.48,""
"2026-06-04","US64828T8889","64828T888","RITM-F","RITM","RITHM CAPITAL CORP","Financial Institutions","678715.0","678169.0","-546.0","0.0012","0.0012","0.0","24.27","-13251.42","SELL","1","RITM-PF",53964,0.0,25.0,-2.92,0.0
"2026-06-04","US8805913006","880591300","TVA-D","TVA","TENN VALLEY AUTHORITY","Agency","690647.0","690094.0","-553.0","0.0012","0.0012","0.0","23.92","-13227.76","SELL","1","","","",25.0,-4.32,""
"2026-06-04","US48251K2096","48251K209","KREF-A","KREF","KKR REAL ESTATE FINANCE TRUST INC","Financial Institutions","889805.0","889091.0","-714.0","0.0012","0.0012","0.0","18.42","-13151.88","SELL","1","KREF-PA",20640,0.0,25.0,-26.32,0.0
"2026-06-04","US90187B5075","90187B507","TWO-C","TWO","TWO HARBORS INVESTMENT CORP","Financial Institutions","655757.0","655232.0","-525.0","0.0012","0.0012","0.0","24.98","-13114.5","SELL","1","TWO-PC",43283,0.0,25.0,-0.08,0.0
"2026-06-04","US74460W6286","74460W628","PSA-I","PSA","PUBLIC STORAGE REPSTG TH BEN INT","Financial Institutions","849200.0","848521.0","-679.0","0.0012","0.0012","0.0","19.07","-12948.53","SELL","1","PSA-PI",12329,0.1,25.0,-23.72,2.37
"2026-06-04","US0082528508","008252850","AMG","AMG","AFFILIATED MANAGERS GROUP INC.","Financial Institutions","809933.0","809282.0","-651.0","0.0012","0.0012","0.0","19.88","-12941.88","SELL","1","AMG",315330,0.0,25.0,-20.48,0.0
"2026-06-04","US74460W6690","74460W669","PSA-G","PSA","PUBLIC STORAGE","Financial Institutions","805525.0","804881.0","-644.0","0.0012","0.0012","0.0","20.06","-12918.64","SELL","1","PSA-PG",17778,0.0,25.0,-19.76,0.0
"2026-06-04","US16934Q5053","16934Q505","CIM-C","CIM","CHIMERA INVESTMENT CORP","Financial Institutions","705911.0","705344.0","-567.0","0.0012","0.0012","0.0","22.73","-12887.91","SELL","1","CIM-PC",19900,0.0,25.0,-9.08,0.0
"2026-06-04","US10922N2027","10922N202","BHF","BHF","BRIGHTHOUSE FINANCIAL INC","Financial Institutions","1009755.0","1008950.0","-805.0","0.0012","0.0012","0.0","16.0","-12880.0","SELL","1","BHF",490614,0.0,25.0,-36.0,0.0
"2026-06-04","BMG053842040","-","AHL","AHL","ASPEN INSURANCE HOLDINGS LTD","Financial Institutions","817358.0","816707.0","-651.0","0.0012","0.0012","0.0","19.75","-12857.25","SELL","1","","","",25.0,-21.0,""
"2026-06-04","US9508108878","950810887","WSBC-B","WSBC","WESBANCO INC","Financial Institutions","619178.0","618681.0","-497.0","0.0012","0.0012","0.0","25.84","-12842.48","SELL","1","","","",25.0,3.36,""
"2026-06-04","US00123Q6098","00123Q609","AGNC-D","AGNC","AGNC INVESTMENT CORP","Financial Institutions","638030.0","637519.0","-511.0","0.0012","0.0012","0.0","25.11","-12831.21","SELL","1","","","",25.0,0.44,""
"2026-06-04","US3733344408","373334440","SO","SO","GEORGIA POWER COMPANY","Utility","726908.0","726327.0","-581.0","0.0012","0.0012","0.0","21.95","-12752.95","SELL","1","SO",5417615,0.0,25.0,-12.2,0.0
"2026-06-04","US6374321056","637432105","NRUC-US","NRUC","NATIONAL RURAL UTILITIES COOPERATI","Utility","673040.0","672501.0","-539.0","0.0012","0.0012","0.0","23.44","-12634.16","SELL","1","","","",25.0,-6.24,""
"2026-06-04","US0844238057","084423805","WRB","WRB","WR BERKLEY CORPORATION","Financial Institutions","809764.0","809113.0","-651.0","0.0011","0.0011","0.0","19.3","-12564.3","SELL","1","WRB",2094374,0.0,25.0,-22.8,0.0
"2026-06-04","US58844R8503","58844R850","MBIN","MBIN","MERCHANTS BANCORP","Financial Institutions","618976.0","618479.0","-497.0","0.0011","0.0011","0.0","25.04","-12444.88","SELL","1","MBIN",130785,0.0,25.0,0.16,0.0
"2026-06-04","US9290428286","929042828","VNO-M","VNO","VORNADO REALTY TRUST","Financial Institutions","867452.0","866759.0","-693.0","0.0011","0.0011","0.0","17.62","-12210.66","SELL","1","VNO-PM",17211,0.0,25.0,-29.52,0.0
"2026-06-04","US2836782092","283678209","KMI","KMI","EL PASO ENERGY CAPITAL TRUST I","Industrial","296677.0","296439.0","-238.0","0.0011","0.0011","0.0","50.94","-12123.72","SELL","1","KMI",10116853,0.0,25.0,103.76,0.0
"2026-06-04","US74460W6856","74460W685","PSA-F","PSA","PUBLIC STORAGE DS REPRESENTING TH","Financial Institutions","751241.0","750639.0","-602.0","0.0011","0.0011","0.0","20.13","-12118.26","SELL","1","PSA-PF",15622,0.0,25.0,-19.48,0.0
"2026-06-04","US0200028126","020002812","ALL-I","ALL","ALLSTATE CORPORATION (THE)","Financial Institutions","802416.0","801772.0","-644.0","0.0011","0.0011","0.0","18.55","-11946.2","SELL","1","ALL-PI",19752,0.0,25.0,-25.8,0.0
"2026-06-04","BMG053841703","-","AHL","AHL","ASPEN INSURANCE HOLDINGS LTD","Financial Institutions","605374.0","604891.0","-483.0","0.0011","0.0011","0.0","24.73","-11944.59","SELL","1","","","",25.0,-1.08,""
"2026-06-04","US63938C4050","63938C405","NAVI","NAVI","NAVIENT PRCNT SENIOR NOTES EXP D","Financial Institutions","807095.0","806451.0","-644.0","0.0011","0.0011","0.0","18.47","-11894.68","SELL","1","NAVI",1155839,0.0,25.0,-26.12,0.0
"2026-06-04","US3193836000","319383600","BUSE-B","BUSE","FIRST BUSEY CORPORATION","Financial Institutions","578443.0","577981.0","-462.0","0.0011","0.0011","0.0","25.73","-11887.26","SELL","1","","","",25.0,2.92,""
"2026-06-04","US72348N5059","72348N505","PNFP-C","PNFP","PINNACLE FINANCIAL PARTNERS DEPOSI","Financial Institutions","607264.0","606781.0","-483.0","0.0011","0.0011","0.0","24.61","-11886.63","SELL","1","PNFP-PC",7208,0.1,25.0,-1.56,0.16
"2026-06-04","US29364N1081","29364N108","ETR","ETR","ENTERGY MISSISSIPPI INC","Utility","699390.0","698830.0","-560.0","0.0011","0.0011","0.0","20.75","-11620.0","SELL","1","ETR",3785454,0.0,25.0,-17.0,0.0
"2026-06-04","US29364W1080","29364W108","ETR","ETR","ENTERGY LOUISIANA LLC","Utility","726351.0","725770.0","-581.0","0.0011","0.0011","0.0","20.0","-11620.0","SELL","1","ETR",3785454,0.0,25.0,-20.0,0.0
"2026-06-04","US9290428104","929042810","VNO-N","VNO","VORNADO REALTY TRUST 5.4% CUM RED","Financial Institutions","814541.0","813890.0","-651.0","0.0011","0.0011","0.0","17.72","-11535.72","SELL","1","VNO-PN",19075,0.0,25.0,-29.12,0.0
"2026-06-04","US0605055831","060505583","BAC-1","BAC","BANK OF AMERICA CORPORATION PFD 1","Financial Institutions","731413.0","730825.0","-588.0","0.0011","0.001","-0.0001","19.48","-11454.24","SELL","1","","","",25.0,-22.08,""
"2026-06-04","US49446R7118","49446R711","KIM-M","KIM","KIMCO RLTY DS REPRESENTING CLASS","Financial Institutions","710350.0","709783.0","-567.0","0.001","0.001","0.0","20.09","-11391.03","SELL","1","KIM-PM",16087,0.0,25.0,-19.64,0.0
"2026-06-04","US9290428443","929042844","VNO-L","VNO","VORNADO REALTY TRUST","Financial Institutions","814541.0","813890.0","-651.0","0.001","0.001","0.0","17.46","-11366.46","SELL","1","VNO-PL",24549,0.0,25.0,-30.16,0.0
"2026-06-04","US25406P2002","25406P200","DDS","DDS","DILLARDS CAP TR I CAP SECS 7.5%","Industrial","537816.0","537389.0","-427.0","0.001","0.001","0.0","26.21","-11191.67","SELL","1","DDS",114784,0.0,25.0,4.84,0.0
"2026-06-04","US1170436042","117043604","BC","BC","BRUNSWICK CORPORATION","Industrial","578178.0","577716.0","-462.0","0.001","0.001","0.0","24.18","-11171.16","SELL","1","BC",621848,0.0,25.0,-3.28,0.0
"2026-06-04","US35243J2006","35243J200","FBRT-E","FBRT","FRANKLIN BSP REALTY TRUST CUMULA","Financial Institutions","701083.0","700523.0","-560.0","0.001","0.001","0.0","19.78","-11076.8","SELL","1","FBRT-PE",19006,0.0,25.0,-20.88,0.0
"2026-06-04","US6378702053","637870205","NSA-A","NSA","NATIONAL STORAGE AFFILIATES REDEEM","Financial Institutions","607450.0","606967.0","-483.0","0.001","0.001","0.0","22.89","-11055.87","SELL","1","NSA-PA",7537,0.1,25.0,-8.44,0.84
"2026-06-04","US72348N2080","72348N208","PNFP-A","PNFP","PINNACLE FINANCIAL PARTNERS NON CU","Financial Institutions","537701.0","537274.0","-427.0","0.001","0.001","0.0","25.64","-10948.28","SELL","1","PNFP-PA",6341,0.1,25.0,2.56,0.0
"2026-06-04","US6740014096","674001409","OAK-B","OAK","OAKTREE CAPITAL GROUP LLC","Financial Institutions","638030.0","637519.0","-511.0","0.001","0.001","0.0","21.4","-10935.4","SELL","1","OAK-PB",11015,0.0,25.0,-14.4,0.0
"2026-06-04","US25401T3068","25401T306","DBRG-J","DBRG","DIGITALBRIDGE GROUP INC","Financial Institutions","782860.0","782160.0","-700.0","0.0009","0.0009","0.0","15.52","-10864.0","SELL","1","DBRG-PJ",84372,0.0,25.0,-37.92,0.0
"2026-06-04","US37959E3009","37959E300","GL","GL","GLOBE LIFE INC","Financial Institutions","873702.0","873002.0","-700.0","0.001","0.001","0.0","15.45","-10815.0","SELL","1","GL",553472,0.0,25.0,-38.2,0.0
"2026-06-04","US8606308703","860630870","SF-C","SF","STIFEL FINANCIAL CORP","Financial Institutions","604952.0","604469.0","-483.0","0.001","0.001","0.0","22.38","-10809.54","SELL","1","SF-PC",10358,0.0,25.0,-10.48,0.0
"2026-06-04","US05554M1009","05554M100","BIP","BIP","BIP BERMUDA HOLDINGS I LTD","Financial Institutions","814540.0","813889.0","-651.0","0.001","0.001","0.0","16.46","-10715.46","SELL","1","BIP",873286,0.0,25.0,-34.16,0.0
"2026-06-04","US25401T4058","25401T405","DBRG-I","DBRG","DIGITALBRIDGE GROUP .15 CUMULATIVE","Financial Institutions","868412.0","867719.0","-693.0","0.001","0.001","0.0","15.41","-10679.13","SELL","1","DBRG-PI",72657,0.0,25.0,-38.36,0.0
"2026-06-04","US16934Q6044","16934Q604","CIM-D","CIM","CHIMERA INVESTMENT CORP","Financial Institutions","543021.0","542587.0","-434.0","0.001","0.001","0.0","24.31","-10550.54","SELL","1","CIM-PD",10728,0.0,25.0,-2.76,0.0
"2026-06-04","US8805914095","880591409","TVA-A","TVA","TENN VALLEY AUTH","Agency","559874.0","559426.0","-448.0","0.001","0.001","0.0","23.53","-10541.44","SELL","1","","","",25.0,-5.88,""
"2026-06-04","US11259P1093","11259P109","BRBRPH","BEPUCN","BROOKFIELD BRP HOLDINGS (CANADA) I","Utility","950569.0","949869.0","-700.0","0.001","0.001","0.0","15.05","-10535.0","SELL","1","","","",25.0,-39.8,""
"2026-06-04","US8606308620","860630862","SF-D","SF","STIFEL FINANCIAL CORP","Financial Institutions","806342.0","805698.0","-644.0","0.001","0.001","0.0","16.25","-10465.0","SELL","1","SF-PD",15147,0.0,25.0,-35.0,0.0
"2026-06-04","US78440X5077","78440X507","SLG-I","SLG","SL GREEN REALTY CORP","Financial Institutions","624474.0","623977.0","-497.0","0.001","0.001","0.0","20.93","-10402.21","SELL","1","SLG-PI",10079,0.0,25.0,-16.28,0.0
"2026-06-04","US04621X3061","04621X306","AIZ","AIZ","ASSURANT INC","Financial Institutions","671674.0","671135.0","-539.0","0.001","0.0009","-0.0001","19.22","-10359.58","SELL","1","AIZ",458733,0.0,25.0,-23.12,0.0
"2026-06-04","US6496048736","649604873","ADAM-E","ADAM","NEW YORK MORTGAGE TRUST INC","Financial Institutions","506106.0","505700.0","-406.0","0.0009","0.0009","0.0","25.39","-10308.34","SELL","1","","","",25.0,1.56,""
"2026-06-04","US2538688308","253868830","DLR-K","DLR","DIGITAL REALTY TRUST INC","Financial Institutions","570150.0","569695.0","-455.0","0.0009","0.0009","0.0","22.65","-10305.75","SELL","1","DLR-PK",14226,0.0,25.0,-9.4,0.0
"2026-06-04","US3793785086","379378508","GNL-D","GNL","GLOBAL NET LEASE CUMULATIVE REDE","Financial Institutions","538465.0","538031.0","-434.0","0.0009","0.0009","0.0","23.69","-10281.46","SELL","1","GNL-PD",12328,0.0,25.0,-5.24,0.0
"2026-06-04","US25525P3055","25525P305","DHC","DHC","DIVERSIFIED HEALTHCARE .25% SENIOR","Financial Institutions","678715.0","678169.0","-546.0","0.0009","0.0009","0.0","18.81","-10270.26","SELL","1","DHC",1643710,0.0,25.0,-24.76,0.0
"2026-06-04","US84857L7055","84857L705","SR","SR","SPIRE INC","Utility","537480.0","537053.0","-427.0","0.0009","0.0009","0.0","23.9","-10205.3","SELL","1","SR",403397,0.0,25.0,-4.4,0.0
"2026-06-04","US05580M7939","05580M793","RILYZ","RILY","B. RILEY FINANCIAL INC","Financial Institutions","520177.0","519764.0","-413.0","0.0009","0.0009","0.0","24.59","-10155.67","SELL","1","RILYZ",58344,0.0,25.0,-1.64,0.0
"2026-06-04","US2333318184","233331818","DTE","DTE","DTE ENERGY CO","Utility","752119.0","751517.0","-602.0","0.0009","0.0009","0.0","16.77","-10095.54","SELL","1","DTE",1635029,0.0,25.0,-32.92,0.0
"2026-06-04","US74460W5940","74460W594","PSA-J","PSA","PUBLIC STORAGE DEP SHS REPSTG TH","Financial Institutions","692618.0","692065.0","-553.0","0.0009","0.0009","0.0","18.2","-10064.6","SELL","1","PSA-PJ",9498,0.1,25.0,-27.2,2.72
"2026-06-04","US64828T8053","64828T805","RITM-E","RITM","RITHM CAPITAL CORP","Financial Institutions","515844.0","515431.0","-413.0","0.0009","0.0009","0.0","24.34","-10052.42","SELL","1","RITM-PE",33912,0.0,25.0,-2.64,0.0
"2026-06-04","US0844238701","084423870","WRB","WRB","WR BERKLEY CORPORATION","Financial Institutions","805911.0","805267.0","-644.0","0.0009","0.0009","0.0","15.6","-10046.4","SELL","1","WRB",2094381,0.0,25.0,-37.6,0.0
"2026-06-04","US05580M8358","05580M835","RILYM","RILY","B. RILEY FINANCIAL INC","Financial Institutions","589903.0","589434.0","-469.0","0.0009","0.0009","0.0","21.42","-10045.98","SELL","1","","","",25.0,-14.32,""
"2026-06-04","US3167738869","316773886","FITB-A","FITB","FIFTH THIRD BANCORP DEPOSITORY SH","Financial Institutions","537324.0","536897.0","-427.0","0.0009","0.0009","0.0","23.48","-10025.96","SELL","1","","","",25.0,-6.08,""
"2026-06-04","US70931T5092","70931T509","PMT-C","PMT","PENNYMAC MORTGAGE INVESTMENT TRUST","Financial Institutions","678715.0","678169.0","-546.0","0.0009","0.0009","0.0","18.24","-9959.04","SELL","1","PMT-PC",31406,0.0,25.0,-27.04,0.0
"2026-06-04","US0082528433","008252843","AMG","AMG","AFFILIATED MANAGERS GROUP INC.","Financial Institutions","738508.0","737920.0","-588.0","0.0009","0.0009","0.0","16.93","-9954.84","SELL","1","AMG",315336,0.0,25.0,-32.28,0.0
"2026-06-04","US3167738604","316773860","FITB-K","FITB","FIFTH THIRD BANCORP","Financial Institutions","671405.0","670866.0","-539.0","0.0009","0.0009","0.0","18.38","-9906.82","SELL","1","","","",25.0,-26.48,""
"2026-06-04","US70509V8037","70509V803","PEB-G","PEB","PEBBLEBROOK HOTEL TRUST","Financial Institutions","616736.0","616246.0","-490.0","0.0009","0.0009","0.0","20.02","-9809.8","SELL","1","PEB-PG",43967,0.0,25.0,-19.92,0.0
"2026-06-04","US9290427940","929042794","VNO-O","VNO","VORNADO REALTY TRUST","Financial Institutions","814541.0","813890.0","-651.0","0.0009","0.0009","0.0","14.96","-9738.96","SELL","1","VNO-PO",19698,0.0,25.0,-40.16,0.0
"2026-06-04","US8606306079","860630607","SF","SF","STIFEL FINANCIAL CORP","Financial Institutions","610902.0","610412.0","-490.0","0.0009","0.0009","0.0","19.78","-9692.2","SELL","1","SF",1317884,0.0,25.0,-20.88,0.0
"2026-06-04","US70931T4004","70931T400","PMT-B","PMT","PENNYMAC MORTGAGE INVESTMENT TRUST","Financial Institutions","529400.0","528973.0","-427.0","0.0009","0.0009","0.0","22.65","-9671.55","SELL","1","PMT-PB",11682,0.0,25.0,-9.4,0.0
"2026-06-04","US05580M8010","05580M801","RILYK","RILY","B. RILEY FINANCIAL INC","Financial Institutions","484671.0","484286.0","-385.0","0.0009","0.0009","0.0","24.93","-9598.05","SELL","1","","","",25.0,-0.28,""
"2026-06-04","US05614L4077","05614L407","BW-A","BW","BABCOCK & WILCOX ENTERPRISES INC","Industrial","514681.0","514268.0","-413.0","0.0009","0.0009","0.0","23.14","-9556.82","SELL","1","BW-PA",24096,0.0,25.0,-7.44,0.0
"2026-06-04","US70931T7072","70931T707","PMT","PMT","PENNYMAC MORTGAGE INVESTMENT TRUST","Financial Institutions","468298.0","467920.0","-378.0","0.0009","0.0009","0.0","25.27","-9552.06","SELL","1","PMT",972161,0.0,25.0,1.08,0.0
"2026-06-04","US49446R7373","49446R737","KIM-L","KIM","KIMCO REALTY CORPORATION","Financial Institutions","604258.0","603775.0","-483.0","0.0009","0.0009","0.0","19.69","-9510.27","SELL","1","KIM-PL",13758,0.0,25.0,-21.24,0.0
"2026-06-04","US6378703044","637870304","NSA-B","NSA PR B","NATIONAL STORAGE AFFILIATES CUM","Financial Institutions","380194.0","379844.0","-350.0","0.0008","0.0008","0.0","27.1","-9485.0","SELL","1","NSA-PB",3150,0.1,25.0,8.4,0.0
"2026-06-04","BMG9078F1499","-","TRTN-C","TRTN","TRITON INTERNATIONAL LTD","Industrial","469619.0","469241.0","-378.0","0.0009","0.0009","0.0","24.81","-9378.18","SELL","1","TRTN-PC",10258,0.0,25.0,-0.76,0.0
"2026-06-04","US04911A2069","04911A206","AUB-A","AUB","ATLANTIC UNION BANKSHARES CORP","Financial Institutions","468298.0","467920.0","-378.0","0.0009","0.0009","0.0","24.8","-9374.4","SELL","1","AUB-PA",7361,0.1,25.0,-0.8,0.08
"2026-06-04","US20451Q4010","20451Q401","CODI-C","CODI","COMPASS DIVERSIFIED HOLDINGS","Financial Institutions","530506.0","530079.0","-427.0","0.0008","0.0008","0.0","21.84","-9325.68","SELL","1","CODI-PC",21079,0.0,25.0,-12.64,0.0
"2026-06-04","US17259U3032","17259U303","CIONI","CIONI","CION INVESTMENT CORP","Financial Institutions","464634.0","464263.0","-371.0","0.0009","0.0009","0.0","25.11","-9315.81","SELL","1","","","",25.0,0.44,""
"2026-06-04","BMG9078F3057","-","TRTGV","TRTN","TRITON INTL CUM RED PERP PREF SER","Industrial","469452.0","469074.0","-378.0","0.0008","0.0008","0.0","24.43","-9234.54","SELL","1","","","",25.0,-2.28,""
"2026-06-04","MHY8564M2048","-","TGP-B","TGP","TEEKAY LNG PARTNERS LP","Industrial","447761.0","447404.0","-357.0","0.0008","0.0008","0.0","25.72","-9182.04","SELL","1","","","",25.0,2.88,""
"2026-06-04","US1258968601","125896860","CMS","CMS","CMS ENERGY CORPORATION","Utility","536824.0","536397.0","-427.0","0.0008","0.0008","0.0","21.3","-9095.1","SELL","1","CMS",2962954,0.0,25.0,-14.8,0.0
"2026-06-04","US46131B5066","46131B506","IVR-C","IVR","INVESCO MORTGAGE CAPITAL INC","Financial Institutions","462376.0","462005.0","-371.0","0.0008","0.0008","0.0","24.33","-9026.43","SELL","1","IVR-PC",14574,0.0,25.0,-2.68,0.0
"2026-06-04","US20451Q3020","20451Q302","CODI-B","CODI","COMPASS DIVERSIFIED HOLDINGS FIXED","Financial Institutions","504665.0","504259.0","-406.0","0.0008","0.0008","0.0","22.16","-8996.96","SELL","1","CODI-PB",6668,0.1,25.0,-11.36,1.14
"2026-06-04","US04914Y4098","04914Y409","ATLC","ATLC","ATLANTICUS HOLDINGS CORP","Financial Institutions","448685.0","448335.0","-350.0","0.0008","0.0008","0.0","25.67","-8984.5","SELL","1","ATLC",92350,0.0,25.0,2.68,0.0
"2026-06-04","US74460W5783","74460W578","PSA-K","PSA","PUBLIC STORAGE","Financial Institutions","607543.0","607060.0","-483.0","0.0008","0.0008","0.0","18.59","-8978.97","SELL","1","PSA-PK",13706,0.0,25.0,-25.64,0.0
"2026-06-04","US11276B1098","11276B109","BIP","BIP","BROOKFIELD INFRASTRUCTURE FINANCE","Utility","678714.0","678168.0","-546.0","0.0008","0.0008","0.0","16.44","-8976.24","SELL","1","BIP",873286,0.0,25.0,-34.24,0.0
"2026-06-04","US74460W5114","74460W511","PSA-N","PSA","PUBLIC STORAGE DEP SHS REPSTG PF","Financial Institutions","746008.0","745413.0","-595.0","0.0008","0.0008","0.0","15.08","-8972.6","SELL","1","PSA-PN",18693,0.0,25.0,-39.68,0.0
"2026-06-04","US31959X2027","31959X202","FCNCA","FCNCA","FIRST CITIZENS BANCSHARES NON CU","Financial Institutions","543021.0","542587.0","-434.0","0.0008","0.0008","0.0","20.63","-8953.42","SELL","1","FCNCA",61022,0.0,25.0,-17.48,0.0
"2026-06-04","US2538688555","253868855","DLR-J","DLR","DIGITAL REALTY TRUST INC","Financial Institutions","543021.0","542587.0","-434.0","0.0008","0.0008","0.0","20.46","-8879.64","SELL","1","DLR-PJ",10144,0.0,25.0,-18.16,0.0
"2026-06-04","US38741L3050","38741L305","GPMT-A","GPMT","GRANITE POINT MORTGAGE TRUST INC","Financial Institutions","558614.0","558166.0","-448.0","0.0008","0.0008","0.0","19.63","-8794.24","SELL","1","GPMT-PA",3651,0.1,25.0,-21.48,2.15
"2026-06-04","US11259P2083","11259P208","BRBRPH","BEPUCN","BROOKFIELD BRP HOLDINGS (CANADA) I","Utility","705910.0","705343.0","-567.0","0.0008","0.0008","0.0","15.51","-8794.17","SELL","1","","","",25.0,-37.96,""
"2026-06-04","US55272X4097","55272X409","MFA-B","MFA","MFA FINANCIAL INC","Financial Institutions","543021.0","542587.0","-434.0","0.0008","0.0008","0.0","20.16","-8749.44","SELL","1","MFA-PB",12355,0.0,25.0,-19.36,0.0
"2026-06-04","US0844238883","084423888","WRB","WRB","WR BERKLEY CORPORATION","Financial Institutions","670436.0","669897.0","-539.0","0.0008","0.0008","0.0","16.21","-8737.19","SELL","1","WRB",2094387,0.0,25.0,-35.16,0.0
"2026-06-04","US11276B2088","11276B208","BIP","BIP","BROOKFIELD INFRASTRUCTURE FINANCE","Utility","428958.0","428615.0","-343.0","0.0008","0.0008","0.0","25.22","-8650.46","SELL","1","BIP",877538,0.0,25.0,0.88,0.0
"2026-06-04","US58844R7026","58844R702","MBIN-C","MBIN","MERCHANTS BANCORP","Financial Institutions","526067.0","525647.0","-420.0","0.0008","0.0008","0.0","20.59","-8647.8","SELL","1","","","",25.0,-17.64,""
"2026-06-04","US0844237067","084423706","WRB","WRB","WR BERKLEY CORPORATION","Financial Institutions","496042.0","495643.0","-399.0","0.0008","0.0008","0.0","21.66","-8642.34","SELL","1","WRB",2094387,0.0,25.0,-13.36,0.0
"2026-06-04","BMG9078F1648","-","TRTN-D","TRTN","TRITON INTERNATIONAL LTD","Industrial","401350.0","401000.0","-350.0","0.0007","0.0007","0.0","24.64","-8624.0","SELL","1","TRTN-PD",7274,0.0,25.0,-1.44,0.0
"2026-06-04","US38144X6094","38144X609","GS-C","GS","GOLDMAN SACHS GROUP INC","Financial Institutions","543021.0","542587.0","-434.0","0.0008","0.0008","0.0","19.82","-8601.88","SELL","1","GS-PC",17025,0.0,25.0,-20.72,0.0
"2026-06-04","BMG162491648","-","BPY-A","BPY","BROOKFIELD PROPERTY PARTNERS LP","Industrial","780567.0","779944.0","-623.0","0.0008","0.0008","0.0","13.63","-8491.49","SELL","1","","","",25.0,-45.48,""
"2026-06-04","BMG053841620","-","AHL","AHL","ASPEN INSURANCE HOLDINGS LTD","Financial Institutions","535691.0","535264.0","-427.0","0.0008","0.0008","0.0","19.82","-8463.14","SELL","1","","","",25.0,-20.72,""
"2026-06-04","US0605058157","060505815","BAC-E","BAC","BANK OF AMERICA CORP PREF STOCK","Financial Institutions","557045.0","556597.0","-448.0","0.0008","0.0008","0.0","18.87","-8453.76","SELL","1","BAC-PE",21071,0.0,25.0,-24.52,0.0
"2026-06-04","US3793783008","379378300","GNL-A","GNL","GLOBAL NET LEASE PREF SERIES A INC","Financial Institutions","461520.0","461149.0","-371.0","0.0008","0.0008","0.0","22.74","-8436.54","SELL","1","GNL-PA",8620,0.0,25.0,-9.04,0.0
"2026-06-04","US9197944047","919794404","VLY-C","VLY","VALLEY NATIONAL BANCORP","Financial Institutions","401962.0","401640.0","-322.0","0.0008","0.0008","0.0","26.14","-8417.08","SELL","1","","","",25.0,4.56,""
"2026-06-04","US0605056250","060505625","BAC-02","BAC","BANK OF AMERICA CORP","Financial Institutions","538136.0","537702.0","-434.0","0.0008","0.0008","0.0","19.39","-8415.26","SELL","1","","","",25.0,-22.44,""
"2026-06-04","US0423156068","042315606","ARR-C","ARR","ARMOUR RESIDENTIAL REIT INC","Financial Institutions","494614.0","494215.0","-399.0","0.0008","0.0008","0.0","21.0","-8379.0","SELL","1","ARR-PC",19864,0.0,25.0,-16.0,0.0
"2026-06-04","US74460W3960","74460W396","PSA-S","PSA","PUBLIC STORAGE DEPOSITARY SHS EACH","Financial Institutions","659119.0","658594.0","-525.0","0.0008","0.0008","0.0","15.94","-8368.5","SELL","1","PSA-PS",18859,0.0,25.0,-36.24,0.0
"2026-06-04","US11259P3073","11259P307","BRBRPH","BEPUCN","BROOKFIELD BRP HOLDINGS (CANADA) I","Utility","407213.0","406884.0","-329.0","0.0008","0.0008","0.0","25.4","-8356.6","SELL","1","","","",25.0,1.6,""
"2026-06-04","US5303075031","530307503","LBRDA","LBRDA","LIBERTY BROADBAND CUM REDEEMABLE P","Industrial","481327.0","480942.0","-385.0","0.0008","0.0008","0.0","21.66","-8339.1","SELL","1","LBRDA",224320,0.0,25.0,-13.36,0.0
"2026-06-04","US6740013007","674001300","OAK-A","OAK","OAKTREE CAPITAL GROUP LLC","Financial Institutions","488715.0","488323.0","-392.0","0.0008","0.0008","0.0","21.25","-8330.0","SELL","1","OAK-PA",9710,0.0,25.0,-15.0,0.0
"2026-06-04","US1258968379","125896837","CMS-C","CMS","CMS ENERGY CORPORATION","Utility","616463.0","615973.0","-490.0","0.0008","0.0008","0.0","16.91","-8285.9","SELL","1","CMS-PC",13885,0.0,25.0,-32.36,0.0
"2026-06-04","US2333318267","233331826","DTE-G","DTE","DTE ENERGY COMPANY","Utility","616357.0","615867.0","-490.0","0.0008","0.0008","0.0","16.84","-8251.6","SELL","1","","","",25.0,-32.64,""
"2026-06-04","US00123Q8565","00123Q856","AGNCL","AGNC","AGNC INVESTMENT CORP","Financial Institutions","407177.0","406848.0","-329.0","0.0008","0.0007","-0.0001","25.05","-8241.45","SELL","1","AGNCL",10710,0.0,25.0,0.2,0.0
"2026-06-04","BMG162491564","-","BPY-A2","BPY","BROOKFIELD PROPERTY PARTNERS LP","Industrial","678715.0","678169.0","-546.0","0.0007","0.0007","0.0","15.08","-8233.68","SELL","1","","","",25.0,-39.68,""
"2026-06-04","US10922N8891","10922N889","BHF-D","BHF","BRIGHTHOUSE FINANCIAL INC","Financial Institutions","937972.0","937223.0","-749.0","0.0008","0.0008","0.0","10.96","-8209.04","SELL","1","","","",25.0,-56.16,""
"2026-06-04","US87266M2061","87266M206","TRTX-C","TRTX","TPG RE FIN TR PREF SERIES C INC TR","Financial Institutions","546452.0","546018.0","-434.0","0.0007","0.0008","0.0001","18.79","-8154.86","SELL","1","TRTX-PC",7067,0.1,25.0,-24.84,2.48
"2026-06-04","US8606307069","860630706","SF-B","SF","STIFEL FINANCIAL CORP","Financial Institutions","434391.0","434041.0","-350.0","0.0007","0.0007","0.0","23.29","-8151.5","SELL","1","SF-PB",9317,0.0,25.0,-6.84,0.0
"2026-06-04","US4101204067","410120406","HWC","HWC","HANCOCK WHITNEY CORP","Financial Institutions","462190.0","461819.0","-371.0","0.0007","0.0007","0.0","21.94","-8139.74","SELL","1","HWC",823984,0.0,25.0,-12.24,0.0
"2026-06-04","US78407R2040","78407R204","SCE-J","EIX","SCE TRUST II CUM TRUST SECS P","Utility","589643.0","589174.0","-469.0","0.0007","0.0007","0.0","17.28","-8104.32","SELL","1","","","",25.0,-30.88,""
"2026-06-04","US04208T2078","04208T207","AHH-A","AHH","ARMADA HOFFLER PROPERTIES INC","Financial Institutions","464547.0","464176.0","-371.0","0.0007","0.0007","0.0","21.6","-8013.6","SELL","1","","","",25.0,-13.6,""
"2026-06-04","US6496048819","649604881","ADAM-D","ADAM","NEW YORK MORTGAGE TRUST INC","Financial Institutions","417184.0","416848.0","-336.0","0.0007","0.0007","0.0","23.71","-7966.56","SELL","1","","","",25.0,-5.16,""
"2026-06-04","US3205174028","320517402","FHN-E","FHN","FIRST HORIZON NATIONAL CORP","Financial Institutions","407212.0","406883.0","-329.0","0.0007","0.0007","0.0","24.16","-7948.64","SELL","1","FHN-PE",5879,0.1,25.0,-3.36,0.34
"2026-06-04","US04914Y3009","04914Y300","ATLC","ATLC","ATLANTICUS HOLDINGS CORP","Financial Institutions","396945.0","396630.0","-315.0","0.0007","0.0007","0.0","25.2","-7938.0","SELL","1","ATLC",92352,0.0,25.0,0.8,0.0
"2026-06-04","US58844R8842","58844R884","MBIN","MBIN","MERCHANTS BANCORP","Financial Institutions","381564.0","381256.0","-308.0","0.0007","0.0007","0.0","25.75","-7931.0","SELL","1","MBIN",130786,0.0,25.0,3.0,0.0
"2026-06-04","BMG9078F1317","-","TRTN-B","TRTN","TRITON INTERNATIONAL LTD","Industrial","384923.0","384615.0","-308.0","0.0007","0.0007","0.0","25.65","-7900.2","SELL","1","TRTN-PB",6231,0.0,25.0,2.6,0.0
"2026-06-04","US4461507810","446150781","HBAN-C","HBAN","HUNTINGTON BANCSHARES INC","Financial Institutions","475087.0","474709.0","-378.0","0.0007","0.0007","0.0","20.88","-7892.64","SELL","1","","","",25.0,-16.48,""
"2026-06-04","US74460W5379","74460W537","PSA-M","PSA","PUBLIC STORAGE","Financial Institutions","604547.0","604064.0","-483.0","0.0007","0.0007","0.0","16.03","-7742.49","SELL","1","PSA-PM",9423,0.1,25.0,-35.88,3.59
"2026-06-04","US70509V8862","70509V886","PEB-H","PEB","PEBBLEBROOK HOTEL TRUST","Financial Institutions","531265.0","530838.0","-427.0","0.0007","0.0007","0.0","18.0","-7686.0","SELL","1","PEB-PH",35333,0.0,25.0,-28.0,0.0
"2026-06-04","US6496048652","649604865","ADAM-F","ADAM","NEW YORK MORTGAGE TRUST INC","Financial Institutions","393939.0","393624.0","-315.0","0.0007","0.0007","0.0","24.24","-7635.6","SELL","1","","","",25.0,-3.04,""
"2026-06-04","US4884013081","488401308","KMPR","KMPR","KEMPER CORP","Financial Institutions","401550.0","401228.0","-322.0","0.0007","0.0007","0.0","23.68","-7624.96","SELL","1","KMPR",1057589,0.0,25.0,-5.28,0.0
"2026-06-04","US0259328807","025932880","AFG","AFG","AMERICAN FINANCIAL GROUP INC","Financial Institutions","535617.0","535190.0","-427.0","0.0007","0.0007","0.0","17.85","-7621.95","SELL","1","AFG",436677,0.0,25.0,-28.6,0.0
"2026-06-04","US4461507570","446150757","HBANZ","HBAN","HUNTINGTON BANCSHARES DEPOSITARY S","Financial Institutions","463514.0","463143.0","-371.0","0.0007","0.0007","0.0","20.31","-7535.01","SELL","1","HBANZ",12841,0.0,25.0,-18.76,0.0
"2026-06-04","USG162522670","-","BIP-13","BIP","BROOKFIELD INFRASTRUCTURE CLASS","Utility","543021.0","542587.0","-434.0","0.0007","0.0007","0.0","17.2","-7464.8","SELL","1","","","",25.0,-31.2,""
"2026-06-04","BMG9078F2067","-","TRTN","TRTN","TRITON INTERNATIONAL LTD","Industrial","401389.0","401067.0","-322.0","0.0007","0.0007","0.0","23.14","-7451.08","SELL","1","","","",25.0,-7.44,""
"2026-06-04","US11272B1035","11272B103","BNCN","BNCN","BROOKFIELD FINANCE I UK PLC","Financial Institutions","624473.0","623976.0","-497.0","0.0007","0.0007","0.0","14.95","-7430.15","SELL","1","","","",25.0,-40.2,""
"2026-06-04","US89832Q8107","89832Q810","TFC-I","TFC","TRUIST FINANCIAL DS REPRESENTING","Financial Institutions","468346.0","467968.0","-378.0","0.0007","0.0007","0.0","19.48","-7363.44","SELL","1","TFC-PI",11345,0.0,25.0,-22.08,0.0
"2026-06-04","US26884U2087","26884U208","EPR-C","EPR","EPR PROPERTIES 5.75% CUM CONV PREF","Financial Institutions","366057.0","365763.0","-294.0","0.0007","0.0007","0.0","25.01","-7352.94","SELL","1","EPR-PC",4379,0.1,25.0,0.04,0.0
"2026-06-04","US9478907036","947890703","WBS-G","WBS","WEBSTER FINANCIAL CORPORATION","Financial Institutions","366493.0","366199.0","-294.0","0.0007","0.0007","0.0","24.26","-7132.44","SELL","1","WBS-PG",6428,0.0,25.0,-2.96,0.0
"2026-06-04","BMG162522756","-","BIP-14","BIP","BROOKFIELD INFRASTRUCTURE PARTNERS","Utility","543021.0","542587.0","-434.0","0.0006","0.0007","0.0001","16.41","-7121.94","SELL","1","","","",25.0,-34.36,""
"2026-06-04","BMG9078F1564","-","TRTN-E","TRTN","TRITON INTERNATIONAL LTD","Industrial","468048.0","467677.0","-371.0","0.0007","0.0007","0.0","19.16","-7108.36","SELL","1","TRTN-PE",4721,0.1,25.0,-23.36,2.34
"2026-06-04","US25401T5048","25401T504","DBRG-H","DBRG","DIGITALBRIDGE GROUP .125 CUMULATIV","Financial Institutions","566082.0","565627.0","-455.0","0.0006","0.0006","0.0","15.46","-7034.3","SELL","1","DBRG-PH",27638,0.0,25.0,-38.16,0.0
"2026-06-04","US3765468679","376546867","GAIN","GAIN","GLADSTONE INVESTMENT CORP","Financial Institutions","338089.0","337816.0","-273.0","0.0006","0.0006","0.0","25.5","-6961.5","SELL","1","GAIN",375802,0.0,25.0,2.0,0.0
"2026-06-04","US3765468836","376546883","GAIN","GAIN","GLADSTONE INVESTMENT CORP","Financial Institutions","359637.0","359350.0","-287.0","0.0006","0.0006","0.0","24.08","-6910.96","SELL","1","GAIN",375802,0.0,25.0,-3.68,0.0
"2026-06-04","US8163005031","816300503","SIGI-B","SIGI","SELECTIVE INS GROUP DS REPSTG IN","Financial Institutions","534752.0","534325.0","-427.0","0.0006","0.0006","0.0","16.18","-6908.86","SELL","1","","","",25.0,-35.28,""
"2026-06-04","US0259328641","025932864","AFG","AFG","AMERICAN FINANCIAL GROUP INC","Financial Institutions","534836.0","534409.0","-427.0","0.0006","0.0006","0.0","16.1","-6874.7","SELL","1","AFG",436677,0.0,25.0,-35.6,0.0
"2026-06-04","US9478905055","947890505","WBS-F","WBS","WEBSTER FINANCIAL DRC CORP","Financial Institutions","407213.0","406884.0","-329.0","0.0006","0.0006","0.0","20.76","-6830.04","SELL","1","WBS-PF",9920,0.0,25.0,-16.96,0.0
"2026-06-04","US16934Q3074","16934Q307","CIM-A","CIM","CHIMERA INVESTMENT CORP","Financial Institutions","393708.0","393393.0","-315.0","0.0006","0.0006","0.0","21.61","-6807.15","SELL","1","CIM-PA",9833,0.0,25.0,-13.56,0.0
"2026-06-04","MHY8564M1131","-","TGP","TGP","TEEKAY LNG PARTNERS LP","Industrial","334823.0","334557.0","-266.0","0.0006","0.0006","0.0","25.51","-6785.66","SELL","1","","","",25.0,2.04,""
"2026-06-04","US90187B2007","90187B200","TWO-A","TWO","TWO HARBORS INVESTMENT CORP","Financial Institutions","342795.0","342522.0","-273.0","0.0006","0.0006","0.0","24.67","-6734.91","SELL","1","TWO-PA",17276,0.0,25.0,-1.32,0.0
"2026-06-04","US26884U5056","26884U505","EPR-G","EPR","EPR PROPERTIES","Financial Institutions","407286.0","406957.0","-329.0","0.0006","0.0006","0.0","20.32","-6685.28","SELL","1","EPR-PG",9146,0.0,25.0,-18.72,0.0
"2026-06-04","US68003D3035","68003D303","ONB-C","ONB","OLD NATIONAL BANCORP DEP SHS EACH","Financial Institutions","332586.0","332320.0","-266.0","0.0006","0.0006","0.0","24.94","-6634.04","SELL","1","","","",25.0,-0.24,""
"2026-06-04","US6496048165","649604816","ADAM","ADAM","NEW YORK MORTGAGE TRUST INC","Financial Institutions","312169.0","311917.0","-252.0","0.0006","0.0006","0.0","25.76","-6491.52","SELL","1","ADAM",813808,0.0,25.0,3.04,0.0
"2026-06-04","US0082528359","008252835","AMG","AMG","AFFILIATED MANAGERS GROUP INC.","Financial Institutions","533923.0","533496.0","-427.0","0.0006","0.0006","0.0","15.14","-6464.78","SELL","1","AMG",315346,0.0,25.0,-39.44,0.0
"2026-06-04","US28852N3070","28852N307","EFC-B","EFC","ELLINGTON FINANCIAL INC","Financial Institutions","327221.0","326962.0","-259.0","0.0006","0.0006","0.0","24.89","-6446.51","SELL","1","EFC-PB",3342,0.1,25.0,-0.44,0.04
"2026-06-04","US0084922097","008492209","ADC-A","ADC","AGREE REALTY CORP","Financial Institutions","475159.0","474781.0","-378.0","0.0006","0.0006","0.0","17.03","-6437.34","SELL","1","ADC-PA",11912,0.0,25.0,-31.88,0.0
"2026-06-04","US3137452005","313745200","FRT-C","FRT","FEDERAL REALTY INVESTMENT DEPOSITA","Financial Institutions","407213.0","406884.0","-329.0","0.0006","0.0006","0.0","19.5","-6415.5","SELL","1","FRT-PC",7786,0.0,25.0,-22.0,0.0
"2026-06-04","US8964426055","896442605","TRIN","TRIN","TRINITY CAPITAL INC","Financial Institutions","318223.0","317971.0","-252.0","0.0006","0.0006","0.0","25.44","-6410.88","SELL","1","TRIN",1013945,0.0,25.0,1.76,0.0
"2026-06-04","US8964427046","896442704","TRIN","TRIN","TRINITY CAPITAL INC","Financial Institutions","311273.0","311021.0","-252.0","0.0006","0.0006","0.0","25.42","-6405.84","SELL","1","TRIN",1013945,0.0,25.0,1.68,0.0
"2026-06-04","US90187B8871","90187B887","TWO","TWO","TWO HARBORS INVESTMENT CORP","Financial Institutions","312187.0","311935.0","-252.0","0.0006","0.0006","0.0","25.42","-6405.84","SELL","1","TWO",2208984,0.0,25.0,1.68,0.0
"2026-06-04","US5977423038","597742303","MSBI","MSBI","MIDLAND STATES BANCORP INC","Financial Institutions","312205.0","311953.0","-252.0","0.0006","0.0006","0.0","25.4","-6400.8","SELL","1","MSBI",148388,0.0,25.0,1.6,0.0
"2026-06-04","US26817Q8785","26817Q878","DX-C","DX","DYNEX CAPITAL INC","Financial Institutions","302718.0","302473.0","-245.0","0.0006","0.0006","0.0","26.09","-6392.05","SELL","1","DX-PC",7615,0.0,25.0,4.36,0.0
"2026-06-04","US70509V7047","70509V704","PEB-F","PEB","PEBBLEBROOK HOTEL TRUST","Financial Institutions","399812.0","399490.0","-322.0","0.0006","0.0006","0.0","19.83","-6385.26","SELL","1","PEB-PF",23314,0.0,25.0,-20.68,0.0
"2026-06-04","US64944P3073","64944P307","FLG","NYCB","NEW YORK COMMUNITY CAPITAL TRUST V","Financial Institutions","193525.0","193371.0","-154.0","0.0006","0.0006","0.0","41.35","-6367.9","SELL","1","FLG",4111034,0.0,25.0,65.4,0.0
"2026-06-04","MHY271831213","-","GSL","GSL","GLOBAL SHIP LEASE INC","Industrial","295886.0","295648.0","-238.0","0.0006","0.0006","0.0","26.66","-6345.08","SELL","1","GSL",361820,0.0,25.0,6.64,0.0
"2026-06-04","US0259328724","025932872","AFG","AFG","AMERICAN FINANCIAL GROUP INC","Financial Institutions","400325.0","400003.0","-322.0","0.0006","0.0006","0.0","19.64","-6324.08","SELL","1","AFG",436677,0.0,25.0,-21.44,0.0
"2026-06-04","US8660826053","866082605","INN-E","INN","SUMMIT HOTEL PROPERTIES INC","Financial Institutions","434391.0","434041.0","-350.0","0.0006","0.0006","0.0","17.89","-6261.5","SELL","1","INN-PE",7727,0.0,25.0,-28.44,0.0
"2026-06-04","US75574U8383","75574U838","RC","RC","READY CAPITAL CORP","Financial Institutions","352954.0","352674.0","-280.0","0.0006","0.0006","0.0","22.28","-6238.4","SELL","1","RC",1655641,0.0,25.0,-10.88,0.0
"2026-06-04","US6475513080","647551308","NMFC","NMFC","NEW MOUNTAIN FINANCE CORP","Financial Institutions","306795.0","306550.0","-245.0","0.0006","0.0006","0.0","25.4","-6223.0","SELL","1","NMFC",530802,0.0,25.0,1.6,0.0
"2026-06-04","BMG162491499","-","BPY-A-1","BPY","BROOKFIELD PROPERTY PARTNERS LP","Industrial","499609.0","499210.0","-399.0","0.0006","0.0006","0.0","15.48","-6176.52","SELL","1","","","",25.0,-38.08,""
"2026-06-04","US9197942066","919794206","VLY-A","VLY","VALLEY NATIONAL BANCORP","Financial Institutions","306800.0","306555.0","-245.0","0.0006","0.0006","0.0","25.04","-6134.8","SELL","1","","","",25.0,0.16,""
"2026-06-04","US2635343070","263534307","CTVA","CTVA","E I DU PONT DE NEMOURS AND CO","Industrial","111512.0","111421.0","-91.0","0.0006","0.0005","-0.0001","67.35","-6128.85","SELL","1","CTVA",3405938,0.0,25.0,169.4,0.0
"2026-06-04","US20786W5031","20786W503","CNOB-A","CNOB","CONNECTONE BANCORP INC","Financial Institutions","306706.0","306461.0","-245.0","0.0006","0.0006","0.0","24.96","-6115.2","SELL","1","","","",25.0,-0.16,""
"2026-06-04","US26884U3077","26884U307","EPR-E","EPR","EPR PROPERTIES","Financial Institutions","233894.0","233705.0","-189.0","0.0005","0.0005","0.0","31.93","-6034.77","SELL","1","EPR-PE",3654,0.1,25.0,27.72,0.0
"2026-06-04","US02665T8760","02665T876","AMH-G","AMH","AMERICAN HOMES 4 RENT","Financial Institutions","312207.0","311955.0","-252.0","0.0005","0.0005","0.0","23.84","-6007.68","SELL","1","AMH-PG",3398,0.1,25.0,-4.64,0.46
"2026-06-04","US68003D2045","68003D204","ONB-A","ONB","OLD NATIONAL BANCORP","Financial Institutions","293182.0","292944.0","-238.0","0.0005","0.0005","0.0","24.85","-5914.3","SELL","1","","","",25.0,-0.6,""
"2026-06-04","BMG162582313","-","BEPUCN","BEPUCN","BROOKFIELD RENEWABLE PARTNERS LP","Utility","543625.0","543275.0","-350.0","0.0007","0.0007","0.0","16.87","-5904.5","SELL","1","","","",25.0,-32.52,""
"2026-06-04","US0605055914","060505591","BAC","BAC","BANK OF AMERICA DEPOSITORY SHARES","Financial Institutions","367649.0","367355.0","-294.0","0.0005","0.0005","0.0","19.98","-5874.12","SELL","1","BAC",34806187,0.0,25.0,-20.08,0.0
"2026-06-04","US64828T3005","64828T300","RITM-A","RITM","NEW RESIDENTIAL INVESTMENT CORP","Financial Institutions","285752.0","285521.0","-231.0","0.0005","0.0005","0.0","25.33","-5851.23","SELL","1","RITM-PA",13425,0.0,25.0,1.32,0.0
"2026-06-04","US02665T8687","02665T868","AMH-H","AMH","AMERICAN HOMES 4 RENT","Financial Institutions","312205.0","311953.0","-252.0","0.0005","0.0005","0.0","23.02","-5801.04","SELL","1","AMH-PH",6500,0.0,25.0,-7.92,0.0
"2026-06-04","US70931T8062","70931T806","PMT","PMT","PENNYMAC MORTGAGE INVESTMENT TRUST","Financial Institutions","285040.0","284809.0","-231.0","0.0005","0.0005","0.0","25.11","-5800.41","SELL","1","PMT",972179,0.0,25.0,0.44,0.0
"2026-06-04","US3205178656","320517865","FHN-F","FHN","FIRST HORIZON CORP (TENNESSEE)","Financial Institutions","407177.0","406848.0","-329.0","0.0005","0.0005","0.0","17.56","-5777.24","SELL","1","FHN-PF",6766,0.0,25.0,-29.76,0.0
"2026-06-04","US7588498896","758849889","REG-A","REG","REGENCY CENTERS SERIES A CUMULAT","Financial Institutions","312205.0","311953.0","-252.0","0.0005","0.0005","0.0","22.87","-5763.24","SELL","1","","","",25.0,-8.52,""
"2026-06-04","US12621E3018","12621E301","CNO","CNO","CNO FINANCIAL GROUP INC","Financial Institutions","407177.0","406848.0","-329.0","0.0005","0.0005","0.0","17.28","-5685.12","SELL","1","CNO",755374,0.0,25.0,-30.88,0.0
"2026-06-04","US70931T3014","70931T301","PMT-A","PMT","PENNYMAC MORTGAGE INVESTMENT TRUST","Financial Institutions","312207.0","311955.0","-252.0","0.0005","0.0005","0.0","22.49","-5667.48","SELL","1","PMT-PA",6415,0.0,25.0,-10.04,0.0
"2026-06-04","US0259328070","025932807","AFG","AFG","AMERICAN FINANCIAL GROUP INC","Financial Institutions","332934.0","332668.0","-266.0","0.0005","0.0005","0.0","21.03","-5593.98","SELL","1","AFG",436677,0.0,25.0,-15.88,0.0
"2026-06-04","KYG3730V1398","-","FTAI-C","FTAI","FTAI AVIATION FIXED RATE RESET C","Industrial","279719.0","279495.0","-224.0","0.0005","0.0005","0.0","24.95","-5588.8","SELL","1","","","",25.0,-0.2,""
"2026-06-04","US80349A8027","80349A802","SAR","SAR","SARATOGA INVESTMENT CORP","Financial Institutions","280958.0","280734.0","-224.0","0.0005","0.0005","0.0","24.89","-5575.36","SELL","1","SAR",98072,0.0,25.0,-0.44,0.0
"2026-06-04","US7588498714","758849871","REG-B","REG","REGENCY CENTERS SERIES B CUMULAT","Financial Institutions","312211.0","311959.0","-252.0","0.0005","0.0005","0.0","22.1","-5569.2","SELL","1","","","",25.0,-11.6,""
"2026-06-04","US28852N4060","28852N406","EFC-C","EFC","ELLINGTON FINANCIAL INC","Financial Institutions","271502.0","271285.0","-217.0","0.0005","0.0005","0.0","25.65","-5566.05","SELL","1","EFC-PC",1130,0.2,25.0,2.6,0.0
"2026-06-04","US00489Q3002","00489Q300","ACR-D","ACR","ACRES COMMERCIAL REALTY CORP","Financial Institutions","305929.0","305684.0","-245.0","0.0005","0.0005","0.0","22.52","-5517.4","SELL","1","ACR-PD",4523,0.1,25.0,-9.92,0.99
"2026-06-04","US73317H2067","73317H206","BPOP","BPOP","POPULAR CAPITAL TRUST II","Financial Institutions","274309.0","274092.0","-217.0","0.0005","0.0005","0.0","25.2","-5468.4","SELL","1","BPOP",435248,0.0,25.0,0.8,0.0
"2026-06-04","US2298993070","229899307","CFR-B","CFR","CULLEN FROST BANKERS DRC INC","Financial Institutions","407177.0","406848.0","-329.0","0.0005","0.0005","0.0","16.62","-5467.98","SELL","1","CFR-PB",10619,0.0,25.0,-33.52,0.0
"2026-06-04","US22948Q2003","22948Q200","CTO-A","CTO","CTO REALTY GROWTH INC","Financial Institutions","319927.0","319668.0","-259.0","0.0005","0.0005","0.0","21.0","-5439.0","SELL","1","CTO-PA",4077,0.1,25.0,-16.0,1.6
"2026-06-04","US3793784097","379378409","GNL-B","GNL","GLOBAL NET LEASE INC","Financial Institutions","318768.0","318516.0","-252.0","0.0005","0.0005","0.0","21.52","-5423.04","SELL","1","GNL-PB",3586,0.1,25.0,-13.92,1.39
"2026-06-04","US74460W4877","74460W487","PSA-O","PSA","PUBLIC STORAGE","Financial Institutions","446624.0","446267.0","-357.0","0.0005","0.0005","0.0","15.15","-5408.55","SELL","1","PSA-PO",19110,0.0,25.0,-39.4,0.0
"2026-06-04","US8043958797","804395879","BFS-E","BFS","SAUL CENTERS INC","Financial Institutions","298703.0","298465.0","-238.0","0.0005","0.0005","0.0","22.3","-5307.4","SELL","1","BFS-PE",3792,0.1,25.0,-10.8,1.08
"2026-06-04","US53803X4025","53803X402","LOB-A","LOB","LIVE OAK BANCSHARES INC","Financial Institutions","266163.0","265953.0","-210.0","0.0005","0.0005","0.0","25.14","-5279.4","SELL","1","LOB-PA",12342,0.0,25.0,0.56,0.0
"2026-06-04","US9197943056","919794305","VLY-B","VLY","VALLEY NATL NON CUM PERP PREF SERI","Financial Institutions","266074.0","265864.0","-210.0","0.0005","0.0005","0.0","25.03","-5256.3","SELL","1","","","",25.0,0.12,""
"2026-06-04","US16208T2015","16208T201","CLDT-A","CLDT","CHATHAM LODGING TRUST","Financial Institutions","325822.0","325563.0","-259.0","0.0005","0.0005","0.0","20.22","-5236.98","SELL","1","CLDT-PA",29908,0.0,25.0,-19.12,0.0
"2026-06-04","US7580758578","758075857","RWT","RWT","REDWOOD TRUST INC","Financial Institutions","271484.0","271267.0","-217.0","0.0005","0.0005","0.0","24.02","-5212.34","SELL","1","RWT",1040490,0.0,25.0,-3.92,0.0
"2026-06-04","US25432X2018","25432X201","DCOM","DCOM","DIME COMMUNITY BANCSHARES CUMULATI","Financial Institutions","352387.0","352107.0","-280.0","0.0005","0.0005","0.0","18.4","-5152.0","SELL","1","DCOM",281281,0.0,25.0,-26.4,0.0
"2026-06-04","US20451Q2030","20451Q203","CODI-A","CODI","COMPASS DIVERSIFIED HOLDINGS","Financial Institutions","310899.0","310647.0","-252.0","0.0005","0.0005","0.0","20.32","-5120.64","SELL","1","CODI-PA",5436,0.0,25.0,-18.72,0.0
"2026-06-04","US3131488278","313148827","AGMPP","FAMCA","FEDERAL AGRIC MTG NON CUMULATIVE P","Agency","265857.0","265647.0","-210.0","0.0005","0.0005","0.0","23.93","-5025.3","SELL","1","","","",25.0,-4.28,""
"2026-06-04","US29364P1030","29364P103","ETR","ETR","ENTERGY NEW ORLEANS INC","Utility","292486.0","292255.0","-231.0","0.0005","0.0005","0.0","21.61","-4991.91","SELL","1","ETR",3891271,0.0,25.0,-13.56,0.0
"2026-06-04","US6943082064","694308206","PCG-A","PCG","PACIFIC GAS & ELEC CO","Utility","279791.0","279567.0","-224.0","0.0005","0.0005","0.0","22.06","-4941.44","SELL","1","PCG-PA",6084,0.0,25.0,-11.76,0.0
"2026-06-04","US5290433094","529043309","LXP-C","LXP","LXP INDUSTRIAL TRUST","Financial Institutions","131370.0","131265.0","-105.0","0.0004","0.0004","0.0","45.75","-4803.75","SELL","1","LXP-PC",2112,0.0,25.0,83.0,0.0
"2026-06-04","US3131488435","313148843","FAMCA","FAMCA","FEDERAL AGRICULTURAL MORTGAGE CORP","Agency","318634.0","318382.0","-252.0","0.0004","0.0004","0.0","18.83","-4745.16","SELL","1","","","",25.0,-24.68,""
"2026-06-04","US74348T5653","74348T565","PSEC-A","PSEC","PROSPECT CAPITAL CORP","Financial Institutions","348390.0","348110.0","-280.0","0.0004","0.0004","0.0","16.78","-4698.4","SELL","1","PSEC-PA",6465,0.0,25.0,-32.88,0.0
"2026-06-04","US3131488351","313148835","FAMCA","FAMCA","FEDERAL AGRICULTURAL MORTGAGE NO","Agency","331680.0","331414.0","-266.0","0.0004","0.0004","0.0","17.52","-4660.32","SELL","1","","","",25.0,-29.92,""
"2026-06-04","US70509V6056","70509V605","PEB-E","PEB","PEBBLEBROOK HOTEL TRUST","Financial Institutions","289462.0","289231.0","-231.0","0.0004","0.0004","0.0","20.02","-4624.62","SELL","1","PEB-PE",11015,0.0,25.0,-19.92,0.0
"2026-06-04","US74460W4463","74460W446","PSA-Q","PSA","PUBLIC STORAGE","Financial Institutions","375464.0","375163.0","-301.0","0.0004","0.0004","0.0","15.26","-4593.26","SELL","1","PSA-PQ",11331,0.0,25.0,-38.96,0.0
"2026-06-04","US0454874027","045487402","ASB-F","ASB","ASSOCIATED BANC DEPOSITARY SHARES","Financial Institutions","271511.0","271294.0","-217.0","0.0004","0.0004","0.0","20.58","-4465.86","SELL","1","ASB-PF",4316,0.1,25.0,-17.68,1.77
"2026-06-04","US80349A8514","80349A851","SAR","SAR","SARATOGA INVESTMENT CORP","Financial Institutions","266550.0","266375.0","-175.0","0.0005","0.0005","0.0","25.3","-4427.5","SELL","1","SAR",98072,0.0,25.0,1.2,0.0
"2026-06-04","US00489Q2012","00489Q201","ACR-C","ACR","ACRES COMMERCIAL REALTY .625 FIXED","Financial Institutions","326425.0","326250.0","-175.0","0.0006","0.0006","0.0","25.27","-4422.25","SELL","1","ACR-PC",7215,0.0,25.0,1.08,0.0
"2026-06-04","US55272X7066","55272X706","MFA","MFA","MFA FINANCIAL INC","Financial Institutions","312550.0","312375.0","-175.0","0.0006","0.0006","0.0","25.17","-4404.75","SELL","1","MFA",1346574,0.0,25.0,0.68,0.0
"2026-06-04","US3765468596","376546859","GAIN","GAIN","GLADSTONE INVESTMENT CORP","Financial Institutions","266225.0","266050.0","-175.0","0.0005","0.0005","0.0","25.16","-4403.0","SELL","1","GAIN",375810,0.0,25.0,0.64,0.0
"2026-06-04","US16934Q8693","16934Q869","CIM","CIM","CHIMERA INVESTMENT CORP","Financial Institutions","326239.0","326064.0","-175.0","0.0006","0.0006","0.0","25.07","-4387.25","SELL","1","CIM",568500,0.0,25.0,0.28,0.0
"2026-06-04","US14040H7742","14040H774","COF-K","COF","CAPITAL ONE FINANCIAL CORPORATION","Financial Institutions","320668.0","320409.0","-259.0","0.0004","0.0004","0.0","16.86","-4366.74","SELL","1","COF-PK",15118,0.0,25.0,-32.56,0.0
"2026-06-04","US3131488682","313148868","FAMCA","FAMCA","FEDERAL AGRICULTURAL MORTGAGE CORP","Agency","264871.0","264661.0","-210.0","0.0004","0.0004","0.0","20.56","-4317.6","SELL","1","","","",25.0,-17.76,""
"2026-06-04","US0454872047","045487204","ASB-E","ASB","ASSOCIATED BANC-CORP","Financial Institutions","271484.0","271267.0","-217.0","0.0004","0.0004","0.0","19.81","-4298.77","SELL","1","ASB-PE",4245,0.1,25.0,-20.76,2.08
"2026-06-04","US78163D4079","78163D407","RWAY","RWAY","RUNWAY GROWTH FINANCE","Financial Institutions","266475.0","266300.0","-175.0","0.0005","0.0005","0.0","24.54","-4294.5","SELL","1","RWAY",639390,0.0,25.0,-1.84,0.0
"2026-06-04","US9116847024","911684702","UZA","AD","UNITED STATES CELLULAR CORPORATION","Industrial","280362.0","280138.0","-224.0","0.0004","0.0004","0.0","18.88","-4229.12","SELL","1","","","",25.0,-24.48,""
"2026-06-04","US56029Q4082","56029Q408","MHLD","MHLD","MAIDEN HOLDINGS NORTH AMERICA LTD","Financial Institutions","403539.0","403217.0","-322.0","0.0004","0.0004","0.0","12.17","-3918.74","SELL","1","","","",25.0,-51.32,""
"2026-06-04","US8678928040","867892804","SHO-H","SHO","SUNSTONE HOTEL INVESTORS INC","Financial Institutions","303025.0","302850.0","-175.0","0.0005","0.0005","0.0","21.48","-3759.0","SELL","1","SHO-PH",21603,0.0,25.0,-14.08,0.0
"2026-06-04","US9116848840","911684884","UZC","AD","UNITED STATES CELLULAR CORPORATION","Industrial","276051.0","275827.0","-224.0","0.0003","0.0003","0.0","16.7","-3740.8","SELL","1","","","",25.0,-33.2,""
"2026-06-04","US8660827044","866082704","INN-F","INN","SUMMIT HOTEL PROPERTIES INC","Financial Institutions","271511.0","271294.0","-217.0","0.0003","0.0003","0.0","16.88","-3662.96","SELL","1","INN-PF",11857,0.0,25.0,-32.48,0.0
"2026-06-04","US75574U8870","75574U887","RC-E","RC","READY CAPITAL CORP","Financial Institutions","312169.0","311917.0","-252.0","0.0003","0.0003","0.0","12.56","-3165.12","SELL","1","RC-PE",6461,0.0,25.0,-49.76,0.0
"2026-06-04","US5602923022","560292302","MHLD","MHLD","MAIDEN HOLDINGS LTD","Financial Institutions","287663.0","287432.0","-231.0","0.0002","0.0003","0.0001","12.1","-2795.1","SELL","1","","","",25.0,-51.6,""
"2026-06-04","US10482B2007","10482B200","BHR-B","BHR","BRAEMAR HOTEL & RESORTS INC","Financial Institutions","208958.0","208790.0","-168.0","0.0002","0.0002","0.0","15.2","-2553.6","SELL","1","BHR-PB",6660,0.0,25.0,-39.2,0.0
"2026-06-04","US5835432023","583543202","SLNH-A","SLNH","SOLUNA HOLDINGS INC","Industrial","325413.0","325238.0","-175.0","0.0003","0.0003","0.0","10.73","-1877.75","SELL","1","","","",25.0,-57.08,""
"2026-06-04","US46817M2061","46817M206","JXN","JXN","JACKSON FINANCIAL INC","Financial Institutions","1498271.0","1498271.0","0.0","0.0028","0.0029","0.0001","25.96","0.0","UNCHANGED","1","","","","","",""
"2026-06-04","BMG7498P1279","-","RNR-G","RNR","RENAISSANCERE HOLDINGS LTD","Financial Institutions","1362026.0","1362026.0","0.0","0.0015","0.0015","0.0","15.14","0.0","UNCHANGED","1","","","","","",""
"2026-06-04","US29452E4089","29452E408","EQH-C","EQH","EQUITABLE HOLDINGS INC","Financial Institutions","811206.0","811206.0","0.0","0.001","0.001","0.0","16.02","0.0","UNCHANGED","1","","","","","",""
"2026-06-04","US74913G8731","74913G873","CTL","CTL","QWEST CORP","Industrial","1818042.0","1818042.0","0.0","0.0026","0.0026","0.0","19.4","0.0","UNCHANGED","1","","","","","",""
"2026-06-04","US9388243076","938824307","WAFD-A","WAFD","WASHINGTON FEDERAL INC","Financial Institutions","813970.0","813970.0","0.0","0.001","0.001","0.0","16.26","0.0","UNCHANGED","1","","","","","",""
"2026-06-04","US30190A2033","30190A203","FG","FG","F&G ANNUITIES & LIFE INC","Financial Institutions","932154.0","932154.0","0.0","0.0017","0.0017","0.0","24.89","0.0","UNCHANGED","1","","","","","",""
"2026-06-04","US0389238686","038923868","ABR-E","ABR","ARBOR REALTY TRUST INC","Financial Institutions","385742.0","385742.0","0.0","0.0005","0.0005","0.0","15.97","0.0","UNCHANGED","1","","","","","",""
"2026-06-04","US75968N3098","75968N309","RNR-F","RNR","RENAISSANCERE HOLDINGS LTD","Financial Institutions","681600.0","681600.0","0.0","0.0011","0.0011","0.0","21.26","0.0","UNCHANGED","1","","","","","",""
"2026-06-04","US0625452075","062545207","BOH-A","BOH","BANK OF HAWAII CORP","Financial Institutions","484757.0","484757.0","0.0","0.0006","0.0006","0.0","15.97","0.0","UNCHANGED","1","","","","","",""
"2026-06-04","US30190A6091","30190A609","FG","FG","F&G ANNUITIES & LIFE INC","Financial Institutions","1012645.0","1012645.0","0.0","0.0016","0.0016","0.0","21.69","0.0","UNCHANGED","1","","","","","",""
"2026-06-04","US06417N2027","06417N202","OZK-A","OZK","BANK OZK","Financial Institutions","951046.0","951046.0","0.0","0.0011","0.0011","0.0","16.38","0.0","UNCHANGED","1","","","","","",""
"2026-06-04","US7244795065","724479506","PBI","PBI","PITNEY BOWES INC","Industrial","950906.0","950906.0","0.0","0.0014","0.0014","0.0","20.63","0.0","UNCHANGED","1","","","","","",""
"2026-06-04","US0625403078","062540307","BOH","BOH","BANK OF HAWAII CORP","Financial Institutions","447100.0","447100.0","0.0","0.0009","0.0009","0.0","26.36","0.0","UNCHANGED","1","","","","","",""
"2026-06-04","US74913G8814","74913G881","CTL","CTL","QWEST CORP","Industrial","2691284.0","2691284.0","0.0","0.0038","0.0038","0.0","19.38","0.0","UNCHANGED","1","","","","","",""
"2026-06-04","US3602713089","360271308","FULT-A","FULT","FULTON FINANCIAL CORPORATION","Financial Institutions","540817.0","540817.0","0.0","0.0007","0.0007","0.0","18.51","0.0","UNCHANGED","1","","","","","",""
"2026-06-04","US29452E2000","29452E200","EQH-A","EQH","EQUITABLE HLDNGS DRC REPRESENTING","Financial Institutions","2172281.0","2172281.0","0.0","0.0031","0.0031","0.0","19.34","0.0","UNCHANGED","1","","","","","",""
"2026-06-04","US34988VAF31","34988VAF3","FOSL","FOSL","FOSSIL GROUP INC","Industrial","1174925.0","1174925.0","0.0","0.0001","0.0001","0.0","73.06","0.0","UNCHANGED","1","","","","","",""
"2026-06-04","US3765493099","376549309","LAND-B","LAND","GLADSTONE LAND CORP","Financial Institutions","393650.0","393650.0","0.0","0.0006","0.0006","0.0","20.97","0.0","UNCHANGED","1","","","","","",""
"2026-06-04","US0389238769","038923876","ABR-D","ABR","ARBOR REALTY TRUST INC","Financial Institutions","622146.0","622146.0","0.0","0.0007","0.0007","0.0","16.37","0.0","UNCHANGED","1","","","","","",""
"2026-06-04","US17259U4022","17259U402","CION","CICC","CION INVESTMENT NOTES DUE CORP","Financial Institutions","337169.0","337169.0","0.0","0.0006","0.0006","0.0","24.9","0.0","UNCHANGED","1","","","","","",""
"2026-06-04","US78442P5026","78442P502","SLM-B","SLM","SLM CORP","Financial Institutions","170236.0","170236.0","0.0","0.0009","0.0009","0.0","74.69","0.0","UNCHANGED","1","","","","","",""
"2026-06-04","US05461T3059","05461T305","AXS-E","AXS","AXIS CAPITAL HOLDINGS LTD","Financial Institutions","1498256.0","1498256.0","0.0","0.0021","0.0021","0.0","19.48","0.0","UNCHANGED","1","","","","","",""
"2026-06-04","US5341878859","534187885","LNC-D","LNC","LINCOLN NATIONAL CORPORATION","Financial Institutions","1362035.0","1362035.0","0.0","0.0026","0.0026","0.0","26.44","0.0","UNCHANGED","1","","","","","",""
"2026-06-04","US0389238504","038923850","ABR-F","ABR","ARBOR REALTY TRUST INC","Financial Institutions","771292.0","771292.0","0.0","0.0013","0.0013","0.0","22.78","0.0","UNCHANGED","1","","","","","",""
