"date","isin","cusip","ticker","ticker_raw","name","sector","prior_shares","today_shares","shares_delta","prior_weight","today_weight","weight_delta","price","dollar_flow","flow_type","gap_days","yahoo_ticker","adv_30d","overhang_days","par_value","price_vs_par_pct","signal_score"
"2026-06-30","-","-","USD","USD","USD CASH","Cash and/or Derivatives","1350414.0","83146022.0","81795608.0","0.0001","0.0063","0.0062","100.0","8179560800.0","UNCHANGED","1","","","","","",""
"2026-06-30","US5949728530","594972853","STRC","MSTR","STRATEGY INC","Industrial","4546874.0","5635646.0","1088772.0","0.0291","0.0364","0.0073","84.86","92393191.92","BUY","1","STRC",3931707,0.3,25.0,239.44,0.0
"2026-06-30","US0970232049","097023204","BA","BA","BOEING CO","Industrial","7656511.0","7071861.0","-584650.0","0.0394","0.0362","-0.0032","67.3","-39346945.0","SELL","1","BA",6257852,0.1,25.0,169.2,0.0
"2026-06-30","US74913G8814","74913G881","CTL","CTL","QWEST CORP","Industrial","2691284.0","933396.0","-1757888.0","0.0037","0.0012","-0.0025","17.12","-30095042.56","SUSPECT","1","","","",25.0,-31.52,""
"2026-06-30","US9497468044","949746804","WFC-L","WFC","WELLS FARGO & COMPANY SERIES L","Financial Institutions","264239.0","244091.0","-20148.0","0.0235","0.0215","-0.002","1157.0","-23311236.0","SELL","1","WFC-PL",7160,2.8,1000.0,15.7,0.0
"2026-06-30","US68389X2045","68389X204","ORCL-D","ORCL","ORACLE CORPORATION","Industrial","6655850.0","6154150.0","-501700.0","0.023","0.021","-0.002","44.95","-22551415.0","SELL","1","ORCL-PD",945033,0.5,25.0,79.8,0.0
"2026-06-30","US48128B6487","48128B648","JPM-EE","JPM","JPMORGAN CHASE & CO","Financial Institutions","4928786.0","4176001.0","-752785.0","0.0095","0.0076","-0.0019","24.01","-18074367.85","SELL","1","","","",25.0,-3.96,""
"2026-06-30","US42824C2089","42824C208","HPE-A","HPE","HEWLETT PACKARD ENTERPRISE CONV PR","Industrial","1998119.0","1846469.0","-151650.0","0.0176","0.0162","-0.0014","115.66","-17539839.0","SELL","1","","","",1000.0,-88.43,""
"2026-06-30","US1730802014","173080201","C","C","CITIGROUP CAPITAL XIII","Financial Institutions","5983821.0","5529465.0","-454356.0","0.0131","0.0121","-0.001","28.75","-13062735.0","SELL","1","C",11679727,0.0,25.0,15.0,0.0
"2026-06-30","US0126532003","012653200","ALB","ALB","ALBEMARLE CORP","Industrial","3063815.0","2831207.0","-232608.0","0.0128","0.0119","-0.0009","55.35","-12874852.8","SELL","1","ALB",2380496,0.1,25.0,121.4,0.0
"2026-06-30","US5950173022","595017302","MCHP","MCHP","MICROCHIP TECHNOLOGY INCORPORATED","Industrial","1976566.0","1827373.0","-149193.0","0.0114","0.0107","-0.0007","76.71","-11444595.03","SELL","1","MCHP",12248992,0.0,25.0,206.84,0.0
"2026-06-30","US65339F6557","65339F655","NEE-V","NEE","NEXTERA ENERGY INC","Utility","3063815.0","2831207.0","-232608.0","0.0113","0.0103","-0.001","47.94","-11151227.52","SELL","1","NEE-PV",509884,0.5,25.0,91.76,0.0
"2026-06-30","US65339F6631","65339F663","NEE-S","NEECU","NEXTERA ENERGY UNITS INC","Utility","2664242.0","2461903.0","-202339.0","0.011","0.01","-0.001","53.14","-10752294.46","SELL","1","NEE-PS",341415,0.6,25.0,112.56,0.0
"2026-06-30","US48251W5004","48251W500","KKR-D","KKR","KKR & CO INC","Financial Institutions","3443556.0","3185130.0","-258426.0","0.0102","0.0097","-0.0005","39.85","-10298276.1","SELL","1","KKR-PD",176985,1.5,25.0,59.4,0.0
"2026-06-30","US8425878423","842587842","SO-A","SO","SOUTHERN COMPANY (THE)","Utility","2661544.0","2461903.0","-199641.0","0.0102","0.0093","-0.0009","49.74","-9930143.34","SELL","1","SOPA",2041529,0.1,25.0,98.96,0.0
"2026-06-30","US12542R3084","12542R308","CHSINC","CHSINC","CHS INC","Industrial","1422657.0","1034008.0","-388649.0","0.0028","0.0019","-0.0009","24.71","-9603516.79","SELL","1","","","",25.0,-1.16,""
"2026-06-30","US74913G8731","74913G873","CTL","CTL","QWEST CORP","Industrial","1818042.0","1260689.0","-557353.0","0.0025","0.0016","-0.0009","16.78","-9352383.34","SELL","1","","","",25.0,-32.88,""
"2026-06-30","US10950A2050","10950A205","BTSG","BTSG","BRIGHTSPRING HEALTH SERVICES UNITS","Industrial","532163.0","492369.0","-39794.0","0.0092","0.0086","-0.0006","228.95","-9110836.3","SELL","1","BTSG",3540631,0.0,1000.0,-77.11,0.0
"2026-06-30","US03769M3043","03769M304","APO","APO","APOLLO GLOBAL MANAGEMENT INC","Financial Institutions","1912826.0","1769497.0","-143329.0","0.0086","0.0082","-0.0004","60.92","-8731602.68","SELL","1","APO",3351237,0.0,25.0,143.68,0.0
"2026-06-30","US65339F1194","65339F119","NEE-T","NEECV","NEXTERA ENERGY UNITS INC","Utility","1995566.0","1846469.0","-149097.0","0.0077","0.007","-0.0007","49.7","-7410120.9","SELL","1","NEE-PT",129482,1.2,25.0,98.8,0.0
"2026-06-30","US74460W6286","74460W628","PSA-I","PSA","PUBLIC STORAGE","Financial Institutions","833292.0","362341.0","-470951.0","0.0012","0.0004","-0.0008","15.24","-7177293.24","SUSPECT","1","PSA-PI",28044,16.8,25.0,-39.04,655.87
"2026-06-30","BMG053842040","-","AHL","AHL","ASPEN INSURANCE HOLDINGS LTD","Financial Institutions","802106.0","425395.0","-376711.0","0.0011","0.0006","-0.0005","18.66","-7029427.26","SELL","1","","","",25.0,-25.36,""
"2026-06-30","US00123Q8078","00123Q807","AGNC-E","AGNC","AGNC INVESTMENT CORP","Financial Institutions","1072271.0","800142.0","-272129.0","0.0021","0.0016","-0.0005","25.62","-6971944.98","SELL","1","","","",25.0,2.48,""
"2026-06-30","US70509V8037","70509V803","PEB-G","PEB","PEBBLEBROOK HOTEL TRUST","Financial Institutions","610576.0","260875.0","-349701.0","0.001","0.0004","-0.0006","19.48","-6812175.48","SUSPECT","1","PEB-PG",25001,14.0,25.0,-22.08,309.12
"2026-06-30","US94988U1512","94988U151","WFC-Z","WFC","WELLS FARGO & COMPANY","Financial Institutions","5315281.0","4954573.0","-360708.0","0.0076","0.007","-0.0006","18.68","-6738025.44","SELL","1","WFC-PZ",223279,1.6,25.0,-25.28,40.45
"2026-06-30","US48128B5497","48128B549","JPM-LL","JPM","JPMORGAN CHASE NON-CUMULATIVE PREF","Financial Institutions","4909725.0","4554559.0","-355166.0","0.007","0.0065","-0.0005","18.72","-6648707.52","SELL","1","","","",25.0,-25.12,""
"2026-06-30","US69331C3060","69331C306","PCG-A","PCG","PG&E CORPORATION","Utility","2141471.0","1981853.0","-159618.0","0.0069","0.0062","-0.0007","41.37","-6603396.66","SELL","1","PCG-PA",5982,26.7,25.0,65.48,0.0
"2026-06-30","US48128B5232","48128B523","JPM-MM","JPM","JPMORGAN CHASE AND CO DS REPSTG T","Financial Institutions","5307892.0","4923863.0","-384029.0","0.007","0.0064","-0.0006","17.17","-6593777.93","SELL","1","","","",25.0,-31.32,""
"2026-06-30","US1167942077","116794207","BRKR","BRKR","BRUKER CORPORATION","Industrial","183885.0","169905.0","-13980.0","0.0062","0.0058","-0.0004","447.91","-6261781.8","SELL","1","BRKR",2626430,0.0,1000.0,-55.21,0.0
"2026-06-30","US00206R7061","00206R706","T-C","T","AT&T INC","Industrial","4655169.0","4308372.0","-346797.0","0.0064","0.0058","-0.0006","17.84","-6186858.48","SELL","1","T-PC",246892,1.4,25.0,-28.64,40.1
"2026-06-30","US69351T8669","69351T866","PPL","PPL","PPL CORPORATION","Utility","1529183.0","1415633.0","-113550.0","0.0058","0.0053","-0.0005","49.07","-5571898.5","SELL","1","PPL",10262250,0.0,25.0,96.28,0.0
"2026-06-30","US3167736053","316773605","FITB-I","FITB","FIFTH THIRD BANCORP DEPOSITARY SHA","Financial Institutions","1198794.0","984796.0","-213998.0","0.0023","0.0019","-0.0004","25.9","-5542548.2","SELL","1","FITB-PI",26995,7.9,25.0,3.6,0.0
"2026-06-30","US3453708378","345370837","F","F","FORD MOTOR COMPANY","Industrial","2117531.0","1846469.0","-271062.0","0.0032","0.0028","-0.0004","20.27","-5494426.74","SELL","1","F",63597860,0.0,25.0,-18.92,0.0
"2026-06-30","US03990B3096","03990B309","ARES-B","ARES","ARES MANAGEMENT CORP","Financial Institutions","1995017.0","1845717.0","-149300.0","0.0055","0.0051","-0.0004","36.65","-5471845.0","SELL","1","ARES-PB",170228,0.9,25.0,46.6,0.0
"2026-06-30","US00206R3003","00206R300","T","T","AT&T INC","Industrial","3516954.0","3255915.0","-261039.0","0.0055","0.0051","-0.0004","20.48","-5346078.72","SELL","1","T",53473895,0.0,25.0,-18.08,0.0
"2026-06-30","US14040H8245","14040H824","COF-I","COF","CAPITAL ONE FINANCIAL CORPORATION","Financial Institutions","3981697.0","3692827.0","-288870.0","0.0056","0.0051","-0.0005","18.28","-5280543.6","SELL","1","COF-PI",136292,2.1,25.0,-26.88,56.45
"2026-06-30","US0605056821","060505682","BAC-L","BAC","BANK OF AMERICA CORP","Financial Institutions","151030.0","146889.0","-4141.0","0.0146","0.014","-0.0006","1254.5","-5194884.5","SELL","1","BAC-PL",8263,0.5,1000.0,25.45,0.0
"2026-06-30","US48128B5802","48128B580","JPM-JJ","JPM","JPMORGAN CHASE DRC","Financial Institutions","3974521.0","3692827.0","-281694.0","0.0056","0.0052","-0.0004","18.43","-5191620.42","SELL","1","","","",25.0,-26.28,""
"2026-06-30","US38144G8042","38144G804","GS-D","GS","GOLDMAN SACHS GROUP INC","Financial Institutions","3596597.0","3323519.0","-273078.0","0.0052","0.0048","-0.0004","18.87","-5152981.86","SELL","1","GS-PD",120074,2.3,25.0,-24.52,56.4
"2026-06-30","US61762V8533","61762V853","MS-P","MS","MORGAN STANLEY","Financial Institutions","2664243.0","2461903.0","-202340.0","0.0051","0.0047","-0.0004","25.19","-5096944.6","SELL","1","MS-PP",63448,3.2,25.0,0.76,0.0
"2026-06-30","US26441C5013","26441C501","DUK-A","DUK","DUKE ENERGY CORP","Utility","2658735.0","2461903.0","-196832.0","0.005","0.0046","-0.0004","24.56","-4834193.92","SELL","1","DUK-PA",91254,2.2,25.0,-1.76,3.87
"2026-06-30","US61762V6065","61762V606","MS-K","MS","MORGAN STANLEY","Financial Institutions","2664243.0","2461903.0","-202340.0","0.0049","0.0044","-0.0005","23.56","-4767130.4","SELL","1","MS-PK",51292,3.9,25.0,-5.76,22.46
"2026-06-30","US61762V8384","61762V838","MS-Q","MS","MORGAN STANLEY","Financial Institutions","2648346.0","2461903.0","-186443.0","0.0052","0.0048","-0.0004","25.4","-4735652.2","SELL","1","MS-PQ",55175,3.4,25.0,1.6,0.0
"2026-06-30","US61763E2072","61763E207","MS-F","MS","MORGAN STANLEY DS","Financial Institutions","2279912.0","2092598.0","-187314.0","0.0045","0.004","-0.0005","25.1","-4701581.4","SELL","1","MS-PF",50369,3.7,25.0,0.4,0.0
"2026-06-30","US61761J4067","61761J406","MS-I","MS","MORGAN STANLEY DS REPRESENTING F","Financial Institutions","2648586.0","2461903.0","-186683.0","0.0052","0.0047","-0.0005","24.92","-4652140.36","SELL","1","MS-PI",61208,3.0,25.0,-0.32,0.96
"2026-06-30","US0200028381","020002838","ALL-H","ALL","ALLSTATE CORPORATION (THE)","Financial Institutions","3057236.0","2831207.0","-226029.0","0.0047","0.0043","-0.0004","19.88","-4493456.52","SELL","1","ALL-PH",89340,2.5,25.0,-20.48,51.2
"2026-06-30","US00206R5081","00206R508","T-A","T","AT&T INC","Industrial","3190195.0","2954329.0","-235866.0","0.0046","0.0043","-0.0003","18.91","-4460226.06","SELL","1","T-PA",136192,1.7,25.0,-24.36,41.41
"2026-06-30","CA67000B2030","67000B203","NOVTV","NOVT","NOVANTA TANGIBLE EQUITY UNITS INC","Industrial","840555.0","778573.0","-61982.0","0.0042","0.004","-0.0002","67.4","-4177586.8","SELL","1","","","",25.0,169.6,""
"2026-06-30","US98389B8789","98389B878","XEL","XEL","XCEL ENERGY INC","Utility","2392875.0","2215400.0","-177475.0","0.0043","0.004","-0.0003","23.5","-4170662.5","SELL","1","XEL",6036801,0.0,25.0,-6.0,0.0
"2026-06-30","US29452E2000","29452E200","EQH-A","EQH","EQUITABLE HLDNGS DRC REPRESENTING","Financial Institutions","2172281.0","1957222.0","-215059.0","0.0032","0.0029","-0.0003","19.24","-4137735.16","SELL","1","EQH-PA",69556,3.1,25.0,-23.04,71.42
"2026-06-30","US14040H7825","14040H782","COF-J","COF","CAPITAL ONE FINANCIAL CORPORATION","Financial Institutions","3312572.0","3077394.0","-235178.0","0.0044","0.0041","-0.0003","17.51","-4117966.78","SELL","1","COF-PJ",113097,2.1,25.0,-29.96,62.92
"2026-06-30","US1729672428","172967242","C-II","C","CITIGROUP INC","Financial Institutions","2131395.0","1969534.0","-161861.0","0.0041","0.0038","-0.0003","25.16","-4072422.76","SELL","1","CPII",2430,66.6,25.0,0.64,0.0
"2026-06-30","US65339K8374","65339K837","NEE-U","NEE","NEXTERA ENERGY CAPITAL HOLDINGS IN","Utility","2319650.0","2154250.0","-165400.0","0.0043","0.004","-0.0003","24.33","-4024182.0","SELL","1","","","",25.0,-2.68,""
"2026-06-30","US61762V8616","61762V861","MS-O","MS","MORGAN STANLEY","Financial Institutions","3437311.0","3200458.0","-236853.0","0.0045","0.0041","-0.0004","16.97","-4019395.41","SELL","1","MS-PO",137839,1.7,25.0,-32.12,54.6
"2026-06-30","US04686J8615","04686J861","ATH-A","ATH","ATHENE HOLDING DS REPRESENTING P","Financial Institutions","2285208.0","2123420.0","-161788.0","0.0042","0.0039","-0.0003","24.18","-3912033.84","SELL","1","ATH-PA",28770,5.6,25.0,-3.28,18.37
"2026-06-30","US46817M2061","46817M206","JXN","JXN","JACKSON FINANCIAL INC","Financial Institutions","1498271.0","1345565.0","-152706.0","0.0029","0.0026","-0.0003","25.23","-3852772.38","SELL","1","JXN",626947,0.2,25.0,0.92,0.0
"2026-06-30","US55261F8648","55261F864","MTB-J","MTB","M T BK DEP INT PERP PFD STK SER J","Financial Institutions","1993098.0","1846469.0","-146629.0","0.0039","0.0037","-0.0002","26.0","-3812354.0","SELL","1","MTB-PJ",48811,3.0,25.0,4.0,0.0
"2026-06-30","US61747S5047","61747S504","MS","MS","MORGAN STANLEY","Financial Institutions","2907486.0","2708090.0","-199396.0","0.0043","0.0039","-0.0004","18.8","-3748644.8","SELL","1","MS",6098300,0.0,25.0,-24.8,0.0
"2026-06-30","US9029731554","902973155","USB-B","USB","US BANCORP","Financial Institutions","2664243.0","2461903.0","-202340.0","0.0038","0.0034","-0.0004","18.37","-3716985.8","SELL","1","","","",25.0,-26.52,""
"2026-06-30","US0357108705","035710870","NLY-F","NLY","ANNALY CAPITAL MANAGEMENT INC","Financial Institutions","1918294.0","1772564.0","-145730.0","0.0037","0.0034","-0.0003","25.43","-3705913.9","SELL","1","NLY-PF",50039,2.9,25.0,1.72,0.0
"2026-06-30","US8425878001","842587800","SO","SO","SOUTHERN COMPANY (THE)","Utility","2653679.0","2461903.0","-191776.0","0.0039","0.0036","-0.0003","19.24","-3689770.24","SELL","1","SO",6474435,0.0,25.0,-23.04,0.0
"2026-06-30","US8085136005","808513600","SCHW-D","SCHW","CHARLES SCHWAB CORPORATION (THE)","Financial Institutions","1998120.0","1846470.0","-151650.0","0.0037","0.0034","-0.0003","24.19","-3668413.5","SELL","1","SCHW-PD",48683,3.1,25.0,-3.24,10.04
"2026-06-30","US5341878859","534187885","LNC-D","LNC","LINCOLN NATIONAL CORPORATION","Financial Institutions","1362035.0","1223256.0","-138779.0","0.0027","0.0024","-0.0003","26.04","-3613805.16","SELL","1","LNC-PD",50830,2.7,25.0,4.16,0.0
"2026-06-30","US00775V1044","00775V104","AEGON","AEGON","AEGON FUNDING CORPORATION II","Financial Institutions","2464393.0","2277306.0","-187087.0","0.0036","0.0033","-0.0003","18.8","-3517235.6","SELL","1","","","",25.0,-24.8,""
"2026-06-30","US59156R8503","59156R850","MET-F","MET","METLIFE INC","Financial Institutions","2649889.0","2461903.0","-187986.0","0.0038","0.0035","-0.0003","18.64","-3504059.04","SELL","1","MET-PF",126590,1.5,25.0,-25.44,38.16
"2026-06-30","US7593518852","759351885","RGA","RGA","REINSURANCE GROUP OF AMERICA INCOR","Financial Institutions","1858033.0","1723358.0","-134675.0","0.0037","0.0034","-0.0003","25.64","-3453067.0","SELL","1","RGA",360390,0.4,25.0,2.56,0.0
"2026-06-30","US94988U1280","94988U128","WFC-AA","WFC","WELLS FARGO & COMPANY","Financial Institutions","3067559.0","2880424.0","-187135.0","0.0043","0.004","-0.0003","18.35","-3433927.25","SELL","1","","","",25.0,-26.6,""
"2026-06-30","US59156R8768","59156R876","MET-E","MET","METLIFE INC","Financial Institutions","2133035.0","1981795.0","-151240.0","0.0037","0.0034","-0.0003","22.55","-3410462.0","SELL","1","MET-PE",72481,2.1,25.0,-9.8,20.58
"2026-06-30","US89832Q6952","89832Q695","TFC-R","TFC","TRUIST FINANCIAL DRC CORP","Financial Institutions","2457125.0","2277306.0","-179819.0","0.0035","0.0032","-0.0003","18.5","-3326651.5","SELL","1","TFC-PR",84915,2.1,25.0,-26.0,54.6
"2026-06-30","US95002Y4008","95002Y400","WFC-DD","WFC","WELLS FARGO & COMPANY","Financial Institutions","3275737.0","3077394.0","-198343.0","0.0042","0.0039","-0.0003","16.76","-3324228.68","SELL","1","","","",25.0,-32.96,""
"2026-06-30","US64828T4094","64828T409","RITM-B","RITM","RITHM CAPITAL CORP","Financial Institutions","750119.0","615492.0","-134627.0","0.0014","0.0012","-0.0002","24.65","-3318555.55","SELL","1","RITM-PB",27149,5.0,25.0,-1.4,7.0
"2026-06-30","US0357108473","035710847","NLY-I","NLY","ANNALY CAPITAL MANAGEMENT INC","Financial Institutions","1178947.0","1046328.0","-132619.0","0.0023","0.002","-0.0003","24.61","-3263753.59","SELL","1","NLY-PI",53211,2.5,25.0,-1.56,3.9
"2026-06-30","US62913M2061","62913M206","NGL-B","NGL","NGL ENERGY PARTNERS LP","Industrial","902252.0","773484.0","-128768.0","0.0018","0.0015","-0.0003","24.95","-3212761.6","SELL","1","NGL-PB",29747,4.3,25.0,-0.2,0.86
"2026-06-30","US4932678687","493267868","KEY-G","KEY","KEYCORP","Financial Institutions","1198794.0","1046328.0","-152466.0","0.0019","0.0017","-0.0002","20.87","-3181965.42","SELL","1","","","",25.0,-16.52,""
"2026-06-30","US94988U6560","94988U656","WFC-Y","WFC","WELLS FARGO & COMPANY","Financial Institutions","1838686.0","1698770.0","-139916.0","0.0032","0.0029","-0.0003","22.62","-3164899.92","SELL","1","WFC-PY",40994,3.4,25.0,-9.52,32.37
"2026-06-30","US82452J3077","82452J307","FOUR","FOUR","SHIFT4 PAYMENTS INC","Industrial","666064.0","615491.0","-50573.0","0.0031","0.0029","-0.0002","62.27","-3149180.71","SELL","1","FOUR",1651280,0.0,25.0,149.08,0.0
"2026-06-30","US61762V2007","61762V200","MS-E","MS","MORGAN STANLEY","Financial Institutions","2248191.0","2123420.0","-124771.0","0.0044","0.0041","-0.0003","25.22","-3146724.62","SELL","1","MS-PE",42903,2.9,25.0,0.88,0.0
"2026-06-30","US10922N3017","10922N301","BHF-A","BHF","BRIGHTHOUSE FINANCIAL INC","Financial Institutions","1123082.0","923206.0","-199876.0","0.0013","0.0011","-0.0002","15.68","-3134055.68","SELL","1","","","",25.0,-37.28,""
"2026-06-30","US05990K8412","05990K841","BANC-F","BANC","BANC OF CALIFORNIA INC","Financial Institutions","1379494.0","1255656.0","-123838.0","0.0027","0.0024","-0.0003","25.08","-3105857.04","SELL","1","BANC-PF",50503,2.5,25.0,0.32,0.0
"2026-06-30","US8168516040","816851604","SRE","SRE","SEMPRA ENERGY","Utility","2011875.0","1864918.0","-146957.0","0.0032","0.003","-0.0002","20.86","-3065523.02","SELL","1","SRE",4048355,0.0,25.0,-16.56,0.0
"2026-06-30","US48128B6222","48128B622","JPM-GG","JPM","JPMORGAN CHASE & CO","Financial Institutions","2374194.0","2215720.0","-158474.0","0.0035","0.0033","-0.0002","19.31","-3060132.94","SELL","1","","","",25.0,-22.76,""
"2026-06-30","US82846H5046","82846H504","QXO","QXO","QXO INC","Industrial","763379.0","703359.0","-60020.0","0.003","0.0026","-0.0004","48.74","-2925374.8","SELL","1","QXO",19941530,0.0,25.0,94.96,0.0
"2026-06-30","US05461T3059","05461T305","AXS-E","AXS","AXIS CAPITAL HOLDINGS LTD","Financial Institutions","1498256.0","1345565.0","-152691.0","0.0022","0.0019","-0.0003","18.81","-2872117.71","SELL","1","AXS-PE",43091,3.5,25.0,-24.76,86.66
"2026-06-30","US4932678430","493267843","KEY","KEY","KEYCORP","Financial Institutions","1592175.0","1477165.0","-115010.0","0.003","0.0028","-0.0002","24.94","-2868349.4","SELL","1","KEY",12064153,0.0,25.0,-0.24,0.0
"2026-06-30","US0200027888","020002788","ALL-J","ALL","ALLSTATE DEP REPSTG TH NON CUM PE","Financial Institutions","1587334.0","1477165.0","-110169.0","0.0032","0.0029","-0.0003","26.02","-2866597.38","SELL","1","ALL-PJ",33375,3.3,25.0,4.08,0.0
"2026-06-30","US65339K8606","65339K860","NEE-N","NEE","NEXTERA ENERGY CAPITAL HOLDINGS IN","Utility","1819602.0","1692583.0","-127019.0","0.0031","0.0028","-0.0003","22.0","-2794418.0","SELL","1","","","",25.0,-12.0,""
"2026-06-30","US21871X2080","21871X208","CRBG","CRBG","COREBRIDGE FINANCIAL INC","Financial Institutions","1598629.0","1477165.0","-121464.0","0.0028","0.0026","-0.0002","22.94","-2786384.16","SELL","1","CRBG",5754113,0.0,25.0,-8.24,0.0
"2026-06-30","US65339K8291","65339K829","NEE-Z","NEE","NEXTERA ENERGY CAPITAL HOLDINGS IN","Utility","1587773.0","1477165.0","-110608.0","0.003","0.0028","-0.0002","25.02","-2767412.16","SELL","1","","","",25.0,0.08,""
"2026-06-30","US03769M2052","03769M205","APO","APO","APOLLO GLOBAL MANAGEMENT INC","Financial Institutions","1585535.0","1477165.0","-108370.0","0.0031","0.0029","-0.0002","25.51","-2764518.7","SELL","1","APO",3351237,0.0,25.0,2.04,0.0
"2026-06-30","US2333317921","233331792","DTE-H","DTE","DTE ENERGY COMPANY","Utility","1592965.0","1477165.0","-115800.0","0.0029","0.0027","-0.0002","23.76","-2751408.0","SELL","1","","","",25.0,-4.96,""
"2026-06-30","US38143Y6656","38143Y665","GS-A","GS","GOLDMAN SACHS GROUP INC","Financial Institutions","1989643.0","1846412.0","-143231.0","0.0029","0.0027","-0.0002","19.14","-2741441.34","SELL","1","GS-PA",46227,3.1,25.0,-23.44,72.66
"2026-06-30","US00123Q8722","00123Q872","AGNC-F","AGNC","AGNC INVESTMENT CORP","Financial Institutions","1525121.0","1415633.0","-109488.0","0.0029","0.0027","-0.0002","24.95","-2731725.6","SELL","1","","","",25.0,-0.2,""
"2026-06-30","US87165B2025","87165B202","SYF-A","SYF","SYNCHRONY FINANCIAL","Financial Institutions","1992696.0","1847063.0","-145633.0","0.0029","0.0026","-0.0003","18.57","-2704404.81","SELL","1","SYF-PA",53072,2.7,25.0,-25.72,69.44
"2026-06-30","US95002Y2028","95002Y202","WFC-CC","WFC","WELLS FARGO & COMPANY","Financial Institutions","2741956.0","2585025.0","-156931.0","0.0036","0.0034","-0.0002","17.15","-2691366.65","SELL","1","","","",25.0,-31.4,""
"2026-06-30","US7838922018","783892201","EIX-M","EIX","SCE TRUST VII","Utility","1465319.0","1354043.0","-111276.0","0.0027","0.0025","-0.0002","23.95","-2665060.2","SELL","1","","","",25.0,-4.2,""
"2026-06-30","US1258968452","125896845","CMS","CMS","CMS ENERGY CORPORATION","Utility","1672571.0","1551013.0","-121558.0","0.0028","0.0026","-0.0002","21.9","-2662120.2","SELL","1","CMS",3426977,0.0,25.0,-12.4,0.0
"2026-06-30","US8425878670","842587867","SO","SO","SOUTHERN COMPANY (THE)","Utility","1494961.0","1390997.0","-103964.0","0.0029","0.0026","-0.0003","25.02","-2601179.28","SELL","1","SO",6474458,0.0,25.0,0.08,0.0
"2026-06-30","US12542R5063","12542R506","CHSINC","CHSINC","CHS RESET RATE CUMULATIVE REDEEMAB","Industrial","1106505.0","1213007.0","106502.0","0.0021","0.0022","0.0001","24.14","2570958.28","BUY","1","","","",25.0,-3.44,""
"2026-06-30","US48251W6093","48251W609","KKR-T","KKR","KKR & CO INC","Financial Institutions","1557706.0","1452530.0","-105176.0","0.0029","0.0027","-0.0002","24.26","-2551569.76","SELL","1","","","",25.0,-2.96,""
"2026-06-30","US04686J8383","04686J838","ATH","ATH","ATHENE HOLDING LTD","Financial Institutions","1517950.0","1415633.0","-102317.0","0.0028","0.0027","-0.0001","24.7","-2527229.9","SELL","1","","","",25.0,-1.2,""
"2026-06-30","US87165B4005","87165B400","SYF-B","SYF","SYNCHRONY FINANCIAL","Financial Institutions","1328490.0","1230924.0","-97566.0","0.0026","0.0024","-0.0002","25.87","-2524032.42","SELL","1","SYF-PB",40304,2.4,25.0,3.48,0.0
"2026-06-30","US9182842099","918284209","VSEC","VSEC","VSE CORP","Industrial","609939.0","566275.0","-43664.0","0.0027","0.0025","-0.0002","57.67","-2518102.88","SELL","1","VSEC",495163,0.1,25.0,130.68,0.0
"2026-06-30","US4932677028","493267702","KEY-E","KEY","KEYCORP","Financial Institutions","1332092.0","1230925.0","-101167.0","0.0025","0.0023","-0.0002","24.88","-2517034.96","SELL","1","","","",25.0,-0.48,""
"2026-06-30","US7443208050","744320805","PRU","PRU","PRUDENTIAL FINANCIAL INC","Financial Institutions","1504823.0","1390998.0","-113825.0","0.0025","0.0023","-0.0002","21.99","-2503011.75","SELL","1","PRU",1877663,0.1,25.0,-12.04,1.2
"2026-06-30","US9029737593","902973759","USB-K","USB","US BANCORP","Financial Institutions","1532009.0","1415633.0","-116376.0","0.0026","0.0023","-0.0003","21.34","-2483463.84","SELL","1","","","",25.0,-14.64,""
"2026-06-30","US7591EP8604","7591EP860","RF","RF","REGIONS FINANCIAL CORPORATION","Financial Institutions","1328528.0","1230924.0","-97604.0","0.0026","0.0024","-0.0002","25.23","-2462548.92","SELL","1","RF",11748240,0.0,25.0,0.92,0.0
"2026-06-30","US05580M7939","05580M793","RILYZ","RILY","B. RILEY FINANCIAL INC","Financial Institutions","510501.0","411694.0","-98807.0","0.001","0.0008","-0.0002","24.92","-2462270.44","SELL","1","RILYZ",49337,2.0,25.0,-0.32,0.64
"2026-06-30","US0200023093","020002309","ALL","ALL","ALLSTATE CORPORATION (THE)","Financial Institutions","1325222.0","1230924.0","-94298.0","0.0026","0.0024","-0.0002","25.76","-2429116.48","SELL","1","ALL",1801757,0.1,25.0,3.04,0.0
"2026-06-30","US8794337613","879433761","TDS-VV","TDS","TELEPHONE AND DATA SYSTEMS INC","Industrial","1829434.0","1698770.0","-130664.0","0.0026","0.0024","-0.0002","18.55","-2423817.2","SELL","1","","","",25.0,-25.8,""
"2026-06-30","US59156R5046","59156R504","MET-A","MET","METLIFE INC","Financial Institutions","1591017.0","1477165.0","-113852.0","0.0026","0.0024","-0.0002","21.21","-2414800.92","SELL","1","MET-PA",39923,2.9,25.0,-15.16,43.96
"2026-06-30","US3453708113","345370811","F","F","FORD MOTOR COMPANY","Industrial","1590442.0","1477165.0","-113277.0","0.0026","0.0024","-0.0002","21.23","-2404870.71","SELL","1","F",63598674,0.0,25.0,-15.08,0.0
"2026-06-30","US7591EP7044","7591EP704","RF-C","RF","REGIONS FINANCIAL CORPORATION","Financial Institutions","1328275.0","1230924.0","-97351.0","0.0025","0.0023","-0.0002","24.45","-2380231.95","SELL","1","RF-PC",23665,4.1,25.0,-2.2,9.02
"2026-06-30","US64828T7063","64828T706","RITM-D","RITM","NEW RESIDENTIAL INVESTMENT CORP","Financial Institutions","1238887.0","1144757.0","-94130.0","0.0024","0.0022","-0.0002","24.93","-2346660.9","SELL","1","RITM-PD",39215,2.4,25.0,-0.28,0.67
"2026-06-30","US8425878837","842587883","SO-C","SO","SOUTHERN COMPANY (THE)","Utility","1982222.0","1846469.0","-135753.0","0.0026","0.0024","-0.0002","16.92","-2296940.76","SELL","1","","","",25.0,-32.32,""
"2026-06-30","US89832Q7455","89832Q745","TFC-O","TFC","TRUIST FINANCIAL PERPETUAL PREF SE","Financial Institutions","1527540.0","1415633.0","-111907.0","0.0024","0.0022","-0.0002","20.52","-2296331.64","SELL","1","TFC-PO",43400,2.6,25.0,-17.92,46.59
"2026-06-30","US06055H2022","06055H202","BAC-LL","BAC","BANK OF AMERICA CORPORATION DEPOSI","Financial Institutions","2457342.0","2343779.0","-113563.0","0.0038","0.0036","-0.0002","20.08","-2280345.04","SELL","1","","","",25.0,-19.68,""
"2026-06-30","US6494452021","649445202","FLG-A","FLG","NEW YORK COMMUNITY BANCORP INT FXD","Financial Institutions","1366516.0","1267875.0","-98641.0","0.0024","0.0022","-0.0002","23.05","-2273675.05","SELL","1","FLG-PA",27588,3.6,25.0,-7.8,28.08
"2026-06-30","US26441C4024","26441C402","DUK","DUK","DUKE ENERGY CORP","Utility","1328216.0","1230924.0","-97292.0","0.0024","0.0022","-0.0002","23.18","-2255228.56","SELL","1","DUK",3483568,0.0,25.0,-7.28,0.0
"2026-06-30","US04686J5074","04686J507","ATH-E","ATH","ATHENE HLDG LTD DEP SHR REPSTG I","Financial Institutions","1317988.0","1230924.0","-87064.0","0.0025","0.0023","-0.0002","25.01","-2177470.64","SELL","1","ATH-PE",45026,1.9,25.0,0.04,0.0
"2026-06-30","US8574778556","857477855","STT-G","STT","STATE STREET CORP","Financial Institutions","1332092.0","1230925.0","-101167.0","0.0022","0.002","-0.0002","21.49","-2174078.83","SELL","1","STT-PG",48049,2.1,25.0,-14.04,29.48
"2026-06-30","US30190A2033","30190A203","FG","FG","F&G ANNUITIES & LIFE INC","Financial Institutions","932154.0","844066.0","-88088.0","0.0018","0.0016","-0.0002","24.54","-2161679.52","SELL","1","FG",700011,0.1,25.0,-1.84,0.18
"2026-06-30","US97650W7020","97650W702","WTFC-F","WTFC","WINTRUST FINANCIAL CORPORATION","Financial Institutions","1128825.0","1046550.0","-82275.0","0.0023","0.0021","-0.0002","26.19","-2154782.25","SELL","1","","","",25.0,4.76,""
"2026-06-30","BMG1624R1079","-","BPY","BPY","BROOKFIELD PROPERTY PREFERRED PREF","Industrial","1787996.0","1652219.0","-135777.0","0.0022","0.0019","-0.0003","15.5","-2104543.5","SELL","1","","","",25.0,-38.0,""
"2026-06-30","US25401T4058","25401T405","DBRG-I","DBRG","DIGITALBRIDGE GROUP INC","Financial Institutions","852176.0","714410.0","-137766.0","0.001","0.0008","-0.0002","15.16","-2088532.56","SELL","1","DBRG-PI",90778,1.5,25.0,-39.36,59.04
"2026-06-30","US55261F8499","55261F849","MTB-K","MTB","M&T BANK CORPORATION","Financial Institutions","1192825.0","1107700.0","-85125.0","0.0022","0.0021","-0.0001","24.49","-2084711.25","SELL","1","MTB-PK",26974,3.2,25.0,-2.04,6.53
"2026-06-30","BMG7498P1279","-","RNR-G","RNR","RENAISSANCERE HOLDINGS LTD","Financial Institutions","1362026.0","1223257.0","-138769.0","0.0016","0.0014","-0.0002","15.0","-2081535.0","SELL","1","RNR-PG",38293,3.6,25.0,-40.0,144.0
"2026-06-30","US9029738666","902973866","USB-A","USB","US BANCORP","Financial Institutions","38022.0","35335.0","-2687.0","0.0022","0.0021","-0.0001","766.9","-2060660.3","SELL","1","USB-PA",650,4.1,1000.0,-23.31,95.57
"2026-06-30","US90187B3096","90187B309","TWO-B","TWO","TWO HARBORS INVESTMENT CORP","Financial Institutions","676573.0","594671.0","-81902.0","0.0013","0.0011","-0.0002","24.95","-2043454.9","SELL","1","TWO-PB",18872,4.3,25.0,-0.2,0.86
"2026-06-30","US74460W4877","74460W487","PSA-O","PSA","PUBLIC STORAGE","Financial Institutions","438260.0","566275.0","128015.0","0.0005","0.0007","0.0002","15.81","2023917.15","BUY","1","PSA-PO",24051,5.3,25.0,-36.76,194.83
"2026-06-30","US9633202059","963320205","WHR-A","WHR","WHIRLPOOL CORPORATION","Industrial","765308.0","707787.0","-57521.0","0.002","0.0019","-0.0001","35.12","-2020137.52","SELL","1","WHR-PA",95535,0.6,25.0,40.48,0.0
"2026-06-30","US9290428286","929042828","VNO-M","VNO","VORNADO REALTY TRUST","Financial Institutions","851216.0","738556.0","-112660.0","0.0012","0.001","-0.0002","17.7","-1994082.0","SELL","1","VNO-PM",31703,3.6,25.0,-29.2,105.12
"2026-06-30","US9029737189","902973718","USB-M","USB","US BANCORP","Financial Institutions","1975230.0","1846469.0","-128761.0","0.0024","0.0022","-0.0002","15.37","-1979056.57","SELL","1","","","",25.0,-38.52,""
"2026-06-30","US30190A6091","30190A609","FG","FG","F&G ANNUITIES & LIFE INC","Financial Institutions","1012645.0","917428.0","-95217.0","0.0016","0.0014","-0.0002","20.53","-1954805.01","SELL","1","FG",700011,0.1,25.0,-17.88,1.79
"2026-06-30","US3205178409","320517840","FHN-H","FHN","FIRST HORIZON CORP","Financial Institutions","1062560.0","984796.0","-77764.0","0.002","0.0019","-0.0001","24.98","-1942544.72","SELL","1","FHN-PH",86484,0.9,25.0,-0.08,0.07
"2026-06-30","US64828T5083","64828T508","RITM-C","RITM","NEW RESIDENTIAL INVESTMENT CORP","Financial Institutions","1059312.0","978783.0","-80529.0","0.002","0.0018","-0.0002","24.03","-1935111.87","SELL","1","RITM-PC",26084,3.1,25.0,-3.88,12.03
"2026-06-30","US0082528276","008252827","AMG","AMG","AFFILIATED MANAGERS GROUP INC.","Financial Institutions","1191454.0","1107860.0","-83594.0","0.0021","0.0019","-0.0002","22.94","-1917646.36","SELL","1","AMG",334933,0.2,25.0,-8.24,1.65
"2026-06-30","US14040H7585","14040H758","COF-L","COF","CAPITAL ONE FINANCIAL CORPORATION","Financial Institutions","1781602.0","1661761.0","-119841.0","0.0022","0.002","-0.0002","15.91","-1906670.31","SELL","1","COF-PL",66039,1.8,25.0,-36.36,65.45
"2026-06-30","US04914Y4098","04914Y409","ATLC","ATLC","ATLANTICUS HOLDINGS CORP","Financial Institutions","440485.0","364854.0","-75631.0","0.0009","0.0007","-0.0002","25.11","-1899094.41","SELL","1","ATLC",127423,0.6,25.0,0.44,0.0
"2026-06-30","US7244795065","724479506","PBI","PBI","PITNEY BOWES INC","Industrial","950906.0","854538.0","-96368.0","0.0015","0.0013","-0.0002","19.68","-1896522.24","SELL","1","PBI",2891772,0.0,25.0,-21.28,0.0
"2026-06-30","US8085138654","808513865","SCHW-J","SCHW","CHARLES SCHWAB CORPORATION (THE)","Financial Institutions","1585461.0","1477165.0","-108296.0","0.0021","0.002","-0.0001","17.48","-1893014.08","SELL","1","SCHW-PJ",63901,1.7,25.0,-30.08,51.14
"2026-06-30","US87264A3032","87264A303","TMUS","TMUS","T-MOBILE USA INC","Industrial","1063682.0","971844.0","-91838.0","0.0017","0.0015","-0.0002","20.54","-1886352.52","SELL","1","TMUS",5534365,0.0,25.0,-17.84,0.0
"2026-06-30","US31959X4007","31959X400","FCNCA","FCNCA","FIRST CITIZENS BANCSHARES INC (DEL","Financial Institutions","1058610.0","984796.0","-73814.0","0.002","0.0019","-0.0001","25.55","-1885947.7","SELL","1","FCNCA",77203,1.0,25.0,2.2,0.0
"2026-06-30","US1746108083","174610808","CFG-I","CFG","CITIZENS FINANCIAL GROUP INC","Financial Institutions","1057146.0","984796.0","-72350.0","0.0021","0.0019","-0.0002","25.59","-1851436.5","SELL","1","CFG-PI",81845,0.9,25.0,2.36,0.0
"2026-06-30","US00123Q8318","00123Q831","AGNC-H","AGNC","AGNC INVESTMENT CORP","Financial Institutions","919130.0","990925.0","71795.0","0.0018","0.0019","0.0001","25.4","1823593.0","BUY","1","","","",25.0,1.6,""
"2026-06-30","US72348N3070","72348N307","PNFP-B","PNFP","PINNACLE FINANCIAL PARTNERS NON CU","Financial Institutions","929282.0","861674.0","-67608.0","0.0019","0.0018","-0.0001","26.88","-1817303.04","SELL","1","PNFP-PB",39650,1.7,25.0,7.52,0.0
"2026-06-30","US0158578080","015857808","AQNCN","AQNCN","ALGONQUIN POWER & UTILITIES CORP","Utility","932415.0","861674.0","-70741.0","0.0018","0.0017","-0.0001","25.49","-1803188.09","SELL","1","","","",25.0,1.96,""
"2026-06-30","US1746106004","174610600","CFG-H","CFG","CITIZENS FINANCIAL GROUP INC","Financial Institutions","1056956.0","984796.0","-72160.0","0.002","0.0019","-0.0001","24.78","-1788124.8","SELL","1","CFG-PH",30557,2.4,25.0,-0.88,2.11
"2026-06-30","US74460W5528","74460W552","PSA-L","PSA","PUBLIC STORAGE","Financial Institutions","1490381.0","1390966.0","-99415.0","0.002","0.0019","-0.0001","17.79","-1768592.85","SELL","1","PSA-PL",57394,1.7,25.0,-28.84,49.03
"2026-06-30","US8726521029","872652102","TPG","TPG","TPG OPERATING GROUP II LP","Financial Institutions","1059990.0","984796.0","-75194.0","0.0019","0.0018","-0.0001","23.41","-1760291.54","SELL","1","TPG",2223123,0.0,25.0,-6.36,0.0
"2026-06-30","US0389238504","038923850","ABR-F","ABR","ARBOR REALTY TRUST INC","Financial Institutions","771292.0","693698.0","-77594.0","0.0013","0.0012","-0.0001","22.31","-1731122.14","SELL","1","ABR-PF",21858,3.5,25.0,-10.76,37.66
"2026-06-30","US4165186036","416518603","HIG-G","HIG","HARTFORD FINANCIAL SERVICES GROUP","Financial Institutions","919096.0","849363.0","-69733.0","0.0017","0.0016","-0.0001","24.8","-1729378.4","SELL","1","HIG-PG",16424,4.2,25.0,-0.8,3.36
"2026-06-30","US8935266812","893526681","TRPCN","TRPCN","TRANSCANADA PIPELINES LTD","Industrial","985737.0","910890.0","-74847.0","0.0017","0.0016","-0.0001","23.04","-1724474.88","SELL","1","","","",25.0,-7.84,""
"2026-06-30","US0605052291","060505229","BAC-GG","BAC","BANK OF AMERICA CORP","Financial Institutions","2648707.0","2579853.0","-68854.0","0.0051","0.0049","-0.0002","25.01","-1722038.54","SELL","1","","","",25.0,0.04,""
"2026-06-30","US74460W4612","74460W461","PSA-P","PSA","PUBLIC STORAGE","Financial Institutions","1597042.0","1486360.0","-110682.0","0.0019","0.0017","-0.0002","15.35","-1698968.7","SELL","1","PSA-PP",58119,1.9,25.0,-38.6,73.34
"2026-06-30","US0605051954","060505195","BAC-HH","BAC","BANK OF AMERICA DEP REPRESENTING","Financial Institutions","1601705.0","1532963.0","-68742.0","0.003","0.0029","-0.0001","24.63","-1693115.46","SELL","1","","","",25.0,-1.48,""
"2026-06-30","US87264A1051","87264A105","TMUS","TMUS","T-MOBILE USA INC","Industrial","1041140.0","968719.0","-72421.0","0.0019","0.0017","-0.0002","23.23","-1682339.83","SELL","1","TMUS",5534365,0.0,25.0,-7.08,0.0
"2026-06-30","US29364D1000","29364D100","ETR","ETR","ENTERGY ARKANSAS LLC","Utility","1092276.0","1009373.0","-82903.0","0.0017","0.0015","-0.0002","19.97","-1655572.91","SELL","1","ETR",3482952,0.0,25.0,-20.12,0.0
"2026-06-30","US7443208886","744320888","PRU","PRU","PRUDENTIAL FINANCIAL INC","Financial Institutions","1331655.0","1230925.0","-100730.0","0.0017","0.0015","-0.0002","16.41","-1652979.3","SELL","1","PRU",1877663,0.1,25.0,-34.36,3.44
"2026-06-30","BMG053841620","-","AHL","AHL","ASPEN INSURANCE HOLDINGS LTD","Financial Institutions","525687.0","615054.0","89367.0","0.0008","0.0009","0.0001","18.47","1650608.49","BUY","1","","","",25.0,-26.12,""
"2026-06-30","US48253M1045","48253M104","KKR","KKR","KKR GROUP FINANCE CO IX LLC","Financial Institutions","1333079.0","1231354.0","-101725.0","0.0017","0.0015","-0.0002","16.19","-1646927.75","SELL","1","KKR",4539283,0.0,25.0,-35.24,0.0
"2026-06-30","US8794337878","879433787","TDS-UU","TDS","TELEPHONE DATA SYS DRC INC","Industrial","1115094.0","1034008.0","-81086.0","0.0017","0.0016","-0.0001","20.28","-1644424.08","SELL","1","","","",25.0,-18.88,""
"2026-06-30","US14314C1053","14314C105","CG","CG","CARLYLE FINANCE LLC","Financial Institutions","1331733.0","1230924.0","-100809.0","0.0016","0.0015","-0.0001","16.31","-1644194.79","SELL","1","CG",3278370,0.0,25.0,-34.76,0.0
"2026-06-30","US8425874042","842587404","SO","SO","SOUTHERN COMPANY (THE)","Utility","1186479.0","1107860.0","-78619.0","0.0019","0.0017","-0.0002","20.42","-1605399.98","SELL","1","SO",6474492,0.0,25.0,-18.32,0.0
"2026-06-30","US80620A2087","80620A208","EIX-N","EIX","SCE TRUST VIII","Utility","932358.0","861674.0","-70684.0","0.0016","0.0015","-0.0001","22.69","-1603819.96","SELL","1","","","",25.0,-9.24,""
"2026-06-30","US9027884058","902788405","UMBF","UMBF","UMB FINANCIAL CORPORATION","Financial Institutions","799288.0","738555.0","-60733.0","0.0016","0.0015","-0.0001","26.37","-1601529.21","SELL","1","UMBF",639937,0.1,25.0,5.48,0.0
"2026-06-30","US74965L2007","74965L200","RLJ-A","RLJ","RLJ LODGING .95 CUMULATIVE CONVERT","Financial Institutions","857830.0","792740.0","-65090.0","0.0017","0.0015","-0.0002","24.52","-1596006.8","SELL","1","RLJ-PA",35819,1.8,25.0,-1.92,3.46
"2026-06-30","US78410V2007","78410V200","SCE-L","EIX","SCE TRUST VI","Financial Institutions","1265292.0","1169392.0","-95900.0","0.0016","0.0015","-0.0001","16.55","-1587145.0","SELL","1","SCE-PL",93457,1.0,25.0,-33.8,33.8
"2026-06-30","US04686J4085","04686J408","ATH-D","ATH","ATHENE HOLDING DS REPRESENTING A","Financial Institutions","1515530.0","1415633.0","-99897.0","0.0018","0.0017","-0.0001","15.85","-1583367.45","SELL","1","ATH-PD",41683,2.4,25.0,-36.6,87.84
"2026-06-30","US4461507737","446150773","HBAN-J","HBAN","HUNTINGTON BANCSHARES INC","Financial Institutions","862521.0","800521.0","-62000.0","0.0017","0.0015","-0.0002","25.07","-1554340.0","SELL","1","","","",25.0,0.28,""
"2026-06-30","US16934Q4064","16934Q406","CIM-B","CIM","CHIMERA INVESTMENT CORP","Financial Institutions","865786.0","800145.0","-65641.0","0.0016","0.0014","-0.0002","23.16","-1520245.56","SELL","1","CIM-PB",46234,1.4,25.0,-7.36,10.3
"2026-06-30","US6658598569","665859856","NTRS-E","NTRS","NORTHERN TRUST CORPORATION","Financial Institutions","1065724.0","984796.0","-80928.0","0.0015","0.0014","-0.0001","18.77","-1519018.56","SELL","1","","","",25.0,-24.92,""
"2026-06-30","US8629452017","862945201","ASSE-A","ASSE","STRIVE INC","Industrial","221055.0","204372.0","-16683.0","0.0016","0.0014","-0.0002","91.05","-1518987.15","SELL","1","","","",25.0,264.2,""
"2026-06-30","US03939A4040","03939A404","ACGL-G","ACGL","ARCH CAPITAL GROUP LTD.","Financial Institutions","1323742.0","1230924.0","-92818.0","0.0016","0.0015","-0.0001","16.3","-1512933.4","SELL","1","","","",25.0,-34.8,""
"2026-06-30","US06417N2027","06417N202","OZK-A","OZK","BANK OZK","Financial Institutions","951046.0","856274.0","-94772.0","0.0012","0.001","-0.0002","15.9","-1506874.8","SELL","1","","","",25.0,-36.4,""
"2026-06-30","US68003D3035","68003D303","ONB-C","ONB","OLD NATIONAL BANCORP","Financial Institutions","326354.0","265904.0","-60450.0","0.0006","0.0005","-0.0001","24.78","-1497951.0","SELL","1","","","",25.0,-0.88,""
"2026-06-30","US61762V8046","61762V804","MS-L","MS","MORGAN STANLEY","Financial Institutions","1307351.0","1230924.0","-76427.0","0.002","0.0018","-0.0002","19.53","-1492619.31","SELL","1","MS-PL",30867,2.5,25.0,-21.88,54.7
"2026-06-30","US4461508230","446150823","HBAN-H","HBAN","HUNTINGTON BANCSHARES DRC INC","Financial Institutions","1321074.0","1230924.0","-90150.0","0.0016","0.0015","-0.0001","16.4","-1478460.0","SELL","1","","","",25.0,-34.4,""
"2026-06-30","US70509V7047","70509V704","PEB-F","PEB","PEBBLEBROOK HOTEL TRUST","Financial Institutions","395764.0","478762.0","82998.0","0.0006","0.0006","0.0","17.54","1455784.92","BUY","1","PEB-PF",19574,4.2,25.0,-29.84,125.33
"2026-06-30","US9576384062","957638406","WAL-A","WAL","WESTERN ALLIANCE BANCORP","Financial Institutions","799288.0","738555.0","-60733.0","0.0015","0.0013","-0.0002","23.92","-1452733.36","SELL","1","WAL-PA",24707,2.5,25.0,-4.32,10.8
"2026-06-30","US29364W1080","29364W108","ETR","ETR","ENTERGY MISSISSIPPI INC","Utility","712739.0","640068.0","-72671.0","0.0011","0.001","-0.0001","19.97","-1451239.87","SELL","1","ETR",3482966,0.0,25.0,-20.12,0.0
"2026-06-30","US1746104025","174610402","CFG-E","CFG","CITIZENS FINANCIAL GROUP INC","Financial Institutions","1186728.0","1107860.0","-78868.0","0.0017","0.0015","-0.0002","18.28","-1441707.04","SELL","1","CFG-PE",59657,1.3,25.0,-26.88,34.94
"2026-06-30","US2333318598","233331859","DTE-E","DTE","DTE ENERGY COMPANY","Utility","1055003.0","984796.0","-70207.0","0.0017","0.0015","-0.0002","20.44","-1435031.08","SELL","1","","","",25.0,-18.24,""
"2026-06-30","US75968N3098","75968N309","RNR-F","RNR","RENAISSANCERE HOLDINGS LTD","Financial Institutions","681600.0","611658.0","-69942.0","0.0011","0.001","-0.0001","20.51","-1434510.42","SELL","1","RNR-PF",30919,2.3,25.0,-17.96,41.31
"2026-06-30","US70509V6056","70509V605","PEB-E","PEB","PEBBLEBROOK HOTEL TRUST","Financial Institutions","286558.0","360272.0","73714.0","0.0004","0.0005","0.0001","19.42","1431525.88","BUY","1","PEB-PE",11475,6.4,25.0,-22.32,142.85
"2026-06-30","US0256768591","025676859","ANGINC","ANGINC","AMERICAN NATIONAL GROUP INC","Financial Institutions","799288.0","738555.0","-60733.0","0.0015","0.0013","-0.0002","23.47","-1425403.51","SELL","1","","","",25.0,-6.12,""
"2026-06-30","US0357108218","035710821","NLY-J","NLY","ANNALY CAPITAL MANAGEMENT INC","Financial Institutions","732720.0","677024.0","-55696.0","0.0014","0.0013","-0.0001","25.37","-1413007.52","SELL","1","NLY-PJ",56550,1.0,25.0,1.48,0.0
"2026-06-30","US05580M8192","05580M819","RILYI","RILY","B. RILEY FINANCIAL INC","Financial Institutions","1015185.0","938530.0","-76655.0","0.0014","0.0013","-0.0001","18.32","-1404319.6","SELL","1","","","",25.0,-26.72,""
"2026-06-30","US9030025095","903002509","UMH-D","UMH","UMH PROPERTIES INC","Financial Institutions","864597.0","798989.0","-65608.0","0.0014","0.0013","-0.0001","21.05","-1381048.4","SELL","1","UMH-PD",27858,2.4,25.0,-15.8,37.92
"2026-06-30","US2538688225","253868822","DLR-L","DLR","DIGITAL REALTY TRUST INC","Financial Institutions","919130.0","849358.0","-69772.0","0.0014","0.0013","-0.0001","19.67","-1372415.24","SELL","1","DLR-PL",30709,2.3,25.0,-21.32,49.04
"2026-06-30","US7443208704","744320870","PRU","PRU","PRUDENTIAL FINANCIAL INC","Financial Institutions","798993.0","738556.0","-60437.0","0.0014","0.0013","-0.0001","22.44","-1356206.28","SELL","1","PRU",1877663,0.0,25.0,-10.24,0.0
"2026-06-30","US12542R2094","12542R209","CHSINC","CHSINC","CHS INC. (8% CUMULATIVE REDEEMABLE","Industrial","805965.0","755268.0","-50697.0","0.0017","0.0015","-0.0002","26.7","-1353609.9","SELL","1","","","",25.0,6.8,""
"2026-06-30","US90187B2007","90187B200","TWO-A","TWO","TWO HARBORS INVESTMENT CORP","Financial Institutions","336399.0","283138.0","-53261.0","0.0006","0.0005","-0.0001","25.3","-1347503.3","SELL","1","TWO-PA",12904,4.1,25.0,1.2,0.0
"2026-06-30","US0454876006","045487600","ASB","ASB","ASSOCIATED BANC-CORP","Financial Institutions","793962.0","738555.0","-55407.0","0.0015","0.0014","-0.0001","24.31","-1346944.17","SELL","1","ASB",1906487,0.0,25.0,-2.76,0.0
"2026-06-30","US9029736686","902973668","USB-O","USB","US BANCORP","Financial Institutions","1183533.0","1107860.0","-75673.0","0.0016","0.0015","-0.0001","17.43","-1318980.39","SELL","1","","","",25.0,-30.28,""
"2026-06-30","US12542R8034","12542R803","CHSINC","CHSINC","CHS CUMULATIVE REDEEMABLE PREF CLA","Industrial","1371847.0","1320791.0","-51056.0","0.0027","0.0026","-0.0001","25.7","-1312139.2","SELL","1","","","",25.0,2.8,""
"2026-06-30","US3196263053","319626305","FCNCA","FCNCA","FIRST CITIZENS BANCSHARES INC.","Financial Institutions","914398.0","849358.0","-65040.0","0.0014","0.0013","-0.0001","19.92","-1295596.8","SELL","1","FCNCA",77203,0.8,25.0,-20.32,16.26
"2026-06-30","US9388243076","938824307","WAFD-A","WAFD","WASHINGTON FEDERAL INC","Financial Institutions","813970.0","733965.0","-80005.0","0.001","0.0009","-0.0001","16.11","-1288880.55","SELL","1","","","",25.0,-35.56,""
"2026-06-30","US9290892093","929089209","VOYA-B","VOYA","VOYA FINANCIAL INC","Financial Institutions","793778.0","738555.0","-55223.0","0.0014","0.0013","-0.0001","23.31","-1287248.13","SELL","1","VOYA-PB",17398,3.2,25.0,-6.76,21.63
"2026-06-30","US3167738372","316773837","FITBM","FITB","FIFTH THIRD BANCORP DEPOSITARY SHA","Financial Institutions","1057354.0","1107861.0","50507.0","0.0021","0.0021","0.0","25.21","1273281.47","BUY","1","FITBM",56138,0.9,25.0,0.84,0.0
"2026-06-30","US20451Q4010","20451Q401","CODI-C","CODI","COMPASS DIVERSIFIED HOLDINGS FIXED","Financial Institutions","520502.0","463105.0","-57397.0","0.0009","0.0008","-0.0001","22.15","-1271343.55","SELL","1","CODI-PC",9935,5.8,25.0,-11.4,66.12
"2026-06-30","US6496048819","649604881","ADAM-D","ADAM","NEW YORK MORTGAGE TRUST INC","Financial Institutions","409312.0","357279.0","-52033.0","0.0007","0.0007","0.0","24.32","-1265442.56","SELL","1","","","",25.0,-2.72,""
"2026-06-30","US9508108878","950810887","WSBC-B","WSBC","WESBANCO INC","Financial Institutions","612930.0","562711.0","-50219.0","0.0012","0.0011","-0.0001","25.17","-1264012.23","SELL","1","","","",25.0,0.68,""
"2026-06-30","US55261F8721","55261F872","MTB-H","MTB","M AND T BANK PERPETUAL FIXED TO FL","Financial Institutions","665923.0","615492.0","-50431.0","0.0013","0.0012","-0.0001","24.98","-1259766.38","SELL","1","MTB-PH",19412,2.6,25.0,-0.08,0.21
"2026-06-30","US25525P2065","25525P206","DHC","DHC","DIVERSIFIED HEALTHCARE .625% SENIO","Financial Institutions","932358.0","861674.0","-70684.0","0.0013","0.0012","-0.0001","17.82","-1259588.88","SELL","1","DHC",2057668,0.0,25.0,-28.72,0.0
"2026-06-30","US10922N7075","10922N707","BHF-C","BHF","BRIGHTHOUSE FINANCIAL INC","Financial Institutions","1520857.0","1415633.0","-105224.0","0.0014","0.0013","-0.0001","11.97","-1259531.28","SELL","1","","","",25.0,-52.12,""
"2026-06-30","US29452E4089","29452E408","EQH-C","EQH","EQUITABLE HOLDINGS INC","Financial Institutions","811206.0","733956.0","-77250.0","0.001","0.0009","-0.0001","16.3","-1259175.0","SELL","1","EQH-PC",29846,2.6,25.0,-34.8,90.48
"2026-06-30","US55272X5086","55272X508","MFA-C","MFA","MFA FINANCIAL INC","Financial Institutions","732720.0","677024.0","-55696.0","0.0013","0.0012","-0.0001","22.52","-1254273.92","SELL","1","MFA-PC",38387,1.5,25.0,-9.92,14.88
"2026-06-30","US87264A2042","87264A204","TMUS","TMUS","T-MOBILE USA INC","Industrial","1047508.0","986713.0","-60795.0","0.0017","0.0015","-0.0002","20.39","-1239610.05","SELL","1","TMUS",5534881,0.0,25.0,-18.44,0.0
"2026-06-30","US78442P5026","78442P502","SLM-B","SLM","SLM CORP","Financial Institutions","170236.0","153551.0","-16685.0","0.001","0.0009","-0.0001","73.9","-1233021.5","SELL","1","","","",25.0,195.6,""
"2026-06-30","US11271L1026","11271L102","BNCN","BNCN","BROOKFIELD FINANCE INC","Financial Institutions","1065724.0","984796.0","-80928.0","0.0012","0.0011","-0.0001","15.2","-1230105.6","SELL","1","","","",25.0,-39.2,""
"2026-06-30","US06055H6080","06055H608","BAC-PP","BAC","BANK OF AMERICA DRC CORP","Financial Institutions","1706546.0","1633418.0","-73128.0","0.0022","0.0021","-0.0001","16.81","-1229281.68","SELL","1","BAC-PP",55393,1.3,25.0,-32.76,42.59
"2026-06-30","US9029737346","902973734","USB-L","USB","US BANCORP","Financial Institutions","1314018.0","1230924.0","-83094.0","0.0015","0.0014","-0.0001","14.59","-1212341.46","SELL","1","","","",25.0,-41.64,""
"2026-06-30","US91529Y6014","91529Y601","UNM","UNM","UNUM GROUP","Financial Institutions","793578.0","738555.0","-55023.0","0.0013","0.0012","-0.0001","21.74","-1196200.02","SELL","1","UNM",1382963,0.0,25.0,-13.04,0.0
"2026-06-30","US4440973075","444097307","HPP-C","HPP","HUDSON PACIFIC PROPERTIES INC","Financial Institutions","1132225.0","1046328.0","-85897.0","0.0012","0.0011","-0.0001","13.9","-1193968.3","SELL","1","HPP-PC",20744,4.1,25.0,-44.4,182.04
"2026-06-30","US16934Q5053","16934Q505","CIM-C","CIM","CHIMERA INVESTMENT CORP","Financial Institutions","692627.0","640069.0","-52558.0","0.0012","0.0011","-0.0001","22.64","-1189913.12","SELL","1","CIM-PC",21510,2.4,25.0,-9.44,22.66
"2026-06-30","US00123Q6098","00123Q609","AGNC-D","AGNC","AGNC INVESTMENT CORP","Financial Institutions","626058.0","578537.0","-47521.0","0.0012","0.0011","-0.0001","25.0","-1188025.0","SELL","1","","","",25.0,0.0,""
"2026-06-30","US48251K2096","48251K209","KREF-A","KREF","KKR REAL ESTATE FINANCE TRUST INC","Financial Institutions","873077.0","806853.0","-66224.0","0.0012","0.0011","-0.0001","17.72","-1173489.28","SELL","1","KREF-PA",28579,2.3,25.0,-29.12,66.98
"2026-06-30","US74460W4208","74460W420","PSA-R","PSA","PUBLIC STORAGE","Financial Institutions","1147335.0","1070963.0","-76372.0","0.0013","0.0012","-0.0001","15.34","-1171546.48","SELL","1","PSA-PR",43504,1.8,25.0,-38.64,69.55
"2026-06-30","US7591EP8869","7591EP886","RF-E","RF","REGIONS FINL DRC CORP","Financial Institutions","1057387.0","984796.0","-72591.0","0.0013","0.0012","-0.0001","16.11","-1169441.01","SELL","1","RF-PE",47623,1.5,25.0,-35.56,53.34
"2026-06-30","US03939A1079","03939A107","ACGL-F","ACGL","ARCH CAPITAL GROUP LTD.","Financial Institutions","872349.0","812403.0","-59946.0","0.0013","0.0012","-0.0001","19.13","-1146766.98","SELL","1","","","",25.0,-23.48,""
"2026-06-30","US0625403078","062540307","BOH","BOH","BANK OF HAWAII CORP","Financial Institutions","447100.0","403664.0","-43436.0","0.0009","0.0008","-0.0001","26.28","-1141498.08","SELL","1","BOH",344570,0.1,25.0,5.12,0.0
"2026-06-30","US04621X3061","04621X306","AIZ","AIZ","ASSURANT INC","Financial Institutions","671135.0","611657.0","-59478.0","0.001","0.0009","-0.0001","19.0","-1130082.0","SELL","1","AIZ",413569,0.1,25.0,-24.0,2.4
"2026-06-30","US88224Q3056","88224Q305","TCBI-B","TCBI","TEXAS CAP BANCSHARES DRC INC","Financial Institutions","793040.0","738555.0","-54485.0","0.0012","0.0011","-0.0001","20.45","-1114218.25","SELL","1","","","",25.0,-18.2,""
"2026-06-30","US0082528508","008252850","AMG","AMG","AFFILIATED MANAGERS GROUP INC.","Financial Institutions","794681.0","738498.0","-56183.0","0.0012","0.0011","-0.0001","19.73","-1108490.59","SELL","1","AMG",334933,0.2,25.0,-21.08,4.22
"2026-06-30","US8805913006","880591300","TVA-D","TVA","TENN VALLEY AUTHORITY","Agency","677691.0","631394.0","-46297.0","0.0012","0.0011","-0.0001","23.86","-1104646.42","SELL","1","","","",25.0,-4.56,""
"2026-06-30","US1258968528","125896852","CMS","CMS","CMS ENERGY CORPORATION","Utility","740155.0","689339.0","-50816.0","0.0012","0.0011","-0.0001","21.64","-1099658.24","SELL","1","CMS",3427052,0.0,25.0,-13.44,0.0
"2026-06-30","US0357108622","035710862","NLY-G","NLY","ANNALY CAPITAL MANAGEMENT INC","Financial Institutions","1132225.0","1089426.0","-42799.0","0.0021","0.0021","0.0","25.48","-1090518.52","SELL","1","NLY-PG",32458,1.3,25.0,1.92,0.0
"2026-06-30","US9290428443","929042844","VNO-L","VNO","VORNADO REALTY TRUST 5.4% CUM RED","Financial Institutions","799289.0","738556.0","-60733.0","0.0011","0.001","-0.0001","17.86","-1084691.38","SELL","1","VNO-PL",28213,2.2,25.0,-28.56,62.83
"2026-06-30","US14040H7338","14040H733","COF-N","COF","CAPITAL ONE FINL DS REPSTG TH PRF","Financial Institutions","1115197.0","1046328.0","-68869.0","0.0013","0.0012","-0.0001","15.61","-1075045.09","SELL","1","COF-PN",49168,1.4,25.0,-37.56,52.58
"2026-06-30","US74460W6443","74460W644","PSA-H","PSA","PUBLIC STORAGE","Financial Institutions","751212.0","701658.0","-49554.0","0.0012","0.0012","0.0","21.62","-1071357.48","SELL","1","PSA-PH",37376,1.3,25.0,-13.52,17.58
"2026-06-30","US11259P1093","11259P109","BRBRPH","BEPUCN","BROOKFIELD BRP HOLDINGS (CANADA) I","Utility","934169.0","861669.0","-72500.0","0.001","0.0009","-0.0001","14.45","-1047625.0","SELL","1","","","",25.0,-42.2,""
"2026-06-30","US49446R7118","49446R711","KIM-M","KIM","KIMCO RLTY DS REPRESENTING CLASS","Financial Institutions","697066.0","644115.0","-52951.0","0.0011","0.001","-0.0001","19.75","-1045782.25","SELL","1","KIM-PM",22735,2.3,25.0,-21.0,48.3
"2026-06-30","US0844238057","084423805","WRB","WRB","WR BERKLEY CORPORATION","Financial Institutions","794512.0","738555.0","-55957.0","0.0011","0.001","-0.0001","18.61","-1041359.77","SELL","1","WRB",2276900,0.0,25.0,-25.56,0.0
"2026-06-30","US04686J2006","04686J200","ATH-B","ATH","ATHENE HLDG DRC LTD","Financial Institutions","905259.0","849358.0","-55901.0","0.0013","0.0012","-0.0001","18.59","-1039199.59","SELL","1","ATH-PB",24429,2.3,25.0,-25.64,58.97
"2026-06-30","US3733344408","373334440","SO","SO","GEORGIA POWER COMPANY","Utility","713296.0","664704.0","-48592.0","0.0012","0.0011","-0.0001","21.17","-1028692.64","SELL","1","SO",6474566,0.0,25.0,-15.32,0.0
"2026-06-30","US72348N5059","72348N505","PNFP-C","PNFP","PINNACLE FINANCIAL PARTNERS DEPOSI","Financial Institutions","595948.0","553901.0","-42047.0","0.0011","0.001","-0.0001","24.45","-1028049.15","SELL","1","PNFP-PC",11236,3.7,25.0,-2.2,8.14
"2026-06-30","US7580758578","758075857","RWT","RWT","REDWOOD TRUST INC","Financial Institutions","266400.0","307772.0","41372.0","0.0005","0.0006","0.0001","24.78","1025198.16","BUY","1","RWT",1254450,0.0,25.0,-0.88,0.0
"2026-06-30","US6374321056","637432105","NRUC-US","NRUC","NATIONAL RURAL UTILITIES COOPERATI","Utility","660412.0","615491.0","-44921.0","0.0011","0.0011","0.0","22.69","-1019257.49","SELL","1","","","",25.0,-9.24,""
"2026-06-30","US04911A2069","04911A206","AUB-A","AUB","ATLANTIC UNION BANKSHARES CORP","Financial Institutions","463546.0","422004.0","-41542.0","0.0009","0.0008","-0.0001","24.21","-1005731.82","SELL","1","AUB-PA",10868,3.8,25.0,-3.16,12.01
"2026-06-30","US58844R8503","58844R850","MBIN","MBIN","MERCHANTS BANCORP","Financial Institutions","607332.0","566275.0","-41057.0","0.0011","0.001","-0.0001","24.37","-1000559.09","SELL","1","MBIN",123353,0.3,25.0,-2.52,0.76
"2026-06-30","US35243J2006","35243J200","FBRT-E","FBRT","FRANKLIN BSP REALTY TRUST CUMULA","Financial Institutions","687963.0","635730.0","-52233.0","0.001","0.0009","-0.0001","19.12","-998694.96","SELL","1","FBRT-PE",27248,1.9,25.0,-23.52,44.69
"2026-06-30","US2836782092","283678209","KMI","KMI","EL PASO ENERGY CAPITAL TRUST I","Industrial","291101.0","271458.0","-19643.0","0.0011","0.001","-0.0001","50.49","-991775.07","SELL","1","KMI",9863560,0.0,25.0,101.96,0.0
"2026-06-30","US3193836000","319383600","BUSE-B","BUSE","FIRST BUSEY CORPORATION","Financial Institutions","567619.0","529324.0","-38295.0","0.0011","0.001","-0.0001","25.85","-989925.75","SELL","1","","","",25.0,3.4,""
"2026-06-30","US6740014096","674001409","OAK-B","OAK","OAKTREE CAPITAL GROUP LLC","Financial Institutions","626058.0","578537.0","-47521.0","0.001","0.0009","-0.0001","20.83","-989862.43","SELL","1","OAK-PB",11872,4.0,25.0,-16.68,66.72
"2026-06-30","BMG9078F1648","-","TRTN-D","TRTN","TRITON INTERNATIONAL LTD","Industrial","393150.0","353923.0","-39227.0","0.0007","0.0007","0.0","25.06","-983028.62","SELL","1","TRTN-PD",7741,5.1,25.0,0.24,0.0
"2026-06-30","US78440X5077","78440X507","SLG-I","SLG","SL GREEN REALTY CORP","Financial Institutions","612830.0","566275.0","-46555.0","0.001","0.0009","-0.0001","21.08","-981379.4","SELL","1","SLG-PI",11088,4.2,25.0,-15.68,65.86
"2026-06-30","US05554M1009","05554M100","BIP","BIP","BIP BERMUDA HOLDINGS I LTD","Financial Institutions","799288.0","738555.0","-60733.0","0.001","0.0009","-0.0001","15.95","-968691.35","SELL","1","BIP",705405,0.1,25.0,-36.2,3.62
"2026-06-30","US63938C4050","63938C405","NAVI","NAVI","NAVIENT PRCNT SENIOR NOTES EXP D","Financial Institutions","792007.0","738555.0","-53452.0","0.0011","0.001","-0.0001","18.04","-964274.08","SELL","1","NAVI",1276833,0.0,25.0,-27.84,0.0
"2026-06-30","US06053U6010","06053U601","BAC-KK","BAC","BANK AMER DS REPRESENTING NON CU","Financial Institutions","2680998.0","2636321.0","-44677.0","0.0044","0.0043","-0.0001","21.47","-959215.19","SELL","1","","","",25.0,-14.12,""
"2026-06-30","US6496048736","649604873","ADAM-E","ADAM","NEW YORK MORTGAGE TRUST INC","Financial Institutions","496594.0","458944.0","-37650.0","0.001","0.0009","-0.0001","25.3","-952545.0","SELL","1","","","",25.0,1.2,""
"2026-06-30","US0389238769","038923876","ABR-D","ABR","ARBOR REALTY TRUST INC","Financial Institutions","622146.0","562708.0","-59438.0","0.0008","0.0007","-0.0001","15.96","-948630.48","SELL","1","ABR-PD",21283,2.8,25.0,-36.16,101.25
"2026-06-30","US16934Q6044","16934Q604","CIM-D","CIM","CHIMERA INVESTMENT CORP","Financial Institutions","532853.0","492369.0","-40484.0","0.0009","0.0009","0.0","23.3","-943277.2","SELL","1","CIM-PD",10733,3.8,25.0,-6.8,25.84
"2026-06-30","US64828T8053","64828T805","RITM-E","RITM","RITHM CAPITAL CORP","Financial Institutions","506168.0","467734.0","-38434.0","0.0009","0.0009","0.0","24.45","-939711.3","SELL","1","RITM-PE",30562,1.3,25.0,-2.2,2.86
"2026-06-30","US2538688308","253868830","DLR-K","DLR","DIGITAL REALTY TRUST INC","Financial Institutions","559490.0","517005.0","-42485.0","0.0009","0.0009","0.0","22.07","-937643.95","SELL","1","DLR-PK",13203,3.2,25.0,-11.72,37.5
"2026-06-30","US3793785086","379378508","GNL-D","GNL","GLOBAL NET LEASE CUMULATIVE REDE","Financial Institutions","528297.0","488320.0","-39977.0","0.0009","0.0009","0.0","23.39","-935062.03","SELL","1","GNL-PD",12128,3.3,25.0,-6.44,21.25
"2026-06-30","BMG053841703","-","AHL","AHL","ASPEN INSURANCE HOLDINGS LTD","Financial Institutions","594058.0","553901.0","-40157.0","0.0011","0.001","-0.0001","23.28","-934854.96","SELL","1","","","",25.0,-6.88,""
"2026-06-30","US25525P3055","25525P305","DHC","DHC","DIVERSIFIED HEALTHCARE .25% SENIOR","Financial Institutions","665923.0","615492.0","-50431.0","0.0009","0.0009","0.0","18.37","-926417.47","SELL","1","DHC",2057668,0.0,25.0,-26.52,0.0
"2026-06-30","US1170436042","117043604","BC","BC","BRUNSWICK CORPORATION","Industrial","567354.0","529324.0","-38030.0","0.0011","0.001","-0.0001","24.3","-924129.0","SELL","1","BC",627010,0.1,25.0,-2.8,0.28
"2026-06-30","US25406P2002","25406P200","DDS","DDS","DILLARDS CAP TR I CAP SECS 7.5%","Industrial","527812.0","492369.0","-35443.0","0.0011","0.001","-0.0001","26.06","-923644.58","SELL","1","DDS",129927,0.3,25.0,4.24,0.0
"2026-06-30","US3602713089","360271308","FULT-A","FULT","FULTON FINANCIAL CORPORATION","Financial Institutions","540817.0","489291.0","-51526.0","0.0008","0.0007","-0.0001","17.7","-912010.2","SELL","1","","","",25.0,-29.2,""
"2026-06-30","US8606306079","860630607","SF","SF","STIFEL FINANCIAL CORP","Financial Institutions","599422.0","553902.0","-45520.0","0.0009","0.0008","-0.0001","19.97","-909034.4","SELL","1","SF",1399270,0.0,25.0,-20.12,0.0
"2026-06-30","US0200028126","020002812","ALL-I","ALL","ALLSTATE CORPORATION (THE)","Financial Institutions","787328.0","738555.0","-48773.0","0.0011","0.001","-0.0001","18.63","-908640.99","SELL","1","ALL-PI",24401,2.0,25.0,-25.48,50.96
"2026-06-30","US48128B6552","48128B655","JPM-DD","JPM","JPMORGAN CHASE & CO","Financial Institutions","4519212.0","4554559.0","35347.0","0.0083","0.0088","0.0005","25.29","893925.63","BUY","1","","","",25.0,1.16,""
"2026-06-30","US72348N2080","72348N208","PNFP-A","PNFP","PINNACLE FINANCIAL PARTNERS NON CU","Financial Institutions","527697.0","492369.0","-35328.0","0.001","0.0009","-0.0001","25.3","-893798.4","SELL","1","PNFP-PA",7350,4.8,25.0,1.2,0.0
"2026-06-30","US6378702053","637870205","NSA-A","NSA","NATIONAL STORAGE AFFILIATES REDEEM","Financial Institutions","596134.0","556157.0","-39977.0","0.001","0.0009","-0.0001","22.33","-892686.41","SELL","1","NSA-PA",9855,4.1,25.0,-10.68,43.79
"2026-06-30","US70931T5092","70931T509","PMT-C","PMT","PENNYMAC MORTGAGE INVESTMENT TRUST","Financial Institutions","665923.0","615492.0","-50431.0","0.0009","0.0008","-0.0001","17.58","-886576.98","SELL","1","PMT-PC",34001,1.5,25.0,-29.68,44.52
"2026-06-30","US9290427940","929042794","VNO-O","VNO","VORNADO REALTY TRUST","Financial Institutions","799289.0","738556.0","-60733.0","0.0009","0.0008","-0.0001","14.5","-880628.5","SELL","1","VNO-PO",27143,2.2,25.0,-42.0,92.4
"2026-06-30","US74460W4463","74460W446","PSA-Q","PSA","PUBLIC STORAGE","Financial Institutions","368412.0","427006.0","58594.0","0.0004","0.0005","0.0001","15.01","879495.94","BUY","1","PSA-PQ",15466,3.8,25.0,-39.96,151.85
"2026-06-30","US70931T4004","70931T400","PMT-B","PMT","PENNYMAC MORTGAGE INVESTMENT TRUST","Financial Institutions","519463.0","480108.0","-39355.0","0.0009","0.0008","-0.0001","22.24","-875255.2","SELL","1","PMT-PB",8620,4.6,25.0,-11.04,50.78
"2026-06-30","US49446R7373","49446R737","KIM-L","KIM","KIMCO REALTY CORPORATION","Financial Institutions","592942.0","547888.0","-45054.0","0.0009","0.0008","-0.0001","19.42","-874948.68","SELL","1","KIM-PL",13260,3.4,25.0,-22.32,75.89
"2026-06-30","US70931T7072","70931T707","PMT","PMT","PENNYMAC MORTGAGE INVESTMENT TRUST","Financial Institutions","459442.0","424651.0","-34791.0","0.0009","0.0008","-0.0001","25.14","-874645.74","SELL","1","PMT",1096813,0.0,25.0,0.56,0.0
"2026-06-30","US8606308703","860630870","SF-C","SF","STIFEL FINANCIAL CORP","Financial Institutions","593636.0","553901.0","-39735.0","0.001","0.0009","-0.0001","21.9","-870196.5","SELL","1","SF-PC",14644,2.7,25.0,-12.4,33.48
"2026-06-30","US37959E3009","37959E300","GL","GL","GLOBE LIFE INC","Financial Institutions","857302.0","800142.0","-57160.0","0.001","0.0009","-0.0001","15.2","-868832.0","SELL","1","GL",625470,0.1,25.0,-39.2,3.92
"2026-06-30","US8805914095","880591409","TVA-A","TVA","TENN VALLEY AUTH","Agency","549378.0","512958.0","-36420.0","0.001","0.0009","-0.0001","23.61","-859876.2","SELL","1","","","",25.0,-5.56,""
"2026-06-30","US46131B5066","46131B506","IVR-C","IVR","INVESCO MORTGAGE CAPITAL INC","Financial Institutions","453684.0","419328.0","-34356.0","0.0008","0.0008","0.0","24.68","-847906.08","SELL","1","IVR-PC",11323,3.0,25.0,-1.28,3.84
"2026-06-30","US8606308620","860630862","SF-D","SF","STIFEL FINANCIAL CORP","Financial Institutions","791254.0","738555.0","-52699.0","0.001","0.0009","-0.0001","16.08","-847399.92","SELL","1","SF-PD",20809,2.5,25.0,-35.68,89.2
"2026-06-30","MHY8564M2048","-","TGP-B","TGP","TEEKAY LNG PARTNERS LP","Industrial","439397.0","405970.0","-33427.0","0.0009","0.0008","-0.0001","25.15","-840689.05","SELL","1","","","",25.0,0.6,""
"2026-06-30","US84857L7055","84857L705","SR","SR","SPIRE INC","Utility","527476.0","492369.0","-35107.0","0.001","0.0009","-0.0001","23.76","-834142.32","SELL","1","SR",537773,0.1,25.0,-4.96,0.5
"2026-06-30","US2333318184","233331818","DTE","DTE","DTE ENERGY CO","Utility","738015.0","689339.0","-48676.0","0.001","0.0009","-0.0001","17.02","-828465.52","SELL","1","DTE",1410619,0.0,25.0,-31.92,0.0
"2026-06-30","US31959X2027","31959X202","FCNCA","FCNCA","FIRST CITIZENS BANCSHARES NON CU","Financial Institutions","532853.0","492369.0","-40484.0","0.0008","0.0008","0.0","20.45","-827897.8","SELL","1","FCNCA",77203,0.5,25.0,-18.2,9.1
"2026-06-30","US05580M8358","05580M835","RILYM","RILY","B. RILEY FINANCIAL INC","Financial Institutions","578915.0","538808.0","-40107.0","0.0009","0.0008","-0.0001","20.42","-818984.94","SELL","1","","","",25.0,-18.32,""
"2026-06-30","US4461507810","446150781","HBAN-C","HBAN","HUNTINGTON BANCSHARES DEPOSITARY S","Financial Institutions","466231.0","424650.0","-41581.0","0.0007","0.0006","-0.0001","19.69","-818729.89","SELL","1","","","",25.0,-21.24,""
"2026-06-30","US55272X4097","55272X409","MFA-B","MFA","MFA FINANCIAL INC","Financial Institutions","532853.0","492369.0","-40484.0","0.0008","0.0008","0.0","20.11","-814133.24","SELL","1","MFA-PB",15026,2.7,25.0,-19.56,52.81
"2026-06-30","US2538688555","253868855","DLR-J","DLR","DIGITAL REALTY TRUST INC","Financial Institutions","532853.0","492369.0","-40484.0","0.0008","0.0007","-0.0001","19.98","-808870.32","SELL","1","DLR-PJ",9631,4.2,25.0,-20.08,84.34
"2026-06-30","US3167738869","316773886","FITB-A","FITB","FIFTH THIRD BANCORP DEPOSITORY SH","Financial Institutions","527320.0","492369.0","-34951.0","0.0009","0.0009","0.0","23.12","-808067.12","SELL","1","FITB-PA",9773,3.6,25.0,-7.52,27.07
"2026-06-30","US11276B2088","11276B208","BIP","BIP","BROOKFIELD INFRASTRUCTURE FINANCE","Utility","420922.0","388968.0","-31954.0","0.0008","0.0007","-0.0001","25.0","-798850.0","SELL","1","BIP",734620,0.0,25.0,0.0,0.0
"2026-06-30","US0605051798","060505179","BAC-K","BAC","BANK OF AMERICA CORP","Financial Institutions","2034272.0","2003249.0","-31023.0","0.004","0.0039","-0.0001","25.64","-795429.72","SELL","1","BAC-PK",50027,0.6,25.0,2.56,0.0
"2026-06-30","US11259P2083","11259P208","BRBRPH","BEPUCN","BROOKFIELD BRP HOLDINGS (CANADA) I","Utility","692626.0","640068.0","-52558.0","0.0008","0.0007","-0.0001","15.11","-794151.38","SELL","1","","","",25.0,-39.56,""
"2026-06-30","US3793783008","379378300","GNL-A","GNL","GLOBAL NET LEASE PREF SERIES A INC","Financial Institutions","452828.0","418464.0","-34364.0","0.0008","0.0007","-0.0001","22.91","-787279.24","SELL","1","GNL-PA",13374,2.6,25.0,-8.36,21.74
"2026-06-30","US0844238701","084423870","WRB","WRB","WR BERKLEY CORPORATION","Financial Institutions","790823.0","738555.0","-52268.0","0.0009","0.0008","-0.0001","14.94","-780883.92","SELL","1","WRB",2276900,0.0,25.0,-40.24,0.0
"2026-06-30","US38144X6094","38144X609","GS-C","GS","GOLDMAN SACHS GROUP INC","Financial Institutions","532853.0","492369.0","-40484.0","0.0008","0.0007","-0.0001","19.25","-779317.0","SELL","1","GS-PC",14445,2.8,25.0,-23.0,64.4
"2026-06-30","US11276B1098","11276B109","BIP","BIP","BROOKFIELD INFRASTRUCTURE FINANCE","Utility","665922.0","615491.0","-50431.0","0.0008","0.0007","-0.0001","15.42","-777646.02","SELL","1","BIP",705405,0.1,25.0,-38.32,3.83
"2026-06-30","US17259U3032","17259U303","CIONI","CIONI","CION INVESTMENT CORP","Financial Institutions","455942.0","424638.0","-31304.0","0.0009","0.0008","-0.0001","24.84","-777591.36","SELL","1","","","",25.0,-0.64,""
"2026-06-30","US3167738604","316773860","FITB-K","FITB","FIFTH THIRD BANCORP","Financial Institutions","658777.0","615491.0","-43286.0","0.0009","0.0008","-0.0001","17.9","-774819.4","SELL","1","FITB-PK",28847,1.5,25.0,-28.4,42.6
"2026-06-30","US0082528433","008252843","AMG","AMG","AFFILIATED MANAGERS GROUP INC.","Financial Institutions","724732.0","677023.0","-47709.0","0.0009","0.0008","-0.0001","16.17","-771454.53","SELL","1","AMG",334933,0.1,25.0,-35.32,3.53
"2026-06-30","US17259U4022","17259U402","CION","CICC","CION INVESTMENT NOTES DUE CORP","Financial Institutions","337169.0","305829.0","-31340.0","0.0006","0.0006","0.0","24.36","-763442.4","SELL","1","CION",516311,0.1,25.0,-2.56,0.26
"2026-06-30","US6740013007","674001300","OAK-A","OAK","OAKTREE CAPITAL GROUP LLC","Financial Institutions","479531.0","443157.0","-36374.0","0.0008","0.0007","-0.0001","20.87","-759125.38","SELL","1","OAK-PA",10794,3.4,25.0,-16.52,56.17
"2026-06-30","US11259P3073","11259P307","BRBRPH","BEPUCN","BROOKFIELD BRP HOLDINGS (CANADA) I","Utility","399505.0","369305.0","-30200.0","0.0008","0.0007","-0.0001","25.13","-758926.0","SELL","1","","","",25.0,0.52,""
"2026-06-30","BMG162491648","-","BPY-A","BPY","BROOKFIELD PROPERTY PARTNERS LP","Industrial","765971.0","707788.0","-58183.0","0.0008","0.0007","-0.0001","12.99","-755797.17","SELL","1","","","",25.0,-48.04,""
"2026-06-30","US00123Q8565","00123Q856","AGNCL","AGNC","AGNC INVESTMENT CORP","Financial Institutions","399469.0","369305.0","-30164.0","0.0008","0.0007","-0.0001","25.05","-755608.2","SELL","1","AGNCL",10933,2.8,25.0,0.2,0.0
"2026-06-30","US04208T2078","04208T207","AHH-A","AHH","ARMADA HOFFLER PROPERTIES INC","Financial Institutions","455855.0","421239.0","-34616.0","0.0008","0.0007","-0.0001","21.63","-748744.08","SELL","1","","","",25.0,-13.48,""
"2026-06-30","US3765493099","376549309","LAND-B","LAND","GLADSTONE LAND CORP","Financial Institutions","393650.0","357263.0","-36387.0","0.0006","0.0005","-0.0001","20.16","-733561.92","SELL","1","","","",25.0,-19.36,""
"2026-06-30","US74460W5783","74460W578","PSA-K","PSA","PUBLIC STORAGE DEP SHS REPSTG TH","Financial Institutions","596227.0","637060.0","40833.0","0.0008","0.0009","0.0001","17.96","733360.68","BUY","1","PSA-PK",16362,2.5,25.0,-28.16,70.4
"2026-06-30","BMG162491564","-","BPY-A2","BPY","BROOKFIELD PROPERTY PARTNERS LP","Industrial","665923.0","615492.0","-50431.0","0.0008","0.0007","-0.0001","14.46","-729232.26","SELL","1","","","",25.0,-42.16,""
"2026-06-30","US8606307069","860630706","SF-B","SF","STIFEL FINANCIAL CORP","Financial Institutions","426191.0","393940.0","-32251.0","0.0007","0.0007","0.0","22.6","-728872.6","SELL","1","SF-PB",10472,3.1,25.0,-9.6,29.76
"2026-06-30","US80349A8027","80349A802","SAR","SAR","SARATOGA INVESTMENT CORP","Financial Institutions","275710.0","246025.0","-29685.0","0.0005","0.0005","0.0","24.55","-728766.75","SELL","1","SAR",87937,0.3,25.0,-1.8,0.54
"2026-06-30","BMG9078F1499","-","TRTN-C","TRTN","TRITON INTERNATIONAL LTD","Industrial","460763.0","430837.0","-29926.0","0.0009","0.0008","-0.0001","24.28","-726603.28","SELL","1","TRTN-PC",11439,2.6,25.0,-2.88,7.49
"2026-06-30","US05614L4077","05614L407","BW-A","BW","BABCOCK & WILCOX ENTERPRISES INC","Industrial","505005.0","472011.0","-32994.0","0.0009","0.0008","-0.0001","22.02","-726527.88","SELL","1","BW-PA",22401,1.5,25.0,-11.92,17.88
"2026-06-30","US87266M2061","87266M206","TRTX-C","TRTX","TPG RE FIN TR PREF SERIES C INC TR","Financial Institutions","536284.0","495436.0","-40848.0","0.0007","0.0007","0.0","17.75","-725052.0","SELL","1","TRTX-PC",6100,6.7,25.0,-29.0,194.3
"2026-06-30","US38741L3050","38741L305","GPMT-A","GPMT","GRANITE POINT MORTGAGE TRUST INC","Financial Institutions","548118.0","506537.0","-41581.0","0.0007","0.0007","0.0","17.42","-724341.02","SELL","1","GPMT-PA",3363,12.4,25.0,-30.32,375.97
"2026-06-30","US1258968601","125896860","CMS","CMS","CMS ENERGY CORPORATION","Utility","526820.0","492369.0","-34451.0","0.0008","0.0008","0.0","20.89","-719681.39","SELL","1","CMS",3251567,0.0,25.0,-16.44,0.0
"2026-06-30","US3205174028","320517402","FHN-E","FHN","FIRST HORIZON NATIONAL CORP","Financial Institutions","399504.0","369305.0","-30199.0","0.0007","0.0007","0.0","23.48","-709072.52","SELL","1","FHN-PE",6398,4.7,25.0,-6.08,28.58
"2026-06-30","US4884013081","488401308","KMPR","KMPR","KEMPER CORP","Financial Institutions","396996.0","366983.0","-30013.0","0.0007","0.0007","0.0","23.62","-708907.06","SELL","1","KMPR",1368505,0.0,25.0,-5.52,0.0
"2026-06-30","BMG9078F3057","-","TRTGV","TRTN","TRITON INTL CUM RED PERP PREF SER","Industrial","460596.0","430846.0","-29750.0","0.0008","0.0008","0.0","23.7","-705075.0","SELL","1","","","",25.0,-5.2,""
"2026-06-30","BMG162582313","-","BEPUCN","BEPUCN","BROOKFIELD RENEWABLE PARTNERS LP","Utility","535425.0","492000.0","-43425.0","0.0007","0.0006","-0.0001","16.15","-701313.75","SELL","1","","","",25.0,-35.4,""
"2026-06-30","US26884U2087","26884U208","EPR-C","EPR","EPR PROPERTIES 5.75% CUM CONV PREF","Financial Institutions","359169.0","331891.0","-27278.0","0.0007","0.0006","-0.0001","25.62","-698862.36","SELL","1","EPR-PC",4903,5.6,25.0,2.48,0.0
"2026-06-30","US00489Q2012","00489Q201","ACR-C","ACR","ACRES COMMERCIAL REALTY .625 FIXED","Financial Institutions","322250.0","294925.0","-27325.0","0.0006","0.0006","0.0","25.24","-689683.0","SELL","1","ACR-PC",7548,3.6,25.0,0.96,0.0
"2026-06-30","US0625452075","062545207","BOH-A","BOH","BANK OF HAWAII CORP","Financial Institutions","484757.0","440402.0","-44355.0","0.0006","0.0005","-0.0001","15.4","-683067.0","SELL","1","BOH-PA",17337,2.6,25.0,-38.4,99.84
"2026-06-30","US11272B1035","11272B103","BNCN","BNCN","BROOKFIELD FINANCE I UK PLC","Financial Institutions","612829.0","566275.0","-46554.0","0.0007","0.0006","-0.0001","14.67","-682947.18","SELL","1","","","",25.0,-41.32,""
"2026-06-30","US16934Q8693","16934Q869","CIM","CIM","CHIMERA INVESTMENT CORP","Financial Institutions","322139.0","294914.0","-27225.0","0.0006","0.0006","0.0","25.01","-680897.25","SELL","1","CIM",646203,0.0,25.0,0.04,0.0
"2026-06-30","US0423156068","042315606","ARR-C","ARR","ARMOUR RESIDENTIAL REIT INC","Financial Institutions","485266.0","452641.0","-32625.0","0.0008","0.0007","-0.0001","20.74","-676642.5","SELL","1","ARR-PC",18606,1.8,25.0,-17.04,30.67
"2026-06-30","US64828T8889","64828T888","RITM-F","RITM","NEW RESIDENTIAL INVESTMENT CORP","Financial Institutions","665923.0","693042.0","27119.0","0.0013","0.0013","0.0","24.94","676347.86","BUY","1","RITM-PF",39317,0.7,25.0,-0.24,0.17
"2026-06-30","BMG162522756","-","BIP-14","BIP","BROOKFIELD INFRASTRUCTURE CLASS","Utility","532853.0","492369.0","-40484.0","0.0007","0.0006","-0.0001","16.36","-662318.24","SELL","1","","","",25.0,-34.56,""
"2026-06-30","US12542R7044","12542R704","CHSINC","CHSINC","CHS INC","Industrial","1300207.0","1274008.0","-26199.0","0.0024","0.0024","0.0","25.25","-661524.75","SELL","1","","","",25.0,1.0,""
"2026-06-30","US1258968379","125896837","CMS-C","CMS","CMS ENERGY CORPORATION","Utility","604983.0","566275.0","-38708.0","0.0008","0.0007","-0.0001","17.06","-660358.48","SELL","1","CMS-PC",16258,2.4,25.0,-31.76,76.22
"2026-06-30","US0844237067","084423706","WRB","WRB","WR BERKLEY CORPORATION","Financial Institutions","486694.0","455468.0","-31226.0","0.0008","0.0007","-0.0001","21.06","-657619.56","SELL","1","WRB",2276900,0.0,25.0,-15.76,0.0
"2026-06-30","US0844238883","084423888","WRB","WRB","WR BERKLEY CORPORATION","Financial Institutions","657808.0","615491.0","-42317.0","0.0008","0.0007","-0.0001","15.53","-657183.01","SELL","1","WRB",2276900,0.0,25.0,-37.88,0.0
"2026-06-30","US5303075031","530307503","LBRDA","LBRDA","LIBERTY BROADBAND CUM REDEEMABLE P","Industrial","472307.0","442115.0","-30192.0","0.0008","0.0007","-0.0001","21.63","-653052.96","SELL","1","LBRDA",193453,0.2,25.0,-13.48,2.7
"2026-06-30","US58844R7026","58844R702","MBIN-C","MBIN","MERCHANTS BANCORP","Financial Institutions","516227.0","483000.0","-33227.0","0.0008","0.0007","-0.0001","19.6","-651249.2","SELL","1","","","",25.0,-21.6,""
"2026-06-30","US55272X7066","55272X706","MFA","MFA","MFA FINANCIAL INC","Financial Institutions","308450.0","282725.0","-25725.0","0.0006","0.0005","-0.0001","25.07","-644925.75","SELL","1","MFA",1435370,0.0,25.0,0.28,0.0
"2026-06-30","US0669224778","066922477","XTSLA","XTSLA","BLK CSH FND TREASURY SL AGENCY","Cash and/or Derivatives","111218192.0","111860876.0","642684.0","0.0085","0.0085","0.0","1.0","642684.0","UNCHANGED","1","","","","","",""
"2026-06-30","US2333318267","233331826","DTE-G","DTE","DTE ENERGY COMPANY","Utility","604877.0","566275.0","-38602.0","0.0008","0.0007","-0.0001","16.61","-641179.22","SELL","1","","","",25.0,-33.56,""
"2026-06-30","USG162522670","-","BIP-13","BIP","BROOKFIELD INFRASTRUCTURE PARTNERS","Utility","532853.0","492369.0","-40484.0","0.0007","0.0006","-0.0001","15.76","-638027.84","SELL","1","","","",25.0,-36.96,""
"2026-06-30","US9197944047","919794404","VLY-C","VLY","VALLEY NATIONAL BANCORP","Financial Institutions","394418.0","369305.0","-25113.0","0.0008","0.0007","-0.0001","25.4","-637870.2","SELL","1","","","",25.0,1.6,""
"2026-06-30","US9478907036","947890703","WBS-G","WBS","WEBSTER FINANCIAL CORPORATION","Financial Institutions","359605.0","332354.0","-27251.0","0.0007","0.0006","-0.0001","23.26","-633858.26","SELL","1","WBS-PG",7373,3.7,25.0,-6.96,25.75
"2026-06-30","US8964426055","896442605","TRIN","TRIN","TRINITY CAPITAL INC","Financial Institutions","312319.0","287129.0","-25190.0","0.0006","0.0005","-0.0001","25.15","-633528.5","SELL","1","TRIN",1003697,0.0,25.0,0.6,0.0
"2026-06-30","MHY8564M1131","-","TGP","TGP","TEEKAY LNG PARTNERS LP","Industrial","328591.0","303553.0","-25038.0","0.0007","0.0006","-0.0001","25.2","-630957.6","SELL","1","","","",25.0,0.8,""
"2026-06-30","US9478905055","947890505","WBS-F","WBS","WEBSTER FINANCIAL DRC CORP","Financial Institutions","399505.0","369305.0","-30200.0","0.0006","0.0006","0.0","20.83","-629066.0","SELL","1","WBS-PF",11319,2.7,25.0,-16.68,45.04
"2026-06-30","US4101204067","410120406","HWC","HWC","HANCOCK WHITNEY CORP","Financial Institutions","453498.0","424650.0","-28848.0","0.0008","0.0007","-0.0001","21.75","-627444.0","SELL","1","HWC",958700,0.0,25.0,-13.0,0.0
"2026-06-30","US89832Q8107","89832Q810","TFC-I","TFC","TRUIST FINANCIAL DS REPRESENTING","Financial Institutions","459490.0","424708.0","-34782.0","0.0006","0.0006","0.0","17.91","-622945.62","SELL","1","TFC-PI",12615,2.8,25.0,-28.36,79.41
"2026-06-30","US78407R2040","78407R204","SCE-J","EIX","SCE TRUST II CUM TRUST SECS P","Utility","578655.0","541639.0","-37016.0","0.0007","0.0007","0.0","16.78","-621128.48","SELL","1","","","",25.0,-32.88,""
"2026-06-30","US26884U5056","26884U505","EPR-G","EPR","EPR PROPERTIES","Financial Institutions","399578.0","369305.0","-30273.0","0.0006","0.0006","0.0","20.42","-618174.66","SELL","1","EPR-PG",12274,2.5,25.0,-18.32,45.8
"2026-06-30","US10922N8891","10922N889","BHF-D","BHF","BRIGHTHOUSE FINANCIAL INC","Financial Institutions","920424.0","861674.0","-58750.0","0.0007","0.0007","0.0","10.48","-615700.0","SELL","1","","","",25.0,-58.08,""
"2026-06-30","US16934Q3074","16934Q307","CIM-A","CIM","CHIMERA INVESTMENT CORP","Financial Institutions","386328.0","356990.0","-29338.0","0.0006","0.0006","0.0","20.71","-607589.98","SELL","1","CIM-PA",9857,3.0,25.0,-17.16,51.48
"2026-06-30","US0084922097","008492209","ADC-A","ADC","AGREE REALTY CORP","Financial Institutions","466303.0","430837.0","-35466.0","0.0006","0.0006","0.0","17.01","-603276.66","SELL","1","ADC-PA",11921,3.0,25.0,-31.96,95.88
"2026-06-30","US12621E3018","12621E301","CNO","CNO","CNO FINANCIAL GROUP INC","Financial Institutions","403041.0","366983.0","-36058.0","0.0005","0.0005","0.0","16.57","-597481.06","SELL","1","CNO",846555,0.0,25.0,-33.72,0.0
"2026-06-30","US3137452005","313745200","FRT-C","FRT","FEDERAL REALTY INVESTMENT DEPOSITA","Financial Institutions","399505.0","369305.0","-30200.0","0.0006","0.0006","0.0","19.66","-593732.0","SELL","1","FRT-PC",9213,3.3,25.0,-21.36,70.49
"2026-06-30","US28852N3070","28852N307","EFC-B","EFC","ELLINGTON FINANCIAL INC","Financial Institutions","321153.0","296672.0","-24481.0","0.0006","0.0005","-0.0001","24.24","-593419.44","SELL","1","EFC-PB",2763,8.9,25.0,-3.04,27.06
"2026-06-30","US75574U8383","75574U838","RC","RC","READY CAPITAL CORP","Financial Institutions","346394.0","320035.0","-26359.0","0.0006","0.0005","-0.0001","22.45","-591759.55","SELL","1","RC",1799967,0.0,25.0,-10.2,0.0
"2026-06-30","US0259328807","025932880","AFG","AFG","AMERICAN FINANCIAL GROUP INC","Financial Institutions","525613.0","492369.0","-33244.0","0.0007","0.0007","0.0","17.75","-590081.0","SELL","1","AFG",510720,0.1,25.0,-29.0,2.9
"2026-06-30","US58844R8842","58844R884","MBIN","MBIN","MERCHANTS BANCORP","Financial Institutions","374348.0","350856.0","-23492.0","0.0007","0.0007","0.0","25.1","-589649.2","SELL","1","MBIN",123353,0.2,25.0,0.4,0.0
"2026-06-30","MHY271831213","-","GSL","GSL","GLOBAL SHIP LEASE INC","Industrial","290310.0","268279.0","-22031.0","0.0006","0.0005","-0.0001","26.65","-587126.15","SELL","1","GSL",363467,0.1,25.0,6.6,0.0
"2026-06-30","US70509V8862","70509V886","PEB-H","PEB","PEBBLEBROOK HOTEL TRUST","Financial Institutions","525897.0","555711.0","29814.0","0.0007","0.0008","0.0001","19.67","586441.38","BUY","1","PEB-PH",30548,1.0,25.0,-21.32,21.32
"2026-06-30","US6496048165","649604816","ADAM","ADAM","NEW YORK MORTGAGE TRUST INC","Financial Institutions","306265.0","283138.0","-23127.0","0.0006","0.0005","-0.0001","25.15","-581644.05","SELL","1","ADAM",779167,0.0,25.0,0.6,0.0
"2026-06-30","US26817Q8785","26817Q878","DX-C","DX","DYNEX CAPITAL INC","Financial Institutions","296978.0","274521.0","-22457.0","0.0006","0.0005","-0.0001","25.86","-580738.02","SELL","1","DX-PC",8739,2.6,25.0,3.44,0.0
"2026-06-30","US25401T5048","25401T504","DBRG-H","DBRG","DIGITALBRIDGE GROUP .125 CUMULATIV","Financial Institutions","555422.0","516715.0","-38707.0","0.0007","0.0006","-0.0001","14.91","-577121.37","SELL","1","DBRG-PH",33119,1.2,25.0,-40.36,48.43
"2026-06-30","US5977423038","597742303","MSBI","MSBI","MIDLAND STATES BANCORP INC","Financial Institutions","306301.0","283138.0","-23163.0","0.0006","0.0005","-0.0001","24.9","-576758.7","SELL","1","MSBI",139703,0.2,25.0,-0.4,0.08
"2026-06-30","BMG162491499","-","BPY-A-1","BPY","BROOKFIELD PROPERTY PARTNERS LP","Industrial","490261.0","452989.0","-37272.0","0.0006","0.0005","-0.0001","15.16","-565043.52","SELL","1","","","",25.0,-39.36,""
"2026-06-30","US8660826053","866082605","INN-E","INN","SUMMIT HOTEL PROPERTIES INC","Financial Institutions","426191.0","393940.0","-32251.0","0.0006","0.0005","-0.0001","17.47","-563424.97","SELL","1","INN-PE",8278,3.9,25.0,-30.12,117.47
"2026-06-30","US04914Y3009","04914Y300","ATLC","ATLC","ATLANTICUS HOLDINGS CORP","Financial Institutions","389565.0","411685.0","22120.0","0.0008","0.0008","0.0","25.43","562511.6","BUY","1","ATLC",127423,0.2,25.0,1.72,0.0
"2026-06-30","BMG9078F2067","-","TRTN","TRTN","TRITON INTERNATIONAL LTD","Industrial","393845.0","369305.0","-24540.0","0.0007","0.0006","-0.0001","22.63","-555340.2","SELL","1","","","",25.0,-9.48,""
"2026-06-30","US26884U3077","26884U307","EPR-E","EPR","EPR PROPERTIES","Financial Institutions","229466.0","212121.0","-17345.0","0.0006","0.0005","-0.0001","31.77","-551050.65","SELL","1","EPR-PE",2556,6.8,25.0,27.08,0.0
"2026-06-30","US74460W5114","74460W511","PSA-N","PSA","PUBLIC STORAGE DEP SHS REPSTG PF","Financial Institutions","732068.0","695472.0","-36596.0","0.0008","0.0008","0.0","14.98","-548208.08","SELL","1","PSA-PN",32100,1.1,25.0,-40.08,44.09
"2026-06-30","US64828T3005","64828T300","RITM-A","RITM","NEW RESIDENTIAL INVESTMENT CORP","Financial Institutions","280340.0","259139.0","-21201.0","0.0005","0.0005","0.0","25.5","-540625.5","SELL","1","RITM-PA",9360,2.3,25.0,2.0,0.0
"2026-06-30","US0389238686","038923868","ABR-E","ABR","ARBOR REALTY TRUST INC","Financial Institutions","385742.0","351709.0","-34033.0","0.0005","0.0004","-0.0001","15.85","-539423.05","SELL","1","ABR-PE",11086,3.1,25.0,-36.6,113.46
"2026-06-30","US02665T8760","02665T876","AMH-G","AMH","AMERICAN HOMES 4 RENT","Financial Institutions","306303.0","283138.0","-23165.0","0.0006","0.0005","-0.0001","23.26","-538817.9","SELL","1","AMH-PG",3326,7.0,25.0,-6.96,48.72
"2026-06-30","US16208T2015","16208T201","CLDT-A","CLDT","CHATHAM LODGING TRUST","Financial Institutions","320790.0","293564.0","-27226.0","0.0005","0.0004","-0.0001","19.65","-534990.9","SELL","1","CLDT-PA",31193,0.9,25.0,-21.4,19.26
"2026-06-30","US70931T8062","70931T806","PMT","PMT","PENNYMAC MORTGAGE INVESTMENT TRUST","Financial Institutions","279628.0","258503.0","-21125.0","0.0005","0.0005","0.0","24.98","-527702.5","SELL","1","PMT",1096813,0.0,25.0,-0.08,0.0
"2026-06-30","US7588498896","758849889","REG-A","REG","REGENCY CENTERS SERIES A CUMULAT","Financial Institutions","306301.0","283138.0","-23163.0","0.0005","0.0005","0.0","22.6","-523483.8","SELL","1","","","",25.0,-9.6,""
"2026-06-30","BMG9078F1564","-","TRTN-E","TRTN","TRITON INTERNATIONAL LTD","Industrial","459356.0","430837.0","-28519.0","0.0007","0.0006","-0.0001","18.3","-521897.7","SELL","1","TRTN-PE",6276,4.5,25.0,-26.8,120.6
"2026-06-30","US02665T8687","02665T868","AMH-H","AMH","AMERICAN HOMES 4 RENT","Financial Institutions","306301.0","283138.0","-23163.0","0.0005","0.0005","0.0","22.5","-521167.5","SELL","1","AMH-PH",6638,3.5,25.0,-10.0,35.0
"2026-06-30","US6378703044","637870304","NSA-B","NSA PR B","NATIONAL STORAGE AFFILIATES CUM","Financial Institutions","371994.0","349369.0","-22625.0","0.0007","0.0006","-0.0001","23.01","-520601.25","SELL","1","NSA-PB",3747,6.0,25.0,-7.96,47.76
"2026-06-30","US3765468679","376546867","GAIN","GAIN","GLADSTONE INVESTMENT CORP","Financial Institutions","331693.0","311417.0","-20276.0","0.0007","0.0006","-0.0001","25.48","-516632.48","SELL","1","GAIN",349900,0.1,25.0,1.92,0.0
"2026-06-30","US3793784097","379378409","GNL-B","GNL","GLOBAL NET LEASE INC","Financial Institutions","312864.0","288981.0","-23883.0","0.0005","0.0005","0.0","21.59","-515633.97","SELL","1","GNL-PB",12079,2.0,25.0,-13.64,27.28
"2026-06-30","US0259328641","025932864","AFG","AFG","AMERICAN FINANCIAL GROUP INC","Financial Institutions","524832.0","492369.0","-32463.0","0.0006","0.0006","0.0","15.88","-515512.44","SELL","1","AFG",510720,0.1,25.0,-36.48,3.65
"2026-06-30","US3765468836","376546883","GAIN","GAIN","GLADSTONE INVESTMENT CORP","Financial Institutions","352913.0","331255.0","-21658.0","0.0006","0.0006","0.0","23.79","-515243.82","SELL","1","GAIN",349900,0.1,25.0,-4.84,0.48
"2026-06-30","US3205178656","320517865","FHN-F","FHN","FIRST HORIZON CORP (TENNESSEE)","Financial Institutions","399469.0","369305.0","-30164.0","0.0005","0.0005","0.0","17.04","-513994.56","SELL","1","FHN-PF",6112,4.9,25.0,-31.84,156.02
"2026-06-30","US73317H2067","73317H206","BPOP","BPOP","POPULAR CAPITAL TRUST II","Financial Institutions","269225.0","248729.0","-20496.0","0.0005","0.0005","0.0","25.0","-512400.0","SELL","1","BPOP",501980,0.0,25.0,0.0,0.0
"2026-06-30","US8163005031","816300503","SIGI-B","SIGI","SELECTIVE INS GROUP DS REPSTG IN","Financial Institutions","524748.0","492369.0","-32379.0","0.0006","0.0006","0.0","15.76","-510293.04","SELL","1","","","",25.0,-36.96,""
"2026-06-30","US70931T3014","70931T301","PMT-A","PMT","PENNYMAC MORTGAGE INVESTMENT TRUST","Financial Institutions","306303.0","283138.0","-23165.0","0.0005","0.0005","0.0","22.01","-509861.65","SELL","1","PMT-PA",6768,3.4,25.0,-11.96,40.66
"2026-06-30","US28852N4060","28852N406","EFC-C","EFC","ELLINGTON FINANCIAL INC","Financial Institutions","266418.0","246187.0","-20231.0","0.0005","0.0005","0.0","24.97","-505168.07","SELL","1","EFC-PC",1080,18.7,25.0,-0.12,2.24
"2026-06-30","US4932678760","493267876","KEY-F","KEY","KEYCORP","Financial Institutions","1132225.0","1107861.0","-24364.0","0.0018","0.0017","-0.0001","20.57","-501167.48","SELL","1","","","",25.0,-17.72,""
"2026-06-30","US5949728795","594972879","STRF","MSTR","STRATEGY INC","Industrial","668355.0","673755.0","5400.0","0.0047","0.0048","0.0001","92.7","500580.0","BUY","1","STRF",207246,0.0,25.0,270.8,0.0
"2026-06-30","US7588498714","758849871","REG-B","REG","REGENCY CENTERS SERIES B CUMULAT","Financial Institutions","306307.0","283138.0","-23169.0","0.0005","0.0005","0.0","21.55","-499291.95","SELL","1","","","",25.0,-13.8,""
"2026-06-30","US22948Q2003","22948Q200","CTO-A","CTO","CTO REALTY GROWTH INC","Financial Institutions","313859.0","290077.0","-23782.0","0.0005","0.0005","0.0","20.9","-497043.8","SELL","1","CTO-PA",4931,4.8,25.0,-16.4,78.72
"2026-06-30","US00489Q3002","00489Q300","ACR-D","ACR","ACRES COMMERCIAL REALTY CORP","Financial Institutions","300189.0","277472.0","-22717.0","0.0005","0.0005","0.0","21.84","-496139.28","SELL","1","ACR-PD",2847,8.0,25.0,-12.64,101.12
"2026-06-30","US2298993070","229899307","CFR-B","CFR","CULLEN FROST BANKERS DRC INC","Financial Institutions","399469.0","369305.0","-30164.0","0.0005","0.0005","0.0","16.44","-495896.16","SELL","1","CFR-PB",10413,2.9,25.0,-34.24,99.3
"2026-06-30","US74460W5379","74460W537","PSA-M","PSA","PUBLIC STORAGE","Financial Institutions","593231.0","566275.0","-26956.0","0.0007","0.0008","0.0001","18.39","-495720.84","SELL","1","PSA-PM",12914,2.1,25.0,-26.44,55.52
"2026-06-30","US4461507570","446150757","HBANZ","HBAN","HUNTINGTON BANCSHARES INC","Financial Institutions","454822.0","430837.0","-23985.0","0.0007","0.0007","0.0","20.66","-495530.1","SELL","1","HBANZ",9010,2.7,25.0,-17.36,46.87
"2026-06-30","US74460W3960","74460W396","PSA-S","PSA","PUBLIC STORAGE DEPOSITARY SHS EACH","Financial Institutions","646819.0","615719.0","-31100.0","0.0008","0.0007","-0.0001","15.64","-486404.0","SELL","1","PSA-PS",36601,0.8,25.0,-37.44,29.95
"2026-06-30","US8043958797","804395879","BFS-E","BFS","SAUL CENTERS INC","Financial Institutions","293127.0","270764.0","-22363.0","0.0005","0.0004","-0.0001","21.51","-481028.13","SELL","1","BFS-PE",6562,3.4,25.0,-13.96,47.46
"2026-06-30","US64944P3073","64944P307","FLG","NYCB","NEW YORK COMMUNITY CAPITAL TRUST V","Financial Institutions","189917.0","178522.0","-11395.0","0.0006","0.0006","0.0","41.03","-467536.85","SELL","1","FLG",4522157,0.0,25.0,64.12,0.0
"2026-06-30","US0082528359","008252835","AMG","AMG","AFFILIATED MANAGERS GROUP INC.","Financial Institutions","523919.0","492369.0","-31550.0","0.0006","0.0005","-0.0001","14.46","-456213.0","SELL","1","AMG",334933,0.1,25.0,-42.16,4.22
"2026-06-30","US0259328724","025932872","AFG","AFG","AMERICAN FINANCIAL GROUP INC","Financial Institutions","392781.0","369303.0","-23478.0","0.0006","0.0005","-0.0001","19.39","-455238.42","SELL","1","AFG",510720,0.0,25.0,-22.44,0.0
"2026-06-30","US6475513080","647551308","NMFC","NMFC","NEW MOUNTAIN FINANCE CORP","Financial Institutions","301055.0","283137.0","-17918.0","0.0006","0.0005","-0.0001","25.3","-453325.4","SELL","1","NMFC",574607,0.0,25.0,1.2,0.0
"2026-06-30","US5290433094","529043309","LXP-C","LXP","LXP INDUSTRIAL TRUST","Financial Institutions","128910.0","119131.0","-9779.0","0.0005","0.0004","-0.0001","45.51","-445042.29","SELL","1","LXP-PC",1978,4.9,25.0,82.04,0.0
"2026-06-30","US20786W5031","20786W503","CNOB-A","CNOB","CONNECTONE BANCORP INC","Financial Institutions","300966.0","283137.0","-17829.0","0.0006","0.0005","-0.0001","24.85","-443050.65","SELL","1","","","",25.0,-0.6,""
"2026-06-30","US9197942066","919794206","VLY-A","VLY","VALLEY NATIONAL BANCORP","Financial Institutions","301060.0","283137.0","-17923.0","0.0006","0.0005","-0.0001","24.57","-440368.11","SELL","1","","","",25.0,-1.72,""
"2026-06-30","US90187B5075","90187B507","TWO-C","TWO","TWO HARBORS INVESTMENT CORP","Financial Institutions","643457.0","625265.0","-18192.0","0.0012","0.0011","-0.0001","24.04","-437335.68","SELL","1","TWO-PC",36104,0.5,25.0,-3.84,1.92
"2026-06-30","US29364N1081","29364N108","ETR","ETR","ENTERGY LOUISIANA LLC","Utility","686270.0","664704.0","-21566.0","0.0011","0.001","-0.0001","19.98","-430888.68","SELL","1","ETR",3483248,0.0,25.0,-20.08,0.0
"2026-06-30","US2635343070","263534307","CTVA","CTVA","E I DU PONT DE NEMOURS AND CO","Industrial","109380.0","102996.0","-6384.0","0.0006","0.0005","-0.0001","66.81","-426515.04","SELL","1","CTVA",4046243,0.0,25.0,167.24,0.0
"2026-06-30","US8678928040","867892804","SHO-H","SHO","SUNSTONE HOTEL INVESTORS INC","Financial Institutions","298925.0","279408.0","-19517.0","0.0005","0.0005","0.0","21.75","-424494.75","SELL","1","SHO-PH",16433,1.2,25.0,-13.0,15.6
"2026-06-30","US00123Q5009","00123Q500","AGNC-C","AGNC","AGNC INVESTMENT CORP","Financial Institutions","865790.0","849358.0","-16432.0","0.0017","0.0016","-0.0001","25.35","-416551.2","SELL","1","","","",25.0,1.4,""
"2026-06-30","US0454874027","045487402","ASB-F","ASB","ASSOCIATED BANC DEPOSITARY SHARES","Financial Institutions","266427.0","246187.0","-20240.0","0.0004","0.0004","0.0","20.05","-405812.0","SELL","1","ASB-PF",5438,3.7,25.0,-19.8,73.26
"2026-06-30","US3765468596","376546859","GAIN","GAIN","GLADSTONE INVESTMENT CORP","Financial Institutions","262125.0","246025.0","-16100.0","0.0005","0.0005","0.0","24.92","-401212.0","SELL","1","GAIN",349900,0.0,25.0,-0.32,0.0
"2026-06-30","US78163D4079","78163D407","RWAY","RWAY","RUNWAY GROWTH FINANCE","Financial Institutions","262375.0","246025.0","-16350.0","0.0005","0.0005","0.0","24.35","-398122.5","SELL","1","RWAY",670827,0.0,25.0,-2.6,0.0
"2026-06-30","US0454872047","045487204","ASB-E","ASB","ASSOCIATED BANC-CORP","Financial Institutions","266400.0","246187.0","-20213.0","0.0004","0.0004","0.0","19.29","-389908.77","SELL","1","ASB-PE",5145,3.9,25.0,-22.84,89.08
"2026-06-30","US0259328070","025932807","AFG","AFG","AMERICAN FINANCIAL GROUP INC","Financial Institutions","326702.0","307773.0","-18929.0","0.0005","0.0005","0.0","20.21","-382555.09","SELL","1","AFG",510720,0.0,25.0,-19.16,0.0
"2026-06-30","US25401T3068","25401T306","DBRG-J","DBRG","DIGITALBRIDGE GROUP .15 CUMULATIVE","Financial Institutions","766460.0","791930.0","25470.0","0.0009","0.0009","0.0","14.93","380267.1","BUY","1","DBRG-PJ",92088,0.3,25.0,-40.28,12.08
"2026-06-30","US53803X4025","53803X402","LOB-A","LOB","LIVE OAK BANCSHARES INC","Financial Institutions","261243.0","246186.0","-15057.0","0.0005","0.0005","0.0","25.09","-377780.13","SELL","1","LOB-PA",12351,1.2,25.0,0.36,0.0
"2026-06-30","US9197943056","919794305","VLY-B","VLY","VALLEY NATL NON CUM PERP PREF SERI","Financial Institutions","261154.0","246186.0","-14968.0","0.0005","0.0005","0.0","24.9","-372703.2","SELL","1","","","",25.0,-0.4,""
"2026-06-30","US3131488278","313148827","AGMPP","FAMCA","FEDERAL AGRIC MTG NON CUMULATIVE P","Agency","260937.0","246185.0","-14752.0","0.0005","0.0004","-0.0001","23.64","-348737.28","SELL","1","","","",25.0,-5.44,""
"2026-06-30","US29364P1030","29364P103","ETR","ETR","ENTERGY NEW ORLEANS INC","Utility","287074.0","270764.0","-16310.0","0.0005","0.0004","-0.0001","21.33","-347892.3","SELL","1","ETR",3664210,0.0,25.0,-14.68,0.0
"2026-06-30","US68003D2045","68003D204","ONB-A","ONB","OLD NATIONAL BANCORP DEP SHS EACH","Financial Institutions","287641.0","301586.0","13945.0","0.0006","0.0006","0.0","24.72","344720.4","BUY","1","","","",25.0,-1.12,""
"2026-06-30","US25432X2018","25432X201","DCOM","DCOM","DIME COMMUNITY BANCSHARES CUMULATI","Financial Institutions","345827.0","326164.0","-19663.0","0.0005","0.0004","-0.0001","17.47","-343512.61","SELL","1","DCOM",284627,0.1,25.0,-30.12,3.01
"2026-06-30","US20451Q2030","20451Q203","CODI-A","CODI","COMPASS DIVERSIFIED HOLDINGS","Financial Institutions","304995.0","287882.0","-17113.0","0.0005","0.0004","-0.0001","19.6","-335414.8","SELL","1","CODI-PA",5218,3.3,25.0,-21.6,71.28
"2026-06-30","US6943082064","694308206","PCG-A","PCG","PACIFIC GAS & ELEC CO","Utility","274543.0","259196.0","-15347.0","0.0005","0.0004","-0.0001","21.84","-335178.48","SELL","1","PCG-PA",5351,2.9,25.0,-12.64,36.66
"2026-06-30","US8660827044","866082704","INN-F","INN","SUMMIT HOTEL PROPERTIES INC","Financial Institutions","266427.0","246187.0","-20240.0","0.0003","0.0003","0.0","16.45","-332948.0","SELL","1","INN-PF",17270,1.2,25.0,-34.2,41.04
"2026-06-30","US5949728613","594972861","STRD","MSTR","STRATEGY INC","Industrial","724948.0","730348.0","5400.0","0.0033","0.0033","0.0","58.82","317628.0","BUY","1","STRD",199027,0.0,25.0,135.28,0.0
"2026-06-30","US74348T5653","74348T565","PSEC-A","PSEC","PROSPECT CAPITAL CORP","Financial Institutions","341830.0","323158.0","-18672.0","0.0004","0.0004","0.0","16.41","-306407.52","SELL","1","PSEC-PA",7785,2.4,25.0,-34.36,82.46
"2026-06-30","US8964427046","896442704","TRIN","TRIN","TRINITY CAPITAL INC","Financial Institutions","305369.0","293432.0","-11937.0","0.0006","0.0006","0.0","25.09","-299499.33","SELL","1","TRIN",1003697,0.0,25.0,0.36,0.0
"2026-06-30","US3453708451","345370845","F","F","FORD MOTOR COMPANY","Industrial","1984495.0","1969534.0","-14961.0","0.0031","0.0029","-0.0002","19.53","-292188.33","SELL","1","F",63617983,0.0,25.0,-21.88,0.0
"2026-06-30","US5949728878","594972887","STRK","MSTR","STRATEGY INC","Industrial","727289.0","732473.0","5184.0","0.0031","0.0031","0.0","56.28","291755.52","BUY","1","STRK",195362,0.0,25.0,125.12,0.0
"2026-06-30","US9116847024","911684702","UZA","AD","UNITED STATES CELLULAR CORPORATION","Industrial","275114.0","260527.0","-14587.0","0.0004","0.0004","0.0","18.8","-274235.6","SELL","1","","","",25.0,-24.8,""
"2026-06-30","US75574U8870","75574U887","RC-E","RC","READY CAPITAL CORP","Financial Institutions","306265.0","283140.0","-23125.0","0.0003","0.0003","0.0","11.7","-270562.5","SELL","1","RC-PE",5199,4.4,25.0,-53.2,234.08
"2026-06-30","US06055H8060","06055H806","BAC-QQ","BAC","BANK OF AMERICA CORP","Financial Institutions","2443040.0","2458430.0","15390.0","0.0032","0.0032","0.0","17.12","263476.8","BUY","1","","","",25.0,-31.52,""
"2026-06-30","US3131488435","313148843","FAMCA","FAMCA","FEDERAL AGRICULTURAL MORTGAGE CORP","Agency","312730.0","298936.0","-13794.0","0.0005","0.0004","-0.0001","18.92","-260982.48","SELL","1","","","",25.0,-24.32,""
"2026-06-30","US10922N5095","10922N509","BHF-B","BHF","BRIGHTHOUSE FINANCIAL INC","Financial Institutions","1063486.0","1046328.0","-17158.0","0.0012","0.0012","0.0","14.71","-252394.18","SELL","1","","","",25.0,-41.16,""
"2026-06-30","US56029Q4082","56029Q408","MHLD","MHLD","MAIDEN HOLDINGS NORTH AMERICA LTD","Financial Institutions","395995.0","375437.0","-20558.0","0.0004","0.0003","-0.0001","11.75","-241556.5","SELL","1","","","",25.0,-53.0,""
"2026-06-30","US9290428104","929042810","VNO-N","VNO","VORNADO REALTY TRUST","Financial Institutions","799289.0","786553.0","-12736.0","0.0011","0.0011","0.0","17.95","-228611.2","SELL","1","VNO-PN",37830,0.3,25.0,-28.2,8.46
"2026-06-30","US05580M8010","05580M801","RILYK","RILY","B. RILEY FINANCIAL INC","Financial Institutions","475651.0","466287.0","-9364.0","0.0009","0.0009","0.0","24.27","-227264.28","SELL","1","","","",25.0,-2.92,""
"2026-06-30","US06055H4002","06055H400","BAC-NN","BAC","BANK OF AMERICA CORP","Financial Institutions","2019594.0","2032284.0","12690.0","0.0027","0.0028","0.0001","17.79","225755.1","BUY","1","","","",25.0,-28.84,""
"2026-06-30","US9116848840","911684884","UZC","AD","UNITED STATES CELLULAR CORPORATION","Industrial","270803.0","257403.0","-13400.0","0.0004","0.0003","-0.0001","16.72","-224048.0","SELL","1","","","",25.0,-33.12,""
"2026-06-30","US74460W6690","74460W669","PSA-G","PSA","PUBLIC STORAGE REPSTG TH BEN INT","Financial Institutions","790437.0","778573.0","-11864.0","0.0012","0.0011","-0.0001","18.75","-222450.0","SELL","1","PSA-PG",25891,0.5,25.0,-25.0,12.5
"2026-06-30","US10482B2007","10482B200","BHR-B","BHR","BRAEMAR HOTEL & RESORTS INC","Financial Institutions","205022.0","189449.0","-15573.0","0.0002","0.0002","0.0","13.76","-214284.48","SELL","1","BHR-PB",9969,1.6,25.0,-44.96,71.94
"2026-06-30","BMG9078F1317","-","TRTN-B","TRTN","TRITON INTERNATIONAL LTD","Industrial","377707.0","369675.0","-8032.0","0.0007","0.0007","0.0","24.24","-194695.68","SELL","1","TRTN-PB",7740,1.0,25.0,-3.04,3.04
"2026-06-30","US74460W5940","74460W594","PSA-J","PSA","PUBLIC STORAGE DS REPRESENTING TH","Financial Institutions","679662.0","689339.0","9677.0","0.0009","0.001","0.0001","19.87","192281.99","BUY","1","PSA-PJ",34578,0.3,25.0,-20.52,6.16
"2026-06-30","US6496048652","649604865","ADAM-F","ADAM","NEW YORK MORTGAGE TRUST INC","Financial Institutions","386559.0","378385.0","-8174.0","0.0007","0.0007","0.0","23.42","-191435.08","SELL","1","","","",25.0,-6.32,""
"2026-06-30","US3131488351","313148835","FAMCA","FAMCA","FEDERAL AGRICULTURAL MORTGAGE NO","Agency","325448.0","314837.0","-10611.0","0.0004","0.0004","0.0","17.71","-187920.81","SELL","1","","","",25.0,-29.16,""
"2026-06-30","US20451Q3020","20451Q302","CODI-B","CODI","COMPASS DIVERSIFIED HOLDINGS","Financial Institutions","495153.0","486645.0","-8508.0","0.0008","0.0008","0.0","22.04","-187516.32","SELL","1","CODI-PB",6841,1.2,25.0,-11.84,14.21
"2026-06-30","US5835432023","583543202","SLNH-A","SLNH","SOLUNA HOLDINGS INC","Industrial","321313.0","304338.0","-16975.0","0.0003","0.0002","-0.0001","10.61","-180104.75","SELL","1","","","",25.0,-57.56,""
"2026-06-30","US3131488682","313148868","FAMCA","FAMCA","FEDERAL AGRICULTURAL MORTGAGE CORP","Agency","259951.0","252268.0","-7683.0","0.0004","0.0004","0.0","21.09","-162034.47","SELL","1","","","",25.0,-15.64,""
"2026-06-30","US06055H8714","06055H871","BAC-SS","BAC","BANK OF AMERICA CORP","Financial Institutions","1279469.0","1287515.0","8046.0","0.0019","0.0019","0.0","19.23","154724.58","BUY","1","","","",25.0,-23.08,""
"2026-06-30","US90187B8871","90187B887","TWO","TWO","TWO HARBORS INVESTMENT CORP","Financial Institutions","306283.0","310839.0","4556.0","0.0006","0.0006","0.0","24.39","111120.84","BUY","1","TWO",1762640,0.0,25.0,-2.44,0.0
"2026-06-30","US0605055831","060505583","BAC-1","BAC","BANK OF AMERICA CORPORATION PFD 1","Financial Institutions","717637.0","722173.0","4536.0","0.001","0.001","0.0","19.06","86456.16","BUY","1","","","",25.0,-23.76,""
"2026-06-30","US80349A8514","80349A851","SAR","SAR","SARATOGA INVESTMENT CORP","Financial Institutions","262450.0","259717.0","-2733.0","0.0005","0.0005","0.0","24.92","-68106.36","SELL","1","SAR",87937,0.0,25.0,-0.32,0.0
"2026-06-30","US0605058157","060505815","BAC-E","BAC","BANK OF AMERICA CORP PREF STOCK","Financial Institutions","546549.0","550005.0","3456.0","0.0008","0.0008","0.0","18.9","65318.4","BUY","1","BAC-PE",23069,0.1,25.0,-24.4,2.44
"2026-06-30","US0605056250","060505625","BAC-02","BAC","BANK OF AMERICA CORP","Financial Institutions","528050.0","531398.0","3348.0","0.0008","0.0007","-0.0001","18.5","61938.0","BUY","1","","","",25.0,-26.0,""
"2026-06-30","US0605055914","060505591","BAC","BAC","BANK OF AMERICA DEPOSITORY SHARES","Financial Institutions","360761.0","363029.0","2268.0","0.0006","0.0006","0.0","20.09","45564.12","BUY","1","BAC",38887347,0.0,25.0,-19.64,0.0
"2026-06-30","US14040H7742","14040H774","COF-K","COF","CAPITAL ONE FINANCIAL CORPORATION","Financial Institutions","314600.0","316598.0","1998.0","0.0004","0.0004","0.0","17.04","34045.92","BUY","1","COF-PK",17292,0.1,25.0,-31.84,3.18
"2026-06-30","US74460W6856","74460W685","PSA-F","PSA","PUBLIC STORAGE","Financial Institutions","737137.0","738555.0","1418.0","0.0011","0.0011","0.0","19.52","27679.36","BUY","1","PSA-PF",26630,0.1,25.0,-21.92,2.19
"2026-06-30","US5602923022","560292302","MHLD","MHLD","MAIDEN HOLDINGS LTD","Financial Institutions","282251.0","284033.0","1782.0","0.0002","0.0002","0.0","11.17","19904.94","BUY","1","","","",25.0,-55.32,""
"2026-06-30","US10922N2027","10922N202","BHF","BHF","BRIGHTHOUSE FINANCIAL INC","Financial Institutions","990895.0","990925.0","30.0","0.0012","0.0011","-0.0001","14.99","449.7","BUY","1","BHF",517353,0.0,25.0,-40.04,0.0
"2026-06-30","US34988VAF31","34988VAF3","FOSL","FOSL","FOSSIL GROUP INC","Industrial","1174925.0","1174925.0","0.0","0.0001","0.0001","0.0","73.9","0.0","UNCHANGED","1","","","","","",""
