"date","isin","cusip","ticker","ticker_raw","name","sector","prior_shares","today_shares","shares_delta","prior_weight","today_weight","weight_delta","price","dollar_flow","flow_type","gap_days","yahoo_ticker","adv_30d","overhang_days","par_value","price_vs_par_pct","signal_score"
"2026-06-15","-","-","USD","USD","USD CASH","Cash and/or Derivatives","-10308764.0","4516381.0","14825145.0","-0.0008","0.0003","0.0011","100.0","1482514500.0","UNCHANGED","4","","","","","",""
"2026-06-15","US0669224778","066922477","XTSLA","XTSLA","BLK CSH FND TREASURY SL AGENCY","Cash and/or Derivatives","40721041.0","108860123.0","68139082.0","0.003","0.0081","0.0051","1.0","68139082.0","UNCHANGED","4","","","","","",""
"2026-06-15","US7593518027","759351802","RGA","RGA","REINSURANCE GROUP OF AMERICA INCOR","Financial Institutions","1068434.0","0.0","-1068434.0","0.002","0.0","-0.002","25.33","-27063433.22","REMOVED","4","RGA",369501,2.9,25.0,1.32,0.0
"2026-06-15","KYG3730V1398","-","FTAI-C","FTAI","FTAI AVIATION FIXED RATE RESET C","Industrial","277479.0","0.0","-277479.0","0.0005","0.0","-0.0005","24.99","-6934200.21","REMOVED","4","","","",25.0,-0.04,""
"2026-06-15","US0970232049","097023204","BA","BA","BOEING CO","Industrial","7740359.0","7724303.0","-16056.0","0.0398","0.0408","0.001","71.4","-1146398.4","SELL","4","BA",6804188,0.0,25.0,185.6,0.0
"2026-06-15","US5949728530","594972853","STRC","MSTR","STRATEGY INC","Industrial","4596694.0","4587154.0","-9540.0","0.0331","0.0323","-0.0008","95.2","-908208.0","SELL","4","STRC",3604221,0.0,25.0,280.8,0.0
"2026-06-15","US68389X2045","68389X204","ORCL-D","ORCL","ORACLE CORPORATION","Industrial","6731050.0","6716650.0","-14400.0","0.0275","0.0279","0.0004","56.13","-808272.0","SELL","4","ORCL-PD",1157204,0.0,25.0,124.52,0.0
"2026-06-15","US9497468044","949746804","WFC-L","WFC","WELLS FARGO & COMPANY SERIES L","Financial Institutions","267153.0","266595.0","-558.0","0.0231","0.023","-0.0001","1167.0","-651186.0","SELL","4","WFC-PL",6243,0.1,1000.0,16.7,0.0
"2026-06-15","US42824C2089","42824C208","HPE-A","HPE","HEWLETT PACKARD ENTERPRISE CONV PR","Industrial","2020021.0","2015827.0","-4194.0","0.0181","0.0188","0.0007","125.75","-527395.5","SELL","4","","","",1000.0,-87.42,""
"2026-06-15","US0126532003","012653200","ALB","ALB","ALBEMARLE CORP","Industrial","3097373.0","3090947.0","-6426.0","0.0148","0.0155","0.0007","67.7","-435040.2","SELL","4","ALB",2109976,0.0,25.0,170.8,0.0
"2026-06-15","US0605056821","060505682","BAC-L","BAC","BANK OF AMERICA CORP","Financial Institutions","152722.0","152398.0","-324.0","0.014","0.014","0.0","1238.5","-401274.0","SELL","4","BAC-PL",7766,0.0,1000.0,23.85,0.0
"2026-06-15","US1730802014","173080201","C","C","CITIGROUP CAPITAL XIII","Financial Institutions","6049339.0","6036793.0","-12546.0","0.013","0.0129","-0.0001","28.8","-361324.8","SELL","4","C",11069889,0.0,25.0,15.2,0.0
"2026-06-15","US5950173022","595017302","MCHP","MCHP","MICROCHIP TECHNOLOGY INCORPORATED","Industrial","1998186.0","1994046.0","-4140.0","0.0117","0.0124","0.0007","83.94","-347511.6","SELL","4","MCHP",11623451,0.0,25.0,235.76,0.0
"2026-06-15","US65339F6557","65339F655","NEE-V","NEE","NEXTERA ENERGY INC","Utility","3097373.0","3090947.0","-6426.0","0.0108","0.0108","0.0","47.31","-304014.06","SELL","4","NEE-PV",508296,0.0,25.0,89.24,0.0
"2026-06-15","US48251W5004","48251W500","KKR-D","KKR","KKR & CO INC","Financial Institutions","3481250.0","3474032.0","-7218.0","0.0106","0.0107","0.0001","41.59","-300196.62","SELL","4","KKR-PD",172775,0.0,25.0,66.36,0.0
"2026-06-15","US65339F6631","65339F663","NEE-S","NEECU","NEXTERA ENERGY UNITS INC","Utility","2693382.0","2687802.0","-5580.0","0.0105","0.0105","0.0","53.03","-295907.4","SELL","4","NEE-PS",326596,0.0,25.0,112.12,0.0
"2026-06-15","US03769M3043","03769M304","APO","APO","APOLLO GLOBAL MANAGEMENT INC","Financial Institutions","1933788.0","1929774.0","-4014.0","0.0099","0.01","0.0001","69.83","-280297.62","SELL","4","APO",3266039,0.0,25.0,179.32,0.0
"2026-06-15","US8425878423","842587842","SO-A","SO","SOUTHERN COMPANY (THE)","Utility","2690684.0","2685104.0","-5580.0","0.0102","0.0098","-0.0004","49.35","-275373.0","SELL","4","SOPA",2859096,0.0,25.0,97.4,0.0
"2026-06-15","US48128B6487","48128B648","JPM-EE","JPM","JPMORGAN CHASE & CO","Financial Institutions","4982742.0","4972410.0","-10332.0","0.0094","0.0093","-0.0001","25.32","-261606.24","SELL","4","","","",25.0,1.28,""
"2026-06-15","US10950A2050","10950A205","BTSG","BTSG","BRIGHTSPRING HEALTH SERVICES UNITS","Industrial","537991.0","536875.0","-1116.0","0.0084","0.0084","0.0","211.66","-236212.56","SELL","4","BTSG",3295903,0.0,1000.0,-78.83,0.0
"2026-06-15","US48128B6552","48128B655","JPM-DD","JPM","JPMORGAN CHASE & CO","Financial Institutions","4568656.0","4559188.0","-9468.0","0.0082","0.0081","-0.0001","24.14","-228557.52","SELL","4","","","",25.0,-3.44,""
"2026-06-15","US94988U1512","94988U151","WFC-Z","WFC","WELLS FARGO & COMPANY","Financial Institutions","5373467.0","5362325.0","-11142.0","0.0074","0.0074","0.0","18.69","-208243.98","SELL","4","WFC-PZ",198499,0.1,25.0,-25.24,2.52
"2026-06-15","US65339F1194","65339F119","NEE-T","NEECV","NEXTERA ENERGY UNITS INC","Utility","2017374.0","2013198.0","-4176.0","0.0074","0.0074","0.0","49.68","-207463.68","SELL","4","NEE-PT",114195,0.0,25.0,98.72,0.0
"2026-06-15","US48128B5497","48128B549","JPM-LL","JPM","JPMORGAN CHASE NON-CUMULATIVE PREF","Financial Institutions","4963493.0","4953197.0","-10296.0","0.0069","0.0069","0.0","18.75","-193050.0","SELL","4","","","",25.0,-25.0,""
"2026-06-15","US48128B5232","48128B523","JPM-MM","JPM","JPMORGAN CHASE AND CO DS REPSTG T","Financial Institutions","5365984.0","5354860.0","-11124.0","0.0069","0.0068","-0.0001","17.27","-192111.48","SELL","4","","","",25.0,-30.92,""
"2026-06-15","US5949728878","594972887","STRK","MSTR","STRATEGY INC","Industrial","735279.0","732548.0","-2731.0","0.0039","0.0037","-0.0002","68.16","-186144.96","SELL","4","STRK",155811,0.0,25.0,172.64,0.0
"2026-06-15","US69331C3060","69331C306","PCG-A","PCG","PG&E CORPORATION","Utility","2164877.0","2160395.0","-4482.0","0.0067","0.0065","-0.0002","40.97","-183627.54","SELL","4","PCG-PA",5479,0.8,25.0,63.88,0.0
"2026-06-15","US03990B3096","03990B309","ARES-B","ARES","ARES MANAGEMENT CORP","Financial Institutions","2016825.0","2012649.0","-4176.0","0.0065","0.0064","-0.0001","43.18","-180319.68","SELL","4","ARES-PB",110721,0.0,25.0,72.72,0.0
"2026-06-15","US00206R7061","00206R706","T-C","T","AT&T INC","Industrial","4706117.0","4696361.0","-9756.0","0.0063","0.0062","-0.0001","17.88","-174437.28","SELL","4","T-PC",134832,0.1,25.0,-28.48,2.85
"2026-06-15","US5949728795","594972879","STRF","MSTR","STRATEGY INC","Industrial","677755.0","675955.0","-1800.0","0.0048","0.0047","-0.0001","94.55","-170190.0","SELL","4","STRF",106903,0.0,25.0,278.2,0.0
"2026-06-15","US1167942077","116794207","BRKR","BRKR","BRUKER CORPORATION","Industrial","185859.0","185481.0","-378.0","0.0057","0.0058","0.0001","420.4","-158911.2","SELL","4","BRKR",2783914,0.0,1000.0,-57.96,0.0
"2026-06-15","US69351T8669","69351T866","PPL","PPL","PPL CORPORATION","Utility","1545915.0","1542711.0","-3204.0","0.0056","0.0056","0.0","48.93","-156771.72","SELL","4","PPL",8719634,0.0,25.0,95.72,0.0
"2026-06-15","US48128B5802","48128B580","JPM-JJ","JPM","JPMORGAN CHASE DRC","Financial Institutions","4018043.0","4009709.0","-8334.0","0.0055","0.0055","0.0","18.45","-153762.3","SELL","4","","","",25.0,-26.2,""
"2026-06-15","US00206R3003","00206R300","T","T","AT&T INC","Industrial","3555494.0","3548114.0","-7380.0","0.0055","0.0055","0.0","20.76","-153208.8","SELL","4","T",39727953,0.0,25.0,-16.96,0.0
"2026-06-15","US14040H8245","14040H824","COF-I","COF","CAPITAL ONE FINANCIAL CORPORATION","Financial Institutions","4025313.0","4016961.0","-8352.0","0.0054","0.0054","0.0","18.1","-151171.2","SELL","4","COF-PI",118270,0.1,25.0,-27.6,2.76
"2026-06-15","US38144G8042","38144G804","GS-D","GS","GOLDMAN SACHS GROUP INC","Financial Institutions","3635983.0","3628441.0","-7542.0","0.0052","0.0051","-0.0001","19.02","-143448.84","SELL","4","GS-PD",114325,0.1,25.0,-23.92,2.39
"2026-06-15","US61762V8384","61762V838","MS-Q","MS","MORGAN STANLEY","Financial Institutions","2677538.0","2671994.0","-5544.0","0.0051","0.005","-0.0001","25.53","-141538.32","SELL","4","MS-PQ",54737,0.1,25.0,2.12,0.0
"2026-06-15","US61761J4067","61761J406","MS-I","MS","MORGAN STANLEY","Financial Institutions","2677298.0","2671754.0","-5544.0","0.0051","0.005","-0.0001","25.35","-140540.4","SELL","4","MS-PI",54971,0.1,25.0,1.4,0.0
"2026-06-15","US61762V8533","61762V853","MS-P","MS","MORGAN STANLEY DS REPRESENTING F","Financial Institutions","2693383.0","2687803.0","-5580.0","0.005","0.005","0.0","25.06","-139834.8","SELL","4","MS-PP",62385,0.1,25.0,0.24,0.0
"2026-06-15","US0605052291","060505229","BAC-GG","BAC","BANK OF AMERICA CORP","Financial Institutions","2677659.0","2672115.0","-5544.0","0.005","0.005","0.0","25.12","-139265.28","SELL","4","","","",25.0,0.48,""
"2026-06-15","US26441C5013","26441C501","DUK-A","DUK","DUKE ENERGY CORP","Utility","2687875.0","2682295.0","-5580.0","0.0049","0.0049","0.0","24.76","-138160.8","SELL","4","DUK-PA",60780,0.1,25.0,-0.96,0.1
"2026-06-15","US61762V6065","61762V606","MS-K","MS","MORGAN STANLEY","Financial Institutions","2693383.0","2687803.0","-5580.0","0.0047","0.0047","0.0","23.71","-132301.8","SELL","4","MS-PK",47211,0.1,25.0,-5.16,0.52
"2026-06-15","US0200028381","020002838","ALL-H","ALL","ALLSTATE CORPORATION (THE)","Financial Institutions","3090700.0","3084292.0","-6408.0","0.0046","0.0046","0.0","20.24","-129697.92","SELL","4","ALL-PH",76895,0.1,25.0,-19.04,1.9
"2026-06-15","US00206R5081","00206R508","T-A","T","AT&T INC","Industrial","3225163.0","3218467.0","-6696.0","0.0046","0.0046","0.0","19.16","-128295.36","SELL","4","T-PA",79859,0.1,25.0,-23.36,2.34
"2026-06-15","US61762V8616","61762V861","MS-O","MS","MORGAN STANLEY","Financial Institutions","3474911.0","3467711.0","-7200.0","0.0044","0.0044","0.0","17.08","-122976.0","SELL","4","MS-PO",128051,0.1,25.0,-31.68,3.17
"2026-06-15","US61763E2072","61763E207","MS-F","MS","MORGAN STANLEY","Financial Institutions","2304916.0","2300128.0","-4788.0","0.0044","0.0044","0.0","25.59","-122524.92","SELL","4","MS-PF",68222,0.1,25.0,2.36,0.0
"2026-06-15","US65339K8374","65339K837","NEE-U","NEE","NEXTERA ENERGY CAPITAL HOLDINGS IN","Utility","2345500.0","2340550.0","-4950.0","0.0043","0.0043","0.0","24.73","-122413.5","SELL","4","","","",25.0,-1.08,""
"2026-06-15","US14040H7825","14040H782","COF-J","COF","CAPITAL ONE FINANCIAL CORPORATION","Financial Institutions","3348856.0","3341908.0","-6948.0","0.0043","0.0043","0.0","17.46","-121312.08","SELL","4","COF-PJ",95580,0.1,25.0,-30.16,3.02
"2026-06-15","US06053U6010","06053U601","BAC-KK","BAC","BANK AMER DS REPRESENTING NON CU","Financial Institutions","2710326.0","2704710.0","-5616.0","0.0043","0.0043","0.0","21.38","-120070.08","SELL","4","","","",25.0,-14.48,""
"2026-06-15","US61762V2007","61762V200","MS-E","MS","MORGAN STANLEY DS","Financial Institutions","2272819.0","2268103.0","-4716.0","0.0043","0.0043","0.0","25.39","-119739.24","SELL","4","MS-PE",42477,0.1,25.0,1.56,0.0
"2026-06-15","US94988U1280","94988U128","WFC-AA","WFC","WELLS FARGO & COMPANY","Financial Institutions","3101117.0","3094691.0","-6426.0","0.0042","0.0042","0.0","18.51","-118945.26","SELL","4","","","",25.0,-25.96,""
"2026-06-15","US98389B8789","98389B878","XEL","XEL","XCEL ENERGY INC","Utility","2418725.0","2413775.0","-4950.0","0.0043","0.0043","0.0","23.9","-118305.0","SELL","4","XEL",5655264,0.0,25.0,-4.4,0.0
"2026-06-15","US61747S5047","61747S504","MS","MS","MORGAN STANLEY","Financial Institutions","2939352.0","2933250.0","-6102.0","0.0043","0.0042","-0.0001","19.37","-118195.74","SELL","4","MS",5607364,0.0,25.0,-22.52,0.0
"2026-06-15","CA67000B2030","67000B203","NOVTV","NOVT","NOVANTA TANGIBLE EQUITY UNITS INC","Industrial","849767.0","848003.0","-1764.0","0.0043","0.0042","-0.0001","66.31","-116970.84","SELL","4","","","",25.0,165.24,""
"2026-06-15","US04686J8615","04686J861","ATH-A","ATH","ATHENE HOLDING DS REPRESENTING P","Financial Institutions","2310212.0","2305424.0","-4788.0","0.0042","0.0041","-0.0001","24.22","-115965.36","SELL","4","ATH-PA",25230,0.2,25.0,-3.12,0.62
"2026-06-15","US95002Y4008","95002Y400","WFC-DD","WFC","WELLS FARGO & COMPANY","Financial Institutions","3311645.0","3304769.0","-6876.0","0.0041","0.0041","0.0","16.72","-114966.72","SELL","4","","","",25.0,-33.12,""
"2026-06-15","US1729672428","172967242","C-II","C","CITIGROUP INC","Financial Institutions","2154707.0","2150243.0","-4464.0","0.004","0.004","0.0","25.14","-112224.96","SELL","4","CPII",2302,1.9,25.0,0.56,0.0
"2026-06-15","US8425878001","842587800","SO","SO","SOUTHERN COMPANY (THE)","Utility","2682725.0","2677163.0","-5562.0","0.0039","0.0039","0.0","19.61","-109070.82","SELL","4","SO",5586238,0.0,25.0,-21.56,0.0
"2026-06-15","US0605051798","060505179","BAC-K","BAC","BANK OF AMERICA CORP","Financial Institutions","2056550.0","2052284.0","-4266.0","0.0039","0.0039","0.0","25.37","-108228.42","SELL","4","BAC-PK",49884,0.1,25.0,1.48,0.0
"2026-06-15","US55261F8648","55261F864","MTB-J","MTB","M T BK DEP INT PERP PFD STK SER J","Financial Institutions","2014906.0","2010730.0","-4176.0","0.0039","0.0039","0.0","25.9","-108158.4","SELL","4","MTB-PJ",44632,0.1,25.0,3.6,0.0
"2026-06-15","US9029731554","902973155","USB-B","USB","US BANCORP","Financial Institutions","2693383.0","2687803.0","-5580.0","0.0038","0.0037","-0.0001","18.74","-104569.2","SELL","4","","","",25.0,-25.04,""
"2026-06-15","US59156R8503","59156R850","MET-F","MET","METLIFE INC","Financial Institutions","2678935.0","2673373.0","-5562.0","0.0037","0.0037","0.0","18.62","-103564.44","SELL","4","MET-PF",103258,0.1,25.0,-25.52,2.55
"2026-06-15","US7593518852","759351885","RGA","RGA","REINSURANCE GROUP OF AMERICA INCOR","Financial Institutions","1879183.0","1875133.0","-4050.0","0.0036","0.0035","-0.0001","25.57","-103558.5","SELL","4","RGA",369501,0.0,25.0,2.28,0.0
"2026-06-15","US0357108705","035710870","NLY-F","NLY","ANNALY CAPITAL MANAGEMENT INC","Financial Institutions","1939256.0","1935242.0","-4014.0","0.0037","0.0037","0.0","25.59","-102718.26","SELL","4","NLY-PF",31037,0.1,25.0,2.36,0.0
"2026-06-15","US06055H2022","06055H202","BAC-LL","BAC","BANK OF AMERICA CORPORATION DEPOSI","Financial Institutions","2484226.0","2479078.0","-5148.0","0.0037","0.0037","0.0","19.92","-102548.16","SELL","4","","","",25.0,-20.32,""
"2026-06-15","US8085136005","808513600","SCHW-D","SCHW","CHARLES SCHWAB CORPORATION (THE)","Financial Institutions","2020022.0","2015828.0","-4194.0","0.0037","0.0036","-0.0001","24.43","-102459.42","SELL","4","SCHW-PD",46484,0.1,25.0,-2.28,0.23
"2026-06-15","US59156R8768","59156R876","MET-E","MET","METLIFE INC","Financial Institutions","2156347.0","2151883.0","-4464.0","0.0036","0.0036","0.0","22.35","-99770.4","SELL","4","MET-PE",62127,0.1,25.0,-10.6,1.06
"2026-06-15","US95002Y2028","95002Y202","WFC-CC","WFC","WELLS FARGO & COMPANY","Financial Institutions","2771942.0","2766200.0","-5742.0","0.0035","0.0035","0.0","17.25","-99049.5","SELL","4","","","",25.0,-31.0,""
"2026-06-15","US00775V1044","00775V104","AEGON","AEGON","AEGON FUNDING CORPORATION II","Financial Institutions","2491371.0","2486205.0","-5166.0","0.0035","0.0035","0.0","19.01","-98205.66","SELL","4","","","",25.0,-23.96,""
"2026-06-15","US48128B6222","48128B622","JPM-GG","JPM","JPMORGAN CHASE & CO","Financial Institutions","2400232.0","2395246.0","-4986.0","0.0034","0.0034","0.0","19.28","-96130.08","SELL","4","","","",25.0,-22.88,""
"2026-06-15","US89832Q6952","89832Q695","TFC-R","TFC","TRUIST FINANCIAL DRC CORP","Financial Institutions","2484009.0","2478861.0","-5148.0","0.0034","0.0034","0.0","18.36","-94517.28","SELL","4","TFC-PR",68571,0.1,25.0,-26.56,2.66
"2026-06-15","US3453708378","345370837","F","F","FORD MOTOR COMPANY","Industrial","2140749.0","2136303.0","-4446.0","0.0033","0.0032","-0.0001","20.42","-90787.32","SELL","4","F",72672977,0.0,25.0,-18.32,0.0
"2026-06-15","US94988U6560","94988U656","WFC-Y","WFC","WELLS FARGO & COMPANY","Financial Institutions","1858802.0","1854950.0","-3852.0","0.0032","0.0032","0.0","23.28","-89674.56","SELL","4","WFC-PY",38754,0.1,25.0,-6.88,0.69
"2026-06-15","US8168516040","816851604","SRE","SRE","SEMPRA ENERGY","Utility","2033871.0","2029659.0","-4212.0","0.0032","0.0031","-0.0001","20.95","-88241.4","SELL","4","SRE",3470282,0.0,25.0,-16.2,0.0
"2026-06-15","US65339K8606","65339K860","NEE-N","NEE","NEXTERA ENERGY CAPITAL HOLDINGS IN","Utility","1839530.0","1835714.0","-3816.0","0.0031","0.0031","0.0","22.98","-87691.68","SELL","4","","","",25.0,-8.08,""
"2026-06-15","US06055H8060","06055H806","BAC-QQ","BAC","BANK OF AMERICA CORP","Financial Institutions","2469830.0","2464700.0","-5130.0","0.0031","0.0031","0.0","17.04","-87415.2","SELL","4","","","",25.0,-31.84,""
"2026-06-15","US3453708451","345370845","F","F","FORD MOTOR COMPANY","Industrial","2006209.0","2002051.0","-4158.0","0.0032","0.0031","-0.0001","20.99","-87276.42","SELL","4","F",72672977,0.0,25.0,-16.04,0.0
"2026-06-15","US0200027888","020002788","ALL-J","ALL","ALLSTATE DEP REPSTG TH NON CUM PE","Financial Institutions","1604724.0","1601394.0","-3330.0","0.0031","0.0031","0.0","26.17","-87146.1","SELL","4","ALL-PJ",32291,0.1,25.0,4.68,0.0
"2026-06-15","US03769M2052","03769M205","APO","APO","APOLLO GLOBAL MANAGEMENT INC","Financial Institutions","1602925.0","1599595.0","-3330.0","0.003","0.003","0.0","25.56","-85114.8","SELL","4","APO",3266077,0.0,25.0,2.24,0.0
"2026-06-15","US65339K8291","65339K829","NEE-Z","NEE","NEXTERA ENERGY CAPITAL HOLDINGS IN","Utility","1605163.0","1601833.0","-3330.0","0.003","0.003","0.0","25.07","-83483.1","SELL","4","","","",25.0,0.28,""
"2026-06-15","US4932678430","493267843","KEY","KEY","KEYCORP","Financial Institutions","1609565.0","1606235.0","-3330.0","0.003","0.003","0.0","24.94","-83050.2","SELL","4","KEY",11554954,0.0,25.0,-0.24,0.0
"2026-06-15","US0605051954","060505195","BAC-HH","BAC","BANK OF AMERICA DEP REPRESENTING","Financial Institutions","1619283.0","1615917.0","-3366.0","0.003","0.0029","-0.0001","24.6","-82803.6","SELL","4","","","",25.0,-1.6,""
"2026-06-15","US00123Q8722","00123Q872","AGNC-F","AGNC","AGNC INVESTMENT CORP","Financial Institutions","1541853.0","1538649.0","-3204.0","0.0029","0.0029","0.0","25.31","-81093.24","SELL","4","","","",25.0,1.24,""
"2026-06-15","US2333317921","233331792","DTE-H","DTE","DTE ENERGY COMPANY","Utility","1610449.0","1607101.0","-3348.0","0.0029","0.0029","0.0","24.21","-81055.08","SELL","4","","","",25.0,-3.16,""
"2026-06-15","US38143Y6656","38143Y665","GS-A","GS","GOLDMAN SACHS GROUP INC","Financial Institutions","2011451.0","2007275.0","-4176.0","0.0029","0.0029","0.0","19.28","-80513.28","SELL","4","GS-PA",44981,0.1,25.0,-22.88,2.29
"2026-06-15","US48251W6093","48251W609","KKR-T","KKR","KKR & CO INC","Financial Institutions","1574720.0","1571462.0","-3258.0","0.0029","0.0029","0.0","24.52","-79886.16","SELL","4","","","",25.0,-1.92,""
"2026-06-15","US8425878670","842587867","SO","SO","SOUTHERN COMPANY (THE)","Utility","1511317.0","1508185.0","-3132.0","0.0029","0.0028","-0.0001","25.12","-78675.84","SELL","4","SO",5586238,0.0,25.0,0.48,0.0
"2026-06-15","US04686J8383","04686J838","ATH","ATH","ATHENE HOLDING LTD","Financial Institutions","1534588.0","1531402.0","-3186.0","0.0029","0.0028","-0.0001","24.61","-78407.46","SELL","4","","","",25.0,-1.56,""
"2026-06-15","US1258968452","125896845","CMS","CMS","CMS ENERGY CORPORATION","Utility","1690901.0","1687391.0","-3510.0","0.0028","0.0028","0.0","22.32","-78343.2","SELL","4","CMS",3091533,0.0,25.0,-10.72,0.0
"2026-06-15","US12542R3084","12542R308","CHSINC","CHSINC","CHS CUMULATIVE REDEEMABLE PREF CLA","Industrial","1438261.0","1435273.0","-2988.0","0.0028","0.0028","0.0","26.05","-77837.4","SELL","4","","","",25.0,4.2,""
"2026-06-15","US87165B2025","87165B202","SYF-A","SYF","SYNCHRONY FINANCIAL","Financial Institutions","2013846.0","2009796.0","-4050.0","0.0028","0.0028","0.0","19.0","-76950.0","SELL","4","SYF-PA",56195,0.1,25.0,-24.0,2.4
"2026-06-15","US21871X2080","21871X208","CRBG","CRBG","COREBRIDGE FINANCIAL INC","Financial Institutions","1616113.0","1612765.0","-3348.0","0.0027","0.0027","0.0","22.86","-76535.28","SELL","4","CRBG",6819110,0.0,25.0,-8.56,0.0
"2026-06-15","US82846H5046","82846H504","QXO","QXO","QXO INC","Industrial","771745.0","770143.0","-1602.0","0.0027","0.0027","0.0","47.45","-76014.9","SELL","4","QXO",15893478,0.0,25.0,89.8,0.0
"2026-06-15","US7838922018","783892201","EIX-M","EIX","SCE TRUST VII","Utility","1481393.0","1478315.0","-3078.0","0.0027","0.0027","0.0","24.61","-75749.58","SELL","4","","","",25.0,-1.56,""
"2026-06-15","US82452J3077","82452J307","FOUR","FOUR","SHIFT4 PAYMENTS INC","Industrial","673396.0","671992.0","-1404.0","0.0026","0.0027","0.0001","53.51","-75128.04","SELL","4","FOUR",1715508,0.0,25.0,114.04,0.0
"2026-06-15","US06055H4002","06055H400","BAC-NN","BAC","BANK OF AMERICA CORP","Financial Institutions","2041684.0","2037454.0","-4230.0","0.0027","0.0026","-0.0001","17.56","-74278.8","SELL","4","","","",25.0,-29.76,""
"2026-06-15","US12542R8034","12542R803","CHSINC","CHSINC","CHS INC","Industrial","1386887.0","1384007.0","-2880.0","0.0027","0.0026","-0.0001","25.55","-73584.0","SELL","4","","","",25.0,2.2,""
"2026-06-15","US3453708113","345370811","F","F","FORD MOTOR COMPANY","Industrial","1607832.0","1604502.0","-3330.0","0.0026","0.0026","0.0","22.09","-73559.7","SELL","4","F",72673209,0.0,25.0,-11.64,0.0
"2026-06-15","US59156R5046","59156R504","MET-A","MET","METLIFE INC","Financial Institutions","1608407.0","1605077.0","-3330.0","0.0026","0.0026","0.0","21.89","-72893.7","SELL","4","MET-PA",36635,0.1,25.0,-12.44,1.24
"2026-06-15","US8794337613","879433761","TDS-VV","TDS","TELEPHONE AND DATA SYSTEMS INC","Industrial","1849456.0","1845622.0","-3834.0","0.0026","0.0026","0.0","19.01","-72884.34","SELL","4","","","",25.0,-23.96,""
"2026-06-15","US05990K8412","05990K841","BANC-F","BANC","BANC OF CALIFORNIA INC","Financial Institutions","1382356.0","1379494.0","-2862.0","0.0026","0.0026","0.0","25.24","-72236.88","SELL","4","BANC-PF",28380,0.1,25.0,0.96,0.0
"2026-06-15","US0200023093","020002309","ALL","ALL","ALLSTATE CORPORATION (THE)","Financial Institutions","1339698.0","1336926.0","-2772.0","0.0026","0.0026","0.0","25.97","-71988.84","SELL","4","ALL",1646382,0.0,25.0,3.88,0.0
"2026-06-15","US87165B4005","87165B400","SYF-B","SYF","SYNCHRONY FINANCIAL","Financial Institutions","1343060.0","1340270.0","-2790.0","0.0026","0.0025","-0.0001","25.54","-71256.6","SELL","4","SYF-PB",36140,0.1,25.0,2.16,0.0
"2026-06-15","US7591EP8604","7591EP860","RF","RF","REGIONS FINANCIAL CORPORATION","Financial Institutions","1343098.0","1340308.0","-2790.0","0.0025","0.0025","0.0","25.42","-70921.8","SELL","4","RF",10977266,0.0,25.0,1.68,0.0
"2026-06-15","US8425878837","842587883","SO-C","SO","SOUTHERN COMPANY (THE)","Utility","2003936.0","1999778.0","-4158.0","0.0025","0.0025","0.0","16.96","-70519.68","SELL","4","","","",25.0,-32.16,""
"2026-06-15","US7443208050","744320805","PRU","PRU","PRUDENTIAL FINANCIAL INC","Financial Institutions","1521273.0","1518123.0","-3150.0","0.0025","0.0025","0.0","22.24","-70056.0","SELL","4","PRU",1942757,0.0,25.0,-11.04,0.0
"2026-06-15","US04686J5074","04686J507","ATH-E","ATH","ATHENE HLDG LTD DEP SHR REPSTG I","Financial Institutions","1332464.0","1329692.0","-2772.0","0.0025","0.0025","0.0","25.25","-69993.0","SELL","4","ATH-PE",46208,0.1,25.0,1.0,0.0
"2026-06-15","US4932677028","493267702","KEY-E","KEY","KEYCORP","Financial Institutions","1346662.0","1343872.0","-2790.0","0.0025","0.0025","0.0","25.06","-69917.4","SELL","4","","","",25.0,0.24,""
"2026-06-15","US9029737593","902973759","USB-K","USB","US BANCORP","Financial Institutions","1548741.0","1545537.0","-3204.0","0.0025","0.0025","0.0","21.8","-69847.2","SELL","4","","","",25.0,-12.8,""
"2026-06-15","US7591EP7044","7591EP704","RF-C","RF","REGIONS FINANCIAL CORPORATION","Financial Institutions","1342845.0","1340055.0","-2790.0","0.0024","0.0024","0.0","24.25","-67657.5","SELL","4","RF-PC",22061,0.1,25.0,-3.0,0.3
"2026-06-15","US89832Q7455","89832Q745","TFC-O","TFC","TRUIST FINANCIAL PERPETUAL PREF SE","Financial Institutions","1544272.0","1541068.0","-3204.0","0.0024","0.0024","0.0","20.93","-67059.72","SELL","4","TFC-PO",38237,0.1,25.0,-16.28,1.63
"2026-06-15","US55261F8499","55261F849","MTB-K","MTB","M&T BANK CORPORATION","Financial Institutions","1206925.0","1204225.0","-2700.0","0.0022","0.0022","0.0","24.67","-66609.0","SELL","4","MTB-PK",29281,0.1,25.0,-1.32,0.13
"2026-06-15","US12542R7044","12542R704","CHSINC","CHSINC","CHS RESET RATE CUMULATIVE REDEEMAB","Industrial","1314307.0","1311607.0","-2700.0","0.0024","0.0024","0.0","24.64","-66528.0","SELL","4","","","",25.0,-1.44,""
"2026-06-15","US9182842099","918284209","VSEC","VSEC","VSE CORP","Industrial","616613.0","615335.0","-1278.0","0.0023","0.0024","0.0001","51.75","-66136.5","SELL","4","VSEC",444550,0.0,25.0,107.0,0.0
"2026-06-15","US26441C4024","26441C402","DUK","DUK","DUKE ENERGY CORP","Utility","1342786.0","1339996.0","-2790.0","0.0024","0.0023","-0.0001","23.61","-65871.9","SELL","4","DUK",3181436,0.0,25.0,-5.56,0.0
"2026-06-15","US3167736053","316773605","FITB-I","FITB","FIFTH THIRD BANCORP DEPOSITARY SHA","Financial Institutions","1211954.0","1209434.0","-2520.0","0.0023","0.0023","0.0","25.85","-65142.0","SELL","4","FITB-PI",25472,0.1,25.0,3.4,0.0
"2026-06-15","US64828T7063","64828T706","RITM-D","RITM","NEW RESIDENTIAL INVESTMENT CORP","Financial Institutions","1252423.0","1249831.0","-2592.0","0.0023","0.0023","0.0","25.07","-64981.44","SELL","4","RITM-PD",30243,0.1,25.0,0.28,0.0
"2026-06-15","US9029737189","902973718","USB-M","USB","US BANCORP","Financial Institutions","1996850.0","1992710.0","-4140.0","0.0023","0.0023","0.0","15.64","-64749.6","SELL","4","","","",25.0,-37.44,""
"2026-06-15","US6494452021","649445202","FLG-A","FLG","NEW YORK COMMUNITY BANCORP INT FXD","Financial Institutions","1381462.0","1378600.0","-2862.0","0.0023","0.0023","0.0","22.61","-64709.82","SELL","4","FLG-PA",25183,0.1,25.0,-9.56,0.96
"2026-06-15","US0357108473","035710847","NLY-I","NLY","ANNALY CAPITAL MANAGEMENT INC","Financial Institutions","1191825.0","1189359.0","-2466.0","0.0023","0.0023","0.0","25.59","-63104.94","SELL","4","NLY-PI",37063,0.1,25.0,2.36,0.0
"2026-06-15","BMG1624R1079","-","BPY","BPY","BROOKFIELD PROPERTY PREFERRED PREF","Industrial","1807548.0","1803804.0","-3744.0","0.0022","0.0022","0.0","16.61","-62187.84","SELL","4","","","",25.0,-33.56,""
"2026-06-15","US8574778556","857477855","STT-G","STT","STATE STREET CORP","Financial Institutions","1346662.0","1343872.0","-2790.0","0.0022","0.0022","0.0","21.64","-60375.6","SELL","4","STT-PG",41962,0.1,25.0,-13.44,1.34
"2026-06-15","US06055H6080","06055H608","BAC-PP","BAC","BANK OF AMERICA DRC CORP","Financial Institutions","1725252.0","1721670.0","-3582.0","0.0021","0.0021","0.0","16.74","-59962.68","SELL","4","BAC-PP",54091,0.1,25.0,-33.04,3.3
"2026-06-15","US0357108622","035710862","NLY-G","NLY","ANNALY CAPITAL MANAGEMENT INC","Financial Institutions","1144633.0","1142257.0","-2376.0","0.0021","0.0021","0.0","25.1","-59637.6","SELL","4","NLY-PG",16223,0.1,25.0,0.4,0.0
"2026-06-15","US97650W7020","97650W702","WTFC-F","WTFC","WINTRUST FINANCIAL CORPORATION","Financial Institutions","1140575.0","1138325.0","-2250.0","0.0022","0.0022","0.0","26.3","-59175.0","SELL","4","","","",25.0,5.2,""
"2026-06-15","US14040H7585","14040H758","COF-L","COF","CAPITAL ONE FINANCIAL CORPORATION","Financial Institutions","1801060.0","1797334.0","-3726.0","0.0021","0.0021","0.0","15.84","-59019.84","SELL","4","COF-PL",57689,0.1,25.0,-36.64,3.66
"2026-06-15","US8085138654","808513865","SCHW-J","SCHW","CHARLES SCHWAB CORPORATION (THE)","Financial Institutions","1602851.0","1599521.0","-3330.0","0.0021","0.0021","0.0","17.63","-58707.9","SELL","4","SCHW-PJ",58807,0.1,25.0,-29.48,2.95
"2026-06-15","US0082528276","008252827","AMG","AMG","AFFILIATED MANAGERS GROUP INC.","Financial Institutions","1204520.0","1202018.0","-2502.0","0.0021","0.0021","0.0","23.43","-58621.86","SELL","4","AMG",321723,0.0,25.0,-6.28,0.0
"2026-06-15","US9633202059","963320205","WHR-A","WHR","WHIRLPOOL CORPORATION","Industrial","773674.0","772072.0","-1602.0","0.0021","0.0021","0.0","36.34","-58216.68","SELL","4","WHR-PA",224343,0.0,25.0,45.36,0.0
"2026-06-15","US3167738372","316773837","FITBM","FITB","FIFTH THIRD BANCORP DEPOSITARY SHA","Financial Institutions","1068916.0","1066702.0","-2214.0","0.0021","0.0021","0.0","26.23","-58073.22","SELL","4","FITBM",64867,0.0,25.0,4.92,0.0
"2026-06-15","US12542R5063","12542R506","CHSINC","CHSINC","CHS INC","Industrial","1118631.0","1116309.0","-2322.0","0.0021","0.0021","0.0","24.99","-58026.78","SELL","4","","","",25.0,-0.04,""
"2026-06-15","US00123Q8078","00123Q807","AGNC-E","AGNC","AGNC INVESTMENT CORP","Financial Institutions","1084021.0","1081771.0","-2250.0","0.0021","0.0021","0.0","25.62","-57645.0","SELL","4","","","",25.0,2.48,""
"2026-06-15","US1746106004","174610600","CFG-H","CFG","CITIZENS FINANCIAL GROUP INC","Financial Institutions","1068708.0","1066494.0","-2214.0","0.0021","0.002","-0.0001","25.85","-57231.9","SELL","4","CFG-PH",27543,0.1,25.0,3.4,0.0
"2026-06-15","US74460W5528","74460W552","PSA-L","PSA","PUBLIC STORAGE","Financial Institutions","1506737.0","1503605.0","-3132.0","0.002","0.002","0.0","18.14","-56814.48","SELL","4","PSA-PL",32811,0.1,25.0,-27.44,2.74
"2026-06-15","US3205178409","320517840","FHN-H","FHN","FIRST HORIZON CORP","Financial Institutions","1074216.0","1071984.0","-2232.0","0.002","0.002","0.0","25.2","-56246.4","SELL","4","FHN-PH",60763,0.0,25.0,0.8,0.0
"2026-06-15","US1746108083","174610808","CFG-I","CFG","CITIZENS FINANCIAL GROUP INC","Financial Institutions","1068518.0","1066304.0","-2214.0","0.002","0.002","0.0","25.36","-56147.04","SELL","4","CFG-PI",78659,0.0,25.0,1.44,0.0
"2026-06-15","US31959X4007","31959X400","FCNCA","FCNCA","FIRST CITIZENS BANCSHARES INC (DEL","Financial Institutions","1070172.0","1067958.0","-2214.0","0.002","0.002","0.0","24.85","-55017.9","SELL","4","FCNCA",65479,0.0,25.0,-0.6,0.0
"2026-06-15","US9029738666","902973866","USB-A","USB","US BANCORP","Financial Institutions","38398.0","38326.0","-72.0","0.0022","0.0022","0.0","763.5","-54972.0","SELL","4","USB-PA",510,0.1,1000.0,-23.65,2.36
"2026-06-15","US64828T5083","64828T508","RITM-C","RITM","NEW RESIDENTIAL INVESTMENT CORP","Financial Institutions","1070874.0","1068660.0","-2214.0","0.002","0.0019","-0.0001","24.54","-54331.56","SELL","4","RITM-PC",18720,0.1,25.0,-1.84,0.18
"2026-06-15","US61762V8046","61762V804","MS-L","MS","MORGAN STANLEY","Financial Institutions","1321639.0","1318903.0","-2736.0","0.0019","0.0019","0.0","19.78","-54118.08","SELL","4","MS-PL",27389,0.1,25.0,-20.88,2.09
"2026-06-15","US74460W4612","74460W461","PSA-P","PSA","PUBLIC STORAGE","Financial Institutions","1614526.0","1611178.0","-3348.0","0.0019","0.0019","0.0","15.74","-52697.52","SELL","4","PSA-PP",38066,0.1,25.0,-37.04,3.7
"2026-06-15","US87264A1051","87264A105","TMUS","TMUS","T-MOBILE USA INC","Industrial","1052514.0","1050336.0","-2178.0","0.0019","0.0019","0.0","23.88","-52010.64","SELL","4","TMUS",4667363,0.0,25.0,-4.48,0.0
"2026-06-15","US8425874042","842587404","SO","SO","SOUTHERN COMPANY (THE)","Utility","1199451.0","1196967.0","-2484.0","0.0019","0.0019","0.0","20.93","-51990.12","SELL","4","SO",5586392,0.0,25.0,-16.28,0.0
"2026-06-15","US4932678687","493267868","KEY-G","KEY","KEYCORP","Financial Institutions","1211954.0","1209434.0","-2520.0","0.0018","0.0018","0.0","20.58","-51861.6","SELL","4","","","",25.0,-17.68,""
"2026-06-15","US04686J4085","04686J408","ATH-D","ATH","ATHENE HOLDING DS REPRESENTING A","Financial Institutions","1532168.0","1528982.0","-3186.0","0.0019","0.0018","-0.0001","16.22","-51676.92","SELL","4","ATH-PD",36650,0.1,25.0,-35.12,3.51
"2026-06-15","US06055H8714","06055H871","BAC-SS","BAC","BANK OF AMERICA CORP","Financial Institutions","1293475.0","1290793.0","-2682.0","0.0018","0.0018","0.0","19.06","-51118.92","SELL","4","","","",25.0,-23.76,""
"2026-06-15","US8726521029","872652102","TPG","TPG","TPG OPERATING GROUP II LP","Financial Institutions","1071552.0","1069338.0","-2214.0","0.0018","0.0018","0.0","22.98","-50877.72","SELL","4","TPG",2139115,0.0,25.0,-8.08,0.0
"2026-06-15","US72348N3070","72348N307","PNFP-B","PNFP","PINNACLE FINANCIAL PARTNERS NON CU","Financial Institutions","939434.0","937490.0","-1944.0","0.0019","0.0018","-0.0001","26.15","-50835.6","SELL","4","PNFP-PB",38442,0.1,25.0,4.6,0.0
"2026-06-15","US0158578080","015857808","AQNCN","AQNCN","ALGONQUIN POWER & UTILITIES CORP","Utility","942661.0","940699.0","-1962.0","0.0018","0.0018","0.0","25.62","-50266.44","SELL","4","","","",25.0,2.48,""
"2026-06-15","US4932678760","493267876","KEY-F","KEY","KEYCORP","Financial Institutions","1144633.0","1142257.0","-2376.0","0.0018","0.0018","0.0","20.71","-49206.96","SELL","4","","","",25.0,-17.16,""
"2026-06-15","US00123Q8318","00123Q831","AGNC-H","AGNC","AGNC INVESTMENT CORP","Financial Institutions","929188.0","927262.0","-1926.0","0.0018","0.0017","-0.0001","25.44","-48997.44","SELL","4","","","",25.0,1.76,""
"2026-06-15","US62913M2061","62913M206","NGL-B","NGL","NGL ENERGY PARTNERS LP","Industrial","912122.0","910232.0","-1890.0","0.0018","0.0017","-0.0001","25.89","-48932.1","SELL","4","NGL-PB",15693,0.1,25.0,3.56,0.0
"2026-06-15","US8935266812","893526681","TRPCN","TRPCN","TRANSCANADA PIPELINES LTD","Industrial","996547.0","994477.0","-2070.0","0.0018","0.0017","-0.0001","23.6","-48852.0","SELL","4","","","",25.0,-5.6,""
"2026-06-15","US8794337878","879433787","TDS-UU","TDS","TELEPHONE DATA SYS DRC INC","Industrial","1127314.0","1124974.0","-2340.0","0.0018","0.0017","-0.0001","20.85","-48789.0","SELL","4","","","",25.0,-16.6,""
"2026-06-15","US4165186036","416518603","HIG-G","HIG","HARTFORD FINANCIAL SERVICES GROUP","Financial Institutions","929154.0","927228.0","-1926.0","0.0017","0.0017","0.0","24.94","-48034.44","SELL","4","HIG-PG",16294,0.1,25.0,-0.24,0.02
"2026-06-15","US00123Q5009","00123Q500","AGNC-C","AGNC","AGNC INVESTMENT CORP","Financial Institutions","875284.0","873466.0","-1818.0","0.0017","0.0017","0.0","25.92","-47122.56","SELL","4","","","",25.0,3.68,""
"2026-06-15","US87264A3032","87264A303","TMUS","TMUS","T-MOBILE USA INC","Industrial","1075338.0","1073106.0","-2232.0","0.0017","0.0017","0.0","21.03","-46938.96","SELL","4","TMUS",4667363,0.0,25.0,-15.88,0.0
"2026-06-15","US8629452017","862945201","ASSE-A","ASSE","STRIVE INC","Industrial","223499.0","223031.0","-468.0","0.0016","0.0017","0.0001","100.01","-46804.68","SELL","4","","","",1000.0,-90.0,""
"2026-06-15","US12542R2094","12542R209","CHSINC","CHSINC","CHS INC. (8% CUMULATIVE REDEEMABLE","Industrial","814801.0","813109.0","-1692.0","0.0017","0.0017","0.0","27.53","-46580.76","SELL","4","","","",25.0,10.12,""
"2026-06-15","US87264A2042","87264A204","TMUS","TMUS","T-MOBILE USA INC","Industrial","1058976.0","1056780.0","-2196.0","0.0017","0.0017","0.0","21.2","-46555.2","SELL","4","TMUS",4667372,0.0,25.0,-15.2,0.0
"2026-06-15","US80620A2087","80620A208","EIX-N","EIX","SCE TRUST VIII","Utility","942604.0","940642.0","-1962.0","0.0017","0.0016","-0.0001","23.69","-46479.78","SELL","4","","","",25.0,-5.24,""
"2026-06-15","US2333318598","233331859","DTE-E","DTE","DTE ENERGY COMPANY","Utility","1066565.0","1064351.0","-2214.0","0.0017","0.0016","-0.0001","20.93","-46339.02","SELL","4","","","",25.0,-16.28,""
"2026-06-15","US29364D1000","29364D100","ETR","ETR","ENTERGY ARKANSAS LLC","Utility","1104214.0","1101928.0","-2286.0","0.0017","0.0016","-0.0001","20.05","-45834.3","SELL","4","ETR",3953273,0.0,25.0,-19.8,0.0
"2026-06-15","US7443208886","744320888","PRU","PRU","PRUDENTIAL FINANCIAL INC","Financial Institutions","1346225.0","1343435.0","-2790.0","0.0016","0.0016","0.0","16.4","-45756.0","SELL","4","PRU",1942757,0.0,25.0,-34.4,0.0
"2026-06-15","US14314C1053","14314C105","CG","CG","CARLYLE FINANCE LLC","Financial Institutions","1346303.0","1343513.0","-2790.0","0.0016","0.0016","0.0","16.31","-45504.9","SELL","4","CG",3325635,0.0,25.0,-34.76,0.0
"2026-06-15","US4461507737","446150773","HBAN-J","HBAN","HUNTINGTON BANCSHARES INC","Financial Institutions","871921.0","870121.0","-1800.0","0.0016","0.0016","0.0","25.16","-45288.0","SELL","4","","","",25.0,0.64,""
"2026-06-15","US1746104025","174610402","CFG-E","CFG","CITIZENS FINANCIAL GROUP INC","Financial Institutions","1199700.0","1197216.0","-2484.0","0.0016","0.0016","0.0","18.22","-45258.48","SELL","4","CFG-PE",46027,0.1,25.0,-27.12,2.71
"2026-06-15","US78410V2007","78410V200","SCE-L","EIX","SCE TRUST VI","Financial Institutions","1279110.0","1276464.0","-2646.0","0.0017","0.0016","-0.0001","17.09","-45220.14","SELL","4","SCE-PL",19571,0.1,25.0,-31.64,3.16
"2026-06-15","US74965L2007","74965L200","RLJ-A","RLJ","RLJ LODGING .95 CUMULATIVE CONVERT","Financial Institutions","867230.0","865430.0","-1800.0","0.0016","0.0016","0.0","25.05","-45090.0","SELL","4","RLJ-PA",18691,0.1,25.0,0.2,0.0
"2026-06-15","US4461508230","446150823","HBAN-H","HBAN","HUNTINGTON BANCSHARES DRC INC","Financial Institutions","1335550.0","1332778.0","-2772.0","0.0016","0.0016","0.0","16.21","-44934.12","SELL","4","","","",25.0,-35.16,""
"2026-06-15","US03939A4040","03939A404","ACGL-G","ACGL","ARCH CAPITAL GROUP LTD.","Financial Institutions","1338218.0","1335446.0","-2772.0","0.0016","0.0016","0.0","16.21","-44934.12","SELL","4","","","",25.0,-35.16,""
"2026-06-15","US9027884058","902788405","UMBF","UMBF","UMB FINANCIAL CORPORATION","Financial Institutions","808030.0","806356.0","-1674.0","0.0016","0.0016","0.0","26.8","-44863.2","SELL","4","UMBF",605305,0.0,25.0,7.2,0.0
"2026-06-15","US48253M1045","48253M104","KKR","KKR","KKR GROUP FINANCE CO IX LLC","Financial Institutions","1347179.0","1344479.0","-2700.0","0.0016","0.0016","0.0","16.35","-44145.0","SELL","4","KKR",4591979,0.0,25.0,-34.6,0.0
"2026-06-15","US9029736686","902973668","USB-O","USB","US BANCORP","Financial Institutions","1196505.0","1194021.0","-2484.0","0.0016","0.0016","0.0","17.66","-43867.44","SELL","4","","","",25.0,-29.36,""
"2026-06-15","US16934Q4064","16934Q406","CIM-B","CIM","CHIMERA INVESTMENT CORP","Financial Institutions","875280.0","873462.0","-1818.0","0.0016","0.0015","-0.0001","23.7","-43086.6","SELL","4","CIM-PB",26911,0.1,25.0,-5.2,0.52
"2026-06-15","US05580M8192","05580M819","RILYI","RILY","B. RILEY FINANCIAL INC","Financial Institutions","1026277.0","1024153.0","-2124.0","0.0015","0.0015","0.0","19.92","-42310.08","SELL","4","","","",25.0,-20.32,""
"2026-06-15","US0256768591","025676859","ANGINC","ANGINC","AMERICAN NATIONAL GROUP INC","Financial Institutions","808030.0","806356.0","-1674.0","0.0015","0.0015","0.0","24.68","-41314.32","SELL","4","","","",25.0,-1.28,""
"2026-06-15","US0454876006","045487600","ASB","ASB","ASSOCIATED BANC-CORP","Financial Institutions","802610.0","800954.0","-1656.0","0.0015","0.0015","0.0","24.8","-41068.8","SELL","4","ASB",1700389,0.0,25.0,-0.8,0.0
"2026-06-15","US9029737346","902973734","USB-L","USB","US BANCORP","Financial Institutions","1328400.0","1325646.0","-2754.0","0.0015","0.0015","0.0","14.91","-41062.14","SELL","4","","","",25.0,-40.36,""
"2026-06-15","US6658598569","665859856","NTRS-E","NTRS","NORTHERN TRUST CORPORATION","Financial Institutions","1077380.0","1075148.0","-2232.0","0.0015","0.0015","0.0","18.37","-41001.84","SELL","4","","","",25.0,-26.52,""
"2026-06-15","US5949728613","594972861","STRD","MSTR","STRATEGY INC","Industrial","734348.0","733749.0","-599.0","0.0037","0.0037","0.0","68.23","-40869.77","SELL","4","STRD",116768,0.0,25.0,172.92,0.0
"2026-06-15","US9576384062","957638406","WAL-A","WAL","WESTERN ALLIANCE BANCORP","Financial Institutions","808030.0","806356.0","-1674.0","0.0014","0.0014","0.0","23.94","-40075.56","SELL","4","WAL-PA",25989,0.1,25.0,-4.24,0.42
"2026-06-15","US9030025095","903002509","UMH-D","UMH","UMH PROPERTIES INC","Financial Institutions","874091.0","872273.0","-1818.0","0.0014","0.0014","0.0","22.04","-40068.72","SELL","4","UMH-PD",18361,0.1,25.0,-11.84,1.18
"2026-06-15","US64828T4094","64828T409","RITM-B","RITM","NEW RESIDENTIAL INVESTMENT CORP","Financial Institutions","758297.0","756731.0","-1566.0","0.0014","0.0014","0.0","25.2","-39463.2","SELL","4","RITM-PB",21957,0.1,25.0,0.8,0.0
"2026-06-15","US3196263053","319626305","FCNCA","FCNCA","FIRST CITIZENS BANCSHARES INC.","Financial Institutions","924424.0","922498.0","-1926.0","0.0014","0.0014","0.0","20.34","-39174.84","SELL","4","FCNCA",65479,0.0,25.0,-18.64,0.0
"2026-06-15","US10922N7075","10922N707","BHF-C","BHF","BRIGHTHOUSE FINANCIAL INC","Financial Institutions","1537495.0","1534309.0","-3186.0","0.0014","0.0014","0.0","12.29","-39155.94","SELL","4","","","",25.0,-50.84,""
"2026-06-15","US0357108218","035710821","NLY-J","NLY","ANNALY CAPITAL MANAGEMENT INC","Financial Institutions","740710.0","739180.0","-1530.0","0.0014","0.0014","0.0","25.48","-38984.4","SELL","4","NLY-PJ",64258,0.0,25.0,1.92,0.0
"2026-06-15","US9290892093","929089209","VOYA-B","VOYA","VOYA FINANCIAL INC","Financial Institutions","802426.0","800770.0","-1656.0","0.0014","0.0014","0.0","23.48","-38882.88","SELL","4","VOYA-PB",15799,0.1,25.0,-6.08,0.61
"2026-06-15","US2538688225","253868822","DLR-L","DLR","DIGITAL REALTY TRUST INC","Financial Institutions","929188.0","927262.0","-1926.0","0.0014","0.0014","0.0","20.03","-38577.78","SELL","4","DLR-PL",18329,0.1,25.0,-19.88,1.99
"2026-06-15","US7443208704","744320870","PRU","PRU","PRUDENTIAL FINANCIAL INC","Financial Institutions","807735.0","806061.0","-1674.0","0.0014","0.0014","0.0","22.99","-38485.26","SELL","4","PRU",1942757,0.0,25.0,-8.04,0.0
"2026-06-15","US74460W4208","74460W420","PSA-R","PSA","PUBLIC STORAGE","Financial Institutions","1159931.0","1157519.0","-2412.0","0.0014","0.0013","-0.0001","15.7","-37868.4","SELL","4","PSA-PR",27971,0.1,25.0,-37.2,3.72
"2026-06-15","US91529Y6014","91529Y601","UNM","UNM","UNUM GROUP","Financial Institutions","802226.0","800570.0","-1656.0","0.0013","0.0013","0.0","22.5","-37260.0","SELL","4","UNM",1171655,0.0,25.0,-10.0,0.0
"2026-06-15","US14040H7338","14040H733","COF-N","COF","CAPITAL ONE FINL DS REPSTG TH PRF","Financial Institutions","1127417.0","1125077.0","-2340.0","0.0013","0.0013","0.0","15.44","-36129.6","SELL","4","COF-PN",45942,0.1,25.0,-38.24,3.82
"2026-06-15","US7591EP8869","7591EP886","RF-E","RF","REGIONS FINL DRC CORP","Financial Institutions","1068949.0","1066735.0","-2214.0","0.0013","0.0013","0.0","16.14","-35733.96","SELL","4","RF-PE",39129,0.1,25.0,-35.44,3.54
"2026-06-15","US25525P2065","25525P206","DHC","DHC","DIVERSIFIED HEALTHCARE .625% SENIO","Financial Institutions","942604.0","940642.0","-1962.0","0.0013","0.0013","0.0","18.15","-35610.3","SELL","4","DHC",1828499,0.0,25.0,-27.4,0.0
"2026-06-15","US4440973075","444097307","HPP-C","HPP","HUDSON PACIFIC PROPERTIES INC","Financial Institutions","1144633.0","1142257.0","-2376.0","0.0013","0.0013","0.0","14.88","-35354.88","SELL","4","HPP-PC",7459,0.3,25.0,-40.48,12.14
"2026-06-15","US10922N3017","10922N301","BHF-A","BHF","BRIGHTHOUSE FINANCIAL INC","Financial Institutions","1135396.0","1133038.0","-2358.0","0.0013","0.0013","0.0","14.98","-35322.84","SELL","4","","","",25.0,-40.08,""
"2026-06-15","US04686J2006","04686J200","ATH-B","ATH","ATHENE HLDG DRC LTD","Financial Institutions","915129.0","913239.0","-1890.0","0.0013","0.0013","0.0","18.67","-35286.3","SELL","4","ATH-PB",21400,0.1,25.0,-25.32,2.53
"2026-06-15","US03939A1079","03939A107","ACGL-F","ACGL","ARCH CAPITAL GROUP LTD.","Financial Institutions","881937.0","880101.0","-1836.0","0.0013","0.0013","0.0","19.21","-35269.56","SELL","4","","","",25.0,-23.16,""
"2026-06-15","US55261F8721","55261F872","MTB-H","MTB","M AND T BANK PERPETUAL FIXED TO FL","Financial Institutions","673255.0","671851.0","-1404.0","0.0013","0.0012","-0.0001","25.0","-35100.0","SELL","4","MTB-PH",17196,0.1,25.0,0.0,0.0
"2026-06-15","US55272X5086","55272X508","MFA-C","MFA","MFA FINANCIAL INC","Financial Institutions","740710.0","739180.0","-1530.0","0.0013","0.0012","-0.0001","22.85","-34960.5","SELL","4","MFA-PC",21597,0.1,25.0,-8.6,0.86
"2026-06-15","US90187B3096","90187B309","TWO-B","TWO","TWO HARBORS INVESTMENT CORP","Financial Institutions","683999.0","682577.0","-1422.0","0.0012","0.0012","0.0","24.58","-34952.76","SELL","4","TWO-PB",13590,0.1,25.0,-1.68,0.17
"2026-06-15","US1258968528","125896852","CMS","CMS","CMS ENERGY CORPORATION","Utility","748239.0","746691.0","-1548.0","0.0012","0.0012","0.0","22.34","-34582.32","SELL","4","CMS",3091563,0.0,25.0,-10.64,0.0
"2026-06-15","US11271L1026","11271L102","BNCN","BNCN","BROOKFIELD FINANCE INC","Financial Institutions","1077380.0","1075148.0","-2232.0","0.0012","0.0012","0.0","15.45","-34484.4","SELL","4","","","",25.0,-38.2,""
"2026-06-15","US10922N5095","10922N509","BHF-B","BHF","BRIGHTHOUSE FINANCIAL INC","Financial Institutions","1075142.0","1072910.0","-2232.0","0.0012","0.0012","0.0","15.36","-34283.52","SELL","4","","","",25.0,-38.56,""
"2026-06-15","US88224Q3056","88224Q305","TCBI-B","TCBI","TEXAS CAP BANCSHARES DRC INC","Financial Institutions","801688.0","800032.0","-1656.0","0.0012","0.0012","0.0","20.7","-34279.2","SELL","4","","","",25.0,-17.2,""
"2026-06-15","US64828T8889","64828T888","RITM-F","RITM","RITHM CAPITAL CORP","Financial Institutions","673255.0","671851.0","-1404.0","0.0012","0.0012","0.0","24.29","-34103.16","SELL","4","RITM-PF",42456,0.0,25.0,-2.84,0.0
"2026-06-15","US74460W6443","74460W644","PSA-H","PSA","PUBLIC STORAGE","Financial Institutions","759390.0","757824.0","-1566.0","0.0012","0.0012","0.0","21.74","-34044.84","SELL","4","PSA-PH",19754,0.1,25.0,-13.04,1.3
"2026-06-15","US8805913006","880591300","TVA-D","TVA","TENN VALLEY AUTHORITY","Agency","685117.0","683695.0","-1422.0","0.0012","0.0012","0.0","23.93","-34028.46","SELL","4","","","",25.0,-4.28,""
"2026-06-15","US0082528508","008252850","AMG","AMG","AFFILIATED MANAGERS GROUP INC.","Financial Institutions","803423.0","801749.0","-1674.0","0.0012","0.0012","0.0","20.11","-33664.14","SELL","4","AMG",321725,0.0,25.0,-19.56,0.0
"2026-06-15","US90187B5075","90187B507","TWO-C","TWO","TWO HARBORS INVESTMENT CORP","Financial Institutions","650507.0","649157.0","-1350.0","0.0012","0.0012","0.0","24.83","-33520.5","SELL","4","TWO-PC",36327,0.0,25.0,-0.68,0.0
"2026-06-15","US74460W6286","74460W628","PSA-I","PSA","PUBLIC STORAGE REPSTG TH BEN INT","Financial Institutions","842410.0","840664.0","-1746.0","0.0012","0.0012","0.0","19.02","-33208.92","SELL","4","PSA-PI",13909,0.1,25.0,-23.92,2.39
"2026-06-15","US10922N2027","10922N202","BHF","BHF","BRIGHTHOUSE FINANCIAL INC","Financial Institutions","1001705.0","999635.0","-2070.0","0.0012","0.0012","0.0","16.0","-33120.0","SELL","4","BHF",506140,0.0,25.0,-36.0,0.0
"2026-06-15","US74460W6690","74460W669","PSA-G","PSA","PUBLIC STORAGE","Financial Institutions","799085.0","797429.0","-1656.0","0.0012","0.0012","0.0","19.98","-33086.88","SELL","4","PSA-PG",15944,0.1,25.0,-20.08,2.01
"2026-06-15","US00123Q6098","00123Q609","AGNC-D","AGNC","AGNC INVESTMENT CORP","Financial Institutions","632920.0","631606.0","-1314.0","0.0012","0.0012","0.0","25.18","-33086.52","SELL","4","","","",25.0,0.72,""
"2026-06-15","US48251K2096","48251K209","KREF-A","KREF","KKR REAL ESTATE FINANCE TRUST INC","Financial Institutions","882665.0","880829.0","-1836.0","0.0012","0.0012","0.0","18.0","-33048.0","SELL","4","KREF-PA",19637,0.1,25.0,-28.0,2.8
"2026-06-15","US16934Q5053","16934Q505","CIM-C","CIM","CHIMERA INVESTMENT CORP","Financial Institutions","700241.0","698783.0","-1458.0","0.0012","0.0012","0.0","22.44","-32717.52","SELL","4","CIM-PC",16998,0.1,25.0,-10.24,1.02
"2026-06-15","US9508108878","950810887","WSBC-B","WSBC","WESBANCO INC","Financial Institutions","614208.0","612930.0","-1278.0","0.0012","0.0012","0.0","25.53","-32627.34","SELL","4","","","",25.0,2.12,""
"2026-06-15","US6374321056","637432105","NRUC-US","NRUC","NATIONAL RURAL UTILITIES COOPERATI","Utility","667650.0","666264.0","-1386.0","0.0012","0.0012","0.0","23.49","-32557.14","SELL","4","","","",25.0,-6.04,""
"2026-06-15","US3733344408","373334440","SO","SO","GEORGIA POWER COMPANY","Utility","721098.0","719604.0","-1494.0","0.0012","0.0012","0.0","21.75","-32494.5","SELL","4","SO",5586414,0.0,25.0,-13.0,0.0
"2026-06-15","BMG053842040","-","AHL","AHL","ASPEN INSURANCE HOLDINGS LTD","Financial Institutions","810848.0","809174.0","-1674.0","0.0012","0.0012","0.0","19.25","-32224.5","SELL","4","","","",25.0,-23.0,""
"2026-06-15","US0844238057","084423805","WRB","WRB","WR BERKLEY CORPORATION","Financial Institutions","803254.0","801580.0","-1674.0","0.0011","0.0011","0.0","18.88","-31605.12","SELL","4","WRB",2087395,0.0,25.0,-24.48,0.0
"2026-06-15","US9290428286","929042828","VNO-M","VNO","VORNADO REALTY TRUST","Financial Institutions","860522.0","858740.0","-1782.0","0.0011","0.0011","0.0","17.65","-31452.3","SELL","4","VNO-PM",17642,0.1,25.0,-29.4,2.94
"2026-06-15","US58844R8503","58844R850","MBIN","MBIN","MERCHANTS BANCORP","Financial Institutions","614006.0","612728.0","-1278.0","0.0011","0.0011","0.0","24.57","-31400.46","SELL","4","MBIN",112690,0.0,25.0,-1.72,0.0
"2026-06-15","US0200028126","020002812","ALL-I","ALL","ALLSTATE CORPORATION (THE)","Financial Institutions","795976.0","794320.0","-1656.0","0.0011","0.0011","0.0","18.82","-31165.92","SELL","4","ALL-PI",21304,0.1,25.0,-24.72,2.47
"2026-06-15","US74460W6856","74460W685","PSA-F","PSA","PUBLIC STORAGE DS REPRESENTING TH","Financial Institutions","745221.0","743673.0","-1548.0","0.0011","0.0011","0.0","20.11","-31130.28","SELL","4","PSA-PF",16066,0.1,25.0,-19.56,1.96
"2026-06-15","US2836782092","283678209","KMI","KMI","EL PASO ENERGY CAPITAL TRUST I","Industrial","294297.0","293685.0","-612.0","0.0011","0.0011","0.0","50.3","-30783.6","SELL","4","KMI",9244203,0.0,25.0,101.2,0.0
"2026-06-15","US3193836000","319383600","BUSE-B","BUSE","FIRST BUSEY CORPORATION","Financial Institutions","573823.0","572635.0","-1188.0","0.0011","0.0011","0.0","25.88","-30745.44","SELL","4","","","",25.0,3.52,""
"2026-06-15","US72348N5059","72348N505","PNFP-C","PNFP","PINNACLE FINANCIAL PARTNERS DEPOSI","Financial Institutions","602434.0","601192.0","-1242.0","0.0011","0.0011","0.0","24.64","-30602.88","SELL","4","PNFP-PC",9725,0.1,25.0,-1.44,0.14
"2026-06-15","BMG053841703","-","AHL","AHL","ASPEN INSURANCE HOLDINGS LTD","Financial Institutions","600544.0","599302.0","-1242.0","0.0011","0.0011","0.0","24.22","-30081.24","SELL","4","","","",25.0,-3.12,""
"2026-06-15","US29364W1080","29364W108","ETR","ETR","ENTERGY LOUISIANA LLC","Utility","720541.0","719047.0","-1494.0","0.0011","0.0011","0.0","20.02","-29909.88","SELL","4","ETR",3953273,0.0,25.0,-19.92,0.0
"2026-06-15","US63938C4050","63938C405","NAVI","NAVI","NAVIENT PRCNT SENIOR NOTES EXP D","Financial Institutions","800655.0","798999.0","-1656.0","0.0011","0.0011","0.0","18.06","-29907.36","SELL","4","NAVI",1109031,0.0,25.0,-27.76,0.0
"2026-06-15","US29364N1081","29364N108","ETR","ETR","ENTERGY MISSISSIPPI INC","Utility","693790.0","692350.0","-1440.0","0.0011","0.0011","0.0","20.67","-29764.8","SELL","4","ETR",3953273,0.0,25.0,-17.32,0.0
"2026-06-15","US9290428104","929042810","VNO-N","VNO","VORNADO REALTY TRUST 5.4% CUM RED","Financial Institutions","808031.0","806357.0","-1674.0","0.0011","0.0011","0.0","17.77","-29746.98","SELL","4","VNO-PN",19040,0.1,25.0,-28.92,2.89
"2026-06-15","US49446R7118","49446R711","KIM-M","KIM","KIMCO RLTY DS REPRESENTING CLASS","Financial Institutions","704680.0","703222.0","-1458.0","0.0011","0.001","-0.0001","20.13","-29349.54","SELL","4","KIM-PM",15299,0.1,25.0,-19.48,1.95
"2026-06-15","US9290428443","929042844","VNO-L","VNO","VORNADO REALTY TRUST","Financial Institutions","808031.0","806357.0","-1674.0","0.0011","0.001","-0.0001","17.5","-29295.0","SELL","4","VNO-PL",25597,0.1,25.0,-30.0,3.0
"2026-06-15","US0605055831","060505583","BAC-1","BAC","BANK OF AMERICA CORPORATION PFD 1","Financial Institutions","725533.0","724021.0","-1512.0","0.0011","0.001","-0.0001","19.34","-29242.08","SELL","4","","","",25.0,-22.64,""
"2026-06-15","US25401T3068","25401T306","DBRG-J","DBRG","DIGITALBRIDGE GROUP INC","Financial Institutions","775860.0","774060.0","-1800.0","0.0009","0.0009","0.0","16.0","-28800.0","SELL","4","DBRG-PJ",79665,0.0,25.0,-36.0,0.0
"2026-06-15","US25406P2002","25406P200","DDS","DDS","DILLARDS CAP TR I CAP SECS 7.5%","Industrial","533546.0","532448.0","-1098.0","0.001","0.001","0.0","26.15","-28712.7","SELL","4","DDS",124297,0.0,25.0,4.6,0.0
"2026-06-15","US1170436042","117043604","BC","BC","BRUNSWICK CORPORATION","Industrial","573558.0","572370.0","-1188.0","0.001","0.001","0.0","24.11","-28642.68","SELL","4","BC",566442,0.0,25.0,-3.56,0.0
"2026-06-15","US35243J2006","35243J200","FBRT-E","FBRT","FRANKLIN BSP REALTY TRUST CUMULA","Financial Institutions","695483.0","694043.0","-1440.0","0.001","0.001","0.0","19.78","-28483.2","SELL","4","FBRT-PE",17798,0.1,25.0,-20.88,2.09
"2026-06-15","US6378702053","637870205","NSA-A","NSA","NATIONAL STORAGE AFFILIATES REDEEM","Financial Institutions","602620.0","601378.0","-1242.0","0.001","0.001","0.0","22.68","-28168.56","SELL","4","NSA-PA",7862,0.2,25.0,-9.28,1.86
"2026-06-15","US6740014096","674001409","OAK-B","OAK","OAKTREE CAPITAL GROUP LLC","Financial Institutions","632920.0","631606.0","-1314.0","0.001","0.001","0.0","21.4","-28119.6","SELL","4","OAK-PB",11819,0.1,25.0,-14.4,1.44
"2026-06-15","US37959E3009","37959E300","GL","GL","GLOBE LIFE INC","Financial Institutions","866702.0","864902.0","-1800.0","0.001","0.001","0.0","15.54","-27972.0","SELL","4","GL",539673,0.0,25.0,-37.84,0.0
"2026-06-15","US25401T4058","25401T405","DBRG-I","DBRG","DIGITALBRIDGE GROUP .15 CUMULATIVE","Financial Institutions","861482.0","859700.0","-1782.0","0.001","0.001","0.0","15.62","-27834.84","SELL","4","DBRG-PI",70193,0.0,25.0,-37.52,0.0
"2026-06-15","US72348N2080","72348N208","PNFP-A","PNFP","PINNACLE FINANCIAL PARTNERS NON CU","Financial Institutions","533431.0","532333.0","-1098.0","0.001","0.001","0.0","25.3","-27779.4","SELL","4","PNFP-PA",6586,0.2,25.0,1.2,0.0
"2026-06-15","US8606308703","860630870","SF-C","SF","STIFEL FINANCIAL CORP","Financial Institutions","600122.0","598880.0","-1242.0","0.001","0.001","0.0","22.16","-27522.72","SELL","4","SF-PC",13000,0.1,25.0,-11.36,1.14
"2026-06-15","US05554M1009","05554M100","BIP","BIP","BIP BERMUDA HOLDINGS I LTD","Financial Institutions","808030.0","806356.0","-1674.0","0.001","0.001","0.0","16.34","-27353.16","SELL","4","BIP",763817,0.0,25.0,-34.64,0.0
"2026-06-15","US78440X5077","78440X507","SLG-I","SLG","SL GREEN REALTY CORP","Financial Institutions","619504.0","618226.0","-1278.0","0.001","0.001","0.0","21.32","-27246.96","SELL","4","SLG-PI",11051,0.1,25.0,-14.72,1.47
"2026-06-15","US8805914095","880591409","TVA-A","TVA","TENN VALLEY AUTH","Agency","555394.0","554242.0","-1152.0","0.001","0.001","0.0","23.57","-27152.64","SELL","4","","","",25.0,-5.72,""
"2026-06-15","US8606308620","860630862","SF-D","SF","STIFEL FINANCIAL CORP","Financial Institutions","799902.0","798246.0","-1656.0","0.001","0.001","0.0","16.17","-26777.52","SELL","4","SF-PD",19528,0.1,25.0,-35.32,3.53
"2026-06-15","US11259P1093","11259P109","BRBRPH","BEPUCN","BROOKFIELD BRP HOLDINGS (CANADA) I","Utility","943569.0","941769.0","-1800.0","0.001","0.001","0.0","14.87","-26766.0","SELL","4","","","",25.0,-40.52,""
"2026-06-15","US16934Q6044","16934Q604","CIM-D","CIM","CHIMERA INVESTMENT CORP","Financial Institutions","538681.0","537565.0","-1116.0","0.001","0.0009","-0.0001","23.82","-26583.12","SELL","4","CIM-PD",10639,0.1,25.0,-4.72,0.47
"2026-06-15","US6496048736","649604873","ADAM-E","ADAM","NEW YORK MORTGAGE TRUST INC","Financial Institutions","502046.0","501002.0","-1044.0","0.0009","0.0009","0.0","25.31","-26423.64","SELL","4","","","",25.0,1.24,""
"2026-06-15","US3793785086","379378508","GNL-D","GNL","GLOBAL NET LEASE CUMULATIVE REDE","Financial Institutions","534125.0","533009.0","-1116.0","0.0009","0.0009","0.0","23.61","-26348.76","SELL","4","GNL-PD",11193,0.1,25.0,-5.56,0.56
"2026-06-15","US2538688308","253868830","DLR-K","DLR","DIGITAL REALTY TRUST INC","Financial Institutions","565600.0","564430.0","-1170.0","0.001","0.0009","-0.0001","22.44","-26254.8","SELL","4","DLR-PK",13235,0.1,25.0,-10.24,1.02
"2026-06-15","US2333318184","233331818","DTE","DTE","DTE ENERGY CO","Utility","746099.0","744551.0","-1548.0","0.0009","0.0009","0.0","16.94","-26223.12","SELL","4","DTE",1649384,0.0,25.0,-32.24,0.0
"2026-06-15","US25525P3055","25525P305","DHC","DHC","DIVERSIFIED HEALTHCARE .25% SENIOR","Financial Institutions","673255.0","671851.0","-1404.0","0.0009","0.0009","0.0","18.65","-26184.6","SELL","4","DHC",1828499,0.0,25.0,-25.4,0.0
"2026-06-15","US3167738869","316773886","FITB-A","FITB","FIFTH THIRD BANCORP DEPOSITORY SH","Financial Institutions","533054.0","531956.0","-1098.0","0.0009","0.0009","0.0","23.79","-26121.42","SELL","4","FITB-PA",10033,0.1,25.0,-4.84,0.48
"2026-06-15","US84857L7055","84857L705","SR","SR","SPIRE INC","Utility","533210.0","532112.0","-1098.0","0.0009","0.0009","0.0","23.62","-25934.76","SELL","4","SR",501492,0.0,25.0,-5.52,0.0
"2026-06-15","US74460W5940","74460W594","PSA-J","PSA","PUBLIC STORAGE DEP SHS REPSTG TH","Financial Institutions","687088.0","685666.0","-1422.0","0.0009","0.0009","0.0","18.21","-25894.62","SELL","4","PSA-PJ",13475,0.1,25.0,-27.16,2.72
"2026-06-15","US05580M7939","05580M793","RILYZ","RILY","B. RILEY FINANCIAL INC","Financial Institutions","516047.0","514985.0","-1062.0","0.0009","0.0009","0.0","24.34","-25849.08","SELL","4","RILYZ",52416,0.0,25.0,-2.64,0.0
"2026-06-15","US70509V8037","70509V803","PEB-G","PEB","PEBBLEBROOK HOTEL TRUST","Financial Institutions","611836.0","610576.0","-1260.0","0.0009","0.0009","0.0","20.48","-25804.8","SELL","4","PEB-PG",42549,0.0,25.0,-18.08,0.0
"2026-06-15","US64828T8053","64828T805","RITM-E","RITM","RITHM CAPITAL CORP","Financial Institutions","511714.0","510652.0","-1062.0","0.0009","0.0009","0.0","24.29","-25795.98","SELL","4","RITM-PE",28476,0.0,25.0,-2.84,0.0
"2026-06-15","US05580M8358","05580M835","RILYM","RILY","B. RILEY FINANCIAL INC","Financial Institutions","585213.0","584007.0","-1206.0","0.0009","0.0009","0.0","21.33","-25723.98","SELL","4","","","",25.0,-14.68,""
"2026-06-15","US3167738604","316773860","FITB-K","FITB","FIFTH THIRD BANCORP","Financial Institutions","666015.0","664629.0","-1386.0","0.0009","0.0009","0.0","18.47","-25599.42","SELL","4","FITB-PK",21239,0.1,25.0,-26.12,2.61
"2026-06-15","US0082528433","008252843","AMG","AMG","AFFILIATED MANAGERS GROUP INC.","Financial Institutions","732628.0","731116.0","-1512.0","0.0009","0.0009","0.0","16.8","-25401.6","SELL","4","AMG",321725,0.0,25.0,-32.8,0.0
"2026-06-15","US70931T5092","70931T509","PMT-C","PMT","PENNYMAC MORTGAGE INVESTMENT TRUST","Financial Institutions","673255.0","671851.0","-1404.0","0.0009","0.0009","0.0","18.08","-25384.32","SELL","4","PMT-PC",30245,0.0,25.0,-27.68,0.0
"2026-06-15","US0844238701","084423870","WRB","WRB","WR BERKLEY CORPORATION","Financial Institutions","799471.0","797815.0","-1656.0","0.0009","0.0009","0.0","15.26","-25270.56","SELL","4","WRB",2087395,0.0,25.0,-38.96,0.0
"2026-06-15","US9290427940","929042794","VNO-O","VNO","VORNADO REALTY TRUST","Financial Institutions","808031.0","806357.0","-1674.0","0.0009","0.0009","0.0","14.91","-24959.34","SELL","4","VNO-PO",19821,0.1,25.0,-40.36,4.04
"2026-06-15","US70931T4004","70931T400","PMT-B","PMT","PENNYMAC MORTGAGE INVESTMENT TRUST","Financial Institutions","525142.0","524044.0","-1098.0","0.0009","0.0009","0.0","22.73","-24957.54","SELL","4","PMT-PB",10705,0.1,25.0,-9.08,0.91
"2026-06-15","US8606306079","860630607","SF","SF","STIFEL FINANCIAL CORP","Financial Institutions","606002.0","604742.0","-1260.0","0.0009","0.0009","0.0","19.8","-24948.0","SELL","4","SF",1342706,0.0,25.0,-20.8,0.0
"2026-06-15","US05580M8010","05580M801","RILYK","RILY","B. RILEY FINANCIAL INC","Financial Institutions","480821.0","479831.0","-990.0","0.0009","0.0009","0.0","24.93","-24680.7","SELL","4","","","",25.0,-0.28,""
"2026-06-15","US49446R7373","49446R737","KIM-L","KIM","KIMCO REALTY CORPORATION","Financial Institutions","599428.0","598186.0","-1242.0","0.0009","0.0009","0.0","19.84","-24641.28","SELL","4","KIM-PL",13863,0.1,25.0,-20.64,2.06
"2026-06-15","US05614L4077","05614L407","BW-A","BW","BABCOCK & WILCOX ENTERPRISES INC","Industrial","510551.0","509489.0","-1062.0","0.0009","0.0009","0.0","23.17","-24606.54","SELL","4","BW-PA",20879,0.1,25.0,-7.32,0.73
"2026-06-15","US70931T7072","70931T707","PMT","PMT","PENNYMAC MORTGAGE INVESTMENT TRUST","Financial Institutions","464518.0","463546.0","-972.0","0.0009","0.0009","0.0","25.25","-24543.0","SELL","4","PMT",994186,0.0,25.0,1.0,0.0
"2026-06-15","US20451Q4010","20451Q401","CODI-C","CODI","COMPASS DIVERSIFIED HOLDINGS","Financial Institutions","526236.0","525138.0","-1098.0","0.0009","0.0009","0.0","22.18","-24353.64","SELL","4","CODI-PC",10994,0.1,25.0,-11.28,1.13
"2026-06-15","US04911A2069","04911A206","AUB-A","AUB","ATLANTIC UNION BANKSHARES CORP","Financial Institutions","464518.0","463546.0","-972.0","0.0009","0.0008","-0.0001","24.77","-24076.44","SELL","4","AUB-PA",7541,0.1,25.0,-0.92,0.09
"2026-06-15","US17259U3032","17259U303","CIONI","CIONI","CION INVESTMENT CORP","Financial Institutions","460924.0","459970.0","-954.0","0.0009","0.0008","-0.0001","24.84","-23697.36","SELL","4","","","",25.0,-0.64,""
"2026-06-15","BMG9078F1499","-","TRTN-C","TRTN","TRITON INTERNATIONAL LTD","Industrial","465839.0","464867.0","-972.0","0.0009","0.0008","-0.0001","24.36","-23677.92","SELL","4","TRTN-PC",11259,0.1,25.0,-2.56,0.26
"2026-06-15","MHY8564M2048","-","TGP-B","TGP","TEEKAY LNG PARTNERS LP","Industrial","444191.0","443273.0","-918.0","0.0009","0.0008","-0.0001","25.75","-23638.5","SELL","4","","","",25.0,3.0,""
"2026-06-15","US20451Q3020","20451Q302","CODI-B","CODI","COMPASS DIVERSIFIED HOLDINGS FIXED","Financial Institutions","500605.0","499561.0","-1044.0","0.0008","0.0008","0.0","22.48","-23469.12","SELL","4","CODI-PB",5966,0.2,25.0,-10.08,2.02
"2026-06-15","US1258968601","125896860","CMS","CMS","CMS ENERGY CORPORATION","Utility","532554.0","531456.0","-1098.0","0.0008","0.0008","0.0","21.16","-23233.68","SELL","4","CMS",3082715,0.0,25.0,-15.36,0.0
"2026-06-15","US74460W5114","74460W511","PSA-N","PSA","PUBLIC STORAGE DEP SHS REPSTG PF","Financial Institutions","740058.0","738528.0","-1530.0","0.0008","0.0008","0.0","15.07","-23057.1","SELL","4","PSA-PN",18108,0.1,25.0,-39.72,3.97
"2026-06-15","BMG9078F3057","-","TRTGV","TRTN","TRITON INTL CUM RED PERP PREF SER","Industrial","465672.0","464700.0","-972.0","0.0008","0.0008","0.0","23.71","-23046.12","SELL","4","","","",25.0,-5.16,""
"2026-06-15","US31959X2027","31959X202","FCNCA","FCNCA","FIRST CITIZENS BANCSHARES NON CU","Financial Institutions","538681.0","537565.0","-1116.0","0.0008","0.0008","0.0","20.65","-23045.4","SELL","4","FCNCA",65516,0.0,25.0,-17.4,0.0
"2026-06-15","US74460W5783","74460W578","PSA-K","PSA","PUBLIC STORAGE","Financial Institutions","602713.0","601471.0","-1242.0","0.0008","0.0008","0.0","18.53","-23014.26","SELL","4","PSA-PK",14277,0.1,25.0,-25.88,2.59
"2026-06-15","US04914Y4098","04914Y409","ATLC","ATLC","ATLANTICUS HOLDINGS CORP","Financial Institutions","445185.0","444285.0","-900.0","0.0008","0.0008","0.0","25.57","-23013.0","SELL","4","ATLC",110865,0.0,25.0,2.28,0.0
"2026-06-15","US46131B5066","46131B506","IVR-C","IVR","INVESCO MORTGAGE CAPITAL INC","Financial Institutions","458666.0","457712.0","-954.0","0.0008","0.0008","0.0","24.06","-22953.24","SELL","4","IVR-PC",11952,0.1,25.0,-3.76,0.38
"2026-06-15","US11276B1098","11276B109","BIP","BIP","BROOKFIELD INFRASTRUCTURE FINANCE","Utility","673254.0","671850.0","-1404.0","0.0008","0.0008","0.0","16.3","-22885.2","SELL","4","BIP",763817,0.0,25.0,-34.8,0.0
"2026-06-15","US6378703044","637870304","NSA-B","NSA PR B","NATIONAL STORAGE AFFILIATES CUM","Financial Institutions","376694.0","375794.0","-900.0","0.0007","0.0007","0.0","25.17","-22653.0","SELL","4","NSA-PB",3566,0.3,25.0,0.68,0.0
"2026-06-15","US11259P2083","11259P208","BRBRPH","BEPUCN","BROOKFIELD BRP HOLDINGS (CANADA) I","Utility","700240.0","698782.0","-1458.0","0.0008","0.0008","0.0","15.51","-22613.58","SELL","4","","","",25.0,-37.96,""
"2026-06-15","US2538688555","253868855","DLR-J","DLR","DIGITAL REALTY TRUST INC","Financial Institutions","538681.0","537565.0","-1116.0","0.0008","0.0008","0.0","20.24","-22587.84","SELL","4","DLR-PJ",8845,0.1,25.0,-19.04,1.9
"2026-06-15","US38741L3050","38741L305","GPMT-A","GPMT","GRANITE POINT MORTGAGE TRUST INC","Financial Institutions","554134.0","552982.0","-1152.0","0.0008","0.0008","0.0","19.43","-22383.36","SELL","4","GPMT-PA",3224,0.4,25.0,-22.28,8.91
"2026-06-15","US0844238883","084423888","WRB","WRB","WR BERKLEY CORPORATION","Financial Institutions","665046.0","663660.0","-1386.0","0.0008","0.0008","0.0","16.08","-22286.88","SELL","4","WRB",2087414,0.0,25.0,-35.68,0.0
"2026-06-15","US55272X4097","55272X409","MFA-B","MFA","MFA FINANCIAL INC","Financial Institutions","538681.0","537565.0","-1116.0","0.0008","0.0008","0.0","19.88","-22186.08","SELL","4","MFA-PB",14112,0.1,25.0,-20.48,2.05
"2026-06-15","BMG162491648","-","BPY-A","BPY","BROOKFIELD PROPERTY PARTNERS LP","Industrial","774337.0","772735.0","-1602.0","0.0008","0.0008","0.0","13.8","-22107.6","SELL","4","","","",25.0,-44.8,""
"2026-06-15","US11276B2088","11276B208","BIP","BIP","BROOKFIELD INFRASTRUCTURE FINANCE","Utility","425528.0","424646.0","-882.0","0.0008","0.0008","0.0","24.93","-21988.26","SELL","4","BIP",750800,0.0,25.0,-0.28,0.0
"2026-06-15","US3793783008","379378300","GNL-A","GNL","GLOBAL NET LEASE PREF SERIES A INC","Financial Institutions","457810.0","456856.0","-954.0","0.0008","0.0008","0.0","22.94","-21884.76","SELL","4","GNL-PA",10585,0.1,25.0,-8.24,0.82
"2026-06-15","US58844R7026","58844R702","MBIN-C","MBIN","MERCHANTS BANCORP","Financial Institutions","521867.0","520787.0","-1080.0","0.0008","0.0008","0.0","20.25","-21870.0","SELL","4","","","",25.0,-19.0,""
"2026-06-15","US38144X6094","38144X609","GS-C","GS","GOLDMAN SACHS GROUP INC","Financial Institutions","538681.0","537565.0","-1116.0","0.0008","0.0008","0.0","19.58","-21851.28","SELL","4","GS-PC",14767,0.1,25.0,-21.68,2.17
"2026-06-15","US0844237067","084423706","WRB","WRB","WR BERKLEY CORPORATION","Financial Institutions","492052.0","491026.0","-1026.0","0.0008","0.0008","0.0","21.18","-21730.68","SELL","4","WRB",2087414,0.0,25.0,-15.28,0.0
"2026-06-15","US0605058157","060505815","BAC-E","BAC","BANK OF AMERICA CORP PREF STOCK","Financial Institutions","552565.0","551413.0","-1152.0","0.0008","0.0008","0.0","18.75","-21600.0","SELL","4","BAC-PE",21955,0.1,25.0,-25.0,2.5
"2026-06-15","US5303075031","530307503","LBRDA","LBRDA","LIBERTY BROADBAND CUM REDEEMABLE P","Industrial","477477.0","476487.0","-990.0","0.0008","0.0008","0.0","21.8","-21582.0","SELL","4","LBRDA",196892,0.0,25.0,-12.8,0.0
"2026-06-15","US74460W3960","74460W396","PSA-S","PSA","PUBLIC STORAGE DEPOSITARY SHS EACH","Financial Institutions","653869.0","652519.0","-1350.0","0.0008","0.0008","0.0","15.96","-21546.0","SELL","4","PSA-PS",20491,0.1,25.0,-36.16,3.62
"2026-06-15","US0423156068","042315606","ARR-C","ARR","ARMOUR RESIDENTIAL REIT INC","Financial Institutions","490624.0","489598.0","-1026.0","0.0008","0.0008","0.0","20.97","-21515.22","SELL","4","ARR-PC",16833,0.1,25.0,-16.12,1.61
"2026-06-15","US6740013007","674001300","OAK-A","OAK","OAKTREE CAPITAL GROUP LLC","Financial Institutions","484795.0","483787.0","-1008.0","0.0008","0.0008","0.0","21.34","-21510.72","SELL","4","OAK-PA",11151,0.1,25.0,-14.64,1.46
"2026-06-15","US11259P3073","11259P307","BRBRPH","BEPUCN","BROOKFIELD BRP HOLDINGS (CANADA) I","Utility","403923.0","403077.0","-846.0","0.0008","0.0008","0.0","25.4","-21488.4","SELL","4","","","",25.0,1.6,""
"2026-06-15","US2333318267","233331826","DTE-G","DTE","DTE ENERGY COMPANY","Utility","611457.0","610197.0","-1260.0","0.0008","0.0008","0.0","17.05","-21483.0","SELL","4","","","",25.0,-31.8,""
"2026-06-15","US0605056250","060505625","BAC-02","BAC","BANK OF AMERICA CORP","Financial Institutions","533823.0","532707.0","-1116.0","0.0008","0.0008","0.0","19.24","-21471.84","SELL","4","","","",25.0,-23.04,""
"2026-06-15","US1258968379","125896837","CMS-C","CMS","CMS ENERGY CORPORATION","Utility","611563.0","610303.0","-1260.0","0.0008","0.0008","0.0","17.02","-21445.2","SELL","4","CMS-PC",15194,0.1,25.0,-31.92,3.19
"2026-06-15","BMG162491564","-","BPY-A2","BPY","BROOKFIELD PROPERTY PARTNERS LP","Industrial","673255.0","671851.0","-1404.0","0.0008","0.0008","0.0","15.25","-21411.0","SELL","4","","","",25.0,-39.0,""
"2026-06-15","BMG9078F1648","-","TRTN-D","TRTN","TRITON INTERNATIONAL LTD","Industrial","397850.0","396950.0","-900.0","0.0007","0.0007","0.0","23.73","-21357.0","SELL","4","TRTN-PD",7734,0.1,25.0,-5.08,0.51
"2026-06-15","BMG053841620","-","AHL","AHL","ASPEN INSURANCE HOLDINGS LTD","Financial Institutions","531421.0","530323.0","-1098.0","0.0008","0.0008","0.0","19.4","-21301.2","SELL","4","","","",25.0,-22.4,""
"2026-06-15","US00123Q8565","00123Q856","AGNCL","AGNC","AGNC INVESTMENT CORP","Financial Institutions","403887.0","403041.0","-846.0","0.0008","0.0007","-0.0001","25.1","-21234.6","SELL","4","AGNCL",10417,0.1,25.0,0.4,0.0
"2026-06-15","US87266M2061","87266M206","TRTX-C","TRTX","TPG RE FIN TR PREF SERIES C INC TR","Financial Institutions","542112.0","540996.0","-1116.0","0.0007","0.0008","0.0001","18.97","-21170.52","SELL","4","TRTX-PC",5489,0.2,25.0,-24.12,4.82
"2026-06-15","US9197944047","919794404","VLY-C","VLY","VALLEY NATIONAL BANCORP","Financial Institutions","398742.0","397914.0","-828.0","0.0008","0.0008","0.0","25.54","-21147.12","SELL","4","","","",25.0,2.16,""
"2026-06-15","US78407R2040","78407R204","SCE-J","EIX","SCE TRUST II CUM TRUST SECS P","Utility","584953.0","583747.0","-1206.0","0.0008","0.0008","0.0","17.48","-21080.88","SELL","4","","","",25.0,-30.08,""
"2026-06-15","US04208T2078","04208T207","AHH-A","AHH","ARMADA HOFFLER PROPERTIES INC","Financial Institutions","460837.0","459883.0","-954.0","0.0008","0.0007","-0.0001","21.93","-20921.22","SELL","4","","","",25.0,-12.28,""
"2026-06-15","US10922N8891","10922N889","BHF-D","BHF","BRIGHTHOUSE FINANCIAL INC","Financial Institutions","930482.0","928556.0","-1926.0","0.0007","0.0007","0.0","10.82","-20839.32","SELL","4","","","",25.0,-56.72,""
"2026-06-15","US4101204067","410120406","HWC","HWC","HANCOCK WHITNEY CORP","Financial Institutions","458480.0","457526.0","-954.0","0.0007","0.0007","0.0","21.78","-20778.12","SELL","4","HWC",896480,0.0,25.0,-12.88,0.0
"2026-06-15","US8606307069","860630706","SF-B","SF","STIFEL FINANCIAL CORP","Financial Institutions","430891.0","429991.0","-900.0","0.0007","0.0007","0.0","23.06","-20754.0","SELL","4","SF-PB",10465,0.1,25.0,-7.76,0.78
"2026-06-15","US3205174028","320517402","FHN-E","FHN","FIRST HORIZON NATIONAL CORP","Financial Institutions","403922.0","403076.0","-846.0","0.0007","0.0007","0.0","24.39","-20633.94","SELL","4","FHN-PE",6285,0.1,25.0,-2.44,0.24
"2026-06-15","US70509V8862","70509V886","PEB-H","PEB","PEBBLEBROOK HOTEL TRUST","Financial Institutions","526995.0","525897.0","-1098.0","0.0007","0.0007","0.0","18.62","-20444.76","SELL","4","PEB-PH",40601,0.0,25.0,-25.52,0.0
"2026-06-15","US04914Y3009","04914Y300","ATLC","ATLC","ATLANTICUS HOLDINGS CORP","Financial Institutions","393795.0","392985.0","-810.0","0.0007","0.0007","0.0","25.2","-20412.0","SELL","4","ATLC",110865,0.0,25.0,0.8,0.0
"2026-06-15","US6496048819","649604881","ADAM-D","ADAM","NEW YORK MORTGAGE TRUST INC","Financial Institutions","413824.0","412960.0","-864.0","0.0007","0.0007","0.0","23.53","-20329.92","SELL","4","","","",25.0,-5.88,""
"2026-06-15","US4461507810","446150781","HBAN-C","HBAN","HUNTINGTON BANCSHARES INC","Financial Institutions","471307.0","470335.0","-972.0","0.0007","0.0007","0.0","20.72","-20139.84","SELL","4","","","",25.0,-17.12,""
"2026-06-15","US58844R8842","58844R884","MBIN","MBIN","MERCHANTS BANCORP","Financial Institutions","378484.0","377692.0","-792.0","0.0007","0.0007","0.0","25.35","-20077.2","SELL","4","MBIN",112690,0.0,25.0,1.4,0.0
"2026-06-15","US74460W5379","74460W537","PSA-M","PSA","PUBLIC STORAGE","Financial Institutions","599717.0","598475.0","-1242.0","0.0007","0.0007","0.0","16.05","-19934.1","SELL","4","PSA-PM",11663,0.1,25.0,-35.8,3.58
"2026-06-15","BMG9078F1317","-","TRTN-B","TRTN","TRITON INTERNATIONAL LTD","Industrial","381843.0","381051.0","-792.0","0.0007","0.0007","0.0","25.16","-19926.72","SELL","4","TRTN-PB",7725,0.1,25.0,0.64,0.0
"2026-06-15","US6496048652","649604865","ADAM-F","ADAM","NEW YORK MORTGAGE TRUST INC","Financial Institutions","390789.0","389979.0","-810.0","0.0007","0.0007","0.0","24.38","-19747.8","SELL","4","","","",25.0,-2.48,""
"2026-06-15","US4884013081","488401308","KMPR","KMPR","KEMPER CORP","Financial Institutions","398330.0","397502.0","-828.0","0.0007","0.0007","0.0","23.84","-19739.52","SELL","4","KMPR",1148879,0.0,25.0,-4.64,0.0
"2026-06-15","US0259328807","025932880","AFG","AFG","AMERICAN FINANCIAL GROUP INC","Financial Institutions","531347.0","530249.0","-1098.0","0.0007","0.0007","0.0","17.87","-19621.26","SELL","4","AFG",442207,0.0,25.0,-28.52,0.0
"2026-06-15","US26884U2087","26884U208","EPR-C","EPR","EPR PROPERTIES 5.75% CUM CONV PREF","Financial Institutions","363117.0","362361.0","-756.0","0.0007","0.0007","0.0","25.91","-19587.96","SELL","4","EPR-PC",4484,0.2,25.0,3.64,0.0
"2026-06-15","US11272B1035","11272B103","BNCN","BNCN","BROOKFIELD FINANCE I UK PLC","Financial Institutions","619503.0","618225.0","-1278.0","0.0007","0.0007","0.0","15.18","-19400.04","SELL","4","","","",25.0,-39.28,""
"2026-06-15","US4461507570","446150757","HBANZ","HBAN","HUNTINGTON BANCSHARES DEPOSITARY S","Financial Institutions","459804.0","458850.0","-954.0","0.0007","0.0007","0.0","20.02","-19099.08","SELL","4","HBANZ",8250,0.1,25.0,-19.92,1.99
"2026-06-15","BMG9078F2067","-","TRTN","TRTN","TRITON INTERNATIONAL LTD","Industrial","398169.0","397341.0","-828.0","0.0007","0.0007","0.0","22.79","-18870.12","SELL","4","","","",25.0,-8.84,""
"2026-06-15","USG162522670","-","BIP-13","BIP","BROOKFIELD INFRASTRUCTURE CLASS","Utility","538681.0","537565.0","-1116.0","0.0007","0.0007","0.0","16.8","-18748.8","SELL","4","","","",25.0,-32.8,""
"2026-06-15","US89832Q8107","89832Q810","TFC-I","TFC","TRUIST FINANCIAL DS REPRESENTING","Financial Institutions","464566.0","463594.0","-972.0","0.0007","0.0006","-0.0001","18.69","-18166.68","SELL","4","TFC-PI",11541,0.1,25.0,-25.24,2.52
"2026-06-15","US9478907036","947890703","WBS-G","WBS","WEBSTER FINANCIAL CORPORATION","Financial Institutions","363553.0","362797.0","-756.0","0.0007","0.0006","-0.0001","23.99","-18136.44","SELL","4","WBS-PG",6888,0.1,25.0,-4.04,0.4
"2026-06-15","US26884U5056","26884U505","EPR-G","EPR","EPR PROPERTIES","Financial Institutions","403996.0","403150.0","-846.0","0.0006","0.0006","0.0","21.37","-18079.02","SELL","4","EPR-PG",10684,0.1,25.0,-14.52,1.45
"2026-06-15","US25401T5048","25401T504","DBRG-H","DBRG","DIGITALBRIDGE GROUP .125 CUMULATIV","Financial Institutions","561532.0","560362.0","-1170.0","0.0006","0.0006","0.0","15.44","-18064.8","SELL","4","DBRG-PH",26938,0.0,25.0,-38.24,0.0
"2026-06-15","US3765468679","376546867","GAIN","GAIN","GLADSTONE INVESTMENT CORP","Financial Institutions","335359.0","334657.0","-702.0","0.0006","0.0006","0.0","25.65","-18006.3","SELL","4","GAIN",349823,0.0,25.0,2.6,0.0
"2026-06-15","BMG162522756","-","BIP-14","BIP","BROOKFIELD INFRASTRUCTURE PARTNERS","Utility","538681.0","537565.0","-1116.0","0.0006","0.0006","0.0","16.11","-17978.76","SELL","4","","","",25.0,-35.56,""
"2026-06-15","US3765468836","376546883","GAIN","GAIN","GLADSTONE INVESTMENT CORP","Financial Institutions","356767.0","356029.0","-738.0","0.0006","0.0006","0.0","23.95","-17675.1","SELL","4","GAIN",349823,0.0,25.0,-4.2,0.0
"2026-06-15","US9478905055","947890505","WBS-F","WBS","WEBSTER FINANCIAL DRC CORP","Financial Institutions","403923.0","403077.0","-846.0","0.0006","0.0006","0.0","20.83","-17622.18","SELL","4","WBS-PF",10132,0.1,25.0,-16.68,1.67
"2026-06-15","BMG9078F1564","-","TRTN-E","TRTN","TRITON INTERNATIONAL LTD","Industrial","464338.0","463384.0","-954.0","0.0006","0.0006","0.0","18.47","-17620.38","SELL","4","TRTN-PE",5498,0.2,25.0,-26.12,5.22
"2026-06-15","US0259328641","025932864","AFG","AFG","AMERICAN FINANCIAL GROUP INC","Financial Institutions","530566.0","529468.0","-1098.0","0.0006","0.0006","0.0","16.0","-17568.0","SELL","4","AFG",442207,0.0,25.0,-36.0,0.0
"2026-06-15","MHY8564M1131","-","TGP","TGP","TEEKAY LNG PARTNERS LP","Industrial","332163.0","331479.0","-684.0","0.0006","0.0006","0.0","25.6","-17510.4","SELL","4","","","",25.0,2.4,""
"2026-06-15","US8163005031","816300503","SIGI-B","SIGI","SELECTIVE INS GROUP DS REPSTG IN","Financial Institutions","530482.0","529384.0","-1098.0","0.0006","0.0006","0.0","15.88","-17436.24","SELL","4","","","",25.0,-36.48,""
"2026-06-15","US90187B2007","90187B200","TWO-A","TWO","TWO HARBORS INVESTMENT CORP","Financial Institutions","340065.0","339363.0","-702.0","0.0006","0.0006","0.0","24.7","-17339.4","SELL","4","TWO-PA",10571,0.1,25.0,-1.2,0.12
"2026-06-15","US16934Q3074","16934Q307","CIM-A","CIM","CHIMERA INVESTMENT CORP","Financial Institutions","390558.0","389748.0","-810.0","0.0006","0.0006","0.0","21.15","-17131.5","SELL","4","CIM-PA",9999,0.1,25.0,-15.4,1.54
"2026-06-15","US68003D3035","68003D303","ONB-C","ONB","OLD NATIONAL BANCORP DEP SHS EACH","Financial Institutions","329926.0","329242.0","-684.0","0.0006","0.0006","0.0","24.89","-17024.76","SELL","4","","","",25.0,-0.44,""
"2026-06-15","US0084922097","008492209","ADC-A","ADC","AGREE REALTY CORP","Financial Institutions","471379.0","470407.0","-972.0","0.0006","0.0006","0.0","17.15","-16669.8","SELL","4","ADC-PA",11509,0.1,25.0,-31.4,3.14
"2026-06-15","US3137452005","313745200","FRT-C","FRT","FEDERAL REALTY INVESTMENT DEPOSITA","Financial Institutions","403923.0","403077.0","-846.0","0.0006","0.0006","0.0","19.69","-16657.74","SELL","4","FRT-PC",8900,0.1,25.0,-21.24,2.12
"2026-06-15","US70509V7047","70509V704","PEB-F","PEB","PEBBLEBROOK HOTEL TRUST","Financial Institutions","396592.0","395764.0","-828.0","0.0006","0.0006","0.0","20.1","-16642.8","SELL","4","PEB-PF",21963,0.0,25.0,-19.6,0.0
"2026-06-15","MHY271831213","-","GSL","GSL","GLOBAL SHIP LEASE INC","Industrial","293506.0","292894.0","-612.0","0.0006","0.0006","0.0","27.15","-16615.8","SELL","4","GSL",367981,0.0,25.0,8.6,0.0
"2026-06-15","US0082528359","008252835","AMG","AMG","AFFILIATED MANAGERS GROUP INC.","Financial Institutions","529653.0","528555.0","-1098.0","0.0006","0.0006","0.0","15.0","-16470.0","SELL","4","AMG",321727,0.0,25.0,-40.0,0.0
"2026-06-15","US5977423038","597742303","MSBI","MSBI","MIDLAND STATES BANCORP INC","Financial Institutions","309685.0","309037.0","-648.0","0.0006","0.0006","0.0","25.4","-16459.2","SELL","4","MSBI",131178,0.0,25.0,1.6,0.0
"2026-06-15","US28852N3070","28852N307","EFC-B","EFC","ELLINGTON FINANCIAL INC","Financial Institutions","324631.0","323965.0","-666.0","0.0006","0.0006","0.0","24.71","-16456.86","SELL","4","EFC-PB",2682,0.2,25.0,-1.16,0.23
"2026-06-15","US26817Q8785","26817Q878","DX-C","DX","DYNEX CAPITAL INC","Financial Institutions","300268.0","299638.0","-630.0","0.0006","0.0006","0.0","26.07","-16424.1","SELL","4","DX-PC",7851,0.1,25.0,4.28,0.0
"2026-06-15","US6496048165","649604816","ADAM","ADAM","NEW YORK MORTGAGE TRUST INC","Financial Institutions","309649.0","309001.0","-648.0","0.0006","0.0006","0.0","25.33","-16413.84","SELL","4","ADAM",644343,0.0,25.0,1.32,0.0
"2026-06-15","US90187B8871","90187B887","TWO","TWO","TWO HARBORS INVESTMENT CORP","Financial Institutions","309667.0","309019.0","-648.0","0.0006","0.0006","0.0","25.3","-16394.4","SELL","4","TWO",1793989,0.0,25.0,1.2,0.0
"2026-06-15","US8964427046","896442704","TRIN","TRIN","TRINITY CAPITAL INC","Financial Institutions","308753.0","308105.0","-648.0","0.0006","0.0006","0.0","25.18","-16316.64","SELL","4","TRIN",1057381,0.0,25.0,0.72,0.0
"2026-06-15","US8964426055","896442605","TRIN","TRIN","TRINITY CAPITAL INC","Financial Institutions","315703.0","315055.0","-648.0","0.0006","0.0006","0.0","25.09","-16258.32","SELL","4","TRIN",1057381,0.0,25.0,0.36,0.0
"2026-06-15","US0259328724","025932872","AFG","AFG","AMERICAN FINANCIAL GROUP INC","Financial Institutions","397105.0","396277.0","-828.0","0.0006","0.0006","0.0","19.55","-16187.4","SELL","4","AFG",442207,0.0,25.0,-21.8,0.0
"2026-06-15","US64944P3073","64944P307","FLG","NYCB","NEW YORK COMMUNITY CAPITAL TRUST V","Financial Institutions","191985.0","191589.0","-396.0","0.0006","0.0006","0.0","40.87","-16184.52","SELL","4","FLG",4016800,0.0,25.0,63.48,0.0
"2026-06-15","US75574U8383","75574U838","RC","RC","READY CAPITAL CORP","Financial Institutions","350154.0","349434.0","-720.0","0.0006","0.0006","0.0","22.37","-16106.4","SELL","4","RC",1719595,0.0,25.0,-10.52,0.0
"2026-06-15","US8660826053","866082605","INN-E","INN","SUMMIT HOTEL PROPERTIES INC","Financial Institutions","430891.0","429991.0","-900.0","0.0006","0.0006","0.0","17.88","-16092.0","SELL","4","INN-PE",8233,0.1,25.0,-28.48,2.85
"2026-06-15","BMG162491499","-","BPY-A-1","BPY","BROOKFIELD PROPERTY PARTNERS LP","Industrial","495619.0","494593.0","-1026.0","0.0006","0.0006","0.0","15.62","-16026.12","SELL","4","","","",25.0,-37.52,""
"2026-06-15","US6475513080","647551308","NMFC","NMFC","NEW MOUNTAIN FINANCE CORP","Financial Institutions","304345.0","303715.0","-630.0","0.0006","0.0006","0.0","25.41","-16008.3","SELL","4","NMFC",498876,0.0,25.0,1.64,0.0
"2026-06-15","US26884U3077","26884U307","EPR-E","EPR","EPR PROPERTIES","Financial Institutions","232004.0","231518.0","-486.0","0.0006","0.0006","0.0","32.8","-15940.8","SELL","4","EPR-PE",3459,0.1,25.0,31.2,0.0
"2026-06-15","US2635343070","263534307","CTVA","CTVA","E I DU PONT DE NEMOURS AND CO","Industrial","110602.0","110368.0","-234.0","0.0006","0.0006","0.0","67.4","-15771.6","SELL","4","CTVA",3724833,0.0,25.0,169.6,0.0
"2026-06-15","US20786W5031","20786W503","CNOB-A","CNOB","CONNECTONE BANCORP INC","Financial Institutions","304256.0","303626.0","-630.0","0.0006","0.0006","0.0","24.94","-15712.2","SELL","4","","","",25.0,-0.24,""
"2026-06-15","US9197942066","919794206","VLY-A","VLY","VALLEY NATIONAL BANCORP","Financial Institutions","304350.0","303720.0","-630.0","0.0006","0.0006","0.0","24.69","-15554.7","SELL","4","","","",25.0,-1.24,""
"2026-06-15","US02665T8760","02665T876","AMH-G","AMH","AMERICAN HOMES 4 RENT","Financial Institutions","309687.0","309039.0","-648.0","0.0006","0.0005","-0.0001","23.89","-15480.72","SELL","4","AMH-PG",3640,0.2,25.0,-4.44,0.89
"2026-06-15","BMG162582313","-","BEPUCN","BEPUCN","BROOKFIELD RENEWABLE PARTNERS LP","Utility","540125.0","539225.0","-900.0","0.0007","0.0007","0.0","17.16","-15444.0","SELL","4","","","",25.0,-31.36,""
"2026-06-15","US68003D2045","68003D204","ONB-A","ONB","OLD NATIONAL BANCORP","Financial Institutions","290802.0","290190.0","-612.0","0.0005","0.0005","0.0","25.08","-15348.96","SELL","4","","","",25.0,0.32,""
"2026-06-15","US7588498896","758849889","REG-A","REG","REGENCY CENTERS SERIES A CUMULAT","Financial Institutions","309685.0","309037.0","-648.0","0.0005","0.0005","0.0","23.34","-15124.32","SELL","4","","","",25.0,-6.64,""
"2026-06-15","US64828T3005","64828T300","RITM-A","RITM","NEW RESIDENTIAL INVESTMENT CORP","Financial Institutions","283442.0","282848.0","-594.0","0.0005","0.0005","0.0","25.28","-15016.32","SELL","4","RITM-PA",11368,0.1,25.0,1.12,0.0
"2026-06-15","US0605055914","060505591","BAC","BAC","BANK OF AMERICA DEPOSITORY SHARES","Financial Institutions","364709.0","363953.0","-756.0","0.0005","0.0005","0.0","19.85","-15006.6","SELL","4","BAC",36334098,0.0,25.0,-20.6,0.0
"2026-06-15","US02665T8687","02665T868","AMH-H","AMH","AMERICAN HOMES 4 RENT","Financial Institutions","309685.0","309037.0","-648.0","0.0005","0.0005","0.0","23.01","-14910.48","SELL","4","AMH-PH",6518,0.1,25.0,-7.96,0.8
"2026-06-15","US70931T8062","70931T806","PMT","PMT","PENNYMAC MORTGAGE INVESTMENT TRUST","Financial Institutions","282730.0","282136.0","-594.0","0.0005","0.0005","0.0","25.06","-14885.64","SELL","4","PMT",994209,0.0,25.0,0.24,0.0
"2026-06-15","US7588498714","758849871","REG-B","REG","REGENCY CENTERS SERIES B CUMULAT","Financial Institutions","309691.0","309043.0","-648.0","0.0005","0.0005","0.0","22.58","-14631.84","SELL","4","","","",25.0,-9.68,""
"2026-06-15","US3205178656","320517865","FHN-F","FHN","FIRST HORIZON CORP (TENNESSEE)","Financial Institutions","403887.0","403041.0","-846.0","0.0005","0.0005","0.0","17.23","-14576.58","SELL","4","FHN-PF",6355,0.1,25.0,-31.08,3.11
"2026-06-15","US70931T3014","70931T301","PMT-A","PMT","PENNYMAC MORTGAGE INVESTMENT TRUST","Financial Institutions","309687.0","309039.0","-648.0","0.0005","0.0005","0.0","22.48","-14567.04","SELL","4","PMT-PA",7336,0.1,25.0,-10.08,1.01
"2026-06-15","US12621E3018","12621E301","CNO","CNO","CNO FINANCIAL GROUP INC","Financial Institutions","403887.0","403041.0","-846.0","0.0005","0.0005","0.0","17.19","-14542.74","SELL","4","CNO",745230,0.0,25.0,-31.24,0.0
"2026-06-15","US80349A8027","80349A802","SAR","SAR","SARATOGA INVESTMENT CORP","Financial Institutions","278718.0","278142.0","-576.0","0.0005","0.0005","0.0","24.97","-14382.72","SELL","4","SAR",92905,0.0,25.0,-0.12,0.0
"2026-06-15","US28852N4060","28852N406","EFC-C","EFC","ELLINGTON FINANCIAL INC","Financial Institutions","269332.0","268774.0","-558.0","0.0005","0.0005","0.0","25.5","-14229.0","SELL","4","EFC-PC",968,0.6,25.0,2.0,0.0
"2026-06-15","US00489Q3002","00489Q300","ACR-D","ACR","ACRES COMMERCIAL REALTY CORP","Financial Institutions","303479.0","302849.0","-630.0","0.0005","0.0005","0.0","22.57","-14219.1","SELL","4","ACR-PD",3049,0.2,25.0,-9.72,1.94
"2026-06-15","US73317H2067","73317H206","BPOP","BPOP","POPULAR CAPITAL TRUST II","Financial Institutions","272139.0","271581.0","-558.0","0.0005","0.0005","0.0","25.31","-14122.98","SELL","4","BPOP",444889,0.0,25.0,1.24,0.0
"2026-06-15","US3793784097","379378409","GNL-B","GNL","GLOBAL NET LEASE INC","Financial Institutions","316248.0","315600.0","-648.0","0.0005","0.0005","0.0","21.79","-14119.92","SELL","4","GNL-PB",5172,0.1,25.0,-12.84,1.28
"2026-06-15","US22948Q2003","22948Q200","CTO-A","CTO","CTO REALTY GROWTH INC","Financial Institutions","317337.0","316671.0","-666.0","0.0005","0.0005","0.0","21.16","-14092.56","SELL","4","CTO-PA",5401,0.1,25.0,-15.36,1.54
"2026-06-15","US2298993070","229899307","CFR-B","CFR","CULLEN FROST BANKERS DRC INC","Financial Institutions","403887.0","403041.0","-846.0","0.0005","0.0005","0.0","16.59","-14035.14","SELL","4","CFR-PB",10839,0.1,25.0,-33.64,3.36
"2026-06-15","US0259328070","025932807","AFG","AFG","AMERICAN FINANCIAL GROUP INC","Financial Institutions","330274.0","329590.0","-684.0","0.0005","0.0005","0.0","20.39","-13946.76","SELL","4","AFG",442208,0.0,25.0,-18.44,0.0
"2026-06-15","US74460W4877","74460W487","PSA-O","PSA","PUBLIC STORAGE","Financial Institutions","443054.0","442136.0","-918.0","0.0005","0.0005","0.0","15.18","-13935.24","SELL","4","PSA-PO",23066,0.0,25.0,-39.28,0.0
"2026-06-15","US53803X4025","53803X402","LOB-A","LOB","LIVE OAK BANCSHARES INC","Financial Institutions","264063.0","263523.0","-540.0","0.0005","0.0005","0.0","25.26","-13640.4","SELL","4","LOB-PA",12100,0.0,25.0,1.04,0.0
"2026-06-15","US8043958797","804395879","BFS-E","BFS","SAUL CENTERS INC","Financial Institutions","296323.0","295711.0","-612.0","0.0005","0.0005","0.0","22.19","-13580.28","SELL","4","BFS-PE",4986,0.1,25.0,-11.24,1.12
"2026-06-15","US16208T2015","16208T201","CLDT-A","CLDT","CHATHAM LODGING TRUST","Financial Institutions","323232.0","322566.0","-666.0","0.0005","0.0005","0.0","20.37","-13566.42","SELL","4","CLDT-PA",29474,0.0,25.0,-18.52,0.0
"2026-06-15","US7580758578","758075857","RWT","RWT","REDWOOD TRUST INC","Financial Institutions","269314.0","268756.0","-558.0","0.0005","0.0005","0.0","23.95","-13364.1","SELL","4","RWT",1011663,0.0,25.0,-4.2,0.0
"2026-06-15","US9197943056","919794305","VLY-B","VLY","VALLEY NATL NON CUM PERP PREF SERI","Financial Institutions","263974.0","263434.0","-540.0","0.0005","0.0005","0.0","24.73","-13354.2","SELL","4","","","",25.0,-1.08,""
"2026-06-15","US20451Q2030","20451Q203","CODI-A","CODI","COMPASS DIVERSIFIED HOLDINGS","Financial Institutions","308379.0","307731.0","-648.0","0.0005","0.0005","0.0","20.49","-13277.52","SELL","4","CODI-PA",4561,0.1,25.0,-18.04,1.8
"2026-06-15","US25432X2018","25432X201","DCOM","DCOM","DIME COMMUNITY BANCSHARES CUMULATI","Financial Institutions","349587.0","348867.0","-720.0","0.0005","0.0005","0.0","17.94","-12916.8","SELL","4","DCOM",279077,0.0,25.0,-28.24,0.0
"2026-06-15","US6943082064","694308206","PCG-A","PCG","PACIFIC GAS & ELEC CO","Utility","277551.0","276975.0","-576.0","0.0005","0.0005","0.0","22.32","-12856.32","SELL","4","PCG-PA",5252,0.1,25.0,-10.72,1.07
"2026-06-15","US29364P1030","29364P103","ETR","ETR","ENTERGY NEW ORLEANS INC","Utility","290176.0","289582.0","-594.0","0.0005","0.0005","0.0","21.62","-12842.28","SELL","4","ETR",4033398,0.0,25.0,-13.52,0.0
"2026-06-15","US3131488278","313148827","AGMPP","FAMCA","FEDERAL AGRIC MTG NON CUMULATIVE P","Agency","263757.0","263217.0","-540.0","0.0005","0.0005","0.0","23.71","-12803.4","SELL","4","","","",25.0,-5.16,""
"2026-06-15","US5290433094","529043309","LXP-C","LXP","LXP INDUSTRIAL TRUST","Financial Institutions","130320.0","130050.0","-270.0","0.0004","0.0004","0.0","45.9","-12393.0","SELL","4","LXP-PC",1963,0.1,25.0,83.6,0.0
"2026-06-15","US3131488435","313148843","FAMCA","FAMCA","FEDERAL AGRICULTURAL MORTGAGE CORP","Agency","316114.0","315466.0","-648.0","0.0004","0.0004","0.0","18.98","-12299.04","SELL","4","","","",25.0,-24.08,""
"2026-06-15","US3131488351","313148835","FAMCA","FAMCA","FEDERAL AGRICULTURAL MORTGAGE NO","Agency","329020.0","328336.0","-684.0","0.0004","0.0004","0.0","17.7","-12106.8","SELL","4","","","",25.0,-29.2,""
"2026-06-15","US74348T5653","74348T565","PSEC-A","PSEC","PROSPECT CAPITAL CORP","Financial Institutions","345590.0","344870.0","-720.0","0.0004","0.0004","0.0","16.77","-12074.4","SELL","4","PSEC-PA",6660,0.1,25.0,-32.92,3.29
"2026-06-15","US70509V6056","70509V605","PEB-E","PEB","PEBBLEBROOK HOTEL TRUST","Financial Institutions","287152.0","286558.0","-594.0","0.0004","0.0004","0.0","20.21","-12004.74","SELL","4","PEB-PE",11667,0.1,25.0,-19.16,1.92
"2026-06-15","US74460W4463","74460W446","PSA-Q","PSA","PUBLIC STORAGE","Financial Institutions","372454.0","371680.0","-774.0","0.0004","0.0004","0.0","15.31","-11849.94","SELL","4","PSA-PQ",13253,0.1,25.0,-38.76,3.88
"2026-06-15","US00489Q2012","00489Q201","ACR-C","ACR","ACRES COMMERCIAL REALTY .625 FIXED","Financial Institutions","324675.0","324225.0","-450.0","0.0006","0.0006","0.0","25.49","-11470.5","SELL","4","ACR-PC",7091,0.1,25.0,1.96,0.0
"2026-06-15","US3765468596","376546859","GAIN","GAIN","GLADSTONE INVESTMENT CORP","Financial Institutions","264475.0","264025.0","-450.0","0.0005","0.0005","0.0","25.19","-11335.5","SELL","4","GAIN",349827,0.0,25.0,0.76,0.0
"2026-06-15","US16934Q8693","16934Q869","CIM","CIM","CHIMERA INVESTMENT CORP","Financial Institutions","324489.0","324039.0","-450.0","0.0006","0.0006","0.0","25.12","-11304.0","SELL","4","CIM",567932,0.0,25.0,0.48,0.0
"2026-06-15","US14040H7742","14040H774","COF-K","COF","CAPITAL ONE FINANCIAL CORPORATION","Financial Institutions","318078.0","317412.0","-666.0","0.0004","0.0004","0.0","16.97","-11302.02","SELL","4","COF-PK",15759,0.0,25.0,-32.12,0.0
"2026-06-15","US55272X7066","55272X706","MFA","MFA","MFA FINANCIAL INC","Financial Institutions","310800.0","310350.0","-450.0","0.0006","0.0006","0.0","25.11","-11299.5","SELL","4","MFA",1377628,0.0,25.0,0.44,0.0
"2026-06-15","US3131488682","313148868","FAMCA","FAMCA","FEDERAL AGRICULTURAL MORTGAGE CORP","Agency","262771.0","262231.0","-540.0","0.0004","0.0004","0.0","20.92","-11296.8","SELL","4","","","",25.0,-16.32,""
"2026-06-15","US0454874027","045487402","ASB-F","ASB","ASSOCIATED BANC DEPOSITARY SHARES","Financial Institutions","269341.0","268783.0","-558.0","0.0004","0.0004","0.0","20.15","-11243.7","SELL","4","ASB-PF",5016,0.1,25.0,-19.4,1.94
"2026-06-15","US80349A8514","80349A851","SAR","SAR","SARATOGA INVESTMENT CORP","Financial Institutions","264800.0","264350.0","-450.0","0.0005","0.0005","0.0","24.77","-11146.5","SELL","4","SAR",92905,0.0,25.0,-0.92,0.0
"2026-06-15","US78163D4079","78163D407","RWAY","RWAY","RUNWAY GROWTH FINANCE","Financial Institutions","264725.0","264275.0","-450.0","0.0005","0.0005","0.0","24.69","-11110.5","SELL","4","RWAY",682100,0.0,25.0,-1.24,0.0
"2026-06-15","US0454872047","045487204","ASB-E","ASB","ASSOCIATED BANC-CORP","Financial Institutions","269314.0","268756.0","-558.0","0.0004","0.0004","0.0","19.78","-11037.24","SELL","4","ASB-PE",4603,0.1,25.0,-20.88,2.09
"2026-06-15","US9116847024","911684702","UZA","AD","UNITED STATES CELLULAR CORPORATION","Industrial","278122.0","277546.0","-576.0","0.0004","0.0004","0.0","18.87","-10869.12","SELL","4","","","",25.0,-24.52,""
"2026-06-15","US56029Q4082","56029Q408","MHLD","MHLD","MAIDEN HOLDINGS NORTH AMERICA LTD","Financial Institutions","400319.0","399491.0","-828.0","0.0004","0.0004","0.0","12.37","-10242.36","SELL","4","","","",25.0,-50.52,""
"2026-06-15","US8678928040","867892804","SHO-H","SHO","SUNSTONE HOTEL INVESTORS INC","Financial Institutions","301275.0","300825.0","-450.0","0.0005","0.0005","0.0","21.8","-9810.0","SELL","4","SHO-PH",18128,0.0,25.0,-12.8,0.0
"2026-06-15","US9116848840","911684884","UZC","AD","UNITED STATES CELLULAR CORPORATION","Industrial","273811.0","273235.0","-576.0","0.0003","0.0003","0.0","16.88","-9722.88","SELL","4","","","",25.0,-32.48,""
"2026-06-15","US8660827044","866082704","INN-F","INN","SUMMIT HOTEL PROPERTIES INC","Financial Institutions","269341.0","268783.0","-558.0","0.0003","0.0003","0.0","17.11","-9547.38","SELL","4","INN-PF",15243,0.0,25.0,-31.56,0.0
"2026-06-15","US75574U8870","75574U887","RC-E","RC","READY CAPITAL CORP","Financial Institutions","309649.0","309001.0","-648.0","0.0003","0.0003","0.0","12.3","-7970.4","SELL","4","RC-PE",5991,0.1,25.0,-50.8,5.08
"2026-06-15","US5602923022","560292302","MHLD","MHLD","MAIDEN HOLDINGS LTD","Financial Institutions","285353.0","284759.0","-594.0","0.0002","0.0002","0.0","11.56","-6866.64","SELL","4","","","",25.0,-53.76,""
"2026-06-15","US10482B2007","10482B200","BHR-B","BHR","BRAEMAR HOTEL & RESORTS INC","Financial Institutions","207278.0","206846.0","-432.0","0.0002","0.0002","0.0","13.98","-6039.36","SELL","4","BHR-PB",8644,0.0,25.0,-44.08,0.0
"2026-06-15","US5835432023","583543202","SLNH-A","SLNH","SOLUNA HOLDINGS INC","Industrial","323663.0","323213.0","-450.0","0.0003","0.0003","0.0","11.45","-5152.5","SELL","4","","","",25.0,-54.2,""
"2026-06-15","US9388243076","938824307","WAFD-A","WAFD","WASHINGTON FEDERAL INC","Financial Institutions","813970.0","813970.0","0.0","0.001","0.001","0.0","16.25","0.0","UNCHANGED","4","","","","","",""
"2026-06-15","US0389238504","038923850","ABR-F","ABR","ARBOR REALTY TRUST INC","Financial Institutions","771292.0","771292.0","0.0","0.0013","0.0013","0.0","22.78","0.0","UNCHANGED","4","","","","","",""
"2026-06-15","US7244795065","724479506","PBI","PBI","PITNEY BOWES INC","Industrial","950906.0","950906.0","0.0","0.0015","0.0015","0.0","20.79","0.0","UNCHANGED","4","","","","","",""
"2026-06-15","US29452E2000","29452E200","EQH-A","EQH","EQUITABLE HLDNGS DRC REPRESENTING","Financial Institutions","2172281.0","2172281.0","0.0","0.0032","0.0032","0.0","19.68","0.0","UNCHANGED","4","","","","","",""
"2026-06-15","US0389238686","038923868","ABR-E","ABR","ARBOR REALTY TRUST INC","Financial Institutions","385742.0","385742.0","0.0","0.0005","0.0005","0.0","15.95","0.0","UNCHANGED","4","","","","","",""
"2026-06-15","US0625452075","062545207","BOH-A","BOH","BANK OF HAWAII CORP","Financial Institutions","484757.0","484757.0","0.0","0.0006","0.0006","0.0","15.87","0.0","UNCHANGED","4","","","","","",""
"2026-06-15","US04621X3061","04621X306","AIZ","AIZ","ASSURANT INC","Financial Institutions","671135.0","671135.0","0.0","0.001","0.001","0.0","19.17","0.0","UNCHANGED","4","","","","","",""
"2026-06-15","US46817M2061","46817M206","JXN","JXN","JACKSON FINANCIAL INC","Financial Institutions","1498271.0","1498271.0","0.0","0.0029","0.0029","0.0","25.95","0.0","UNCHANGED","4","","","","","",""
"2026-06-15","US75968N3098","75968N309","RNR-F","RNR","RENAISSANCERE HOLDINGS LTD","Financial Institutions","681600.0","681600.0","0.0","0.0011","0.0011","0.0","21.33","0.0","UNCHANGED","4","","","","","",""
"2026-06-15","US78442P5026","78442P502","SLM-B","SLM","SLM CORP","Financial Institutions","170236.0","170236.0","0.0","0.001","0.0009","-0.0001","74.99","0.0","UNCHANGED","4","","","","","",""
"2026-06-15","US17259U4022","17259U402","CION","CICC","CION INVESTMENT NOTES DUE CORP","Financial Institutions","337169.0","337169.0","0.0","0.0006","0.0006","0.0","24.82","0.0","UNCHANGED","4","","","","","",""
"2026-06-15","US3602713089","360271308","FULT-A","FULT","FULTON FINANCIAL CORPORATION","Financial Institutions","540817.0","540817.0","0.0","0.0007","0.0007","0.0","18.58","0.0","UNCHANGED","4","","","","","",""
"2026-06-15","US06417N2027","06417N202","OZK-A","OZK","BANK OZK","Financial Institutions","951046.0","951046.0","0.0","0.0012","0.0012","0.0","16.36","0.0","UNCHANGED","4","","","","","",""
"2026-06-15","US3765493099","376549309","LAND-B","LAND","GLADSTONE LAND CORP","Financial Institutions","393650.0","393650.0","0.0","0.0006","0.0006","0.0","20.92","0.0","UNCHANGED","4","","","","","",""
"2026-06-15","US30190A2033","30190A203","FG","FG","F&G ANNUITIES & LIFE INC","Financial Institutions","932154.0","932154.0","0.0","0.0017","0.0017","0.0","24.58","0.0","UNCHANGED","4","","","","","",""
"2026-06-15","US5341878859","534187885","LNC-D","LNC","LINCOLN NATIONAL CORPORATION","Financial Institutions","1362035.0","1362035.0","0.0","0.0027","0.0026","-0.0001","26.28","0.0","UNCHANGED","4","","","","","",""
"2026-06-15","US0625403078","062540307","BOH","BOH","BANK OF HAWAII CORP","Financial Institutions","447100.0","447100.0","0.0","0.0009","0.0009","0.0","26.22","0.0","UNCHANGED","4","","","","","",""
"2026-06-15","US29452E4089","29452E408","EQH-C","EQH","EQUITABLE HOLDINGS INC","Financial Institutions","811206.0","811206.0","0.0","0.001","0.001","0.0","16.38","0.0","UNCHANGED","4","","","","","",""
"2026-06-15","US05461T3059","05461T305","AXS-E","AXS","AXIS CAPITAL HOLDINGS LTD","Financial Institutions","1498256.0","1498256.0","0.0","0.0022","0.0022","0.0","19.66","0.0","UNCHANGED","4","","","","","",""
"2026-06-15","US74913G8814","74913G881","CTL","CTL","QWEST CORP","Industrial","2691284.0","2691284.0","0.0","0.0039","0.0039","0.0","19.38","0.0","UNCHANGED","4","","","","","",""
"2026-06-15","US74913G8731","74913G873","CTL","CTL","QWEST CORP","Industrial","1818042.0","1818042.0","0.0","0.0026","0.0026","0.0","19.4","0.0","UNCHANGED","4","","","","","",""
"2026-06-15","BMG7498P1279","-","RNR-G","RNR","RENAISSANCERE HOLDINGS LTD","Financial Institutions","1362026.0","1362026.0","0.0","0.0015","0.0015","0.0","15.23","0.0","UNCHANGED","4","","","","","",""
"2026-06-15","US30190A6091","30190A609","FG","FG","F&G ANNUITIES & LIFE INC","Financial Institutions","1012645.0","1012645.0","0.0","0.0016","0.0016","0.0","21.5","0.0","UNCHANGED","4","","","","","",""
"2026-06-15","US0389238769","038923876","ABR-D","ABR","ARBOR REALTY TRUST INC","Financial Institutions","622146.0","622146.0","0.0","0.0008","0.0007","-0.0001","16.04","0.0","UNCHANGED","4","","","","","",""
"2026-06-15","US34988VAF31","34988VAF3","FOSL","FOSL","FOSSIL GROUP INC","Industrial","1174925.0","1174925.0","0.0","0.0001","0.0001","0.0","73.49","0.0","UNCHANGED","4","","","","","",""
