"date","isin","cusip","ticker","ticker_raw","name","sector","prior_shares","today_shares","shares_delta","prior_weight","today_weight","weight_delta","price","dollar_flow","flow_type","gap_days","yahoo_ticker","adv_30d","overhang_days","par_value","price_vs_par_pct","signal_score"
"2026-05-08","-","-","USD","USD","USD CASH","Cash and/or Derivatives","-7158125.0","-7869348.0","-711223.0","-0.05143","-0.05627","-0.00484","100.0","-71122300.0","UNCHANGED","1","","","","","",""
"2026-05-08","US0669224778","066922477","XTSLA","XTSLA","BLK CSH FND TREASURY SL AGENCY","Cash and/or Derivatives","49315161.0","44397966.0","-4917195.0","0.35431","0.31748","-0.03683","1.0","-4917195.0","UNCHANGED","1","","","","","",""
"2026-05-08","US0970232049","097023204","BA","BA","BOEING CO","Industrial","7915471.0","7920841.0","5370.0","4.16005","4.26447","0.10442","75.29","404307.3","BUY","1","BA",6080023,0.0,25.0,201.16,0.0
"2026-05-08","US68389X2045","68389X204","ORCL-D","ORCL","ORACLE CORPORATION","Industrial","6882300.0","6887100.0","4800.0","2.83233","2.84754","0.01521","57.82","277536.0","BUY","1","ORCL-PD",1523991,0.0,25.0,131.28,0.0
"2026-05-08","US5949728530","594972853","STRC","MSTR","STRATEGY INC","Industrial","3458432.0","3460778.0","2346.0","2.48378","2.47449","-0.00929","99.99","234576.54","BUY","1","STRC",3346103,0.0,25.0,299.96,0.0
"2026-05-08","US9497468044","949746804","WFC-L","WFC","WELLS FARGO & COMPANY SERIES L","Financial Institutions","269725.0","269911.0","186.0","2.30124","2.29684","-0.0044","1190.02","221343.72","BUY","1","WFC-PL",7395,0.0,1000.0,19.0,0.0
"2026-05-08","US0126532003","012653200","ALB","ALB","ALBEMARLE CORP","Industrial","3166200.0","3168348.0","2148.0","1.80484","1.8372","0.03236","81.09","174181.32","BUY","1","ALB",1937697,0.0,25.0,224.36,0.0
"2026-05-08","US0605056821","060505682","BAC-L","BAC","BANK OF AMERICA CORP","Financial Institutions","151177.0","151279.0","102.0","1.33234","1.31652","-0.01582","1217.01","124135.02","BUY","1","BAC-PL",8896,0.0,1000.0,21.7,0.0
"2026-05-08","US1730802014","173080201","C","C","CITIGROUP CAPITAL XIII","Financial Institutions","6183632.0","6187832.0","4200.0","1.30594","1.29957","-0.00637","29.37","123354.0","BUY","1","C",12483017,0.0,25.0,17.48,0.0
"2026-05-08","US42824C2089","42824C208","HPE-A","HPE","HEWLETT PACKARD ENTERPRISE CONV PR","Industrial","2064877.0","2066281.0","1404.0","1.17927","1.22963","0.05036","83.22","116840.88","BUY","1","","","",25.0,232.88,""
"2026-05-08","US5950173022","595017302","MCHP","MCHP","MICROCHIP TECHNOLOGY INCORPORATED","Industrial","2044275.0","2045661.0","1386.0","1.25607","1.22496","-0.03111","83.74","116063.64","BUY","1","MCHP",9251447,0.0,25.0,234.96,0.0
"2026-05-08","US65339F6557","65339F655","NEE-V","NEE","NEXTERA ENERGY INC","Utility","3166190.0","3168338.0","2148.0","1.15264","1.14482","-0.00782","50.53","108538.44","BUY","1","NEE-PV",681755,0.0,25.0,102.12,0.0
"2026-05-08","US48251W5004","48251W500","KKR-D","KKR","KKR & CO INC","Financial Institutions","3561951.0","3564369.0","2418.0","1.11195","1.12505","0.0131","44.14","106730.52","BUY","1","KKR-PD",238326,0.0,25.0,76.56,0.0
"2026-05-08","US65339F6631","65339F663","NEE-S","NEE","NEXTERA ENERGY UNITS INC","Utility","2753219.0","2755085.0","1866.0","1.12593","1.11922","-0.00671","56.81","106007.46","BUY","1","NEE-PS",135876,0.0,25.0,127.24,0.0
"2026-05-08","US8425878423","842587842","SO-A","SO","SOUTHERN COMPANY (THE)","Utility","2753219.0","2755085.0","1866.0","0.99696","0.9951","-0.00186","50.51","94251.66","BUY","1","SOPA",2387937,0.0,25.0,102.04,0.0
"2026-05-08","US03769M3043","03769M304","APO","APO","APOLLO GLOBAL MANAGEMENT INC","Financial Institutions","1978812.0","1980156.0","1344.0","0.92411","0.96853","0.04442","68.4","91929.6","BUY","1","APO",4233390,0.0,25.0,173.6,0.0
"2026-05-08","US48128B6487","48128B648","JPM-EE","JPM","JPMORGAN CHASE & CO","Financial Institutions","5093426.0","5096882.0","3456.0","0.91816","0.91482","-0.00334","25.1","86745.6","BUY","1","","","",25.0,0.4,""
"2026-05-08","US48128B6552","48128B655","JPM-DD","JPM","JPMORGAN CHASE & CO","Financial Institutions","4670095.0","4673263.0","3168.0","0.81568","0.81272","-0.00296","24.32","77045.76","BUY","1","","","",25.0,-2.72,""
"2026-05-08","US65339F1194","65339F119","NEE-T","NEE","NEXTERA ENERGY UNITS INC","Utility","2064877.0","2066281.0","1404.0","0.77278","0.76892","-0.00386","52.04","73064.16","BUY","1","NEE-PT",133569,0.0,25.0,108.16,0.0
"2026-05-08","US94988U1512","94988U151","WFC-Z","WFC","WELLS FARGO & COMPANY","Financial Institutions","5521029.0","5524779.0","3750.0","0.75645","0.75339","-0.00306","19.07","71512.5","BUY","1","WFC-PZ",123439,0.0,25.0,-23.72,0.0
"2026-05-08","US10950A2050","10950A205","BTSG","BTSG","BRIGHTSPRING HEALTH SERVICES UNITS","Industrial","550661.0","551033.0","372.0","0.69291","0.71604","0.02313","181.72","67599.84","BUY","1","BTSG",2616083,0.0,1000.0,-81.83,0.0
"2026-05-08","US48128B5232","48128B523","JPM-MM","JPM","JPMORGAN CHASE AND CO DS REPSTG  T","Financial Institutions","5506408.0","5510146.0","3738.0","0.70301","0.70175","-0.00126","17.81","66573.78","BUY","1","","","",25.0,-28.76,""
"2026-05-08","US48128B5497","48128B549","JPM-LL","JPM","JPMORGAN CHASE NON-CUMULATIVE PREF","Financial Institutions","5093427.0","5096883.0","3456.0","0.70152","0.69978","-0.00174","19.2","66355.2","BUY","1","","","",25.0,-23.2,""
"2026-05-08","US69331C3060","69331C306","PCG-A","PCG","PG&E CORPORATION","Utility","2216338.0","2217844.0","1506.0","0.6559","0.64976","-0.00614","40.97","61700.82","BUY","1","PCG-PA",5386,0.3,25.0,63.88,0.0
"2026-05-08","US00206R7061","00206R706","T-C","T","AT&T INC","Industrial","4818096.0","4821366.0","3270.0","0.6494","0.64644","-0.00296","18.75","61312.5","BUY","1","T-PC",172984,0.0,25.0,-25.0,0.0
"2026-05-08","US5949728795","594972879","STRF","MSTR","STRATEGY INC","Industrial","883755.0","884355.0","600.0","0.63914","0.63707","-0.00207","100.74","60444.0","BUY","1","STRF",103067,0.0,1000.0,-89.93,0.0
"2026-05-08","US03990B3096","03990B309","ARES-B","ARES","ARES MANAGEMENT CORP","Financial Institutions","2064877.0","2066281.0","1404.0","0.60825","0.61762","0.00937","41.8","58687.2","BUY","1","ARES-PB",307134,0.0,25.0,67.2,0.0
"2026-05-08","US14040H8245","14040H824","COF-I","COF","CAPITAL ONE FINANCIAL CORPORATION","Financial Institutions","4129850.0","4132652.0","2802.0","0.56613","0.56769","0.00156","19.21","53826.42","BUY","1","COF-PI",95302,0.0,25.0,-23.16,0.0
"2026-05-08","US00206R3003","00206R300","T","T","AT&T INC","Industrial","3641126.0","3643598.0","2472.0","0.56689","0.56513","-0.00176","21.69","53617.68","BUY","1","T",36707857,0.0,25.0,-13.24,0.0
"2026-05-08","US48128B5802","48128B580","JPM-JJ","JPM","JPMORGAN CHASE DRC","Financial Institutions","4129784.0","4132586.0","2802.0","0.56108","0.5597","-0.00138","18.94","53069.88","BUY","1","","","",25.0,-24.24,""
"2026-05-08","US69351T8669","69351T866","PPL","PPL","PPL CORPORATION","Utility","1583264.0","1584338.0","1074.0","0.55852","0.54687","-0.01165","48.27","51841.98","BUY","1","PPL",7461380,0.0,25.0,93.08,0.0
"2026-05-08","US5949728613","594972861","STRD","MSTR","STRATEGY INC","Industrial","965271.0","965925.0","654.0","0.52582","0.52715","0.00133","76.32","49913.28","BUY","1","STRD",76833,0.0,25.0,205.28,0.0
"2026-05-08","US38144G8042","38144G804","GS-D","GS","GOLDMAN SACHS GROUP INC","Financial Institutions","3716725.0","3719245.0","2520.0","0.5103","0.50931","-0.00099","19.15","48258.0","BUY","1","GS-PD",163743,0.0,25.0,-23.4,0.0
"2026-05-08","US61762V8384","61762V838","MS-Q","MS","MORGAN STANLEY","Financial Institutions","2753219.0","2755085.0","1866.0","0.50521","0.50395","-0.00126","25.58","47732.28","BUY","1","MS-PQ",58534,0.0,25.0,2.32,0.0
"2026-05-08","US61762V8533","61762V853","MS-P","MS","MORGAN STANLEY","Financial Institutions","2753219.0","2755085.0","1866.0","0.50046","0.49844","-0.00202","25.3","47209.8","BUY","1","MS-PP",69339,0.0,25.0,1.2,0.0
"2026-05-08","US5949728878","594972887","STRK","MSTR","STRATEGY INC","Industrial","965348.0","965948.0","600.0","0.54792","0.54257","-0.00535","78.55","47130.0","BUY","1","STRK",149043,0.0,25.0,214.2,0.0
"2026-05-08","US26441C5013","26441C501","DUK-A","DUK","DUKE ENERGY CORP","Utility","2753219.0","2755085.0","1866.0","0.49621","0.49588","-0.00033","25.17","46967.22","BUY","1","DUK-PA",76033,0.0,25.0,0.68,0.0
"2026-05-08","US61761J4067","61761J406","MS-I","MS","MORGAN STANLEY DS REPRESENTING   F","Financial Institutions","2753218.0","2755084.0","1866.0","0.4967","0.4945","-0.0022","25.1","46836.6","BUY","1","MS-PI",63519,0.0,25.0,0.4,0.0
"2026-05-08","US61762V6065","61762V606","MS-K","MS","MORGAN STANLEY","Financial Institutions","2753218.0","2755084.0","1866.0","0.48008","0.47677","-0.00331","24.2","45157.2","BUY","1","MS-PK",54100,0.0,25.0,-3.2,0.0
"2026-05-08","US00206R5081","00206R508","T-A","T","AT&T INC","Industrial","3303860.0","3306104.0","2244.0","0.47476","0.47448","-0.00028","20.07","45037.08","BUY","1","T-PA",95173,0.0,25.0,-19.72,0.0
"2026-05-08","US0605052291","060505229","BAC-GG","BAC","BANK OF AMERICA CORP","Financial Institutions","2631958.0","2633746.0","1788.0","0.4735","0.47234","-0.00116","25.08","44843.04","BUY","1","","","",25.0,0.32,""
"2026-05-08","US0200028381","020002838","ALL-H","ALL","ALLSTATE CORPORATION (THE)","Financial Institutions","3166200.0","3168348.0","2148.0","0.47248","0.47238","-0.0001","20.85","44785.8","BUY","1","ALL-PH",75044,0.0,25.0,-16.6,0.0
"2026-05-08","US1167942077","116794207","BRKR","BRKR","BRUKER CORPORATION","Industrial","190012.0","190138.0","126.0","0.4609","0.46621","0.00531","342.89","43204.14","BUY","1","BRKR",1899313,0.0,1000.0,-65.71,0.0
"2026-05-08","US14040H7825","14040H782","COF-J","COF","CAPITAL ONE FINANCIAL CORPORATION","Financial Institutions","3441531.0","3443865.0","2334.0","0.45249","0.45239","-0.0001","18.37","42875.58","BUY","1","COF-PJ",86032,0.0,25.0,-26.52,0.0
"2026-05-08","US61762V8616","61762V861","MS-O","MS","MORGAN STANLEY","Financial Institutions","3579123.0","3581553.0","2430.0","0.44667","0.44576","-0.00091","17.41","42306.3","BUY","1","MS-PO",78845,0.0,25.0,-30.36,0.0
"2026-05-08","US65339K8374","65339K837","NEE-U","NEE","NEXTERA ENERGY CAPITAL HOLDINGS IN","Utility","2408975.0","2410625.0","1650.0","0.43693","0.43672","-0.00021","25.34","41811.0","BUY","1","","","",25.0,1.36,""
"2026-05-08","US06053U6010","06053U601","BAC-KK","BAC","BANK AMER DS REPRESENTING   NON CU","Financial Institutions","2760246.0","2762118.0","1872.0","0.43689","0.43651","-0.00038","22.1","41371.2","BUY","1","","","",25.0,-11.6,""
"2026-05-08","US94988U1280","94988U128","WFC-AA","WFC","WELLS FARGO & COMPANY","Financial Institutions","3209820.0","3211998.0","2178.0","0.43679","0.43571","-0.00108","18.97","41316.66","BUY","1","","","",25.0,-24.12,""
"2026-05-08","US61762V2007","61762V200","MS-E","MS","MORGAN STANLEY","Financial Institutions","2374573.0","2376187.0","1614.0","0.43317","0.43193","-0.00124","25.42","41027.88","BUY","1","MS-PE",63837,0.0,25.0,1.68,0.0
"2026-05-08","US95002Y4008","95002Y400","WFC-DD","WFC","WELLS FARGO & COMPANY","Financial Institutions","3429301.0","3431629.0","2328.0","0.42698","0.42575","-0.00123","17.35","40390.8","BUY","1","","","",25.0,-30.6,""
"2026-05-08","US98389B8789","98389B878","XEL","XEL","XCEL ENERGY INC","Utility","2478025.0","2479675.0","1650.0","0.43441","0.43336","-0.00105","24.44","40326.0","BUY","1","XEL",4394843,0.0,25.0,-2.24,0.0
"2026-05-08","US61747S5047","61747S504","MS","MS","MORGAN STANLEY","Financial Institutions","3028529.0","3030587.0","2058.0","0.42387","0.42346","-0.00041","19.54","40213.32","BUY","1","MS",5765193,0.0,25.0,-21.84,0.0
"2026-05-08","US61763E2072","61763E207","MS-F","MS","MORGAN STANLEY DS","Financial Institutions","2340207.0","2341797.0","1590.0","0.42438","0.42283","-0.00155","25.25","40147.5","BUY","1","MS-PF",97577,0.0,25.0,1.0,0.0
"2026-05-08","US04686J8615","04686J861","ATH-A","ATH","ATHENE HOLDING DS REPRESENTING   P","Financial Institutions","2374620.0","2376234.0","1614.0","0.4185","0.41834","-0.00016","24.62","39736.68","BUY","1","ATH-PA",43521,0.0,25.0,-1.52,0.0
"2026-05-08","US8425878001","842587800","SO","SO","SOUTHERN COMPANY (THE)","Utility","2753219.0","2755085.0","1866.0","0.39621","0.39717","0.00096","20.16","37618.56","BUY","1","SO",4724240,0.0,25.0,-19.36,0.0
"2026-05-08","US55261F8648","55261F864","MTB-J","MTB","M T BK DEP INT PERP PFD STK SER J","Financial Institutions","2064877.0","2066281.0","1404.0","0.39611","0.39554","-0.00057","26.77","37585.08","BUY","1","MTB-PJ",44646,0.0,25.0,7.08,0.0
"2026-05-08","US1729672428","172967242","C-II","C","CITIGROUP INC","Financial Institutions","2202557.0","2204051.0","1494.0","0.3953","0.3937","-0.0016","24.98","37320.12","BUY","1","CPII",390,3.8,25.0,-0.08,0.3
"2026-05-08","US0605051798","060505179","BAC-K","BAC","BANK OF AMERICA CORP","Financial Institutions","2094470.0","2095892.0","1422.0","0.38372","0.38293","-0.00079","25.55","36332.1","BUY","1","BAC-PK",40754,0.0,25.0,2.2,0.0
"2026-05-08","US59156R8503","59156R850","MET-F","MET","METLIFE INC","Financial Institutions","2753219.0","2755085.0","1866.0","0.379","0.37984","0.00084","19.28","35976.48","BUY","1","MET-PF",88971,0.0,25.0,-22.88,0.0
"2026-05-08","CA67000B2030","67000B203","NOVTV","NOVT","NOVANTA TANGIBLE EQUITY UNITS INC","Industrial","870687.0","871275.0","588.0","0.3724","0.37475","0.00235","60.15","35368.2","BUY","1","","","",25.0,140.6,""
"2026-05-08","US06055H2022","06055H202","BAC-LL","BAC","BANK OF AMERICA CORPORATION DEPOSI","Financial Institutions","2529986.0","2531702.0","1716.0","0.3729","0.37167","-0.00123","20.53","35229.48","BUY","1","","","",25.0,-17.88,""
"2026-05-08","US9029731554","902973155","USB-B","USB","US BANCORP","Financial Institutions","2753218.0","2755084.0","1866.0","0.37129","0.37117","-0.00012","18.84","35155.44","BUY","1","","","",25.0,-24.64,""
"2026-05-08","US8085136005","808513600","SCHW-D","SCHW","CHARLES SCHWAB CORPORATION (THE)","Financial Institutions","2064877.0","2066281.0","1404.0","0.37044","0.36939","-0.00105","25.0","35100.0","BUY","1","SCHW-PD",62266,0.0,25.0,0.0,0.0
"2026-05-08","US0357108705","035710870","NLY-F","NLY","ANNALY CAPITAL MANAGEMENT INC","Financial Institutions","1982339.0","1983683.0","1344.0","0.3703","0.36966","-0.00064","26.06","35024.64","BUY","1","NLY-PF",52631,0.0,25.0,4.24,0.0
"2026-05-08","US59156R8768","59156R876","MET-E","MET","METLIFE INC","Financial Institutions","2216338.0","2217844.0","1506.0","0.36417","0.36556","0.00139","23.05","34713.3","BUY","1","MET-PE",57896,0.0,25.0,-7.8,0.0
"2026-05-08","US95002Y2028","95002Y202","WFC-CC","WFC","WELLS FARGO & COMPANY","Financial Institutions","2880646.0","2882602.0","1956.0","0.36384","0.36403","0.00019","17.66","34542.96","BUY","1","","","",25.0,-29.36,""
"2026-05-08","US7593518852","759351885","RGA","RGA","REINSURANCE GROUP OF AMERICA INCOR","Financial Institutions","1927008.0","1928358.0","1350.0","0.35125","0.3519","0.00065","25.52","34452.0","BUY","1","RGA",344750,0.0,25.0,2.08,0.0
"2026-05-08","US00775V1044","00775V104","AEGON","AEGON","AEGON FUNDING CORPORATION II","Financial Institutions","2546713.0","2548441.0","1728.0","0.35826","0.35645","-0.00181","19.56","33799.68","BUY","1","","","",25.0,-21.76,""
"2026-05-08","US48128B6222","48128B622","JPM-GG","JPM","JPMORGAN CHASE & CO","Financial Institutions","2477888.0","2479568.0","1680.0","0.35036","0.35019","-0.00017","19.75","33180.0","BUY","1","","","",25.0,-21.0,""
"2026-05-08","US89832Q6952","89832Q695","TFC-R","TFC","TRUIST FINANCIAL DRC CORP","Financial Institutions","2546713.0","2548441.0","1728.0","0.34472","0.33896","-0.00576","18.6","32140.8","BUY","1","TFC-PR",73576,0.0,25.0,-25.6,0.0
"2026-05-08","US3453708378","345370837","F","F","FORD MOTOR COMPANY","Industrial","2202558.0","2204052.0","1494.0","0.33058","0.33161","0.00103","21.04","31433.76","BUY","1","F",39010963,0.0,25.0,-15.84,0.0
"2026-05-08","US94988U6560","94988U656","WFC-Y","WFC","WELLS FARGO & COMPANY","Financial Institutions","1893042.0","1894326.0","1284.0","0.3252","0.32483","-0.00037","23.98","30790.32","BUY","1","WFC-PY",39024,0.0,25.0,-4.08,0.0
"2026-05-08","US65339K8606","65339K860","NEE-N","NEE","NEXTERA ENERGY CAPITAL HOLDINGS IN","Utility","1892814.0","1894098.0","1284.0","0.32434","0.32452","0.00018","23.96","30764.64","BUY","1","","","",25.0,-4.16,""
"2026-05-08","US8168516040","816851604","SRE","SRE","SEMPRA ENERGY","Utility","2085577.0","2086993.0","1416.0","0.32171","0.32265","0.00094","21.62","30613.92","BUY","1","SRE",3197533,0.0,25.0,-13.52,0.0
"2026-05-08","US3453708451","345370845","F","F","FORD MOTOR COMPANY","Industrial","2064877.0","2066281.0","1404.0","0.31896","0.3196","0.00064","21.63","30368.52","BUY","1","F",39010963,0.0,25.0,-13.48,0.0
"2026-05-08","US0200027888","020002788","ALL-J","ALL","ALLSTATE DEP REPSTG  TH NON CUM PE","Financial Institutions","1651896.0","1653018.0","1122.0","0.31012","0.3091","-0.00102","26.15","29340.3","BUY","1","ALL-PJ",43285,0.0,25.0,4.6,0.0
"2026-05-08","US06055H8060","06055H806","BAC-QQ","BAC","BANK OF AMERICA CORP","Financial Institutions","2515430.0","2517140.0","1710.0","0.30922","0.30851","-0.00071","17.14","29309.4","BUY","1","","","",25.0,-31.44,""
"2026-05-08","US03769M2052","03769M205","APO","APO","APOLLO GLOBAL MANAGEMENT INC","Financial Institutions","1651896.0","1653018.0","1122.0","0.30858","0.30792","-0.00066","26.05","29228.1","BUY","1","APO",4233390,0.0,25.0,4.2,0.0
"2026-05-08","US82846H5046","82846H504","QXO","QXO","QXO INC","Industrial","791557.0","792097.0","540.0","0.30068","0.29788","-0.0028","52.59","28398.6","BUY","1","QXO",13687177,0.0,25.0,110.36,0.0
"2026-05-08","US65339K8291","65339K829","NEE-Z","NEE","NEXTERA ENERGY CAPITAL HOLDINGS IN","Utility","1654767.0","1655889.0","1122.0","0.29936","0.29922","-0.00014","25.27","28352.94","BUY","1","","","",25.0,1.08,""
"2026-05-08","US0605051954","060505195","BAC-HH","BAC","BANK OF AMERICA DEP REPRESENTING","Financial Institutions","1649203.0","1650325.0","1122.0","0.29575","0.29479","-0.00096","24.98","28027.56","BUY","1","","","",25.0,-0.08,""
"2026-05-08","US4932678430","493267843","KEY","KEY","KEYCORP","Financial Institutions","1651896.0","1653018.0","1122.0","0.29612","0.29527","-0.00085","24.98","28027.56","BUY","1","KEY",12576473,0.0,25.0,-0.08,0.0
"2026-05-08","US48251W6093","48251W609","KKR-T","KKR","KKR & CO INC","Financial Institutions","1624374.0","1625478.0","1104.0","0.29445","0.29338","-0.00107","25.24","27864.96","BUY","1","","","",25.0,0.96,""
"2026-05-08","US2333317921","233331792","DTE-H","DTE","DTE ENERGY COMPANY","Utility","1651896.0","1653018.0","1122.0","0.29374","0.29303","-0.00071","24.79","27814.38","BUY","1","","","",25.0,-0.84,""
"2026-05-08","US1258968452","125896845","CMS","CMS","CMS ENERGY CORPORATION","Utility","1734532.0","1735708.0","1176.0","0.29186","0.29209","0.00023","23.53","27671.28","BUY","1","CMS",2898397,0.0,25.0,-5.88,0.0
"2026-05-08","US38143Y6656","38143Y665","GS-A","GS","GOLDMAN SACHS GROUP INC","Financial Institutions","2064809.0","2066213.0","1404.0","0.28661","0.28723","0.00062","19.44","27293.76","BUY","1","GS-PA",77558,0.0,25.0,-22.24,0.0
"2026-05-08","US87165B2025","87165B202","SYF-A","SYF","SYNCHRONY FINANCIAL","Financial Institutions","2065137.0","2066487.0","1350.0","0.29749","0.29702","-0.00047","20.1","27135.0","BUY","1","SYF-PA",65793,0.0,25.0,-19.6,0.0
"2026-05-08","US04686J8383","04686J838","ATH","ATH","ATHENE HOLDING LTD","Financial Institutions","1583071.0","1584145.0","1074.0","0.28617","0.28546","-0.00071","25.2","27064.8","BUY","1","","","",25.0,0.8,""
"2026-05-08","US8425878670","842587867","SO","SO","SOUTHERN COMPANY (THE)","Utility","1555549.0","1556605.0","1056.0","0.28499","0.28462","-0.00037","25.57","27001.92","BUY","1","SO",4724240,0.0,25.0,2.28,0.0
"2026-05-08","US21871X2080","21871X208","CRBG","CRBG","COREBRIDGE FINANCIAL INC","Financial Institutions","1651896.0","1653018.0","1122.0","0.28342","0.28369","0.00027","24.0","26928.0","BUY","1","CRBG",7032520,0.0,25.0,-4.0,0.0
"2026-05-08","US00123Q8722","00123Q872","AGNC-F","AGNC","AGNC INVESTMENT CORP","Financial Institutions","1583071.0","1584145.0","1074.0","0.28412","0.28286","-0.00126","24.97","26817.78","BUY","1","","","",25.0,-0.12,""
"2026-05-08","US12542R3084","12542R308","CHSINC","CHSINC","CHS CUMULATIVE REDEEMABLE PREF CLA","Industrial","1477052.0","1478054.0","1002.0","0.27751","0.27776","0.00025","26.28","26332.56","BUY","1","","","",25.0,5.12,""
"2026-05-08","US8794337613","879433761","TDS-VV","TDS","TELEPHONE AND DATA SYSTEMS INC","Industrial","1899715.0","1901005.0","1290.0","0.27216","0.27323","0.00107","20.1","25929.0","BUY","1","","","",25.0,-19.6,""
"2026-05-08","US82452J3077","82452J307","FOUR","FOUR","SHIFT4 PAYMENTS INC","Industrial","688312.0","688780.0","468.0","0.28831","0.26873","-0.01958","54.56","25534.08","BUY","1","FOUR",1752593,0.0,25.0,118.24,0.0
"2026-05-08","US7838922018","783892201","EIX-M","EIX","SCE TRUST VII","Utility","1514236.0","1515262.0","1026.0","0.27089","0.26883","-0.00206","24.81","25455.06","BUY","1","","","",25.0,-0.76,""
"2026-05-08","US3453708113","345370811","F","F","FORD MOTOR COMPANY","Industrial","1651911.0","1653033.0","1122.0","0.26443","0.26448","5e-05","22.38","25110.36","BUY","1","F",39010963,0.0,25.0,-10.48,0.0
"2026-05-08","US12542R8034","12542R803","CHSINC","CHSINC","CHS INC","Industrial","1424935.0","1425901.0","966.0","0.26331","0.26337","6e-05","25.83","24951.78","BUY","1","","","",25.0,3.32,""
"2026-05-08","US06055H4002","06055H400","BAC-NN","BAC","BANK OF AMERICA CORP","Financial Institutions","2079284.0","2080694.0","1410.0","0.26322","0.26231","-0.00091","17.63","24858.3","BUY","1","","","",25.0,-29.48,""
"2026-05-08","US59156R5046","59156R504","MET-A","MET","METLIFE INC","Financial Institutions","1652319.0","1653441.0","1122.0","0.25808","0.25787","-0.00021","21.81","24470.82","BUY","1","MET-PA",84097,0.0,25.0,-12.76,0.0
"2026-05-08","US05990K8412","05990K841","BANC-F","BANC","BANC OF CALIFORNIA INC","Financial Institutions","1407796.0","1408750.0","954.0","0.25903","0.25809","-0.00094","25.62","24441.48","BUY","1","BANC-PF",53220,0.0,25.0,2.48,0.0
"2026-05-08","US8425878837","842587883","SO-C","SO","SOUTHERN COMPANY (THE)","Utility","2065189.0","2066593.0","1404.0","0.25595","0.25669","0.00074","17.37","24387.48","BUY","1","","","",25.0,-30.52,""
"2026-05-08","US87165B4005","87165B400","SYF-B","SYF","SYNCHRONY FINANCIAL","Financial Institutions","1376719.0","1377655.0","936.0","0.25757","0.25643","-0.00114","26.03","24364.08","BUY","1","SYF-PB",50251,0.0,25.0,4.12,0.0
"2026-05-08","US0200023093","020002309","ALL","ALL","ALLSTATE CORPORATION (THE)","Financial Institutions","1376768.0","1377704.0","936.0","0.2557","0.25555","-0.00015","25.94","24279.84","BUY","1","ALL",1394367,0.0,25.0,3.76,0.0
"2026-05-08","US7591EP8604","7591EP860","RF","RF","REGIONS FINANCIAL CORPORATION","Financial Institutions","1376845.0","1377781.0","936.0","0.25373","0.25498","0.00125","25.88","24223.68","BUY","1","RF",10132240,0.0,25.0,3.52,0.0
"2026-05-08","US9029737593","902973759","USB-K","USB","US BANCORP","Financial Institutions","1577221.0","1578289.0","1068.0","0.25315","0.25354","0.00039","22.47","23997.96","BUY","1","","","",25.0,-10.12,""
"2026-05-08","US0640588457","64058845","BK-K","BK","BANK OF NEW YORK MELLON CORP/THE","Financial Institutions","1376901.0","1377837.0","936.0","0.25256","0.25164","-0.00092","25.54","23905.44","BUY","1","BK-PK",30215,0.0,25.0,2.16,0.0
"2026-05-08","US04686J5074","04686J507","ATH-E","ATH","ATHENE HLDG LTD DEP SHR REPSTG   I","Financial Institutions","1376913.0","1377849.0","936.0","0.25127","0.25125","-2e-05","25.5","23868.0","BUY","1","ATH-PE",63765,0.0,25.0,2.0,0.0
"2026-05-08","US4932677028","493267702","KEY-E","KEY","KEYCORP","Financial Institutions","1371462.0","1372392.0","930.0","0.24722","0.24672","-0.0005","25.14","23380.2","BUY","1","","","",25.0,0.56,""
"2026-05-08","US7591EP7044","7591EP704","RF-C","RF","REGIONS FINANCIAL CORPORATION","Financial Institutions","1377028.0","1377964.0","936.0","0.2418","0.24161","-0.00019","24.52","22950.72","BUY","1","RF-PC",37488,0.0,25.0,-1.92,0.0
"2026-05-08","US89832Q7455","89832Q745","TFC-O","TFC","TRUIST FINANCIAL PERPETUAL PREF SE","Financial Institutions","1583606.0","1584680.0","1074.0","0.2453","0.24069","-0.00461","21.24","22811.76","BUY","1","TFC-PO",41003,0.0,25.0,-15.04,0.0
"2026-05-08","US26441C4024","26441C402","DUK","DUK","DUKE ENERGY CORP","Utility","1377195.0","1378131.0","936.0","0.23787","0.23839","0.00052","24.19","22641.84","BUY","1","DUK",3262213,0.0,25.0,-3.24,0.0
"2026-05-08","US55261F8499","55261F849","MTB-K","MTB","M&T BANK CORPORATION","Financial Institutions","1240050.0","1240950.0","900.0","0.22309","0.22238","-0.00071","25.06","22554.0","BUY","1","MTB-PK",46296,0.0,25.0,0.24,0.0
"2026-05-08","US12542R7044","12542R704","CHSINC","CHSINC","CHS RESET RATE CUMULATIVE REDEEMAB","Industrial","1356532.0","1357432.0","900.0","0.24336","0.24267","-0.00069","25.0","22500.0","BUY","1","","","",25.0,0.0,""
"2026-05-08","US9029737189","902973718","USB-M","USB","US BANCORP","Financial Institutions","2065916.0","2067320.0","1404.0","0.236","0.23572","-0.00028","15.95","22393.8","BUY","1","","","",25.0,-36.2,""
"2026-05-08","US6494452021","649445202","FLG-A","FLG","NEW YORK COMMUNITY BANCORP INT FXD","Financial Institutions","1418696.0","1419656.0","960.0","0.23398","0.2341","0.00012","23.06","22137.6","BUY","1","FLG-PA",115118,0.0,25.0,-7.76,0.0
"2026-05-08","US9182842099","918284209","VSEC","VSEC","VSE CORP","Industrial","634472.0","634904.0","432.0","0.23672","0.23141","-0.00531","50.97","22019.04","BUY","1","VSEC",563517,0.0,25.0,103.88,0.0
"2026-05-08","US64828T7063","64828T706","RITM-D","RITM","NEW RESIDENTIAL INVESTMENT CORP","Financial Institutions","1275463.0","1276327.0","864.0","0.22845","0.22707","-0.00138","24.88","21496.32","BUY","1","RITM-PD",53552,0.0,25.0,-0.48,0.0
"2026-05-08","US3167736053","316773605","FITB-I","FITB","FIFTH THIRD BANCORP DEPOSITARY SHA","Financial Institutions","1234354.0","1235194.0","840.0","0.22552","0.22479","-0.00073","25.45","21378.0","BUY","1","","","",25.0,1.8,""
"2026-05-08","BMG1624R1079","-","BPY","BPY","BROOKFIELD PROPERTY PREFERRED PREF","Industrial","1840828.0","1842076.0","1248.0","0.22418","0.22301","-0.00117","16.93","21128.64","BUY","1","","","",25.0,-32.28,""
"2026-05-08","US0357108473","035710847","NLY-I","NLY","ANNALY CAPITAL MANAGEMENT INC","Financial Institutions","1213745.0","1214567.0","822.0","0.22342","0.22303","-0.00039","25.68","21108.96","BUY","1","NLY-PI",73611,0.0,25.0,2.72,0.0
"2026-05-08","US14040H7585","14040H758","COF-L","COF","CAPITAL ONE FINANCIAL CORPORATION","Financial Institutions","1859852.0","1861112.0","1260.0","0.22248","0.22292","0.00044","16.75","21105.0","BUY","1","COF-PL",38298,0.0,25.0,-33.0,0.0
"2026-05-08","US8574778556","857477855","STT-G","STT","STATE STREET CORP","Financial Institutions","1371462.0","1372392.0","930.0","0.21894","0.21845","-0.00049","22.26","20701.8","BUY","1","STT-PG",41868,0.0,25.0,-10.96,0.0
"2026-05-08","US8085138654","808513865","SCHW-J","SCHW","CHARLES SCHWAB CORPORATION (THE)","Financial Institutions","1653275.0","1654397.0","1122.0","0.21737","0.21661","-0.00076","18.31","20543.82","BUY","1","SCHW-PJ",72875,0.0,25.0,-26.76,0.0
"2026-05-08","US9633202059","963320205","WHR-A","WHR","WHIRLPOOL CORPORATION","Industrial","791629.0","792169.0","540.0","0.22648","0.2152","-0.01128","37.99","20514.6","BUY","1","WHR-PA",241028,0.0,25.0,51.96,0.0
"2026-05-08","US0082528276","008252827","AMG","AMG","AFFILIATED MANAGERS GROUP INC.","Financial Institutions","1240135.0","1240975.0","840.0","0.21366","0.21413","0.00047","24.13","20269.2","BUY","1","AMG",345917,0.0,25.0,-3.48,0.0
"2026-05-08","US0357108622","035710862","NLY-G","NLY","ANNALY CAPITAL MANAGEMENT INC","Financial Institutions","1165753.0","1166545.0","792.0","0.21106","0.21155","0.00049","25.36","20085.12","BUY","1","NLY-PG",26538,0.0,25.0,1.44,0.0
"2026-05-08","US06055H6080","06055H608","BAC-PP","BAC","BANK OF AMERICA DRC CORP","Financial Institutions","1757092.0","1758286.0","1194.0","0.21205","0.21123","-0.00082","16.8","20059.2","BUY","1","BAC-PP",47121,0.0,25.0,-32.8,0.0
"2026-05-08","US12542R5063","12542R506","CHSINC","CHSINC","CHS INC","Industrial","1157491.0","1158277.0","786.0","0.21065","0.20996","-0.00069","25.35","19925.1","BUY","1","","","",25.0,1.4,""
"2026-05-08","US97650W7020","97650W702","WTFC-F","WTFC","WINTRUST FINANCIAL CORPORATION","Financial Institutions","1171050.0","1171800.0","750.0","0.22279","0.22163","-0.00116","26.45","19837.5","BUY","1","","","",25.0,5.8,""
"2026-05-08","US3167738372","316773837","FITBM","FITB","FIFTH THIRD BANCORP DEPOSITARY SHA","Financial Institutions","1102571.0","1103321.0","750.0","0.20707","0.2075","0.00043","26.3","19725.0","BUY","1","FITBM",60207,0.0,25.0,5.2,0.0
"2026-05-08","US1746106004","174610600","CFG-H","CFG","CITIZENS FINANCIAL GROUP INC","Financial Institutions","1102548.0","1103298.0","750.0","0.20715","0.20663","-0.00052","26.19","19642.5","BUY","1","CFG-PH",22971,0.0,25.0,4.76,0.0
"2026-05-08","US74460W5528","74460W552","PSA-L","PSA","PUBLIC STORAGE","Financial Institutions","1557261.0","1558317.0","1056.0","0.20531","0.20459","-0.00072","18.36","19388.16","BUY","1","PSA-PL",46115,0.0,25.0,-26.56,0.0
"2026-05-08","US61762V8046","61762V804","MS-L","MS","MORGAN STANLEY","Financial Institutions","1378192.0","1379128.0","936.0","0.20259","0.20251","-8e-05","20.54","19225.44","BUY","1","MS-PL",23753,0.0,25.0,-17.84,0.0
"2026-05-08","US00123Q8078","00123Q807","AGNC-E","AGNC","AGNC INVESTMENT CORP","Financial Institutions","1104021.0","1104771.0","750.0","0.20219","0.20153","-0.00066","25.51","19132.5","BUY","1","","","",25.0,2.04,""
"2026-05-08","US31959X4007","31959X400","FCNCA","FCNCA","FIRST CITIZENS BANCSHARES INC (DEL","Financial Institutions","1102706.0","1103456.0","750.0","0.20076","0.20003","-0.00073","25.35","19012.5","BUY","1","FCNCA",69257,0.0,25.0,1.4,0.0
"2026-05-08","US1746108083","174610808","CFG-I","CFG","CITIZENS FINANCIAL GROUP INC","Financial Institutions","1102684.0","1103434.0","750.0","0.19862","0.19916","0.00054","25.24","18930.0","BUY","1","CFG-PI",26576,0.0,25.0,0.96,0.0
"2026-05-08","US7593518027","759351802","RGA","RGA","REINSURANCE GROUP OF AMERICA INCOR","Financial Institutions","1102690.0","1103440.0","750.0","0.19988","0.19916","-0.00072","25.24","18930.0","BUY","1","RGA",344750,0.0,25.0,0.96,0.0
"2026-05-08","US3205178409","320517840","FHN-H","FHN","FIRST HORIZON CORP","Financial Institutions","1099542.0","1100286.0","744.0","0.19876","0.1978","-0.00096","25.14","18704.16","BUY","1","FHN-PH",166053,0.0,25.0,0.56,0.0
"2026-05-08","US9029738666","902973866","USB-A","USB","US BANCORP","Financial Institutions","39569.0","39593.0","24.0","0.22135","0.22044","-0.00091","778.6","18686.4","BUY","1","USB-PA",1300,0.0,1000.0,-22.14,0.0
"2026-05-08","US8726521029","872652102","TPG","TPG","TPG OPERATING GROUP II LP","Financial Institutions","1102752.0","1103502.0","750.0","0.19482","0.19412","-0.0007","24.6","18450.0","BUY","1","TPG",2969317,0.0,25.0,-1.6,0.0
"2026-05-08","US87264A1051","87264A105","TMUS","TMUS","T-MOBILE USA INC","Industrial","1084836.0","1085574.0","738.0","0.194","0.19337","-0.00063","24.91","18383.58","BUY","1","TMUS",6177427,0.0,25.0,-0.36,0.0
"2026-05-08","US8425874042","842587404","SO","SO","SOUTHERN COMPANY (THE)","Utility","1240695.0","1241535.0","840.0","0.19379","0.19416","0.00037","21.87","18370.8","BUY","1","SO",4724240,0.0,25.0,-12.52,0.0
"2026-05-08","US64828T5083","64828T508","RITM-C","RITM","NEW RESIDENTIAL INVESTMENT CORP","Financial Institutions","1090554.0","1091292.0","738.0","0.19275","0.19189","-0.00086","24.59","18147.42","BUY","1","RITM-PC",41851,0.0,25.0,-1.64,0.0
"2026-05-08","US04686J4085","04686J408","ATH-D","ATH","ATHENE HOLDING DS REPRESENTING A","Financial Institutions","1585579.0","1586653.0","1074.0","0.19093","0.19061","-0.00032","16.8","18043.2","BUY","1","ATH-PD",40386,0.0,25.0,-32.8,0.0
"2026-05-08","US4932678687","493267868","KEY-G","KEY","KEYCORP","Financial Institutions","1234354.0","1235194.0","840.0","0.18783","0.18911","0.00128","21.41","17984.4","BUY","1","","","",25.0,-14.36,""
"2026-05-08","US74460W4612","74460W461","PSA-P","PSA","PUBLIC STORAGE","Financial Institutions","1664738.0","1665866.0","1128.0","0.1897","0.18893","-0.00077","15.86","17890.08","BUY","1","PSA-PP",72484,0.0,25.0,-36.56,0.0
"2026-05-08","US72348N3070","72348N307","PNFP-B","PNFP","PINNACLE FINANCIAL PARTNERS NON CU","Financial Institutions","965333.0","965987.0","654.0","0.18137","0.18195","0.00058","26.34","17226.36","BUY","1","PNFP-PB",15835,0.0,25.0,5.36,0.0
"2026-05-08","US06055H8714","06055H871","BAC-SS","BAC","BANK OF AMERICA CORP","Financial Institutions","1317315.0","1318209.0","894.0","0.182","0.18155","-0.00045","19.26","17218.44","BUY","1","","","",25.0,-22.96,""
"2026-05-08","US0158578080","015857808","AQNCN","AQNCN","ALGONQUIN POWER & UTILITIES CORP","Utility","965370.0","966024.0","654.0","0.1811","0.18182","0.00072","26.32","17213.28","BUY","1","","","",25.0,5.28,""
"2026-05-08","US8794337878","879433787","TDS-UU","TDS","TELEPHONE DATA SYS DRC INC","Industrial","1158488.0","1159274.0","786.0","0.17895","0.18146","0.00251","21.89","17205.54","BUY","1","","","",25.0,-12.44,""
"2026-05-08","US4932678760","493267876","KEY-F","KEY","KEYCORP","Financial Institutions","1165753.0","1166545.0","792.0","0.17865","0.17851","-0.00014","21.4","16948.8","BUY","1","","","",25.0,-14.4,""
"2026-05-08","US87264A2042","87264A204","TMUS","TMUS","T-MOBILE USA INC","Industrial","1105636.0","1106386.0","750.0","0.17476","0.17627","0.00151","22.28","16710.0","BUY","1","TMUS",6177427,0.0,25.0,-10.88,0.0
"2026-05-08","US8935266812","893526681","TRPCN","TRPCN","TRANSCANADA PIPELINES LTD","Industrial","1020680.0","1021370.0","690.0","0.176","0.17587","-0.00013","24.08","16615.2","BUY","1","","","",25.0,-3.68,""
"2026-05-08","US2333318598","233331859","DTE-E","DTE","DTE ENERGY COMPANY","Utility","1103574.0","1104324.0","750.0","0.17221","0.17223","2e-05","21.81","16357.5","BUY","1","","","",25.0,-12.76,""
"2026-05-08","US00123Q8318","00123Q831","AGNC-H","AGNC","AGNC INVESTMENT CORP","Financial Institutions","946308.0","946950.0","642.0","0.17303","0.17206","-0.00097","25.41","16313.22","BUY","1","","","",25.0,1.64,""
"2026-05-08","US87264A3032","87264A303","TMUS","TMUS","T-MOBILE USA INC","Industrial","1089044.0","1089782.0","738.0","0.1712","0.17191","0.00071","22.06","16280.28","BUY","1","TMUS",6177427,0.0,25.0,-11.76,0.0
"2026-05-08","US4165186036","416518603","HIG-G","HIG","HARTFORD FINANCIAL SERVICES GROUP","Financial Institutions","951807.0","952455.0","648.0","0.17093","0.17027","-0.00066","25.0","16200.0","BUY","1","HIG-PG",18285,0.0,25.0,0.0,0.0
"2026-05-08","US1746104025","174610402","CFG-E","CFG","CITIZENS FINANCIAL GROUP INC","Financial Institutions","1241505.0","1242345.0","840.0","0.17162","0.17092","-0.0007","19.24","16161.6","BUY","1","CFG-PE",28777,0.0,25.0,-23.04,0.0
"2026-05-08","US03939A4040","03939A404","ACGL-G","ACGL","ARCH CAPITAL GROUP LTD.","Financial Institutions","1379456.0","1380392.0","936.0","0.16948","0.16958","0.0001","17.18","16080.48","BUY","1","","","",25.0,-31.28,""
"2026-05-08","US30190A2033","30190A203","FG","FG","F&G ANNUITIES & LIFE INC","Financial Institutions","946308.0","946950.0","642.0","0.16984","0.16956","-0.00028","25.04","16075.68","BUY","1","FG",584017,0.0,25.0,0.16,0.0
"2026-05-08","US12542R2094","12542R209","CHSINC","CHSINC","CHS INC. (8% CUMULATIVE REDEEMABLE","Industrial","846503.0","847079.0","576.0","0.1692","0.169","-0.0002","27.9","16070.4","BUY","1","","","",25.0,11.6,""
"2026-05-08","US14314C1053","14314C105","CG","CG","CARLYLE FINANCE LLC","Financial Institutions","1379401.0","1380337.0","936.0","0.16699","0.16928","0.00229","17.15","16052.4","BUY","1","CG",3398857,0.0,25.0,-31.4,0.0
"2026-05-08","US62913M2061","62913M206","NGL-B","NGL","NGL ENERGY PARTNERS LP","Industrial","928922.0","929552.0","630.0","0.16812","0.16877","0.00065","25.39","15995.7","BUY","1","NGL-PB",20705,0.0,25.0,1.56,0.0
"2026-05-08","US78410V2007","78410V200","SCE-L","EIX","SCE TRUST VI","Financial Institutions","1310541.0","1311429.0","888.0","0.1693","0.1688","-0.0005","18.0","15984.0","BUY","1","SCE-PL",18421,0.0,25.0,-28.0,0.0
"2026-05-08","US4461508230","446150823","HBAN-H","HBAN","HUNTINGTON BANCSHARES DRC INC","Financial Institutions","1379466.0","1380402.0","936.0","0.16844","0.1683","-0.00014","17.05","15958.8","BUY","1","","","",25.0,-31.8,""
"2026-05-08","US29364D1000","29364D100","ETR","ETR","ENTERGY ARKANSAS LLC","Utility","1131270.0","1132038.0","768.0","0.16792","0.16797","5e-05","20.75","15936.0","BUY","1","ETR",2969683,0.0,25.0,-17.0,0.0
"2026-05-08","US80620A2087","80620A208","EIX-N","EIX","SCE TRUST VIII","Utility","960044.0","960698.0","654.0","0.16492","0.16433","-0.00059","23.92","15643.68","BUY","1","","","",25.0,-4.32,""
"2026-05-08","US00123Q5009","00123Q500","AGNC-C","AGNC","AGNC INVESTMENT CORP","Financial Institutions","891444.0","892050.0","606.0","0.16486","0.16407","-0.00079","25.72","15586.32","BUY","1","","","",25.0,2.88,""
"2026-05-08","US8629452017","862945201","ASSE-A","ASSE","STRIVE INC","Industrial","227659.0","227815.0","156.0","0.16237","0.16212","-0.00025","99.52","15525.12","BUY","1","","","",25.0,298.08,""
"2026-05-08","US4461507737","446150773","HBAN-J","HBAN","HUNTINGTON BANCSHARES INC","Financial Institutions","896946.0","897546.0","600.0","0.16356","0.16366","0.0001","25.5","15300.0","BUY","1","","","",25.0,2.0,""
"2026-05-08","US48253M1045","48253M104","KKR","KKR","KKR GROUP FINANCE CO IX LLC","Financial Institutions","1379729.0","1380629.0","900.0","0.16555","0.16704","0.00149","16.92","15228.0","BUY","1","KKR",5140547,0.0,25.0,-32.32,0.0
"2026-05-08","US74965L2007","74965L200","RLJ-A","RLJ","RLJ LODGING .95 CUMULATIVE CONVERT","Financial Institutions","883230.0","883830.0","600.0","0.16023","0.15971","-0.00052","25.27","15162.0","BUY","1","RLJ-PA",36354,0.0,25.0,1.08,0.0
"2026-05-08","US30190A6091","30190A609","FG","FG","F&G ANNUITIES & LIFE INC","Financial Institutions","1028620.0","1029316.0","696.0","0.15985","0.15957","-0.00028","21.68","15089.28","BUY","1","FG",584017,0.0,25.0,-13.28,0.0
"2026-05-08","US9029736686","902973668","USB-O","USB","US BANCORP","Financial Institutions","1242013.0","1242853.0","840.0","0.15964","0.15873","-0.00091","17.86","15002.4","BUY","1","","","",25.0,-28.56,""
"2026-05-08","US9027884058","902788405","UMBF","UMBF","UMB FINANCIAL CORPORATION","Financial Institutions","822910.0","823468.0","558.0","0.15875","0.15805","-0.0007","26.84","14976.72","BUY","1","UMBF",706563,0.0,25.0,7.36,0.0
"2026-05-08","US16934Q4064","16934Q406","CIM-B","CIM","CHIMERA INVESTMENT CORP","Financial Institutions","891440.0","892046.0","606.0","0.15704","0.15705","1e-05","24.62","14919.72","BUY","1","CIM-PB",37335,0.0,25.0,-1.52,0.0
"2026-05-08","BMG7498P1279","-","RNR-G","RNR","RENAISSANCERE HOLDINGS LTD","Financial Institutions","1380327.0","1381263.0","936.0","0.15421","0.15359","-0.00062","15.55","14554.8","BUY","1","RNR-PG",27702,0.0,25.0,-37.8,0.0
"2026-05-08","US6658598569","665859856","NTRS-E","NTRS","NORTHERN TRUST CORPORATION","Financial Institutions","1097220.0","1097964.0","744.0","0.1512","0.15122","2e-05","19.26","14329.44","BUY","1","","","",25.0,-22.96,""
"2026-05-08","US0454876006","045487600","ASB","ASB","ASSOCIATED BANC-CORP","Financial Institutions","828442.0","829006.0","564.0","0.149","0.14903","3e-05","25.14","14178.96","BUY","1","ASB",2143843,0.0,25.0,0.56,0.0
"2026-05-08","US9029737346","902973734","USB-L","USB","US BANCORP","Financial Institutions","1380603.0","1381539.0","936.0","0.14899","0.14888","-0.00011","15.07","14105.52","BUY","1","","","",25.0,-39.72,""
"2026-05-08","US10922N7075","10922N707","BHF-C","BHF","BRIGHTHOUSE FINANCIAL INC","Financial Institutions","1587782.0","1588862.0","1080.0","0.1483","0.14736","-0.00094","12.97","14007.6","BUY","1","","","",25.0,-48.12,""
"2026-05-08","US0256768591","025676859","ANGINC","ANGINC","AMERICAN NATIONAL GROUP INC","Financial Institutions","822910.0","823468.0","558.0","0.14663","0.14662","-1e-05","24.9","13894.2","BUY","1","","","",25.0,-0.4,""
"2026-05-08","US3196263053","319626305","FCNCA","FCNCA","FIRST CITIZENS BANCSHARES INC.","Financial Institutions","952661.0","953309.0","648.0","0.14507","0.14479","-0.00028","21.24","13763.52","BUY","1","FCNCA",69257,0.0,25.0,-15.04,0.0
"2026-05-08","US05580M8192","05580M819","RILYI","RILY","B. RILEY FINANCIAL INC","Financial Institutions","1056758.0","1057478.0","720.0","0.14312","0.14322","0.0001","18.94","13636.8","BUY","1","","","",25.0,-24.24,""
"2026-05-08","US9030025095","903002509","UMH-D","UMH","UMH PROPERTIES INC","Financial Institutions","890251.0","890857.0","606.0","0.14193","0.14149","-0.00044","22.21","13459.26","BUY","1","UMH-PD",16769,0.0,25.0,-11.16,0.0
"2026-05-08","US9290892093","929089209","VOYA-B","VOYA","VOYA FINANCIAL INC","Financial Institutions","822910.0","823468.0","558.0","0.14136","0.14085","-0.00051","23.92","13347.36","BUY","1","VOYA-PB",19594,0.0,25.0,-4.32,0.0
"2026-05-08","US9576384062","957638406","WAL-A","WAL","WESTERN ALLIANCE BANCORP","Financial Institutions","822910.0","823468.0","558.0","0.14","0.14032","0.00032","23.83","13297.14","BUY","1","WAL-PA",15597,0.0,25.0,-4.68,0.0
"2026-05-08","US0357108218","035710821","NLY-J","NLY","ANNALY CAPITAL MANAGEMENT INC","Financial Institutions","754310.0","754820.0","510.0","0.14139","0.14066","-0.00073","26.06","13290.6","BUY","1","NLY-PJ",33349,0.0,25.0,4.24,0.0
"2026-05-08","US64828T4094","64828T409","RITM-B","RITM","NEW RESIDENTIAL INVESTMENT CORP","Financial Institutions","772217.0","772739.0","522.0","0.13992","0.13947","-0.00045","25.24","13175.28","BUY","1","RITM-PB",38037,0.0,25.0,0.96,0.0
"2026-05-08","US91529Y6014","91529Y601","UNM","UNM","UNUM GROUP","Financial Institutions","822910.0","823468.0","558.0","0.139","0.13826","-0.00074","23.48","13101.84","BUY","1","UNM",1337927,0.0,25.0,-6.08,0.0
"2026-05-08","US2538688225","253868822","DLR-L","DLR","DIGITAL REALTY TRUST INC","Financial Institutions","946308.0","946950.0","642.0","0.13856","0.13793","-0.00063","20.37","13077.54","BUY","1","DLR-PL",24559,0.0,25.0,-18.52,0.0
"2026-05-08","US14040H7338","14040H733","COF-N","COF","CAPITAL ONE FINL DS REPSTG  TH PRF","Financial Institutions","1174293.0","1175091.0","798.0","0.13652","0.13701","0.00049","16.31","13015.38","BUY","1","COF-PN",24718,0.0,25.0,-34.76,0.0
"2026-05-08","US74460W4208","74460W420","PSA-R","PSA","PUBLIC STORAGE","Financial Institutions","1201942.0","1202758.0","816.0","0.13627","0.13572","-0.00055","15.78","12876.48","BUY","1","PSA-PR",30752,0.0,25.0,-36.88,0.0
"2026-05-08","US10922N3017","10922N301","BHF-A","BHF","BRIGHTHOUSE FINANCIAL INC","Financial Institutions","1174288.0","1175086.0","798.0","0.13415","0.13403","-0.00012","15.95","12728.1","BUY","1","","","",25.0,-36.2,""
"2026-05-08","US04686J2006","04686J200","ATH-B","ATH","ATHENE HLDG DRC LTD","Financial Institutions","946307.0","946949.0","642.0","0.13373","0.1338","7e-05","19.76","12685.92","BUY","1","ATH-PB",23709,0.0,25.0,-20.96,0.0
"2026-05-08","US10922N5095","10922N509","BHF-B","BHF","BRIGHTHOUSE FINANCIAL INC","Financial Institutions","1112235.0","1112991.0","756.0","0.13225","0.13259","0.00034","16.66","12594.96","BUY","1","","","",25.0,-33.36,""
"2026-05-08","US7591EP8869","7591EP886","RF-E","RF","REGIONS FINL DRC CORP","Financial Institutions","1105444.0","1106194.0","750.0","0.132","0.1317","-0.0003","16.65","12487.5","BUY","1","RF-PE",28558,0.0,25.0,-33.4,0.0
"2026-05-08","US03939A1079","03939A107","ACGL-F","ACGL","ARCH CAPITAL GROUP LTD.","Financial Institutions","905155.0","905767.0","612.0","0.13221","0.13168","-0.00053","20.33","12441.96","BUY","1","","","",25.0,-18.68,""
"2026-05-08","US4440973075","444097307","HPP-C","HPP","HUDSON PACIFIC PROPERTIES INC","Financial Institutions","1165753.0","1166545.0","792.0","0.12521","0.13088","0.00567","15.69","12426.48","BUY","1","HPP-PC",11467,0.1,25.0,-37.24,3.72
"2026-05-08","US25525P2065","25525P206","DHC","DHC","DIVERSIFIED HEALTHCARE .625% SENIO","Financial Institutions","960044.0","960698.0","654.0","0.12678","0.1284","0.00162","18.69","12223.26","BUY","1","DHC",1428720,0.0,25.0,-25.24,0.0
"2026-05-08","US55272X5086","55272X508","MFA-C","MFA","MFA FINANCIAL INC","Financial Institutions","754310.0","754820.0","510.0","0.12936","0.12873","-0.00063","23.85","12163.5","BUY","1","MFA-PC",22433,0.0,25.0,-4.6,0.0
"2026-05-08","US74460W6443","74460W644","PSA-H","PSA","PUBLIC STORAGE","Financial Institutions","787819.0","788353.0","534.0","0.12696","0.12746","0.0005","22.61","12073.74","BUY","1","PSA-PH",19624,0.0,25.0,-9.56,0.0
"2026-05-08","US1258968528","125896852","CMS","CMS","CMS ENERGY CORPORATION","Utility","768064.0","768586.0","522.0","0.12676","0.12701","0.00025","23.11","12063.42","BUY","1","CMS",2898397,0.0,25.0,-7.56,0.0
"2026-05-08","US88224Q3056","88224Q305","TCBI-B","TCBI","TEXAS CAP BANCSHARES DRC INC","Financial Institutions","822910.0","823468.0","558.0","0.12782","0.12719","-0.00063","21.6","12052.8","BUY","1","","","",25.0,-13.6,""
"2026-05-08","US10922N2027","10922N202","BHF","BHF","BRIGHTHOUSE FINANCIAL INC","Financial Institutions","1036789.0","1037491.0","702.0","0.12589","0.12518","-0.00071","16.87","11842.74","BUY","1","BHF",526273,0.0,25.0,-32.52,0.0
"2026-05-08","US55261F8721","55261F872","MTB-H","MTB","M AND T BANK PERPETUAL FIXED TO FL","Financial Institutions","685735.0","686203.0","468.0","0.12396","0.12375","-0.00021","25.22","11802.96","BUY","1","MTB-PH",17885,0.0,25.0,0.88,0.0
"2026-05-08","US90187B3096","90187B309","TWO-B","TWO","TWO HARBORS INVESTMENT CORP","Financial Institutions","696639.0","697113.0","474.0","0.12343","0.12356","0.00013","24.79","11750.46","BUY","1","TWO-PB",33006,0.0,25.0,-0.84,0.0
"2026-05-08","US0082528508","008252850","AMG","AMG","AFFILIATED MANAGERS GROUP INC.","Financial Institutions","829670.0","830234.0","564.0","0.12315","0.12283","-0.00032","20.69","11669.16","BUY","1","AMG",345917,0.0,25.0,-17.24,0.0
"2026-05-08","BMG053842040","-","AHL","AHL","ASPEN INSURANCE HOLDINGS LTD","Financial Institutions","825728.0","826286.0","558.0","0.12435","0.12355","-0.0008","20.91","11667.78","BUY","1","","","",25.0,-16.36,""
"2026-05-08","US11271L1026","11271L102","BNCN","BNCN","BROOKFIELD FINANCE INC","Financial Institutions","1097220.0","1097964.0","744.0","0.1229","0.12287","-3e-05","15.65","11643.6","BUY","1","","","",25.0,-37.4,""
"2026-05-08","US8805913006","880591300","TVA-D","TVA","TENN VALLEY AUTHORITY","Agency","703507.0","703987.0","480.0","0.12151","0.12188","0.00037","24.21","11620.8","BUY","1","","","",25.0,-3.16,""
"2026-05-08","US64828T8889","64828T888","RITM-F","RITM","RITHM CAPITAL CORP","Financial Institutions","685735.0","686203.0","468.0","0.12021","0.12029","8e-05","24.52","11475.36","BUY","1","RITM-PF",45084,0.0,25.0,-1.92,0.0
"2026-05-08","US74460W6286","74460W628","PSA-I","PSA","PUBLIC STORAGE REPSTG  TH BEN INT","Financial Institutions","867476.0","868064.0","588.0","0.12097","0.12086","-0.00011","19.47","11448.36","BUY","1","PSA-PI",28951,0.0,25.0,-22.12,0.0
"2026-05-08","US74460W6690","74460W669","PSA-G","PSA","PUBLIC STORAGE","Financial Institutions","822910.0","823468.0","558.0","0.12014","0.12018","4e-05","20.41","11388.78","BUY","1","PSA-PG",29589,0.0,25.0,-18.36,0.0
"2026-05-08","US16934Q5053","16934Q505","CIM-C","CIM","CHIMERA INVESTMENT CORP","Financial Institutions","713201.0","713687.0","486.0","0.11867","0.11917","0.0005","23.35","11348.1","BUY","1","CIM-PC",41872,0.0,25.0,-6.6,0.0
"2026-05-08","US6374321056","637432105","NRUC-US","NRUC","NATIONAL RURAL UTILITIES COOPERATI","Utility","685734.0","686202.0","468.0","0.11819","0.11816","-3e-05","24.08","11269.44","BUY","1","","","",25.0,-3.68,""
"2026-05-08","US48251K2096","48251K209","KREF-A","KREF","KKR REAL ESTATE FINANCE TRUST INC","Financial Institutions","898985.0","899597.0","612.0","0.11916","0.1183","-0.00086","18.39","11254.68","BUY","1","KREF-PA",26382,0.0,25.0,-26.44,0.0
"2026-05-08","US3733344408","373334440","SO","SO","GEORGIA POWER COMPANY","Utility","740598.0","741102.0","504.0","0.11828","0.11807","-0.00021","22.28","11229.12","BUY","1","SO",4724240,0.0,25.0,-10.88,0.0
"2026-05-08","US90187B5075","90187B507","TWO-C","TWO","TWO HARBORS INVESTMENT CORP","Financial Institutions","662507.0","662957.0","450.0","0.11842","0.11795","-0.00047","24.88","11196.0","BUY","1","TWO-PC",57854,0.0,25.0,-0.48,0.0
"2026-05-08","US0844238057","084423805","WRB","WRB","WR BERKLEY CORPORATION","Financial Institutions","829942.0","830506.0","564.0","0.11556","0.11551","-5e-05","19.45","10969.8","BUY","1","WRB",2041353,0.0,25.0,-22.2,0.0
"2026-05-08","US9508108878","950810887","WSBC-B","WSBC","WESBANCO INC","Financial Institutions","630863.0","631289.0","426.0","0.11712","0.11624","-0.00088","25.75","10969.5","BUY","1","","","",25.0,3.0,""
"2026-05-08","US00123Q6098","00123Q609","AGNC-D","AGNC","AGNC INVESTMENT CORP","Financial Institutions","644600.0","645038.0","438.0","0.11569","0.11518","-0.00051","24.97","10936.86","BUY","1","","","",25.0,-0.12,""
"2026-05-08","US74460W6856","74460W685","PSA-F","PSA","PUBLIC STORAGE DS REPRESENTING  TH","Financial Institutions","768064.0","768586.0","522.0","0.11412","0.11393","-0.00019","20.73","10821.06","BUY","1","PSA-PF",22580,0.0,25.0,-17.08,0.0
"2026-05-08","US0200028126","020002812","ALL-I","ALL","ALLSTATE CORPORATION (THE)","Financial Institutions","822910.0","823468.0","558.0","0.11358","0.11306","-0.00052","19.2","10713.6","BUY","1","ALL-PI",23505,0.0,25.0,-23.2,0.0
"2026-05-08","US72348N5059","72348N505","PNFP-C","PNFP","PINNACLE FINANCIAL PARTNERS DEPOSI","Financial Institutions","622742.0","623162.0","420.0","0.11288","0.11305","0.00017","25.37","10655.4","BUY","1","PNFP-PC",29318,0.0,25.0,1.48,0.0
"2026-05-08","US9290428286","929042828","VNO-M","VNO","VORNADO REALTY TRUST","Financial Institutions","876362.0","876956.0","594.0","0.11208","0.11212","4e-05","17.88","10620.72","BUY","1","VNO-PM",26319,0.0,25.0,-28.48,0.0
"2026-05-08","US58844R8503","58844R850","MBIN","MBIN","MERCHANTS BANCORP","Financial Institutions","630863.0","631289.0","426.0","0.11195","0.11164","-0.00031","24.73","10534.98","BUY","1","MBIN",174613,0.0,25.0,-1.08,0.0
"2026-05-08","US63938C4050","63938C405","NAVI","NAVI","NAVIENT  PRCNT SENIOR NOTES EXP  D","Financial Institutions","822910.0","823468.0","558.0","0.1108","0.11076","-4e-05","18.81","10495.98","BUY","1","NAVI",985017,0.0,25.0,-24.76,0.0
"2026-05-08","BMG053841703","-","AHL","AHL","ASPEN INSURANCE HOLDINGS LTD","Financial Institutions","617201.0","617621.0","420.0","0.10975","0.10997","0.00022","24.9","10458.0","BUY","1","","","",25.0,-0.4,""
"2026-05-08","US3193836000","319383600","BUSE-B","BUSE","FIRST BUSEY CORPORATION","Financial Institutions","589754.0","590156.0","402.0","0.11004","0.10968","-0.00036","25.99","10447.98","BUY","1","","","",25.0,3.96,""
"2026-05-08","US29364W1080","29364W108","ETR","ETR","ENTERGY LOUISIANA LLC","Utility","740598.0","741102.0","504.0","0.10936","0.10959","0.00023","20.68","10422.72","BUY","1","ETR",2969683,0.0,25.0,-17.28,0.0
"2026-05-08","US2836782092","283678209","KMI","KMI","EL PASO ENERGY CAPITAL TRUST I","Industrial","302430.0","302634.0","204.0","0.10934","0.10929","-5e-05","50.5","10302.0","BUY","1","KMI",12193420,0.0,25.0,102.0,0.0
"2026-05-08","US29364N1081","29364N108","ETR","ETR","ENTERGY MISSISSIPPI INC","Utility","713200.0","713686.0","486.0","0.10786","0.10768","-0.00018","21.1","10254.6","BUY","1","ETR",2969683,0.0,25.0,-15.6,0.0
"2026-05-08","US75968N3098","75968N309","RNR-F","RNR","RENAISSANCERE HOLDINGS LTD","Financial Institutions","685734.0","686202.0","468.0","0.10626","0.10574","-0.00052","21.55","10085.4","BUY","1","RNR-PF",13210,0.0,25.0,-13.8,0.0
"2026-05-08","US9290428443","929042844","VNO-L","VNO","VORNADO REALTY TRUST 5.4% CUM RED","Financial Institutions","822911.0","823469.0","558.0","0.1063","0.10582","-0.00048","17.97","10027.26","BUY","1","VNO-PL",21747,0.0,25.0,-28.12,0.0
"2026-05-08","US49446R7118","49446R711","KIM-M","KIM","KIMCO RLTY DS REPRESENTING   CLASS","Financial Institutions","717640.0","718126.0","486.0","0.10565","0.10537","-0.00028","20.52","9972.72","BUY","1","KIM-PM",25987,0.0,25.0,-17.92,0.0
"2026-05-08","US0605055831","060505583","BAC-1","BAC","BANK OF AMERICA CORPORATION PFD 1","Financial Institutions","738973.0","739477.0","504.0","0.10449","0.10444","-5e-05","19.75","9954.0","BUY","1","","","",25.0,-21.0,""
"2026-05-08","US9290428104","929042810","VNO-N","VNO","VORNADO REALTY TRUST","Financial Institutions","822911.0","823469.0","558.0","0.10494","0.10476","-0.00018","17.79","9926.82","BUY","1","VNO-PN",27837,0.0,25.0,-28.84,0.0
"2026-05-08","US1170436042","117043604","BC","BC","BRUNSWICK CORPORATION","Industrial","589756.0","590158.0","402.0","0.10404","0.10403","-1e-05","24.65","9909.3","BUY","1","BC",771700,0.0,25.0,-1.4,0.0
"2026-05-08","US6378702053","637870205","NSA-A","NSA","NATIONAL STORAGE AFFILIATES REDEEM","Financial Institutions","619690.0","620110.0","420.0","0.10311","0.10314","3e-05","23.26","9769.2","BUY","1","NSA-PA",14792,0.0,25.0,-6.96,0.0
"2026-05-08","US25401T4058","25401T405","DBRG-I","DBRG","DIGITALBRIDGE GROUP .15 CUMULATIVE","Financial Institutions","886209.0","886809.0","600.0","0.10378","0.10324","-0.00054","16.28","9768.0","BUY","1","DBRG-PI",31629,0.0,25.0,-34.88,0.0
"2026-05-08","US8606308703","860630870","SF-C","SF","STIFEL FINANCIAL CORP","Financial Institutions","617201.0","617621.0","420.0","0.10248","0.10246","-2e-05","23.2","9744.0","BUY","1","SF-PC",15945,0.0,25.0,-7.2,0.0
"2026-05-08","US25406P2002","25406P200","DDS","DDS","DILLARDS CAP TR I CAP SECS 7.5%","Industrial","548601.0","548973.0","372.0","0.10279","0.1025","-0.00029","26.11","9712.92","BUY","1","DDS",89837,0.0,25.0,4.44,0.0
"2026-05-08","US37959E3009","37959E300","GL","GL","GLOBE LIFE INC","Financial Institutions","891443.0","892049.0","606.0","0.10232","0.10193","-0.00039","15.98","9683.88","BUY","1","GL",525037,0.0,25.0,-36.08,0.0
"2026-05-08","US25401T3068","25401T306","DBRG-J","DBRG","DIGITALBRIDGE GROUP INC","Financial Institutions","800610.0","801210.0","600.0","0.09203","0.0919","-0.00013","16.04","9624.0","BUY","1","DBRG-PJ",36880,0.0,25.0,-35.84,0.0
"2026-05-08","US35243J2006","35243J200","FBRT-E","FBRT","FRANKLIN BSP REALTY TRUST   CUMULA","Financial Institutions","708283.0","708763.0","480.0","0.10162","0.10152","-0.0001","20.03","9614.4","BUY","1","FBRT-PE",23560,0.0,25.0,-19.88,0.0
"2026-05-08","US72348N2080","72348N208","PNFP-A","PNFP","PINNACLE FINANCIAL PARTNERS NON CU","Financial Institutions","548590.0","548962.0","372.0","0.10082","0.10096","0.00014","25.72","9567.84","BUY","1","PNFP-PA",21373,0.0,25.0,2.88,0.0
"2026-05-08","US8606308620","860630862","SF-D","SF","STIFEL FINANCIAL CORP","Financial Institutions","822910.0","823468.0","558.0","0.10063","0.10022","-0.00041","17.02","9497.16","BUY","1","SF-PD",22317,0.0,25.0,-31.92,0.0
"2026-05-08","US6378703044","637870304","NSA-B","NSA PR B","NATIONAL STORAGE AFFILIATES    CUM","Financial Institutions","389544.0","389844.0","300.0","0.08953","0.08737","-0.00216","31.34","9402.0","BUY","1","NSA-PB",27747,0.0,25.0,25.36,0.0
"2026-05-08","US78440X5077","78440X507","SLG-I","SLG","SL GREEN REALTY CORP","Financial Institutions","630864.0","631290.0","426.0","0.09958","0.09918","-0.0004","21.97","9359.22","BUY","1","SLG-PI",23773,0.0,25.0,-12.12,0.0
"2026-05-08","US84857L7055","84857L705","SR","SR","SPIRE INC","Utility","548601.0","548973.0","372.0","0.09799","0.09783","-0.00016","24.92","9270.24","BUY","1","SR",386870,0.0,25.0,-0.32,0.0
"2026-05-08","US04621X3061","04621X306","AIZ","AIZ","ASSURANT INC","Financial Institutions","685734.0","686202.0","468.0","0.09681","0.09706","0.00025","19.78","9257.04","BUY","1","AIZ",398350,0.0,25.0,-20.88,0.0
"2026-05-08","US05554M1009","05554M100","BIP","BIP","BIP BERMUDA HOLDINGS I LTD","Financial Institutions","822910.0","823468.0","558.0","0.09809","0.09763","-0.00046","16.58","9251.64","BUY","1","BIP",961400,0.0,25.0,-33.68,0.0
"2026-05-08","US8805914095","880591409","TVA-A","TVA","TENN VALLEY AUTH","Agency","571510.0","571900.0","390.0","0.09723","0.09692","-0.00031","23.7","9243.0","BUY","1","","","",25.0,-5.2,""
"2026-05-08","US6740014096","674001409","OAK-B","OAK","OAKTREE CAPITAL GROUP LLC","Financial Institutions","644600.0","645038.0","438.0","0.09684","0.09732","0.00048","21.1","9241.8","BUY","1","OAK-PB",9498,0.0,25.0,-15.6,0.0
"2026-05-08","US16934Q6044","16934Q604","CIM-D","CIM","CHIMERA INVESTMENT CORP","Financial Institutions","548601.0","548973.0","372.0","0.09647","0.09633","-0.00014","24.54","9128.88","BUY","1","CIM-PD",18364,0.0,25.0,-1.84,0.0
"2026-05-08","US25525P3055","25525P305","DHC","DHC","DIVERSIFIED HEALTHCARE .25% SENIOR","Financial Institutions","685735.0","686203.0","468.0","0.09499","0.09564","0.00065","19.49","9121.32","BUY","1","DHC",1428720,0.0,25.0,-22.04,0.0
"2026-05-08","US11259P1093","11259P109","BRBRPH","BEPUCN","BROOKFIELD BRP HOLDINGS (CANADA) I","Utility","968844.0","969444.0","600.0","0.10372","0.10489","0.00117","15.13","9078.0","BUY","1","","","",25.0,-39.48,""
"2026-05-08","US3167738604","316773860","FITB-K","FITB","FIFTH THIRD BANCORP","Financial Institutions","685734.0","686202.0","468.0","0.09464","0.09453","-0.00011","19.27","9018.36","BUY","1","","","",25.0,-22.92,""
"2026-05-08","US2333318184","233331818","DTE","DTE","DTE ENERGY CO","Utility","768064.0","768586.0","522.0","0.09475","0.09475","0.0","17.24","8999.28","BUY","1","DTE",1223670,0.0,25.0,-31.04,0.0
"2026-05-08","US2538688308","253868830","DLR-K","DLR","DIGITAL REALTY TRUST INC","Financial Institutions","576000.0","576390.0","390.0","0.09518","0.09455","-0.00063","22.94","8946.6","BUY","1","DLR-PK",21379,0.0,25.0,-8.24,0.0
"2026-05-08","US6496048736","649604873","ADAM-E","ADAM","NEW YORK MORTGAGE TRUST INC","Financial Institutions","511326.0","511674.0","348.0","0.09379","0.09363","-0.00016","25.59","8905.32","BUY","1","","","",25.0,2.36,""
"2026-05-08","US3167738869","316773886","FITB-A","FITB","FIFTH THIRD BANCORP  DEPOSITORY SH","Financial Institutions","548601.0","548973.0","372.0","0.09349","0.09386","0.00037","23.91","8894.52","BUY","1","","","",25.0,-4.36,""
"2026-05-08","US74460W5940","74460W594","PSA-J","PSA","PUBLIC STORAGE DEP SHS REPSTG  TH","Financial Institutions","709744.0","710224.0","480.0","0.09433","0.09406","-0.00027","18.52","8889.6","BUY","1","PSA-PJ",12177,0.0,25.0,-25.92,0.0
"2026-05-08","US3793785086","379378508","GNL-D","GNL","GLOBAL NET LEASE   CUMULATIVE REDE","Financial Institutions","544045.0","544417.0","372.0","0.09248","0.0925","2e-05","23.76","8838.72","BUY","1","GNL-PD",13801,0.0,25.0,-4.96,0.0
"2026-05-08","US0844238701","084423870","WRB","WRB","WR BERKLEY CORPORATION","Financial Institutions","822910.0","823468.0","558.0","0.09318","0.09292","-0.00026","15.78","8805.24","BUY","1","WRB",2041353,0.0,25.0,-36.88,0.0
"2026-05-08","US05580M7939","05580M793","RILYZ","RILY","B. RILEY FINANCIAL INC","Financial Institutions","531147.0","531507.0","360.0","0.09182","0.09122","-0.0006","24.0","8640.0","BUY","1","RILYZ",47510,0.0,25.0,-4.0,0.0
"2026-05-08","US64828T8053","64828T805","RITM-E","RITM","RITHM CAPITAL CORP","Financial Institutions","521154.0","521508.0","354.0","0.09132","0.09096","-0.00036","24.39","8634.06","BUY","1","RITM-PE",36953,0.0,25.0,-2.44,0.0
"2026-05-08","US0082528433","008252843","AMG","AMG","AFFILIATED MANAGERS GROUP INC.","Financial Institutions","754310.0","754820.0","510.0","0.09132","0.09122","-0.0001","16.9","8619.0","BUY","1","AMG",345917,0.0,25.0,-32.4,0.0
"2026-05-08","US9290427940","929042794","VNO-O","VNO","VORNADO REALTY TRUST","Financial Institutions","822911.0","823469.0","558.0","0.09152","0.0908","-0.00072","15.42","8604.36","BUY","1","VNO-PO",24018,0.0,25.0,-38.32,0.0
"2026-05-08","US70931T5092","70931T509","PMT-C","PMT","PENNYMAC MORTGAGE INVESTMENT TRUST","Financial Institutions","685735.0","686203.0","468.0","0.09041","0.09004","-0.00037","18.35","8587.8","BUY","1","PMT-PC",27101,0.0,25.0,-26.6,0.0
"2026-05-08","BMG053841620","-","AHL","AHL","ASPEN INSURANCE HOLDINGS LTD","Financial Institutions","595363.0","595765.0","402.0","0.0912","0.09057","-0.00063","21.26","8546.52","BUY","1","","","",25.0,-14.96,""
"2026-05-08","US8606306079","860630607","SF","SF","STIFEL FINANCIAL CORP","Financial Institutions","617202.0","617622.0","420.0","0.09013","0.08961","-0.00052","20.29","8521.8","BUY","1","SF",1393050,0.0,25.0,-18.84,0.0
"2026-05-08","US70931T4004","70931T400","PMT-B","PMT","PENNYMAC MORTGAGE INVESTMENT TRUST","Financial Institutions","534890.0","535256.0","366.0","0.08804","0.08822","0.00018","23.05","8436.3","BUY","1","PMT-PB",14158,0.0,25.0,-7.8,0.0
"2026-05-08","US70509V8037","70509V803","PEB-G","PEB","PEBBLEBROOK HOTEL TRUST","Financial Institutions","623036.0","623456.0","420.0","0.08966","0.08867","-0.00099","19.89","8353.8","BUY","1","PEB-PG",23290,0.0,25.0,-20.44,0.0
"2026-05-08","US05580M8010","05580M801","RILYK","RILY","B. RILEY FINANCIAL INC","Financial Institutions","495167.0","495503.0","336.0","0.08823","0.08787","-0.00036","24.8","8332.8","BUY","1","","","",25.0,-0.8,""
"2026-05-08","US1258968601","125896860","CMS","CMS","CMS ENERGY CORPORATION","Utility","548614.0","548986.0","372.0","0.08691","0.08715","0.00024","22.2","8258.4","BUY","1","CMS",2940637,0.0,25.0,-11.2,0.0
"2026-05-08","US05580M8358","05580M835","RILYM","RILY","B. RILEY FINANCIAL INC","Financial Institutions","602420.0","602828.0","408.0","0.08661","0.08725","0.00064","20.24","8257.92","BUY","1","","","",25.0,-19.04,""
"2026-05-08","US49446R7373","49446R737","KIM-L","KIM","KIMCO REALTY CORPORATION","Financial Institutions","610468.0","610882.0","414.0","0.08741","0.08706","-0.00035","19.93","8251.02","BUY","1","KIM-PL",15618,0.0,25.0,-20.28,0.0
"2026-05-08","US70931T7072","70931T707","PMT","PMT","PENNYMAC MORTGAGE INVESTMENT TRUST","Financial Institutions","473158.0","473482.0","324.0","0.08577","0.08542","-0.00035","25.23","8174.52","BUY","1","PMT",1178383,0.0,25.0,0.92,0.0
"2026-05-08","BMG9078F1499","-","TRTN-C","TRTN","TRITON INTERNATIONAL LTD","Industrial","480018.0","480342.0","324.0","0.08705","0.08654","-0.00051","25.2","8164.8","BUY","1","TRTN-PC",8604,0.0,25.0,0.8,0.0
"2026-05-08","US04911A2069","04911A206","AUB-A","AUB","ATLANTIC UNION BANKSHARES CORP","Financial Institutions","473158.0","473482.0","324.0","0.08482","0.08481","-1e-05","25.05","8116.2","BUY","1","AUB-PA",6778,0.0,25.0,0.2,0.0
"2026-05-08","US17259U3032","17259U303","CIONI","CIONI","CION INVESTMENT CORP","Financial Institutions","474937.0","475261.0","324.0","0.08517","0.085","-0.00017","25.01","8103.24","BUY","1","","","",25.0,0.04,""
"2026-05-08","US74460W5114","74460W511","PSA-N","PSA","PUBLIC STORAGE DEP SHS REPSTG   PF","Financial Institutions","774932.0","775460.0","528.0","0.08518","0.08501","-0.00017","15.33","8094.24","BUY","1","PSA-PN",37845,0.0,25.0,-38.68,0.0
"2026-05-08","US74460W5783","74460W578","PSA-K","PSA","PUBLIC STORAGE","Financial Institutions","630863.0","631289.0","426.0","0.0858","0.08545","-0.00035","18.93","8064.18","BUY","1","PSA-PK",16950,0.0,25.0,-24.28,0.0
"2026-05-08","US20451Q4010","20451Q401","CODI-C","CODI","COMPASS DIVERSIFIED HOLDINGS","Financial Institutions","542204.0","542570.0","366.0","0.08531","0.0852","-0.00011","21.96","8037.36","BUY","1","CODI-PC",36234,0.0,25.0,-12.16,0.0
"2026-05-08","US31959X2027","31959X202","FCNCA","FCNCA","FIRST CITIZENS BANCSHARES   NON CU","Financial Institutions","548601.0","548973.0","372.0","0.08462","0.08444","-0.00018","21.51","8001.72","BUY","1","FCNCA",69257,0.0,25.0,-13.96,0.0
"2026-05-08","BMG9078F3057","-","TRTGV","TRTN","TRITON INTL CUM RED PERP PREF SER","Industrial","480012.0","480336.0","324.0","0.08484","0.08336","-0.00148","24.27","7863.48","BUY","1","","","",25.0,-2.92,""
"2026-05-08","MHY8564M2048","-","TGP-B","TGP","TEEKAY LNG PARTNERS LP","Industrial","452351.0","452657.0","306.0","0.08352","0.0828","-0.00072","25.58","7827.48","BUY","1","","","",25.0,2.32,""
"2026-05-08","US20451Q3020","20451Q302","CODI-B","CODI","COMPASS DIVERSIFIED HOLDINGS FIXED","Financial Institutions","515913.0","516261.0","348.0","0.08313","0.08293","-0.0002","22.47","7819.56","BUY","1","CODI-PB",19090,0.0,25.0,-10.12,0.0
"2026-05-08","US55272X4097","55272X409","MFA-B","MFA","MFA FINANCIAL INC","Financial Institutions","548601.0","548973.0","372.0","0.08246","0.08244","-2e-05","21.0","7812.0","BUY","1","MFA-PB",10799,0.0,25.0,-16.0,0.0
"2026-05-08","US0844238883","084423888","WRB","WRB","WR BERKLEY CORPORATION","Financial Institutions","685734.0","686202.0","468.0","0.08129","0.0816","0.00031","16.63","7782.84","BUY","1","WRB",2041353,0.0,25.0,-33.48,0.0
"2026-05-08","US11276B1098","11276B109","BIP","BIP","BROOKFIELD INFRASTRUCTURE FINANCE","Utility","685734.0","686202.0","468.0","0.08114","0.08131","0.00017","16.57","7754.76","BUY","1","BIP",961400,0.0,25.0,-33.72,0.0
"2026-05-08","US05614L4077","05614L407","BW-A","BW","BABCOCK & WILCOX ENTERPRISES INC","Industrial","525911.0","526265.0","354.0","0.08109","0.08208","0.00099","21.81","7720.74","BUY","1","BW-PA",23904,0.0,25.0,-12.76,0.0
"2026-05-08","US38741L3050","38741L305","GPMT-A","GPMT","GRANITE POINT MORTGAGE TRUST INC","Financial Institutions","564374.0","564758.0","384.0","0.08108","0.08057","-0.00051","19.95","7660.8","BUY","1","GPMT-PA",7460,0.1,25.0,-20.2,2.02
"2026-05-08","US58844R7026","58844R702","MBIN-C","MBIN","MERCHANTS BANCORP","Financial Institutions","538118.0","538484.0","366.0","0.08096","0.08048","-0.00048","20.9","7649.4","BUY","1","","","",25.0,-16.4,""
"2026-05-08","US2538688555","253868855","DLR-J","DLR","DIGITAL REALTY TRUST INC","Financial Institutions","548601.0","548973.0","372.0","0.0812","0.08071","-0.00049","20.56","7648.32","BUY","1","DLR-PJ",17988,0.0,25.0,-17.76,0.0
"2026-05-08","US78407R2040","78407R204","SCE-J","EIX","SCE TRUST II CUM TRUST SECS P","Utility","603465.0","603873.0","408.0","0.08108","0.08088","-0.0002","18.73","7641.84","BUY","1","","","",25.0,-25.08,""
"2026-05-08","US04914Y4098","04914Y409","ATLC","ATLC","ATLANTICUS HOLDINGS CORP","Financial Institutions","458560.0","458860.0","300.0","0.08381","0.08347","-0.00034","25.44","7632.0","BUY","1","ATLC",69767,0.0,25.0,1.76,0.0
"2026-05-08","US11259P2083","11259P208","BRBRPH","BEPUCN","BROOKFIELD BRP HOLDINGS (CANADA) I","Utility","713200.0","713686.0","486.0","0.07988","0.07992","4e-05","15.66","7610.76","BUY","1","","","",25.0,-37.36,""
"2026-05-08","US46131B5066","46131B506","IVR-C","IVR","INVESCO MORTGAGE CAPITAL INC","Financial Institutions","467146.0","467464.0","318.0","0.07985","0.07979","-6e-05","23.87","7590.66","BUY","1","IVR-PC",20235,0.0,25.0,-4.52,0.0
"2026-05-08","US10922N8891","10922N889","BHF-D","BHF","BRIGHTHOUSE FINANCIAL INC","Financial Institutions","960044.0","960698.0","654.0","0.08022","0.07948","-0.00074","11.57","7566.78","BUY","1","","","",25.0,-53.72,""
"2026-05-08","US16934Q8693","16934Q869","CIM","CIM","CHIMERA INVESTMENT CORP","Financial Institutions","340814.0","341114.0","300.0","0.06161","0.06151","-0.0001","25.22","7566.0","BUY","1","CIM",710060,0.0,25.0,0.88,0.0
"2026-05-08","BMG162491648","-","BPY-A","BPY","BROOKFIELD PROPERTY PARTNERS LP","Industrial","788577.0","789111.0","534.0","0.07955","0.07922","-0.00033","14.04","7497.36","BUY","1","","","",25.0,-43.84,""
"2026-05-08","BMG9078F1648","-","TRTN-D","TRTN","TRITON INTERNATIONAL LTD","Industrial","411475.0","411775.0","300.0","0.07359","0.07317","-0.00042","24.85","7455.0","BUY","1","TRTN-PD",4883,0.1,25.0,-0.6,0.06
"2026-05-08","US5303075031","530307503","LBRDA","LBRDA","LIBERTY BROADBAND CUM REDEEMABLE P","Industrial","492611.0","492947.0","336.0","0.07818","0.07808","-0.0001","22.15","7442.4","BUY","1","LBRDA",196407,0.0,25.0,-11.4,0.0
"2026-05-08","US0605058157","060505815","BAC-E","BAC","BANK OF AMERICA CORP PREF STOCK","Financial Institutions","562805.0","563189.0","384.0","0.07824","0.07793","-0.00031","19.35","7430.4","BUY","1","BAC-PE",22284,0.0,25.0,-22.6,0.0
"2026-05-08","US0844237067","084423706","WRB","WRB","WR BERKLEY CORPORATION","Financial Institutions","507466.0","507808.0","342.0","0.07879","0.07858","-0.00021","21.64","7400.88","BUY","1","WRB",2041353,0.0,25.0,-13.44,0.0
"2026-05-08","US11276B2088","11276B208","BIP","BIP","BROOKFIELD INFRASTRUCTURE FINANCE","Utility","433368.0","433662.0","294.0","0.07809","0.07805","-4e-05","25.17","7399.98","BUY","1","BIP",963773,0.0,25.0,0.68,0.0
"2026-05-08","US1258968379","125896837","CMS-C","CMS","CMS ENERGY CORPORATION","Utility","630863.0","631289.0","426.0","0.07796","0.07805","9e-05","17.29","7365.54","BUY","1","CMS-PC",25766,0.0,25.0,-30.84,0.0
"2026-05-08","US9197944047","919794404","VLY-C","VLY","VALLEY NATIONAL BANCORP","Financial Institutions","411443.0","411725.0","282.0","0.07701","0.07667","-0.00034","26.04","7343.28","BUY","1","","","",25.0,4.16,""
"2026-05-08","US4101204067","410120406","HWC","HWC","HANCOCK WHITNEY CORP","Financial Institutions","473157.0","473481.0","324.0","0.07628","0.07632","4e-05","22.54","7302.96","BUY","1","HWC",812053,0.0,25.0,-9.84,0.0
"2026-05-08","US2333318267","233331826","DTE-G","DTE","DTE ENERGY COMPANY","Utility","630809.0","631235.0","426.0","0.07736","0.07732","-4e-05","17.13","7297.38","BUY","1","","","",25.0,-31.48,""
"2026-05-08","US4461507810","446150781","HBAN-C","HBAN","HUNTINGTON BANCSHARES INC","Financial Institutions","479947.0","480271.0","324.0","0.07783","0.07724","-0.00059","22.49","7286.76","BUY","1","","","",25.0,-10.04,""
"2026-05-08","US38144X6094","38144X609","GS-C","GS","GOLDMAN SACHS GROUP INC","Financial Institutions","548601.0","548973.0","372.0","0.07674","0.07678","4e-05","19.56","7276.32","BUY","1","GS-PC",27997,0.0,25.0,-21.76,0.0
"2026-05-08","US74460W3960","74460W396","PSA-S","PSA","PUBLIC STORAGE DEPOSITARY SHS EACH","Financial Institutions","685869.0","686319.0","450.0","0.07948","0.07931","-0.00017","16.16","7272.0","BUY","1","PSA-PS",28520,0.0,25.0,-35.36,0.0
"2026-05-08","US3793783008","379378300","GNL-A","GNL","GLOBAL NET LEASE PREF SERIES A INC","Financial Institutions","466290.0","466608.0","318.0","0.07638","0.07628","-0.0001","22.86","7269.48","BUY","1","GNL-PA",7566,0.0,25.0,-8.56,0.0
"2026-05-08","BMG162491564","-","BPY-A2","BPY","BROOKFIELD PROPERTY PARTNERS LP","Industrial","685735.0","686203.0","468.0","0.07622","0.07591","-0.00031","15.47","7239.96","BUY","1","","","",25.0,-38.12,""
"2026-05-08","US0605056250","060505625","BAC-02","BAC","BANK OF AMERICA CORP","Financial Institutions","543677.0","544049.0","372.0","0.07574","0.07567","-7e-05","19.45","7235.4","BUY","1","","","",25.0,-22.2,""
"2026-05-08","US0423156068","042315606","ARR-C","ARR","ARMOUR RESIDENTIAL REIT INC","Financial Institutions","506277.0","506619.0","342.0","0.0762","0.07608","-0.00012","21.0","7182.0","BUY","1","ARR-PC",18085,0.0,25.0,-16.0,0.0
"2026-05-08","US8606307069","860630706","SF-B","SF","STIFEL FINANCIAL CORP","Financial Institutions","438891.0","439191.0","300.0","0.07467","0.07476","9e-05","23.81","7143.0","BUY","1","SF-PB",9448,0.0,25.0,-4.76,0.0
"2026-05-08","US87266M2061","87266M206","TRTX-C","TRTX","TPG RE FIN TR PREF SERIES C INC TR","Financial Institutions","552032.0","552404.0","372.0","0.07476","0.07553","0.00077","19.12","7112.64","BUY","1","TRTX-PC",11209,0.0,25.0,-23.52,0.0
"2026-05-08","US6740013007","674001300","OAK-A","OAK","OAKTREE CAPITAL GROUP LLC","Financial Institutions","493755.0","494091.0","336.0","0.07402","0.07473","0.00071","21.15","7106.4","BUY","1","OAK-PA",10561,0.0,25.0,-15.4,0.0
"2026-05-08","US00123Q8565","00123Q856","AGNCL","AGNC","AGNC INVESTMENT CORP","Financial Institutions","411407.0","411689.0","282.0","0.07335","0.07359","0.00024","25.0","7050.0","BUY","1","AGNCL",17477,0.0,25.0,0.0,0.0
"2026-05-08","US11259P3073","11259P307","BRBRPH","BEPUCN","BROOKFIELD BRP HOLDINGS (CANADA) I","Utility","411443.0","411725.0","282.0","0.07378","0.07331","-0.00047","24.9","7021.8","BUY","1","","","",25.0,-0.4,""
"2026-05-08","US3205174028","320517402","FHN-E","FHN","FIRST HORIZON NATIONAL CORP","Financial Institutions","411442.0","411724.0","282.0","0.07306","0.07328","0.00022","24.89","7018.98","BUY","1","FHN-PE",5687,0.0,25.0,-0.44,0.0
"2026-05-08","US04208T2078","04208T207","AHH-A","AHH","ARMADA HOFFLER PROPERTIES INC","Financial Institutions","469317.0","469635.0","318.0","0.07317","0.07375","0.00058","21.96","6983.28","BUY","1","","","",25.0,-12.16,""
"2026-05-08","US0259328807","025932880","AFG","AFG","AMERICAN FINANCIAL GROUP INC","Financial Institutions","548601.0","548973.0","372.0","0.07339","0.07325","-0.00014","18.66","6941.52","BUY","1","AFG",484033,0.0,25.0,-25.36,0.0
"2026-05-08","US04914Y3009","04914Y300","ATLC","ATLC","ATLANTICUS HOLDINGS CORP","Financial Institutions","406508.0","406784.0","276.0","0.07313","0.07281","-0.00032","25.03","6908.28","BUY","1","ATLC",69767,0.0,25.0,0.12,0.0
"2026-05-08","US74460W5379","74460W537","PSA-M","PSA","PUBLIC STORAGE","Financial Institutions","630809.0","631235.0","426.0","0.07333","0.07317","-0.00016","16.21","6905.46","BUY","1","PSA-PM",10976,0.0,25.0,-35.16,0.0
"2026-05-08","BMG9078F1317","-","TRTN-B","TRTN","TRITON INTERNATIONAL LTD","Industrial","394343.0","394613.0","270.0","0.07202","0.07173","-0.00029","25.42","6863.4","BUY","1","TRTN-PB",5677,0.0,25.0,1.68,0.0
"2026-05-08","US4461507570","446150757","HBANZ","HBAN","HUNTINGTON BANCSHARES DEPOSITARY S","Financial Institutions","474986.0","475310.0","324.0","0.0719","0.07195","5e-05","21.17","6859.08","BUY","1","HBANZ",12467,0.0,25.0,-15.32,0.0
"2026-05-08","US26884U2087","26884U208","EPR-C","EPR","EPR PROPERTIES 5.75% CUM CONV PREF","Financial Institutions","384613.0","384877.0","264.0","0.07198","0.07131","-0.00067","25.91","6840.24","BUY","1","EPR-PC",3276,0.1,25.0,3.64,0.0
"2026-05-08","BMG9078F2067","-","TRTN","TRTN","TRITON INTERNATIONAL LTD","Industrial","428113.0","428401.0","288.0","0.07247","0.0723","-0.00017","23.6","6796.8","BUY","1","","","",25.0,-5.6,""
"2026-05-08","US4884013081","488401308","KMPR","KMPR","KEMPER CORP","Financial Institutions","411443.0","411725.0","282.0","0.07","0.0709","0.0009","24.08","6790.56","BUY","1","KMPR",786657,0.0,25.0,-3.68,0.0
"2026-05-08","US6496048819","649604881","ADAM-D","ADAM","NEW YORK MORTGAGE TRUST INC","Financial Institutions","421504.0","421792.0","288.0","0.07083","0.07064","-0.00019","23.42","6744.96","BUY","1","","","",25.0,-6.32,""
"2026-05-08","US58844R8842","58844R884","MBIN","MBIN","MERCHANTS BANCORP","Financial Institutions","390852.0","391116.0","264.0","0.07138","0.07115","-0.00023","25.44","6716.16","BUY","1","MBIN",174613,0.0,25.0,1.76,0.0
"2026-05-08","US70509V8862","70509V886","PEB-H","PEB","PEBBLEBROOK HOTEL TRUST","Financial Institutions","536755.0","537121.0","366.0","0.06938","0.06887","-0.00051","17.93","6562.38","BUY","1","PEB-PH",15856,0.0,25.0,-28.28,0.0
"2026-05-08","US6496048652","649604865","ADAM-F","ADAM","NEW YORK MORTGAGE TRUST INC","Financial Institutions","397989.0","398259.0","270.0","0.06948","0.06903","-0.00045","24.24","6544.8","BUY","1","","","",25.0,-3.04,""
"2026-05-08","US25401T5048","25401T504","DBRG-H","DBRG","DIGITALBRIDGE GROUP .125 CUMULATIV","Financial Institutions","581028.0","581424.0","396.0","0.06888","0.06819","-0.00069","16.4","6494.4","BUY","1","DBRG-PH",16370,0.0,25.0,-34.4,0.0
"2026-05-08","USG162522670","-","BIP-13","BIP","BROOKFIELD INFRASTRUCTURE   CLASS","Utility","548601.0","548973.0","372.0","0.06736","0.06795","0.00059","17.31","6439.32","BUY","1","","","",25.0,-30.76,""
"2026-05-08","US11272B1035","11272B103","BNCN","BNCN","BROOKFIELD FINANCE I UK PLC","Financial Institutions","630863.0","631289.0","426.0","0.06903","0.06771","-0.00132","15.0","6390.0","BUY","1","","","",25.0,-40.0,""
"2026-05-08","US0259328641","025932864","AFG","AFG","AMERICAN FINANCIAL GROUP INC","Financial Institutions","548597.0","548969.0","372.0","0.06649","0.06662","0.00013","16.97","6312.84","BUY","1","AFG",484033,0.0,25.0,-32.12,0.0
"2026-05-08","BMG9078F1564","-","TRTN-E","TRTN","TRITON INTERNATIONAL LTD","Industrial","479981.0","480305.0","324.0","0.06721","0.0666","-0.00061","19.39","6282.36","BUY","1","TRTN-PE",7444,0.0,25.0,-22.44,0.0
"2026-05-08","US89832Q8107","89832Q810","TFC-I","TFC","TRUIST FINANCIAL DS REPRESENTING","Financial Institutions","473206.0","473530.0","324.0","0.06623","0.06552","-0.00071","19.35","6269.4","BUY","1","TFC-PI",15991,0.0,25.0,-22.6,0.0
"2026-05-08","US8163005031","816300503","SIGI-B","SIGI","SELECTIVE INS GROUP DS REPSTG   IN","Financial Institutions","548601.0","548973.0","372.0","0.06598","0.06599","1e-05","16.81","6253.32","BUY","1","","","",25.0,-32.76,""
"2026-05-08","BMG162522756","-","BIP-14","BIP","BROOKFIELD INFRASTRUCTURE PARTNERS","Utility","548601.0","548973.0","372.0","0.06516","0.06481","-0.00035","16.51","6141.72","BUY","1","","","",25.0,-33.96,""
"2026-05-08","US3765468836","376546883","GAIN","GAIN","GLADSTONE INVESTMENT CORP","Financial Institutions","369061.0","369313.0","252.0","0.06396","0.06415","0.00019","24.29","6121.08","BUY","1","GAIN",334713,0.0,25.0,-2.84,0.0
"2026-05-08","US9478907036","947890703","WBS-G","WBS","WEBSTER FINANCIAL CORPORATION","Financial Institutions","370273.0","370525.0","252.0","0.06465","0.06399","-0.00066","24.15","6085.8","BUY","1","WBS-PG",9452,0.0,25.0,-3.4,0.0
"2026-05-08","US16934Q3074","16934Q307","CIM-A","CIM","CHIMERA INVESTMENT CORP","Financial Institutions","413751.0","414033.0","282.0","0.06347","0.06386","0.00039","21.57","6082.74","BUY","1","CIM-PA",8836,0.0,25.0,-13.72,0.0
"2026-05-08","US9478905055","947890505","WBS-F","WBS","WEBSTER FINANCIAL DRC CORP","Financial Institutions","411443.0","411725.0","282.0","0.06299","0.06318","0.00019","21.46","6051.72","BUY","1","WBS-PF",12974,0.0,25.0,-14.16,0.0
"2026-05-08","US3765468679","376546867","GAIN","GAIN","GLADSTONE INVESTMENT CORP","Financial Institutions","346977.0","347211.0","234.0","0.06384","0.06344","-0.0004","25.55","5978.7","BUY","1","GAIN",334713,0.0,25.0,2.2,0.0
"2026-05-08","US0082528359","008252835","AMG","AMG","AFFILIATED MANAGERS GROUP INC.","Financial Institutions","570647.0","571037.0","390.0","0.06183","0.06186","3e-05","15.15","5908.5","BUY","1","AMG",345917,0.0,25.0,-39.4,0.0
"2026-05-08","MHY8564M1131","-","TGP","TGP","TEEKAY LNG PARTNERS LP","Industrial","338243.0","338471.0","228.0","0.06246","0.06209","-0.00037","25.66","5850.48","BUY","1","","","",25.0,2.64,""
"2026-05-08","US26884U5056","26884U505","EPR-G","EPR","EPR PROPERTIES","Financial Institutions","428113.0","428401.0","288.0","0.06244","0.06206","-0.00038","20.26","5834.88","BUY","1","EPR-PG",10078,0.0,25.0,-18.96,0.0
"2026-05-08","US90187B2007","90187B200","TWO-A","TWO","TWO HARBORS INVESTMENT CORP","Financial Institutions","346305.0","346539.0","234.0","0.06165","0.06158","-7e-05","24.85","5814.9","BUY","1","TWO-PA",35554,0.0,25.0,-0.6,0.0
"2026-05-08","US0259328724","025932872","AFG","AFG","AMERICAN FINANCIAL GROUP INC","Financial Institutions","411407.0","411689.0","282.0","0.0603","0.0602","-0.0001","20.45","5766.9","BUY","1","AFG",484033,0.0,25.0,-18.2,0.0
"2026-05-08","US68003D3035","68003D303","ONB-C","ONB","OLD NATIONAL BANCORP DEP SHS EACH","Financial Institutions","336006.0","336234.0","228.0","0.06006","0.05977","-0.00029","24.86","5668.08","BUY","1","","","",25.0,-0.56,""
"2026-05-08","US8964427046","896442704","TRIN","TRIN","TRINITY CAPITAL INC","Financial Institutions","326918.0","327140.0","222.0","0.05959","0.05944","-0.00015","25.41","5641.02","BUY","1","TRIN",1237577,0.0,25.0,1.64,0.0
"2026-05-08","US8660826053","866082605","INN-E","INN","SUMMIT HOTEL PROPERTIES INC","Financial Institutions","438891.0","439191.0","300.0","0.05881","0.05885","4e-05","18.74","5622.0","BUY","1","INN-PE",8396,0.0,25.0,-25.04,0.0
"2026-05-08","US9197942066","919794206","VLY-A","VLY","VALLEY NATIONAL BANCORP","Financial Institutions","328146.0","328368.0","222.0","0.05965","0.05938","-0.00027","25.29","5614.38","BUY","1","","","",25.0,1.16,""
"2026-05-08","BMG162491499","-","BPY-A-1","BPY","BROOKFIELD PROPERTY PARTNERS LP","Industrial","525092.0","525446.0","354.0","0.05961","0.05918","-0.00043","15.75","5575.5","BUY","1","","","",25.0,-37.0,""
"2026-05-08","US6496048165","649604816","ADAM","ADAM","NEW YORK MORTGAGE TRUST INC","Financial Institutions","315409.0","315625.0","216.0","0.05824","0.05812","-0.00012","25.75","5562.0","BUY","1","ADAM",779267,0.0,25.0,3.0,0.0
"2026-05-08","BMG162582313","-","BEPUCN","BEPUCN","BROOKFIELD RENEWABLE PARTNERS LP","Utility","548125.0","548425.0","300.0","0.07187","0.07236","0.00049","18.45","5535.0","BUY","1","","","",25.0,-26.2,""
"2026-05-08","US0084922097","008492209","ADC-A","ADC","AGREE REALTY CORP","Financial Institutions","480019.0","480343.0","324.0","0.0588","0.05867","-0.00013","17.08","5533.92","BUY","1","ADC-PA",15804,0.0,25.0,-31.68,0.0
"2026-05-08","US3137452005","313745200","FRT-C","FRT","FEDERAL REALTY INVESTMENT DEPOSITA","Financial Institutions","411443.0","411725.0","282.0","0.05776","0.05774","-2e-05","19.61","5530.02","BUY","1","FRT-PC",9886,0.0,25.0,-21.56,0.0
"2026-05-08","US26884U3077","26884U307","EPR-E","EPR","EPR PROPERTIES","Financial Institutions","245819.0","245987.0","168.0","0.05819","0.05777","-0.00042","32.84","5517.12","BUY","1","EPR-PE",2944,0.1,25.0,31.36,0.0
"2026-05-08","MHY271831213","-","GSL","GSL","GLOBAL SHIP LEASE INC","Industrial","298946.0","299150.0","204.0","0.05783","0.05778","-5e-05","27.01","5510.04","BUY","1","GSL",274013,0.0,25.0,8.04,0.0
"2026-05-08","US64944P3073","64944P307","FLG","NYCB","NEW YORK COMMUNITY CAPITAL TRUST V","Financial Institutions","198841.0","198973.0","132.0","0.05954","0.05926","-0.00028","41.65","5497.8","BUY","1","FLG",4768987,0.0,25.0,66.6,0.0
"2026-05-08","US5977423038","597742303","MSBI","MSBI","MIDLAND STATES BANCORP INC","Financial Institutions","315445.0","315661.0","216.0","0.05738","0.05742","4e-05","25.44","5495.04","BUY","1","MSBI",161923,0.0,25.0,1.76,0.0
"2026-05-08","US8964426055","896442605","TRIN","TRIN","TRINITY CAPITAL INC","Financial Institutions","319915.0","320131.0","216.0","0.05855","0.05821","-0.00034","25.43","5492.88","BUY","1","TRIN",1237577,0.0,25.0,1.72,0.0
"2026-05-08","US70509V7047","70509V704","PEB-F","PEB","PEBBLEBROOK HOTEL TRUST","Financial Institutions","403952.0","404228.0","276.0","0.05802","0.05752","-0.0005","19.9","5492.4","BUY","1","PEB-PF",11600,0.0,25.0,-20.4,0.0
"2026-05-08","US28852N3070","28852N307","EFC-B","EFC","ELLINGTON FINANCIAL INC","Financial Institutions","330551.0","330773.0","222.0","0.05866","0.0584","-0.00026","24.69","5481.18","BUY","1","EFC-PB",7191,0.0,25.0,-1.24,0.0
"2026-05-08","US90187B8871","90187B887","TWO","TWO","TWO HARBORS INVESTMENT CORP","Financial Institutions","315427.0","315643.0","216.0","0.05736","0.05717","-0.00019","25.33","5471.28","BUY","1","TWO",2875930,0.0,25.0,1.32,0.0
"2026-05-08","US6475513080","647551308","NMFC","NMFC","NEW MOUNTAIN FINANCE CORP","Financial Institutions","315426.0","315642.0","216.0","0.05729","0.05699","-0.0003","25.25","5454.0","BUY","1","NMFC",779957,0.0,25.0,1.0,0.0
"2026-05-08","US26817Q8785","26817Q878","DX-C","DX","DYNEX CAPITAL INC","Financial Institutions","305868.0","306078.0","210.0","0.0565","0.05647","-3e-05","25.8","5418.0","BUY","1","DX-PC",10149,0.0,25.0,3.2,0.0
"2026-05-08","US20786W5031","20786W503","CNOB-A","CNOB","CONNECTONE BANCORP INC","Financial Institutions","315444.0","315660.0","216.0","0.05634","0.05641","7e-05","24.99","5397.84","BUY","1","","","",25.0,-0.04,""
"2026-05-08","US75574U8383","75574U838","RC","RC","READY CAPITAL CORP","Financial Institutions","356554.0","356794.0","240.0","0.05741","0.05728","-0.00013","22.45","5388.0","BUY","1","RC",1507900,0.0,25.0,-10.2,0.0
"2026-05-08","US2635343070","263534307","CTVA","CTVA","E I DU PONT DE NEMOURS AND CO","Industrial","114712.0","114790.0","78.0","0.05641","0.05601","-0.0004","68.23","5321.94","BUY","1","CTVA",3759623,0.0,25.0,172.92,0.0
"2026-05-08","US2256552082","225655208","CCABDC","FCRX","CRESCENT CAPITAL BDC   NOTES DUE I","Financial Institutions","306154.0","306364.0","210.0","0.05521","0.05499","-0.00022","25.1","5271.0","BUY","1","","","",25.0,0.4,""
"2026-05-08","US70931T3014","70931T301","PMT-A","PMT","PENNYMAC MORTGAGE INVESTMENT TRUST","Financial Institutions","328155.0","328377.0","222.0","0.05503","0.05455","-0.00048","23.23","5157.06","BUY","1","PMT-PA",6157,0.0,25.0,-7.08,0.0
"2026-05-08","US02665T8687","02665T868","AMH-H","AMH","AMERICAN HOMES 4 RENT","Financial Institutions","315447.0","315663.0","216.0","0.05435","0.05388","-0.00047","23.87","5155.92","BUY","1","AMH-PH",7275,0.0,25.0,-4.52,0.0
"2026-05-08","US64828T3005","64828T300","RITM-A","RITM","NEW RESIDENTIAL INVESTMENT CORP","Financial Institutions","300353.0","300557.0","204.0","0.05434","0.05427","-7e-05","25.25","5151.0","BUY","1","RITM-PA",17628,0.0,25.0,1.0,0.0
"2026-05-08","US12621E3018","12621E301","CNO","CNO","CNO FINANCIAL GROUP INC","Financial Institutions","411407.0","411689.0","282.0","0.05344","0.05349","5e-05","18.17","5123.94","BUY","1","CNO",681130,0.0,25.0,-27.32,0.0
"2026-05-08","US0605055914","060505591","BAC","BAC","BANK OF AMERICA DEPOSITORY SHARES","Financial Institutions","371429.0","371681.0","252.0","0.05423","0.05403","-0.0002","20.33","5123.16","BUY","1","BAC",33424160,0.0,25.0,-18.68,0.0
"2026-05-08","US74460W4877","74460W487","PSA-O","PSA","PUBLIC STORAGE","Financial Institutions","485050.0","485380.0","330.0","0.05346","0.05359","0.00013","15.44","5095.2","BUY","1","PSA-PO",19088,0.0,25.0,-38.24,0.0
"2026-05-08","US70931T8062","70931T806","PMT","PMT","PENNYMAC MORTGAGE INVESTMENT TRUST","Financial Institutions","288010.0","288208.0","198.0","0.05301","0.05292","-9e-05","25.68","5084.64","BUY","1","PMT",1178383,0.0,25.0,2.72,0.0
"2026-05-08","US3205178656","320517865","FHN-F","FHN","FIRST HORIZON CORP (TENNESSEE)","Financial Institutions","411407.0","411689.0","282.0","0.05291","0.05293","2e-05","17.98","5070.36","BUY","1","FHN-PF",10522,0.0,25.0,-28.08,0.0
"2026-05-08","US7588498896","758849889","REG-A","REG","REGENCY CENTERS   SERIES A CUMULAT","Financial Institutions","315445.0","315661.0","216.0","0.05278","0.05289","0.00011","23.43","5060.88","BUY","1","","","",25.0,-6.28,""
"2026-05-08","US68003D2045","68003D204","ONB-A","ONB","OLD NATIONAL BANCORP","Financial Institutions","296242.0","296446.0","204.0","0.05268","0.05237","-0.00031","24.7","5038.8","BUY","1","","","",25.0,-1.2,""
"2026-05-08","KYG3730V1398","-","FTAI-C","FTAI","FTAI AVIATION   FIXED RATE RESET C","Industrial","288046.0","288244.0","198.0","0.05259","0.0524","-0.00019","25.42","5033.16","BUY","1","","","",25.0,1.68,""
"2026-05-08","US0259328070","025932807","AFG","AFG","AMERICAN FINANCIAL GROUP INC","Financial Institutions","342874.0","343108.0","234.0","0.05266","0.05263","-3e-05","21.45","5019.3","BUY","1","AFG",484033,0.0,25.0,-14.2,0.0
"2026-05-08","US02665T8760","02665T876","AMH-G","AMH","AMERICAN HOMES 4 RENT","Financial Institutions","315445.0","315661.0","216.0","0.05242","0.05218","-0.00024","23.11","4991.76","BUY","1","AMH-PG",3540,0.1,25.0,-7.56,0.76
"2026-05-08","US22948Q2003","22948Q200","CTO-A","CTO","CTO REALTY GROWTH INC","Financial Institutions","336219.0","336447.0","228.0","0.05186","0.05257","0.00071","21.85","4981.8","BUY","1","CTO-PA",2200,0.1,25.0,-12.6,1.26
"2026-05-08","US80349A8027","80349A802","SAR","SAR","SARATOGA INVESTMENT CORP","Financial Institutions","289373.0","289571.0","198.0","0.05214","0.05199","-0.00015","25.11","4971.78","BUY","1","SAR",112463,0.0,25.0,0.44,0.0
"2026-05-08","US25432X2018","25432X201","DCOM","DCOM","DIME COMMUNITY BANCSHARES CUMULATI","Financial Institutions","378026.0","378284.0","258.0","0.05296","0.05207","-0.00089","19.25","4966.5","BUY","1","DCOM",307583,0.0,25.0,-23.0,0.0
"2026-05-08","US3793784097","379378409","GNL-B","GNL","GLOBAL NET LEASE INC","Financial Institutions","334945.0","335173.0","228.0","0.05169","0.05184","0.00015","21.63","4931.64","BUY","1","GNL-PB",7751,0.0,25.0,-13.48,0.0
"2026-05-08","US7588498714","758849871","REG-B","REG","REGENCY CENTERS   SERIES B CUMULAT","Financial Institutions","328155.0","328377.0","222.0","0.05272","0.05192","-0.0008","22.11","4908.42","BUY","1","","","",25.0,-11.56,""
"2026-05-08","US53803X4025","53803X402","LOB-A","LOB","LIVE OAK BANCSHARES INC","Financial Institutions","285356.0","285548.0","192.0","0.05187","0.0518","-7e-05","25.37","4871.04","BUY","1","LOB-PA",9494,0.0,25.0,1.48,0.0
"2026-05-08","US8043958797","804395879","BFS-E","BFS","SAUL CENTERS INC","Financial Institutions","313804.0","314014.0","210.0","0.05096","0.05187","0.00091","23.1","4851.0","BUY","1","BFS-PE",5102,0.0,25.0,-7.6,0.0
"2026-05-08","US2298993070","229899307","CFR-B","CFR","CULLEN FROST BANKERS DRC INC","Financial Institutions","411407.0","411689.0","282.0","0.05043","0.05064","0.00021","17.2","4850.4","BUY","1","CFR-PB",12430,0.0,25.0,-31.2,0.0
"2026-05-08","US9197943056","919794305","VLY-B","VLY","VALLEY NATL NON CUM PERP PREF SERI","Financial Institutions","285356.0","285548.0","192.0","0.05136","0.05095","-0.00041","24.95","4790.4","BUY","1","","","",25.0,-0.2,""
"2026-05-08","US16208T2015","16208T201","CLDT-A","CLDT","CHATHAM LODGING TRUST","Financial Institutions","342381.0","342615.0","234.0","0.05067","0.05008","-0.00059","20.44","4782.96","BUY","1","CLDT-PA",10799,0.0,25.0,-18.24,0.0
"2026-05-08","US28852N4060","28852N406","EFC-C","EFC","ELLINGTON FINANCIAL INC","Financial Institutions","274292.0","274478.0","186.0","0.04998","0.05023","0.00025","25.59","4759.74","BUY","1","EFC-PC",4015,0.0,25.0,2.36,0.0
"2026-05-08","US7580758578","758075857","RWT","RWT","REDWOOD TRUST INC","Financial Institutions","274274.0","274460.0","186.0","0.05033","0.05007","-0.00026","25.51","4744.86","BUY","1","RWT",1276150,0.0,25.0,2.04,0.0
"2026-05-08","US73317H2067","73317H206","BPOP","BPOP","POPULAR CAPITAL TRUST II","Financial Institutions","277099.0","277285.0","186.0","0.05017","0.05013","-4e-05","25.28","4702.08","BUY","1","BPOP",503727,0.0,25.0,1.12,0.0
"2026-05-08","US3131488278","313148827","AGMPP","FAMCA","FEDERAL AGRIC MTG NON CUMULATIVE P","Agency","285356.0","285548.0","192.0","0.04972","0.04948","-0.00024","24.23","4652.16","BUY","1","","","",25.0,-3.08,""
"2026-05-08","US6943082064","694308206","PCG-A","PCG","PACIFIC GAS & ELEC CO","Utility","300431.0","300635.0","204.0","0.04895","0.04898","3e-05","22.79","4649.16","BUY","1","PCG-PA",5361,0.0,25.0,-8.84,0.0
"2026-05-08","US00489Q3002","00489Q300","ACR-D","ACR","ACRES COMMERCIAL REALTY CORP","Financial Institutions","309079.0","309289.0","210.0","0.04863","0.04886","0.00023","22.09","4638.9","BUY","1","ACR-PD",5264,0.0,25.0,-11.64,0.0
"2026-05-08","US29364P1030","29364P103","ETR","ETR","ENTERGY NEW ORLEANS INC","Utility","313803.0","314013.0","210.0","0.04965","0.0496","-5e-05","22.09","4638.9","BUY","1","ETR",3485770,0.0,25.0,-11.64,0.0
"2026-05-08","US74348T5653","74348T565","PSEC-A","PSEC","PROSPECT CAPITAL CORP","Financial Institutions","360041.0","360287.0","246.0","0.04718","0.04681","-0.00037","18.17","4469.82","BUY","1","PSEC-PA",8262,0.0,25.0,-27.32,0.0
"2026-05-08","US5290433094","529043309","LXP-C","LXP","LXP INDUSTRIAL TRUST","Financial Institutions","138016.0","138112.0","96.0","0.04596","0.04578","-0.00018","46.35","4449.6","BUY","1","LXP-PC",1985,0.0,25.0,85.4,0.0
"2026-05-08","US20451Q2030","20451Q203","CODI-A","CODI","COMPASS DIVERSIFIED HOLDINGS","Financial Institutions","320704.0","320920.0","216.0","0.04781","0.04714","-0.00067","20.54","4436.64","BUY","1","CODI-PA",8578,0.0,25.0,-17.84,0.0
"2026-05-08","US3131488435","313148843","FAMCA","FAMCA","FEDERAL AGRICULTURAL MORTGAGE CORP","Agency","329113.0","329335.0","222.0","0.04509","0.0447","-0.00039","18.98","4213.56","BUY","1","","","",25.0,-24.08,""
"2026-05-08","US74460W4463","74460W446","PSA-Q","PSA","PUBLIC STORAGE","Financial Institutions","394289.0","394559.0","270.0","0.04391","0.04401","0.0001","15.6","4212.0","BUY","1","PSA-PQ",14521,0.0,25.0,-37.6,0.0
"2026-05-08","US9116847024","911684702","UZA","AD","UNITED STATES CELLULAR CORPORATION","Industrial","301988.0","302192.0","204.0","0.0434","0.04402","0.00062","20.37","4155.48","BUY","1","","","",25.0,-18.52,""
"2026-05-08","US14040H7742","14040H774","COF-K","COF","CAPITAL ONE FINANCIAL CORPORATION","Financial Institutions","342874.0","343108.0","234.0","0.04343","0.04355","0.00012","17.75","4153.5","BUY","1","COF-PK",9127,0.0,25.0,-29.0,0.0
"2026-05-08","US3131488351","313148835","FAMCA","FAMCA","FEDERAL AGRICULTURAL MORTGAGE   NO","Agency","342874.0","343108.0","234.0","0.04328","0.04337","9e-05","17.68","4137.12","BUY","1","","","",25.0,-29.28,""
"2026-05-08","US0454872047","045487204","ASB-E","ASB","ASSOCIATED BANC DEPOSITARY SHARES","Financial Institutions","285348.0","285540.0","192.0","0.04316","0.04335","0.00019","21.23","4076.16","BUY","1","ASB-PE",3271,0.1,25.0,-15.08,1.51
"2026-05-08","US70509V6056","70509V605","PEB-E","PEB","PEBBLEBROOK HOTEL TRUST","Financial Institutions","292432.0","292630.0","198.0","0.04202","0.04164","-0.00038","19.9","3940.2","BUY","1","PEB-PE",17735,0.0,25.0,-20.4,0.0
"2026-05-08","US56029Q4082","56029Q408","MHLD","MHLD","MAIDEN HOLDINGS NORTH AMERICA LTD","Financial Institutions","418250.0","418532.0","282.0","0.04054","0.04115","0.00061","13.75","3877.5","BUY","1","","","",25.0,-45.0,""
"2026-05-08","US3131488682","313148868","FAMCA","FAMCA","FEDERAL AGRICULTURAL MORTGAGE CORP","Agency","274273.0","274459.0","186.0","0.04075","0.04057","-0.00018","20.67","3844.62","BUY","1","","","",25.0,-17.32,""
"2026-05-08","US0454874027","045487402","ASB-F","ASB","ASSOCIATED BANC-CORP","Financial Institutions","274274.0","274460.0","186.0","0.04067","0.04033","-0.00034","20.55","3822.3","BUY","1","ASB-PF",4985,0.0,25.0,-17.8,0.0
"2026-05-08","US80349A8514","80349A851","SAR","SAR","SARATOGA INVESTMENT CORP","Financial Institutions","274275.0","274425.0","150.0","0.05009","0.04984","-0.00025","25.4","3810.0","BUY","1","SAR",112463,0.0,25.0,1.6,0.0
"2026-05-08","US3765468596","376546859","GAIN","GAIN","GLADSTONE INVESTMENT CORP","Financial Institutions","286000.0","286150.0","150.0","0.0525","0.05173","-0.00077","25.28","3792.0","BUY","1","GAIN",334713,0.0,25.0,1.12,0.0
"2026-05-08","US00489Q2012","00489Q201","ACR-C","ACR","ACRES COMMERCIAL REALTY .625 FIXED","Financial Institutions","328675.0","328825.0","150.0","0.05925","0.05907","-0.00018","25.12","3768.0","BUY","1","ACR-PC",7545,0.0,25.0,0.48,0.0
"2026-05-08","US55272X7066","55272X706","MFA","MFA","MFA FINANCIAL INC","Financial Institutions","329700.0","329850.0","150.0","0.0595","0.05925","-0.00025","25.12","3768.0","BUY","1","MFA",1430127,0.0,25.0,0.48,0.0
"2026-05-08","US78163D4079","78163D407","RWAY","RWAY","RUNWAY GROWTH FINANCE","Financial Institutions","274275.0","274425.0","150.0","0.04948","0.0492","-0.00028","25.07","3760.5","BUY","1","RWAY",722297,0.0,25.0,0.28,0.0
"2026-05-08","US9116848840","911684884","UZC","AD","UNITED STATES CELLULAR CORPORATION","Industrial","298308.0","298512.0","204.0","0.03841","0.03879","0.00038","18.17","3706.68","BUY","1","","","",25.0,-27.32,""
"2026-05-08","US8660827044","866082704","INN-F","INN","SUMMIT HOTEL PROPERTIES INC","Financial Institutions","285364.0","285556.0","192.0","0.03608","0.03608","0.0","17.67","3392.64","BUY","1","INN-PF",4711,0.0,25.0,-29.32,0.0
"2026-05-08","US8678928040","867892804","SHO-H","SHO","SUNSTONE HOTEL INVESTORS INC","Financial Institutions","311686.0","311836.0","150.0","0.04792","0.04832","0.0004","21.67","3250.5","BUY","1","SHO-PH",12395,0.0,25.0,-13.32,0.0
"2026-05-08","US75574U8870","75574U887","RC-E","RC","READY CAPITAL CORP","Financial Institutions","315409.0","315625.0","216.0","0.0296","0.03069","0.00109","13.6","2937.6","BUY","1","RC-PE",10602,0.0,25.0,-45.6,0.0
"2026-05-08","US5835432023","583543202","SLNH-A","SLNH","SOLUNA HOLDINGS INC","Industrial","374238.0","374538.0","300.0","0.02406","0.02611","0.00205","9.75","2925.0","BUY","1","","","",25.0,-61.0,""
"2026-05-08","US5602923022","560292302","MHLD","MHLD","MAIDEN HOLDINGS LTD","Financial Institutions","323863.0","324085.0","222.0","0.02904","0.02901","-3e-05","12.52","2779.44","BUY","1","","","",25.0,-49.92,""
"2026-05-08","US10482B2007","10482B200","BHR-B","BHR","BRAEMAR HOTEL & RESORTS INC","Financial Institutions","225157.0","225307.0","150.0","0.02435","0.02423","-0.00012","15.04","2256.0","BUY","1","BHR-PB",7646,0.0,25.0,-39.84,0.0
"2026-05-08","US7443208050","744320805","PRU","PRU","PRUDENTIAL FINANCIAL INC","Financial Institutions","1560818.0","1560818.0","0.0","0.25669","0.25637","-0.00032","22.97","0.0","UNCHANGED","1","","","","","",""
"2026-05-08","US05461T3059","05461T305","AXS-E","AXS","AXIS CAPITAL HOLDINGS LTD","Financial Institutions","1507574.0","1507574.0","0.0","0.21284","0.21259","-0.00025","19.72","0.0","UNCHANGED","1","","","","","",""
"2026-05-08","US0389238686","038923868","ABR-E","ABR","ARBOR REALTY TRUST INC","Financial Institutions","394047.0","394047.0","0.0","0.0481","0.04765","-0.00045","16.91","0.0","UNCHANGED","1","","","","","",""
"2026-05-08","US5341878859","534187885","LNC-D","LNC","LINCOLN NATIONAL CORPORATION","Financial Institutions","1370485.0","1370485.0","0.0","0.26288","0.26078","-0.0021","26.61","0.0","UNCHANGED","1","","","","","",""
"2026-05-08","US0389238769","038923876","ABR-D","ABR","ARBOR REALTY TRUST INC","Financial Institutions","630421.0","630421.0","0.0","0.07831","0.07677","-0.00154","17.03","0.0","UNCHANGED","1","","","","","",""
"2026-05-08","US06417N2027","06417N202","OZK-A","OZK","BANK OZK","Financial Institutions","959353.0","959353.0","0.0","0.11394","0.11388","-6e-05","16.6","0.0","UNCHANGED","1","","","","","",""
"2026-05-08","US46817M2061","46817M206","JXN","JXN","JACKSON FINANCIAL INC","Financial Institutions","1507574.0","1507574.0","0.0","0.28281","0.2818","-0.00101","26.14","0.0","UNCHANGED","1","","","","","",""
"2026-05-08","US9388243076","938824307","WAFD-A","WAFD","WASHINGTON FEDERAL INC","Financial Institutions","822331.0","822331.0","0.0","0.09855","0.09797","-0.00058","16.66","0.0","UNCHANGED","1","","","","","",""
"2026-05-08","US0625403078","062540307","BOH","BOH","BANK OF HAWAII CORP","Financial Institutions","452299.0","452299.0","0.0","0.08628","0.08594","-0.00034","26.57","0.0","UNCHANGED","1","","","","","",""
"2026-05-08","US7244795065","724479506","PBI","PBI","PITNEY BOWES INC","Industrial","957402.0","957402.0","0.0","0.1439","0.14576","0.00186","21.29","0.0","UNCHANGED","1","","","","","",""
"2026-05-08","US0625452075","062545207","BOH-A","BOH","BANK OF HAWAII CORP","Financial Institutions","493399.0","493399.0","0.0","0.05729","0.05723","-6e-05","16.22","0.0","UNCHANGED","1","","","","","",""
"2026-05-08","US29452E4089","29452E408","EQH-C","EQH","EQUITABLE HOLDINGS INC","Financial Institutions","822331.0","822331.0","0.0","0.09737","0.09656","-0.00081","16.42","0.0","UNCHANGED","1","","","","","",""
"2026-05-08","US74913G8731","74913G873","CTL","CTL","QWEST CORP","Industrial","1818042.0","1818042.0","0.0","0.25249","0.25416","0.00167","19.55","0.0","UNCHANGED","1","","","","","",""
"2026-05-08","US0389238504","038923850","ABR-F","ABR","ARBOR REALTY TRUST INC","Financial Institutions","777196.0","777196.0","0.0","0.13128","0.12994","-0.00134","23.38","0.0","UNCHANGED","1","","","","","",""
"2026-05-08","US29452E2000","29452E200","EQH-A","EQH","EQUITABLE HLDNGS  DRC REPRESENTING","Financial Institutions","2192816.0","2192816.0","0.0","0.31509","0.31345","-0.00164","19.99","0.0","UNCHANGED","1","","","","","",""
"2026-05-08","US17259U4022","17259U402","CION","CICC","CION INVESTMENT   NOTES DUE CORP","Financial Institutions","342655.0","342655.0","0.0","0.06187","0.06135","-0.00052","25.04","0.0","UNCHANGED","1","","","","","",""
"2026-05-08","US3765493099","376549309","LAND-B","LAND","GLADSTONE LAND CORP","Financial Institutions","400235.0","400235.0","0.0","0.06099","0.06087","-0.00012","21.27","0.0","UNCHANGED","1","","","","","",""
"2026-05-08","US78442P5026","78442P502","SLM-B","SLM","SLM CORP","Financial Institutions","172068.0","172068.0","0.0","0.09227","0.09217","-0.0001","74.91","0.0","UNCHANGED","1","","","","","",""
"2026-05-08","US7443208704","744320870","PRU","PRU","PRUDENTIAL FINANCIAL INC","Financial Institutions","828782.0","828782.0","0.0","0.14154","0.14141","-0.00013","23.86","0.0","UNCHANGED","1","","","","","",""
"2026-05-08","US3602713089","360271308","FULT-A","FULT","FULTON FINANCIAL CORPORATION","Financial Institutions","548221.0","548221.0","0.0","0.07232","0.07186","-0.00046","18.33","0.0","UNCHANGED","1","","","","","",""
"2026-05-08","US7443208886","744320888","PRU","PRU","PRUDENTIAL FINANCIAL INC","Financial Institutions","1381235.0","1381235.0","0.0","0.16672","0.16761","0.00089","16.97","0.0","UNCHANGED","1","","","","","",""
"2026-05-08","US74913G8814","74913G881","CTL","CTL","QWEST CORP","Industrial","2691284.0","2691284.0","0.0","0.37222","0.37335","0.00113","19.4","0.0","UNCHANGED","1","","","","","",""
"2026-05-08","US34988VAF31","34988VAF3","FOSL","FOSL","FOSSIL GROUP INC","Industrial","1174925.0","1174925.0","0.0","0.00811","0.00809","-2e-05","95.21","0.0","UNCHANGED","1","","","","","",""
