"date","isin","cusip","ticker","ticker_raw","name","sector","prior_shares","today_shares","shares_delta","prior_weight","today_weight","weight_delta","price","dollar_flow","flow_type","gap_days","yahoo_ticker","adv_30d","overhang_days","par_value","price_vs_par_pct","signal_score"
"2026-04-30","-","-","USD","USD","USD CASH","Cash and/or Derivatives","-1248961.0","-31128031.0","-29879070.0","-0.00904","-0.22356","-0.21452","100.0","-2987907000.0","UNCHANGED","1","","","","","",""
"2026-04-30","US9633202059","963320205","WHR-A","WHR","WHIRLPOOL CORPORATION","Industrial","723238.0","793609.0","70371.0","0.21551","0.23796","0.02245","41.75","2937989.25","BUY","1","WHR-PA",281465,0.3,25.0,67.0,0.0
"2026-04-30","US0970232049","097023204","BA","BA","BOEING CO","Industrial","7903892.0","7935161.0","31269.0","4.09802","4.11469","0.01667","72.2","2257621.8","BUY","1","BA",6828637,0.0,25.0,188.8,0.0
"2026-04-30","US06053U6010","06053U601","BAC-KK","BAC","BANK AMER DS REPRESENTING   NON CU","Financial Institutions","2696998.0","2767110.0","70112.0","0.42868","0.43801","0.00933","22.04","1545268.48","BUY","1","","","",25.0,-11.84,""
"2026-04-30","US0605051798","060505179","BAC-K","BAC","BANK OF AMERICA CORP","Financial Institutions","2046248.0","2099684.0","53436.0","0.38052","0.38921","0.00869","25.81","1379183.16","BUY","1","BAC-PK",43066,1.2,25.0,3.24,0.0
"2026-04-30","US68389X2045","68389X204","ORCL-D","ORCL","ORACLE CORPORATION","Industrial","6874150.0","6899900.0","25750.0","2.46103","2.41184","-0.04919","48.67","1253252.5","BUY","1","ORCL-PD",1305149,0.0,25.0,94.68,0.0
"2026-04-30","US4461507570","446150757","HBANZ","HBAN","HUNTINGTON BANCSHARES DEPOSITARY S","Financial Institutions","418532.0","476174.0","57642.0","0.06374","0.0725","0.00876","21.2","1222010.4","BUY","1","HBANZ",13597,4.2,25.0,-15.2,63.84
"2026-04-30","BMG053841620","-","AHL","AHL","ASPEN INSURANCE HOLDINGS LTD","Financial Institutions","546703.0","596837.0","50134.0","0.08318","0.09297","0.00979","21.69","1087406.46","BUY","1","","","",25.0,-13.24,""
"2026-04-30","US5949728530","594972853","STRC","MSTR","STRATEGY INC","Industrial","3456645.0","3467034.0","10389.0","2.48981","2.48379","-0.00602","99.75","1036302.75","BUY","1","STRC",3226277,0.0,25.0,299.0,0.0
"2026-04-30","US0126532003","012653200","ALB","ALB","ALBEMARLE CORP","Industrial","3161556.0","3174076.0","12520.0","1.74452","1.77673","0.03221","77.94","975808.8","BUY","1","ALB",2029817,0.0,25.0,211.76,0.0
"2026-04-30","US0423156068","042315606","ARR-C","ARR","ARMOUR RESIDENTIAL REIT INC","Financial Institutions","471782.0","507531.0","35749.0","0.07161","0.07655","0.00494","21.0","750729.0","BUY","1","ARR-PC",17193,2.1,25.0,-16.0,33.6
"2026-04-30","US1730802014","173080201","C","C","CITIGROUP CAPITAL XIII","Financial Institutions","6174667.0","6199032.0","24365.0","1.31411","1.30848","-0.00563","29.39","716087.35","BUY","1","C",13090230,0.0,25.0,17.56,0.0
"2026-04-30","US0669224778","066922477","XTSLA","XTSLA","BLK CSH FND TREASURY SL AGENCY","Cash and/or Derivatives","120520907.0","121218659.0","697752.0","0.87273","0.87059","-0.00214","1.0","697752.0","UNCHANGED","1","","","","","",""
"2026-04-30","US9497468044","949746804","WFC-L","WFC","WELLS FARGO & COMPANY SERIES L","Financial Institutions","269845.0","270407.0","562.0","2.3351","2.31262","-0.02248","1190.81","669235.22","BUY","1","WFC-PL",11024,0.1,1000.0,19.08,0.0
"2026-04-30","US17259U3032","17259U303","CIONI","CIONI","CION INVESTMENT CORP","Financial Institutions","450317.0","476125.0","25808.0","0.08139","0.08627","0.00488","25.23","651135.84","BUY","1","","","",25.0,0.92,""
"2026-04-30","US65339F6631","65339F663","NEE-S","NEE","NEXTERA ENERGY UNITS INC","Utility","2749173.0","2760061.0","10888.0","1.13773","1.17033","0.0326","59.04","642827.52","BUY","1","NEE-PS",84221,0.1,25.0,136.16,0.0
"2026-04-30","US5950173022","595017302","MCHP","MCHP","MICROCHIP TECHNOLOGY INCORPORATED","Industrial","2041241.0","2049357.0","8116.0","1.13358","1.1579","0.02432","78.67","638485.72","BUY","1","MCHP",8956007,0.0,25.0,214.68,0.0
"2026-04-30","US48251W5004","48251W500","KKR-D","KKR","KKR & CO INC","Financial Institutions","3556736.0","3570817.0","14081.0","1.10878","1.13815","0.02937","44.38","624914.78","BUY","1","KKR-PD",402144,0.0,25.0,77.52,0.0
"2026-04-30","US42824C2089","42824C208","HPE-A","HPE","HEWLETT PACKARD ENTERPRISE CONV PR","Industrial","2061923.0","2070025.0","8102.0","1.13686","1.1391","0.00224","76.62","620775.24","BUY","1","","","",25.0,206.48,""
"2026-04-30","US8425878423","842587842","SO-A","SO","SOUTHERN COMPANY (THE)","Utility","2749173.0","2760061.0","10888.0","1.00793","1.03137","0.02344","52.03","566502.64","BUY","1","SOPA",2400640,0.0,25.0,108.12,0.0
"2026-04-30","US03769M3043","03769M304","APO","APO","APOLLO GLOBAL MANAGEMENT INC","Financial Institutions","1975956.0","1983740.0","7784.0","0.90302","0.93647","0.03345","65.73","511642.32","BUY","1","APO",4684990,0.0,25.0,162.92,0.0
"2026-04-30","US48128B6487","48128B648","JPM-EE","JPM","JPMORGAN CHASE & CO","Financial Institutions","5086026.0","5106098.0","20072.0","0.93106","0.92853","-0.00253","25.32","508223.04","BUY","1","","","",25.0,1.28,""
"2026-04-30","US48128B6552","48128B655","JPM-DD","JPM","JPMORGAN CHASE & CO","Financial Institutions","4663257.0","4681711.0","18454.0","0.83408","0.83421","0.00013","24.81","457843.74","BUY","1","","","",25.0,-0.76,""
"2026-04-30","US65339F1194","65339F119","NEE-T","NEE","NEXTERA ENERGY UNITS INC","Utility","2061923.0","2070025.0","8102.0","0.79105","0.80088","0.00983","53.87","436454.74","BUY","1","NEE-PT",95719,0.1,25.0,115.48,0.0
"2026-04-30","US48128B5232","48128B523","JPM-MM","JPM","JPMORGAN CHASE AND CO DS REPSTG  T","Financial Institutions","5498391.0","5520114.0","21723.0","0.71151","0.7152","0.00369","18.04","391882.92","BUY","1","","","",25.0,-27.84,""
"2026-04-30","US48128B5497","48128B549","JPM-LL","JPM","JPMORGAN CHASE NON-CUMULATIVE PREF","Financial Institutions","5086026.0","5106099.0","20073.0","0.71413","0.71437","0.00024","19.48","391022.04","BUY","1","","","",25.0,-22.08,""
"2026-04-30","US69331C3060","69331C306","PCG-A","PCG","PG&E CORPORATION","Utility","2213108.0","2221860.0","8752.0","0.66171","0.67117","0.00946","42.06","368109.12","BUY","1","PCG-PA",5781,1.5,25.0,68.24,0.0
"2026-04-30","US00206R7061","00206R706","T-C","T","AT&T INC","Industrial","4811096.0","4830086.0","18990.0","0.648","0.65078","0.00278","18.76","356252.4","BUY","1","T-PC",185140,0.1,25.0,-24.96,2.5
"2026-04-30","US10950A2050","10950A205","BTSG","BTSG","BRIGHTSPRING HEALTH SERVICES UNITS","Industrial","549841.0","552025.0","2184.0","0.63554","0.62657","-0.00897","158.04","345159.36","BUY","1","BTSG",2445020,0.0,1000.0,-84.2,0.0
"2026-04-30","US5949728795","594972879","STRF","MSTR","STRATEGY INC","Industrial","882555.0","885955.0","3400.0","0.64292","0.64234","-0.00058","100.95","343230.0","BUY","1","STRF",111483,0.0,1000.0,-89.91,0.0
"2026-04-30","US5949728878","594972887","STRK","MSTR","STRATEGY INC","Industrial","963448.0","967548.0","4100.0","0.53504","0.54368","0.00864","78.24","320784.0","BUY","1","STRK",144153,0.0,25.0,212.96,0.0
"2026-04-30","US03990B3096","03990B309","ARES-B","ARES","ARES MANAGEMENT CORP","Financial Institutions","2061923.0","2070025.0","8102.0","0.55693","0.58338","0.02645","39.24","317922.48","BUY","1","ARES-PB",311328,0.0,25.0,56.96,0.0
"2026-04-30","US48128B5802","48128B580","JPM-JJ","JPM","JPMORGAN CHASE DRC","Financial Institutions","4123735.0","4140058.0","16323.0","0.57035","0.5697","-0.00065","19.16","312748.68","BUY","1","","","",25.0,-23.36,""
"2026-04-30","US14040H8245","14040H824","COF-I","COF","CAPITAL ONE FINANCIAL CORPORATION","Financial Institutions","4123735.0","4140124.0","16389.0","0.56468","0.56465","-3e-05","18.99","311227.11","BUY","1","COF-PI",97888,0.2,25.0,-24.04,4.81
"2026-04-30","US00206R3003","00206R300","T","T","AT&T INC","Industrial","3635748.0","3650190.0","14442.0","0.56499","0.56416","-0.00083","21.52","310791.84","BUY","1","T",41953437,0.0,25.0,-13.92,0.0
"2026-04-30","US65339F6557","65339F655","NEE-V","NEE","NEXTERA ENERGY INC","Utility","3168279.0","3174066.0","5787.0","1.16893","1.19725","0.02832","52.52","303933.24","BUY","1","NEE-PV",688275,0.0,25.0,110.08,0.0
"2026-04-30","US7443208050","744320805","PRU","PRU","PRUDENTIAL FINANCIAL INC","Financial Institutions","1548674.0","1560818.0","12144.0","0.25872","0.26141","0.00269","23.32","283198.08","BUY","1","PRU",2338217,0.0,25.0,-6.72,0.0
"2026-04-30","US38144G8042","38144G804","GS-D","GS","GOLDMAN SACHS GROUP INC","Financial Institutions","3711330.0","3725965.0","14635.0","0.50901","0.51138","0.00237","19.11","279674.85","BUY","1","GS-PD",176557,0.1,25.0,-23.56,2.36
"2026-04-30","US61762V8384","61762V838","MS-Q","MS","MORGAN STANLEY","Financial Institutions","2749173.0","2760061.0","10888.0","0.50765","0.50667","-0.00098","25.56","278297.28","BUY","1","MS-PQ",62503,0.2,25.0,2.24,0.0
"2026-04-30","US61762V8533","61762V853","MS-P","MS","MORGAN STANLEY","Financial Institutions","2749173.0","2760061.0","10888.0","0.50217","0.50092","-0.00125","25.27","275139.76","BUY","1","MS-PP",69023,0.2,25.0,1.08,0.0
"2026-04-30","US61761J4067","61761J406","MS-I","MS","MORGAN STANLEY DS REPRESENTING   F","Financial Institutions","2749173.0","2760060.0","10887.0","0.49908","0.49775","-0.00133","25.11","273372.57","BUY","1","MS-PI",67305,0.2,25.0,0.44,0.0
"2026-04-30","US5949728613","594972861","STRD","MSTR","STRATEGY INC","Industrial","964121.0","967669.0","3548.0","0.53283","0.53409","0.00126","76.85","272663.8","BUY","1","STRD",83947,0.0,25.0,207.4,0.0
"2026-04-30","US26441C5013","26441C501","DUK-A","DUK","DUKE ENERGY CORP","Utility","2749173.0","2760061.0","10888.0","0.49474","0.49557","0.00083","25.0","272200.0","BUY","1","DUK-PA",78960,0.1,25.0,0.0,0.0
"2026-04-30","US61762V6065","61762V606","MS-K","MS","MORGAN STANLEY","Financial Institutions","2749173.0","2760060.0","10887.0","0.48137","0.47971","-0.00166","24.2","263465.4","BUY","1","MS-PK",58256,0.2,25.0,-3.2,0.64
"2026-04-30","US0200028381","020002838","ALL-H","ALL","ALLSTATE CORPORATION (THE)","Financial Institutions","3161556.0","3174076.0","12520.0","0.47505","0.4753","0.00025","20.85","261042.0","BUY","1","ALL-PH",83869,0.1,25.0,-16.6,1.66
"2026-04-30","US00206R5081","00206R508","T-A","T","AT&T INC","Industrial","3299032.0","3312088.0","13056.0","0.47385","0.47408","0.00023","19.93","260206.08","BUY","1","T-PA",92354,0.1,25.0,-20.28,2.03
"2026-04-30","US14040H7825","14040H782","COF-J","COF","CAPITAL ONE FINANCIAL CORPORATION","Financial Institutions","3436468.0","3450089.0","13621.0","0.45116","0.45221","0.00105","18.25","248583.25","BUY","1","COF-PJ",94793,0.1,25.0,-27.0,2.7
"2026-04-30","US98389B8789","98389B878","XEL","XEL","XCEL ENERGY INC","Utility","2473900.0","2484075.0","10175.0","0.43765","0.43567","-0.00198","24.42","248473.5","BUY","1","XEL",4424173,0.0,25.0,-2.32,0.0
"2026-04-30","US61762V8616","61762V861","MS-O","MS","MORGAN STANLEY","Financial Institutions","3573943.0","3588033.0","14090.0","0.44876","0.4489","0.00014","17.42","245447.8","BUY","1","MS-PO",79433,0.2,25.0,-30.32,6.06
"2026-04-30","US65339K8374","65339K837","NEE-U","NEE","NEXTERA ENERGY CAPITAL HOLDINGS IN","Utility","2405775.0","2415025.0","9250.0","0.4418","0.44402","0.00222","25.6","236800.0","BUY","1","","","",25.0,2.4,""
"2026-04-30","US61762V2007","61762V200","MS-E","MS","MORGAN STANLEY","Financial Institutions","2371200.0","2380491.0","9291.0","0.43511","0.43391","-0.0012","25.38","235805.58","BUY","1","MS-PE",68446,0.1,25.0,1.52,0.0
"2026-04-30","US61747S5047","61747S504","MS","MS","MORGAN STANLEY","Financial Institutions","3024103.0","3036075.0","11972.0","0.42308","0.42367","0.00059","19.43","232615.96","BUY","1","MS",6361427,0.0,25.0,-22.28,0.0
"2026-04-30","US61763E2072","61763E207","MS-F","MS","MORGAN STANLEY DS","Financial Institutions","2336853.0","2346037.0","9184.0","0.4268","0.42544","-0.00136","25.25","231896.0","BUY","1","MS-PF",76907,0.1,25.0,1.0,0.0
"2026-04-30","US04686J8615","04686J861","ATH-A","ATH","ATHENE HOLDING DS REPRESENTING   P","Financial Institutions","2371199.0","2380538.0","9339.0","0.41158","0.41631","0.00473","24.35","227404.65","BUY","1","ATH-PA",51044,0.2,25.0,-2.6,0.52
"2026-04-30","US1167942077","116794207","BRKR","BRKR","BRUKER CORPORATION","Industrial","189702.0","190474.0","772.0","0.37799","0.40105","0.02306","293.17","226327.24","BUY","1","BRKR",1988337,0.0,1000.0,-70.68,0.0
"2026-04-30","US1729672428","172967242","C-II","C","CITIGROUP INC","Financial Institutions","2199351.0","2208035.0","8684.0","0.40325","0.402","-0.00125","25.35","220139.4","BUY","1","CPII",323,26.9,25.0,1.4,0.0
"2026-04-30","US8425878001","842587800","SO","SO","SOUTHERN COMPANY (THE)","Utility","2749173.0","2760061.0","10888.0","0.39616","0.39586","-0.0003","19.97","217433.36","BUY","1","SO",4535447,0.0,25.0,-20.12,0.0
"2026-04-30","US55261F8648","55261F864","MTB-J","MTB","M T BK DEP INT PERP PFD STK SER J","Financial Institutions","2061923.0","2070025.0","8102.0","0.39373","0.39531","0.00158","26.59","215432.18","BUY","1","MTB-PJ",48067,0.2,25.0,6.36,0.0
"2026-04-30","US59156R8503","59156R850","MET-F","MET","METLIFE INC","Financial Institutions","2749173.0","2760061.0","10888.0","0.37944","0.3804","0.00096","19.19","208940.72","BUY","1","MET-PF",101329,0.1,25.0,-23.24,2.32
"2026-04-30","US9029731554","902973155","USB-B","USB","US BANCORP","Financial Institutions","2749173.0","2760060.0","10887.0","0.37347","0.37306","-0.00041","18.82","204893.34","BUY","1","","","",25.0,-24.72,""
"2026-04-30","US0357108705","035710870","NLY-F","NLY","ANNALY CAPITAL MANAGEMENT INC","Financial Institutions","1979387.0","1987267.0","7880.0","0.37091","0.37051","-0.0004","25.96","204564.8","BUY","1","NLY-PF",56567,0.1,25.0,3.84,0.0
"2026-04-30","US8085136005","808513600","SCHW-D","SCHW","CHARLES SCHWAB CORPORATION (THE)","Financial Institutions","2061924.0","2070025.0","8101.0","0.37029","0.37078","0.00049","24.94","202038.94","BUY","1","SCHW-PD",63778,0.1,25.0,-0.24,0.02
"2026-04-30","US59156R8768","59156R876","MET-E","MET","METLIFE INC","Financial Institutions","2213108.0","2221860.0","8752.0","0.36299","0.36383","0.00084","22.8","199545.6","BUY","1","MET-PE",59181,0.1,25.0,-8.8,0.88
"2026-04-30","US48128B6222","48128B622","JPM-GG","JPM","JPMORGAN CHASE & CO","Financial Institutions","2474243.0","2484048.0","9805.0","0.35708","0.35823","0.00115","20.08","196884.4","BUY","1","","","",25.0,-19.68,""
"2026-04-30","US74913G8814","74913G881","CTL","CTL","QWEST CORP","Industrial","2687301.0","2697972.0","10671.0","0.35222","0.35556","0.00334","18.35","195812.85","BUY","1","","","",25.0,-26.6,""
"2026-04-30","US00775V1044","00775V104","AEGON","AEGON","AEGON FUNDING CORPORATION II","Financial Institutions","2543004.0","2553049.0","10045.0","0.3578","0.35682","-0.00098","19.46","195475.7","BUY","1","","","",25.0,-22.16,""
"2026-04-30","CA67000B2030","67000B203","NOVTV","NOVT","NOVANTA TANGIBLE EQUITY UNITS INC","Industrial","869436.0","872843.0","3407.0","0.3442","0.35907","0.01487","57.28","195152.96","BUY","1","","","",25.0,129.12,""
"2026-04-30","US89832Q6952","89832Q695","TFC-R","TFC","TRUIST FINANCIAL DRC CORP","Financial Institutions","2543004.0","2553049.0","10045.0","0.34406","0.34435","0.00029","18.78","188645.1","BUY","1","TFC-PR",73356,0.1,25.0,-24.88,2.49
"2026-04-30","US7593518852","759351885","RGA","RGA","REINSURANCE GROUP OF AMERICA INCOR","Financial Institutions","1924783.0","1931958.0","7175.0","0.355","0.35257","-0.00243","25.41","182316.75","BUY","1","RGA",299527,0.0,25.0,1.64,0.0
"2026-04-30","US7443208886","744320888","PRU","PRU","PRUDENTIAL FINANCIAL INC","Financial Institutions","1370485.0","1381235.0","10750.0","0.16613","0.16715","0.00102","16.85","181137.5","BUY","1","PRU",2338217,0.0,25.0,-32.6,0.0
"2026-04-30","US82846H5046","82846H504","QXO","QXO","QXO INC","Industrial","790356.0","793537.0","3181.0","0.31919","0.32246","0.00327","56.58","179980.98","BUY","1","QXO",12391757,0.0,25.0,126.32,0.0
"2026-04-30","US3453708378","345370837","F","F","FORD MOTOR COMPANY","Industrial","2199333.0","2208036.0","8703.0","0.3276","0.32794","0.00034","20.68","179978.04","BUY","1","F",41825443,0.0,25.0,-17.28,0.0
"2026-04-30","US65339K8606","65339K860","NEE-N","NEE","NEXTERA ENERGY CAPITAL HOLDINGS IN","Utility","1890056.0","1897522.0","7466.0","0.32615","0.32666","0.00051","23.97","178960.02","BUY","1","","","",25.0,-4.12,""
"2026-04-30","US8168516040","816851604","SRE","SRE","SEMPRA ENERGY","Utility","2082476.0","2090769.0","8293.0","0.32375","0.32389","0.00014","21.57","178880.01","BUY","1","SRE",3415987,0.0,25.0,-13.72,0.0
"2026-04-30","US87165B2025","87165B202","SYF-A","SYF","SYNCHRONY FINANCIAL","Financial Institutions","2061419.0","2070087.0","8668.0","0.30303","0.30463","0.0016","20.49","177607.32","BUY","1","SYF-PA",64295,0.1,25.0,-18.04,1.8
"2026-04-30","US3453708451","345370845","F","F","FORD MOTOR COMPANY","Industrial","2061924.0","2070025.0","8101.0","0.31505","0.31429","-0.00076","21.14","171255.14","BUY","1","F",41825443,0.0,25.0,-15.44,0.0
"2026-04-30","US0200027888","020002788","ALL-J","ALL","ALLSTATE DEP REPSTG  TH NON CUM PE","Financial Institutions","1649473.0","1656010.0","6537.0","0.31044","0.31149","0.00105","26.19","171204.03","BUY","1","ALL-PJ",44972,0.1,25.0,4.76,0.0
"2026-04-30","US9029738666","902973866","USB-A","USB","US BANCORP","Financial Institutions","39441.0","39657.0","216.0","0.22342","0.22384","0.00042","785.91","169756.56","BUY","1","USB-PA",1322,0.2,1000.0,-21.41,4.28
"2026-04-30","US03769M2052","03769M205","APO","APO","APOLLO GLOBAL MANAGEMENT INC","Financial Institutions","1649473.0","1656010.0","6537.0","0.30769","0.30566","-0.00203","25.7","168000.9","BUY","1","APO",4684990,0.0,25.0,2.8,0.0
"2026-04-30","US4932678430","493267843","KEY","KEY","KEYCORP","Financial Institutions","1649473.0","1656010.0","6537.0","0.29682","0.2996","0.00278","25.19","164667.03","BUY","1","KEY",13424617,0.0,25.0,0.76,0.0
"2026-04-30","US2333317921","233331792","DTE-H","DTE","DTE ENERGY COMPANY","Utility","1649473.0","1656010.0","6537.0","0.29539","0.29448","-0.00091","24.76","161856.12","BUY","1","","","",25.0,-0.96,""
"2026-04-30","US48251W6093","48251W609","KKR-T","KKR","KKR & CO INC","Financial Institutions","1622033.0","1628422.0","6389.0","0.29552","0.29343","-0.00209","25.09","160300.01","BUY","1","","","",25.0,0.36,""
"2026-04-30","US1258968452","125896845","CMS","CMS","CMS ENERGY CORPORATION","Utility","1731983.0","1738844.0","6861.0","0.28922","0.28886","-0.00036","23.13","158694.93","BUY","1","CMS",2741643,0.0,25.0,-7.48,0.0
"2026-04-30","US8425878670","842587867","SO","SO","SOUTHERN COMPANY (THE)","Utility","1553272.0","1559421.0","6149.0","0.28457","0.28559","0.00102","25.5","156799.5","BUY","1","SO",4535447,0.0,25.0,2.0,0.0
"2026-04-30","US21871X2080","21871X208","CRBG","CRBG","COREBRIDGE FINANCIAL INC","Financial Institutions","1649473.0","1656010.0","6537.0","0.28201","0.28485","0.00284","23.95","156561.15","BUY","1","CRBG",5904710,0.0,25.0,-4.2,0.0
"2026-04-30","US04686J8383","04686J838","ATH","ATH","ATHENE HOLDING LTD","Financial Institutions","1580780.0","1587009.0","6229.0","0.2864","0.28552","-0.00088","25.05","156036.45","BUY","1","","","",25.0,0.2,""
"2026-04-30","US38143Y6656","38143Y665","GS-A","GS","GOLDMAN SACHS GROUP INC","Financial Institutions","2061857.0","2069957.0","8100.0","0.28629","0.28633","4e-05","19.26","156006.0","BUY","1","GS-PA",78570,0.1,25.0,-22.96,2.3
"2026-04-30","US00123Q8722","00123Q872","AGNC-F","AGNC","AGNC INVESTMENT CORP","Financial Institutions","1580781.0","1587009.0","6228.0","0.28434","0.28381","-0.00053","24.9","155077.2","BUY","1","","","",25.0,-0.4,""
"2026-04-30","US7443208704","744320870","PRU","PRU","PRUDENTIAL FINANCIAL INC","Financial Institutions","822332.0","828782.0","6450.0","0.14196","0.14256","0.0006","23.95","154477.5","BUY","1","PRU",2338217,0.0,25.0,-4.2,0.0
"2026-04-30","US12542R3084","12542R308","CHSINC","CHSINC","CHS CUMULATIVE REDEEMABLE PREF CLA","Industrial","1474866.0","1480726.0","5860.0","0.27939","0.27788","-0.00151","26.13","153121.8","BUY","1","","","",25.0,4.52,""
"2026-04-30","US82452J3077","82452J307","FOUR","FOUR","SHIFT4 PAYMENTS INC","Industrial","687294.0","690028.0","2734.0","0.27776","0.27742","-0.00034","55.98","153049.32","BUY","1","FOUR",1969967,0.0,25.0,123.92,0.0
"2026-04-30","US69351T8669","69351T866","PPL","PPL","PPL CORPORATION","Utility","1584173.0","1587202.0","3029.0","0.58838","0.57498","-0.0134","50.44","152782.76","BUY","1","PPL",6732340,0.0,25.0,101.76,0.0
"2026-04-30","US74913G8731","74913G873","CTL","CTL","QWEST CORP","Industrial","1814452.0","1822574.0","8122.0","0.24189","0.24334","0.00145","18.59","150987.98","BUY","1","","","",25.0,-25.64,""
"2026-04-30","US05580M8192","05580M819","RILYI","RILY","B. RILEY FINANCIAL INC","Financial Institutions","1051285.0","1059398.0","8113.0","0.13497","0.14144","0.00647","18.59","150820.67","BUY","1","","","",25.0,-25.64,""
"2026-04-30","US7838922018","783892201","EIX-M","EIX","SCE TRUST VII","Utility","1512065.0","1517998.0","5933.0","0.27352","0.27506","0.00154","25.23","149689.59","BUY","1","","","",25.0,0.92,""
"2026-04-30","US25401T3068","25401T306","DBRG-J","DBRG","DIGITALBRIDGE GROUP INC","Financial Institutions","794260.0","802810.0","8550.0","0.09829","0.1005","0.00221","17.43","149026.5","BUY","1","DBRG-PJ",27289,0.3,25.0,-30.28,9.08
"2026-04-30","US65339K8291","65339K829","NEE-Z","NEE","NEXTERA ENERGY CAPITAL HOLDINGS IN","Utility","1653010.0","1658881.0","5871.0","0.30081","0.30011","-0.0007","25.19","147890.49","BUY","1","","","",25.0,0.76,""
"2026-04-30","US04686J5074","04686J507","ATH-E","ATH","ATHENE HLDG LTD DEP SHR REPSTG   I","Financial Institutions","1374562.0","1380345.0","5783.0","0.25153","0.25329","0.00176","25.55","147755.65","BUY","1","ATH-PE",69141,0.1,25.0,2.2,0.0
"2026-04-30","US8794337613","879433761","TDS-VV","TDS","TELEPHONE AND DATA SYSTEMS INC","Industrial","1896944.0","1904445.0","7501.0","0.26882","0.26931","0.00049","19.69","147694.69","BUY","1","","","",25.0,-21.24,""
"2026-04-30","US59156R5046","59156R504","MET-A","MET","METLIFE INC","Financial Institutions","1649473.0","1656433.0","6960.0","0.25012","0.25185","0.00173","21.17","147343.2","BUY","1","MET-PA",155988,0.0,25.0,-15.32,0.0
"2026-04-30","US12542R8034","12542R803","CHSINC","CHSINC","CHS INC","Industrial","1422752.0","1428477.0","5725.0","0.26313","0.26366","0.00053","25.7","147132.5","BUY","1","","","",25.0,2.8,""
"2026-04-30","US7591EP8604","7591EP860","RF","RF","REGIONS FINANCIAL CORPORATION","Financial Institutions","1374562.0","1380277.0","5715.0","0.25292","0.25516","0.00224","25.74","147104.1","BUY","1","RF",11794747,0.0,25.0,2.96,0.0
"2026-04-30","US0640588457","64058845","BK-K","BK","BANK OF NEW YORK MELLON CORP/THE","Financial Institutions","1374571.0","1380333.0","5762.0","0.25283","0.25309","0.00026","25.53","147103.86","BUY","1","BK-PK",32317,0.2,25.0,2.12,0.0
"2026-04-30","US87165B4005","87165B400","SYF-B","SYF","SYNCHRONY FINANCIAL","Financial Institutions","1374562.0","1380151.0","5589.0","0.25989","0.26069","0.0008","26.3","146990.7","BUY","1","SYF-PB",53129,0.1,25.0,5.2,0.0
"2026-04-30","US7591EP7044","7591EP704","RF-C","RF","REGIONS FINANCIAL CORPORATION","Financial Institutions","1374562.0","1380460.0","5898.0","0.24606","0.24627","0.00021","24.84","146506.32","BUY","1","RF-PC",41097,0.1,25.0,-0.64,0.06
"2026-04-30","US0200023093","020002309","ALL","ALL","ALLSTATE CORPORATION (THE)","Financial Institutions","1374562.0","1380200.0","5638.0","0.2569","0.25733","0.00043","25.96","146362.48","BUY","1","ALL",1366547,0.0,25.0,3.84,0.0
"2026-04-30","US14040H7585","14040H758","COF-L","COF","CAPITAL ONE FINANCIAL CORPORATION","Financial Institutions","1855709.0","1864472.0","8763.0","0.22186","0.22335","0.00149","16.68","146166.84","BUY","1","COF-PL",41344,0.2,25.0,-33.28,6.66
"2026-04-30","US6494452021","649445202","FLG-A","FLG","NEW YORK COMMUNITY BANCORP INT FXD","Financial Institutions","1415864.0","1422216.0","6352.0","0.23412","0.23493","0.00081","23.0","146096.0","BUY","1","FLG-PA",141498,0.0,25.0,-8.0,0.0
"2026-04-30","US04686J4085","04686J408","ATH-D","ATH","ATHENE HOLDING DS REPRESENTING A","Financial Institutions","1580780.0","1589517.0","8737.0","0.1883","0.19087","0.00257","16.72","146082.64","BUY","1","ATH-PD",41428,0.2,25.0,-33.12,6.62
"2026-04-30","US55261F8499","55261F849","MTB-K","MTB","M&T BANK CORPORATION","Financial Institutions","1237525.0","1243350.0","5825.0","0.22412","0.22387","-0.00025","25.07","146032.75","BUY","1","MTB-PK",49771,0.1,25.0,0.28,0.0
"2026-04-30","US26441C4024","26441C402","DUK","DUK","DUKE ENERGY CORP","Utility","1374562.0","1380627.0","6065.0","0.23769","0.23827","0.00058","24.03","145741.95","BUY","1","DUK",3650833,0.0,25.0,-3.88,0.0
"2026-04-30","US9029737189","902973718","USB-M","USB","US BANCORP","Financial Institutions","2061923.0","2071064.0","9141.0","0.23681","0.2371","0.00029","15.94","145707.54","BUY","1","","","",25.0,-36.24,""
"2026-04-30","US97650W7020","97650W702","WTFC-F","WTFC","WINTRUST FINANCIAL CORPORATION","Financial Institutions","1168300.0","1173800.0","5500.0","0.22148","0.22332","0.00184","26.49","145695.0","BUY","1","","","",25.0,5.96,""
"2026-04-30","US8425878837","842587883","SO-C","SO","SOUTHERN COMPANY (THE)","Utility","2061923.0","2070337.0","8414.0","0.25711","0.25709","-2e-05","17.29","145478.06","BUY","1","","","",25.0,-30.84,""
"2026-04-30","US89832Q7455","89832Q745","TFC-O","TFC","TRUIST FINANCIAL PERPETUAL PREF SE","Financial Institutions","1580780.0","1587544.0","6764.0","0.24497","0.24502","5e-05","21.49","145358.36","BUY","1","TFC-PO",41715,0.2,25.0,-14.04,2.81
"2026-04-30","US12542R7044","12542R704","CHSINC","CHSINC","CHS RESET RATE CUMULATIVE REDEEMAB","Industrial","1354007.0","1359832.0","5825.0","0.24483","0.24367","-0.00116","24.95","145333.75","BUY","1","","","",25.0,-0.2,""
"2026-04-30","US1746106004","174610600","CFG-H","CFG","CITIZENS FINANCIAL GROUP INC","Financial Institutions","1099700.0","1105298.0","5598.0","0.20525","0.206","0.00075","25.95","145268.1","BUY","1","CFG-PH",25129,0.2,25.0,3.8,0.0
"2026-04-30","US0082528276","008252827","AMG","AMG","AFFILIATED MANAGERS GROUP INC.","Financial Institutions","1237153.0","1243215.0","6062.0","0.21322","0.21393","0.00071","23.96","145245.52","BUY","1","AMG",367317,0.0,25.0,-4.16,0.0
"2026-04-30","US74460W5528","74460W552","PSA-L","PSA","PUBLIC STORAGE","Financial Institutions","1553272.0","1561133.0","7861.0","0.20516","0.20697","0.00181","18.46","145114.06","BUY","1","PSA-PL",42097,0.2,25.0,-26.16,5.23
"2026-04-30","US8085138654","808513865","SCHW-J","SCHW","CHARLES SCHWAB CORPORATION (THE)","Financial Institutions","1649473.0","1657389.0","7916.0","0.21691","0.21819","0.00128","18.33","145100.28","BUY","1","SCHW-PJ",74852,0.1,25.0,-26.68,2.67
"2026-04-30","US3167738372","316773837","FITBM","FITB","FIFTH THIRD BANCORP DEPOSITARY SHA","Financial Institutions","1099700.0","1105321.0","5621.0","0.20458","0.20489","0.00031","25.81","145078.01","BUY","1","FITBM",56703,0.1,25.0,3.24,0.0
"2026-04-30","US87264A2042","87264A204","TMUS","TMUS","T-MOBILE USA INC","Industrial","1101852.0","1108386.0","6534.0","0.17617","0.17672","0.00055","22.2","145054.8","BUY","1","TMUS",6279287,0.0,25.0,-11.2,0.0
"2026-04-30","US10922N7075","10922N707","BHF-C","BHF","BRIGHTHOUSE FINANCIAL INC","Financial Institutions","1580780.0","1591742.0","10962.0","0.14898","0.15124","0.00226","13.23","145027.26","BUY","1","","","",25.0,-47.08,""
"2026-04-30","US31959X4007","31959X400","FCNCA","FCNCA","FIRST CITIZENS BANCSHARES INC (DEL","Financial Institutions","1099700.0","1105456.0","5756.0","0.19948","0.19999","0.00051","25.19","144993.64","BUY","1","FCNCA",80883,0.1,25.0,0.76,0.0
"2026-04-30","US61762V8046","61762V804","MS-L","MS","MORGAN STANLEY","Financial Institutions","1374562.0","1381624.0","7062.0","0.20236","0.20362","0.00126","20.52","144912.24","BUY","1","MS-PL",23839,0.3,25.0,-17.92,5.38
"2026-04-30","US7593518027","759351802","RGA","RGA","REINSURANCE GROUP OF AMERICA INCOR","Financial Institutions","1099700.0","1105440.0","5740.0","0.20044","0.20039","-5e-05","25.24","144877.6","BUY","1","RGA",299527,0.0,25.0,0.96,0.0
"2026-04-30","US0158578080","015857808","AQNCN","AQNCN","ALGONQUIN POWER & UTILITIES CORP","Utility","962224.0","967768.0","5544.0","0.18088","0.18162","0.00074","26.13","144864.72","BUY","1","","","",25.0,4.52,""
"2026-04-30","US8726521029","872652102","TPG","TPG","TPG OPERATING GROUP II LP","Financial Institutions","1099700.0","1105502.0","5802.0","0.19749","0.1981","0.00061","24.95","144759.9","BUY","1","TPG",2972470,0.0,25.0,-0.2,0.0
"2026-04-30","US14314C1053","14314C105","CG","CG","CARLYLE FINANCE LLC","Financial Institutions","1374562.0","1382833.0","8271.0","0.1715","0.1738","0.0023","17.5","144742.5","BUY","1","CG",3159290,0.0,25.0,-30.0,0.0
"2026-04-30","US4461507737","446150773","HBAN-J","HBAN","HUNTINGTON BANCSHARES INC","Financial Institutions","893496.0","899146.0","5650.0","0.16479","0.16532","0.00053","25.6","144640.0","BUY","1","","","",25.0,2.4,""
"2026-04-30","US1746108083","174610808","CFG-I","CFG","CITIZENS FINANCIAL GROUP INC","Financial Institutions","1099700.0","1105434.0","5734.0","0.20028","0.20015","-0.00013","25.21","144554.14","BUY","1","CFG-PI",28845,0.2,25.0,0.84,0.0
"2026-04-30","US3453708113","345370811","F","F","FORD MOTOR COMPANY","Industrial","1649474.0","1656025.0","6551.0","0.26672","0.26237","-0.00435","22.06","144515.06","BUY","1","F",41825443,0.0,25.0,-11.76,0.0
"2026-04-30","US74460W4612","74460W461","PSA-P","PSA","PUBLIC STORAGE","Financial Institutions","1659792.0","1668874.0","9082.0","0.19026","0.19069","0.00043","15.91","144494.62","BUY","1","PSA-PP",76407,0.1,25.0,-36.36,3.64
"2026-04-30","US25401T5048","25401T504","DBRG-H","DBRG","DIGITALBRIDGE GROUP .125 CUMULATIV","Financial Institutions","574168.0","582480.0","8312.0","0.0696","0.07271","0.00311","17.38","144462.56","BUY","1","DBRG-PH",16286,0.5,25.0,-30.48,15.24
"2026-04-30","US12542R5063","12542R506","CHSINC","CHSINC","CHS INC","Industrial","1154666.0","1160373.0","5707.0","0.21121","0.21093","-0.00028","25.31","144444.17","BUY","1","","","",25.0,1.24,""
"2026-04-30","US4165186036","416518603","HIG-G","HIG","HARTFORD FINANCIAL SERVICES GROUP","Financial Institutions","948442.0","954183.0","5741.0","0.17217","0.17242","0.00025","25.16","144443.56","BUY","1","HIG-PG",20903,0.3,25.0,0.64,0.0
"2026-04-30","US87264A1051","87264A105","TMUS","TMUS","T-MOBILE USA INC","Industrial","1081753.0","1087542.0","5789.0","0.19442","0.19488","0.00046","24.95","144435.55","BUY","1","TMUS",6279287,0.0,25.0,-0.2,0.0
"2026-04-30","US48253M1045","48253M104","KKR","KKR","KKR GROUP FINANCE CO IX LLC","Financial Institutions","1374529.0","1383029.0","8500.0","0.16821","0.16866","0.00045","16.98","144330.0","BUY","1","KKR",5519143,0.0,25.0,-32.08,0.0
"2026-04-30","US10922N2027","10922N202","BHF","BHF","BRIGHTHOUSE FINANCIAL INC","Financial Institutions","1030939.0","1039363.0","8424.0","0.12643","0.12787","0.00144","17.13","144303.12","BUY","1","BHF",531260,0.0,25.0,-31.48,0.0
"2026-04-30","US72348N3070","72348N307","PNFP-B","PNFP","PINNACLE FINANCIAL PARTNERS NON CU","Financial Institutions","962224.0","967731.0","5507.0","0.18235","0.1821","-0.00025","26.2","144283.4","BUY","1","PNFP-PB",15665,0.4,25.0,4.8,0.0
"2026-04-30","US87264A3032","87264A303","TMUS","TMUS","T-MOBILE USA INC","Industrial","1085251.0","1091750.0","6499.0","0.17415","0.17399","-0.00016","22.19","144212.81","BUY","1","TMUS",6279287,0.0,25.0,-11.24,0.0
"2026-04-30","US8425874042","842587404","SO","SO","SOUTHERN COMPANY (THE)","Utility","1237153.0","1243775.0","6622.0","0.19378","0.19438","0.0006","21.76","144094.72","BUY","1","SO",4535447,0.0,25.0,-12.96,0.0
"2026-04-30","US2333318598","233331859","DTE-E","DTE","DTE ENERGY COMPANY","Utility","1099700.0","1106324.0","6624.0","0.17209","0.17258","0.00049","21.72","143873.28","BUY","1","","","",25.0,-13.12,""
"2026-04-30","US03939A4040","03939A404","ACGL-G","ACGL","ARCH CAPITAL GROUP LTD.","Financial Institutions","1374562.0","1382888.0","8326.0","0.17041","0.17152","0.00111","17.27","143790.02","BUY","1","","","",25.0,-30.92,""
"2026-04-30","US0454876006","045487600","ASB","ASB","ASSOCIATED BANC-CORP","Financial Institutions","824770.0","830510.0","5740.0","0.14853","0.14936","0.00083","25.04","143729.6","BUY","1","ASB",2359007,0.0,25.0,0.16,0.0
"2026-04-30","US8794337878","879433787","TDS-UU","TDS","TELEPHONE DATA SYS DRC INC","Industrial","1154666.0","1161370.0","6704.0","0.17835","0.17875","0.0004","21.43","143666.72","BUY","1","","","",25.0,-14.28,""
"2026-04-30","US1746104025","174610402","CFG-E","CFG","CITIZENS FINANCIAL GROUP INC","Financial Institutions","1237153.0","1244585.0","7432.0","0.17192","0.17278","0.00086","19.33","143660.56","BUY","1","CFG-PE",28852,0.3,25.0,-22.68,6.8
"2026-04-30","US25401T4058","25401T405","DBRG-I","DBRG","DIGITALBRIDGE GROUP .15 CUMULATIVE","Financial Institutions","880072.0","888409.0","8337.0","0.10712","0.10994","0.00282","17.23","143646.51","BUY","1","DBRG-PI",31738,0.3,25.0,-31.08,9.32
"2026-04-30","US8935266812","893526681","TRPCN","TRPCN","TRANSCANADA PIPELINES LTD","Industrial","1017208.0","1023210.0","6002.0","0.17634","0.17585","-0.00049","23.93","143627.86","BUY","1","","","",25.0,-4.28,""
"2026-04-30","US4461508230","446150823","HBAN-H","HBAN","HUNTINGTON BANCSHARES DRC INC","Financial Institutions","1374454.0","1382898.0","8444.0","0.16781","0.16864","0.00083","16.98","143379.12","BUY","1","","","",25.0,-32.08,""
"2026-04-30","US29364D1000","29364D100","ETR","ETR","ENTERGY ARKANSAS LLC","Utility","1127158.0","1134086.0","6928.0","0.1683","0.16844","0.00014","20.68","143271.04","BUY","1","ETR",3005220,0.0,25.0,-17.28,0.0
"2026-04-30","BMG7498P1279","-","RNR-G","RNR","RENAISSANCERE HOLDINGS LTD","Financial Institutions","1374562.0","1383759.0","9197.0","0.15418","0.15474","0.00056","15.57","143197.29","BUY","1","RNR-PG",28714,0.3,25.0,-37.72,11.32
"2026-04-30","US72348N5059","72348N505","PNFP-C","PNFP","PINNACLE FINANCIAL PARTNERS DEPOSI","Financial Institutions","618601.0","624282.0","5681.0","0.11176","0.11299","0.00123","25.2","143161.2","BUY","1","PNFP-PC",36633,0.2,25.0,0.8,0.0
"2026-04-30","US11259P1093","11259P109","BRBRPH","BEPUCN","BROOKFIELD BRP HOLDINGS (CANADA) I","Utility","961594.0","971044.0","9450.0","0.10354","0.10552","0.00198","15.13","142978.5","BUY","1","","","",25.0,-39.48,""
"2026-04-30","US10922N5095","10922N509","BHF-B","BHF","BRIGHTHOUSE FINANCIAL INC","Financial Institutions","1106521.0","1115007.0","8486.0","0.13373","0.13485","0.00112","16.84","142904.24","BUY","1","","","",25.0,-32.64,""
"2026-04-30","US10922N3017","10922N301","BHF-A","BHF","BRIGHTHOUSE FINANCIAL INC","Financial Institutions","1168393.0","1177214.0","8821.0","0.13529","0.13697","0.00168","16.2","142900.2","BUY","1","","","",25.0,-35.2,""
"2026-04-30","US12542R2094","12542R209","CHSINC","CHSINC","CHS INC. (8% CUMULATIVE REDEEMABLE","Industrial","843457.0","848615.0","5158.0","0.16967","0.16864","-0.00103","27.67","142721.86","BUY","1","","","",25.0,10.68,""
"2026-04-30","US14040H7338","14040H733","COF-N","COF","CAPITAL ONE FINL DS REPSTG  TH PRF","Financial Institutions","1168393.0","1177219.0","8826.0","0.13613","0.13671","0.00058","16.17","142716.42","BUY","1","COF-PN",26058,0.3,25.0,-35.32,10.6
"2026-04-30","US9029737346","902973734","USB-L","USB","US BANCORP","Financial Institutions","1374562.0","1384035.0","9473.0","0.14881","0.1495","0.00069","15.04","142473.92","BUY","1","","","",25.0,-39.84,""
"2026-04-30","US78410V2007","78410V200","SCE-L","EIX","SCE TRUST VI","Financial Institutions","1305869.0","1313797.0","7928.0","0.16965","0.16946","-0.00019","17.96","142386.88","BUY","1","SCE-PL",17855,0.4,25.0,-28.16,11.26
"2026-04-30","US9029736686","902973668","USB-O","USB","US BANCORP","Financial Institutions","1237153.0","1245124.0","7971.0","0.15911","0.15953","0.00042","17.84","142202.64","BUY","1","","","",25.0,-28.64,""
"2026-04-30","US0082528508","008252850","AMG","AMG","AFFILIATED MANAGERS GROUP INC.","Financial Institutions","824703.0","831738.0","7035.0","0.12016","0.12072","0.00056","20.21","142177.35","BUY","1","AMG",367317,0.0,25.0,-19.16,0.0
"2026-04-30","US7591EP8869","7591EP886","RF-E","RF","REGIONS FINL DRC CORP","Financial Institutions","1099700.0","1108194.0","8494.0","0.13243","0.13307","0.00064","16.72","142019.68","BUY","1","RF-PE",29677,0.3,25.0,-33.12,9.94
"2026-04-30","US74460W4208","74460W420","PSA-R","PSA","PUBLIC STORAGE","Financial Institutions","1195918.0","1204934.0","9016.0","0.13544","0.13612","0.00068","15.73","141821.68","BUY","1","PSA-PR",32182,0.3,25.0,-37.08,11.12
"2026-04-30","US3196263053","319626305","FCNCA","FCNCA","FIRST CITIZENS BANCSHARES INC.","Financial Institutions","948447.0","955037.0","6590.0","0.14636","0.14699","0.00063","21.43","141223.7","BUY","1","FCNCA",80883,0.1,25.0,-14.28,1.43
"2026-04-30","US74460W6443","74460W644","PSA-H","PSA","PUBLIC STORAGE","Financial Institutions","783468.0","789777.0","6309.0","0.12674","0.12683","9e-05","22.36","141069.24","BUY","1","PSA-PH",22991,0.3,25.0,-10.56,3.17
"2026-04-30","US0844238057","084423805","WRB","WRB","WR BERKLEY CORPORATION","Financial Institutions","824770.0","832010.0","7240.0","0.1159","0.11634","0.00044","19.47","140962.8","BUY","1","WRB",2370783,0.0,25.0,-22.12,0.0
"2026-04-30","US9182842099","918284209","VSEC","VSEC","VSE CORP","Industrial","633075.0","636056.0","2981.0","0.2073","0.21114","0.00384","46.22","137781.82","BUY","1","VSEC",780763,0.0,25.0,84.88,0.0
"2026-04-30","US0605056821","060505682","BAC-L","BAC","BANK OF AMERICA CORP","Financial Institutions","151517.0","151551.0","34.0","1.34652","1.33091","-0.01561","1222.77","41574.18","BUY","1","BAC-PL",10575,0.0,1000.0,22.28,0.0
"2026-04-30","US94988U1512","94988U151","WFC-Z","WFC","WELLS FARGO & COMPANY","Financial Institutions","5533529.0","5534779.0","1250.0","0.75893","0.75725","-0.00168","19.05","23812.5","BUY","1","WFC-PZ",140854,0.0,25.0,-23.8,0.0
"2026-04-30","US0605052291","060505229","BAC-GG","BAC","BANK OF AMERICA CORP","Financial Institutions","2637918.0","2638514.0","596.0","0.4829","0.47943","-0.00347","25.3","15078.8","BUY","1","","","",25.0,1.2,""
"2026-04-30","US94988U1280","94988U128","WFC-AA","WFC","WELLS FARGO & COMPANY","Financial Institutions","3217080.0","3217806.0","726.0","0.44006","0.44002","-4e-05","19.04","13823.04","BUY","1","","","",25.0,-23.84,""
"2026-04-30","US95002Y4008","95002Y400","WFC-DD","WFC","WELLS FARGO & COMPANY","Financial Institutions","3437061.0","3437837.0","776.0","0.42901","0.42912","0.00011","17.38","13486.88","BUY","1","","","",25.0,-30.48,""
"2026-04-30","US06055H2022","06055H202","BAC-LL","BAC","BANK OF AMERICA CORPORATION DEPOSI","Financial Institutions","2535706.0","2536278.0","572.0","0.37587","0.37396","-0.00191","20.53","11743.16","BUY","1","","","",25.0,-17.88,""
"2026-04-30","US95002Y2028","95002Y202","WFC-CC","WFC","WELLS FARGO & COMPANY","Financial Institutions","2887166.0","2887818.0","652.0","0.3665","0.36586","-0.00064","17.64","11501.28","BUY","1","","","",25.0,-29.44,""
"2026-04-30","US94988U6560","94988U656","WFC-Y","WFC","WELLS FARGO & COMPANY","Financial Institutions","1897322.0","1897750.0","428.0","0.32699","0.32656","-0.00043","23.96","10254.88","BUY","1","WFC-PY",40117,0.0,25.0,-4.16,0.0
"2026-04-30","US06055H8060","06055H806","BAC-QQ","BAC","BANK OF AMERICA CORP","Financial Institutions","2521130.0","2521700.0","570.0","0.31511","0.31368","-0.00143","17.32","9872.4","BUY","1","","","",25.0,-30.72,""
"2026-04-30","US0605051954","060505195","BAC-HH","BAC","BANK OF AMERICA DEP REPRESENTING","Financial Institutions","1652943.0","1653317.0","374.0","0.2984","0.29566","-0.00274","24.9","9312.6","BUY","1","","","",25.0,-0.4,""
"2026-04-30","US06055H4002","06055H400","BAC-NN","BAC","BANK OF AMERICA CORP","Financial Institutions","2083984.0","2084454.0","470.0","0.26454","0.26378","-0.00076","17.62","8281.4","BUY","1","","","",25.0,-29.52,""
"2026-04-30","US05990K8412","05990K841","BANC-F","BANC","BANC OF CALIFORNIA INC","Financial Institutions","1410976.0","1411294.0","318.0","0.25962","0.25988","0.00026","25.64","8153.52","BUY","1","BANC-PF",54268,0.0,25.0,2.56,0.0
"2026-04-30","US9029737593","902973759","USB-K","USB","US BANCORP","Financial Institutions","1580781.0","1581137.0","356.0","0.25218","0.25096","-0.00122","22.1","7867.6","BUY","1","","","",25.0,-11.6,""
"2026-04-30","US4932677028","493267702","KEY-E","KEY","KEYCORP","Financial Institutions","1374562.0","1374872.0","310.0","0.24904","0.24705","-0.00199","25.02","7756.2","BUY","1","","","",25.0,0.08,""
"2026-04-30","US64828T7063","64828T706","RITM-D","RITM","NEW RESIDENTIAL INVESTMENT CORP","Financial Institutions","1278343.0","1278631.0","288.0","0.23281","0.23095","-0.00186","25.15","7243.2","BUY","1","RITM-PD",57606,0.0,25.0,0.6,0.0
"2026-04-30","US3167736053","316773605","FITB-I","FITB","FIFTH THIRD BANCORP DEPOSITARY SHA","Financial Institutions","1237154.0","1237434.0","280.0","0.22719","0.22591","-0.00128","25.42","7117.6","BUY","1","","","",25.0,1.68,""
"2026-04-30","US0357108473","035710847","NLY-I","NLY","ANNALY CAPITAL MANAGEMENT INC","Financial Institutions","1216485.0","1216759.0","274.0","0.22573","0.2238","-0.00193","25.61","7017.14","BUY","1","NLY-PI",101929,0.0,25.0,2.44,0.0
"2026-04-30","BMG1624R1079","-","BPY","BPY","BROOKFIELD PROPERTY PREFERRED PREF","Industrial","1844988.0","1845404.0","416.0","0.22151","0.22187","0.00036","16.74","6963.84","BUY","1","","","",25.0,-33.04,""
"2026-04-30","US8574778556","857477855","STT-G","STT","STATE STREET CORP","Financial Institutions","1374562.0","1374872.0","310.0","0.22107","0.2198","-0.00127","22.26","6900.6","BUY","1","STT-PG",44638,0.0,25.0,-10.96,0.0
"2026-04-30","US06055H6080","06055H608","BAC-PP","BAC","BANK OF AMERICA DRC CORP","Financial Institutions","1761072.0","1761470.0","398.0","0.21284","0.21241","-0.00043","16.79","6682.42","BUY","1","BAC-PP",45090,0.0,25.0,-32.84,0.0
"2026-04-30","US0357108622","035710862","NLY-G","NLY","ANNALY CAPITAL MANAGEMENT INC","Financial Institutions","1168393.0","1168657.0","264.0","0.21211","0.21034","-0.00177","25.06","6615.84","BUY","1","NLY-PG",27968,0.0,25.0,0.24,0.0
"2026-04-30","US00123Q8078","00123Q807","AGNC-E","AGNC","AGNC INVESTMENT CORP","Financial Institutions","1106521.0","1106771.0","250.0","0.20384","0.20254","-0.0013","25.48","6370.0","BUY","1","","","",25.0,1.92,""
"2026-04-30","US3205178409","320517840","FHN-H","FHN","FIRST HORIZON CORP","Financial Institutions","1102022.0","1102270.0","248.0","0.19974","0.19831","-0.00143","25.05","6212.4","BUY","1","FHN-PH",194808,0.0,25.0,0.2,0.0
"2026-04-30","US64828T5083","64828T508","RITM-C","RITM","NEW RESIDENTIAL INVESTMENT CORP","Financial Institutions","1093014.0","1093260.0","246.0","0.1976","0.19677","-0.00083","25.06","6164.76","BUY","1","RITM-PC",44619,0.0,25.0,0.24,0.0
"2026-04-30","US4932678687","493267868","KEY-G","KEY","KEYCORP","Financial Institutions","1237154.0","1237434.0","280.0","0.19037","0.19001","-0.00036","21.38","5986.4","BUY","1","","","",25.0,-14.48,""
"2026-04-30","US06055H8714","06055H871","BAC-SS","BAC","BANK OF AMERICA CORP","Financial Institutions","1320295.0","1320593.0","298.0","0.18548","0.18476","-0.00072","19.48","5805.04","BUY","1","","","",25.0,-22.08,""
"2026-04-30","US4932678760","493267876","KEY-F","KEY","KEYCORP","Financial Institutions","1168393.0","1168657.0","264.0","0.18144","0.18037","-0.00107","21.49","5673.36","BUY","1","","","",25.0,-14.04,""
"2026-04-30","US00123Q8318","00123Q831","AGNC-H","AGNC","AGNC INVESTMENT CORP","Financial Institutions","948448.0","948662.0","214.0","0.17452","0.17408","-0.00044","25.55","5467.7","BUY","1","","","",25.0,2.2,""
"2026-04-30","US30190A2033","30190A203","FG","FG","F&G ANNUITIES & LIFE INC","Financial Institutions","948448.0","948662.0","214.0","0.1717","0.16999","-0.00171","24.95","5339.3","BUY","1","FG",596330,0.0,25.0,-0.2,0.0
"2026-04-30","US62913M2061","62913M206","NGL-B","NGL","NGL ENERGY PARTNERS LP","Industrial","931022.0","931232.0","210.0","0.17023","0.16867","-0.00156","25.22","5296.2","BUY","1","NGL-PB",20350,0.0,25.0,0.88,0.0
"2026-04-30","US80620A2087","80620A208","EIX-N","EIX","SCE TRUST VIII","Utility","962224.0","962442.0","218.0","0.16625","0.16541","-0.00084","23.93","5216.74","BUY","1","","","",25.0,-4.28,""
"2026-04-30","US00123Q5009","00123Q500","AGNC-C","AGNC","AGNC INVESTMENT CORP","Financial Institutions","893464.0","893666.0","202.0","0.16647","0.16566","-0.00081","25.81","5213.62","BUY","1","","","",25.0,3.24,""
"2026-04-30","US8629452017","862945201","ASSE-A","ASSE","STRIVE INC","Industrial","228179.0","228231.0","52.0","0.16527","0.16383","-0.00144","99.95","5197.4","BUY","1","","","",25.0,299.8,""
"2026-04-30","US74965L2007","74965L200","RLJ-A","RLJ","RLJ LODGING .95 CUMULATIVE CONVERT","Financial Institutions","885230.0","885430.0","200.0","0.16064","0.15987","-0.00077","25.14","5028.0","BUY","1","RLJ-PA",36467,0.0,25.0,0.56,0.0
"2026-04-30","US30190A6091","30190A609","FG","FG","F&G ANNUITIES & LIFE INC","Financial Institutions","1030940.0","1031172.0","232.0","0.15842","0.15915","0.00073","21.49","4985.68","BUY","1","FG",596330,0.0,25.0,-14.04,0.0
"2026-04-30","US16934Q4064","16934Q406","CIM-B","CIM","CHIMERA INVESTMENT CORP","Financial Institutions","893460.0","893662.0","202.0","0.15767","0.15661","-0.00106","24.4","4928.8","BUY","1","CIM-PB",42873,0.0,25.0,-2.4,0.0
"2026-04-30","US9027884058","902788405","UMBF","UMBF","UMB FINANCIAL CORPORATION","Financial Institutions","824770.0","824956.0","186.0","0.15696","0.15677","-0.00019","26.46","4921.56","BUY","1","UMBF",692223,0.0,25.0,5.84,0.0
"2026-04-30","US6658598569","665859856","NTRS-E","NTRS","NORTHERN TRUST CORPORATION","Financial Institutions","1099700.0","1099948.0","248.0","0.15202","0.15097","-0.00105","19.11","4739.28","BUY","1","","","",25.0,-23.56,""
"2026-04-30","US0256768591","025676859","ANGINC","ANGINC","AMERICAN NATIONAL GROUP INC","Financial Institutions","824770.0","824956.0","186.0","0.14752","0.14688","-0.00064","24.79","4610.94","BUY","1","","","",25.0,-0.84,""
"2026-04-30","US9290892093","929089209","VOYA-B","VOYA","VOYA FINANCIAL INC","Financial Institutions","824770.0","824956.0","186.0","0.1431","0.14202","-0.00108","23.97","4458.42","BUY","1","VOYA-PB",20141,0.0,25.0,-4.12,0.0
"2026-04-30","US64828T4094","64828T409","RITM-B","RITM","NEW RESIDENTIAL INVESTMENT CORP","Financial Institutions","773957.0","774131.0","174.0","0.14331","0.14233","-0.00098","25.6","4454.4","BUY","1","RITM-PB",47737,0.0,25.0,2.4,0.0
"2026-04-30","US0357108218","035710821","NLY-J","NLY","ANNALY CAPITAL MANAGEMENT INC","Financial Institutions","756010.0","756180.0","170.0","0.14231","0.14213","-0.00018","26.17","4448.9","BUY","1","NLY-PJ",37811,0.0,25.0,4.68,0.0
"2026-04-30","US9030025095","903002509","UMH-D","UMH","UMH PROPERTIES INC","Financial Institutions","892271.0","892473.0","202.0","0.14086","0.14018","-0.00068","21.87","4417.74","BUY","1","UMH-PD",17508,0.0,25.0,-12.52,0.0
"2026-04-30","US9576384062","957638406","WAL-A","WAL","WESTERN ALLIANCE BANCORP","Financial Institutions","824770.0","824956.0","186.0","0.14143","0.1406","-0.00083","23.73","4413.78","BUY","1","WAL-PA",13983,0.0,25.0,-5.08,0.0
"2026-04-30","US91529Y6014","91529Y601","UNM","UNM","UNUM GROUP","Financial Institutions","824770.0","824956.0","186.0","0.14041","0.13959","-0.00082","23.56","4382.16","BUY","1","UNM",1680053,0.0,25.0,-5.76,0.0
"2026-04-30","US2538688225","253868822","DLR-L","DLR","DIGITAL REALTY TRUST INC","Financial Institutions","948448.0","948662.0","214.0","0.13654","0.13633","-0.00021","20.01","4282.14","BUY","1","DLR-PL",27500,0.0,25.0,-19.96,0.0
"2026-04-30","US03939A1079","03939A107","ACGL-F","ACGL","ARCH CAPITAL GROUP LTD.","Financial Institutions","907195.0","907399.0","204.0","0.13303","0.13301","-2e-05","20.41","4163.64","BUY","1","","","",25.0,-18.36,""
"2026-04-30","US04686J2006","04686J200","ATH-B","ATH","ATHENE HLDG DRC LTD","Financial Institutions","948447.0","948661.0","214.0","0.13255","0.13184","-0.00071","19.35","4140.9","BUY","1","ATH-PB",31260,0.0,25.0,-22.6,0.0
"2026-04-30","US55272X5086","55272X508","MFA-C","MFA","MFA FINANCIAL INC","Financial Institutions","756010.0","756180.0","170.0","0.12991","0.12953","-0.00038","23.85","4054.5","BUY","1","MFA-PC",25056,0.0,25.0,-4.6,0.0
"2026-04-30","US88224Q3056","88224Q305","TCBI-B","TCBI","TEXAS CAP BANCSHARES DRC INC","Financial Institutions","824770.0","824956.0","186.0","0.12886","0.12806","-0.0008","21.61","4019.46","BUY","1","","","",25.0,-13.56,""
"2026-04-30","BMG053842040","-","AHL","AHL","ASPEN INSURANCE HOLDINGS LTD","Financial Institutions","827588.0","827774.0","186.0","0.12504","0.12734","0.0023","21.42","3984.12","BUY","1","","","",25.0,-14.32,""
"2026-04-30","US1258968528","125896852","CMS","CMS","CMS ENERGY CORPORATION","Utility","769804.0","769978.0","174.0","0.12721","0.12619","-0.00102","22.82","3970.68","BUY","1","CMS",2741643,0.0,25.0,-8.72,0.0
"2026-04-30","US64828T8889","64828T888","RITM-F","RITM","RITHM CAPITAL CORP","Financial Institutions","687295.0","687451.0","156.0","0.12452","0.12462","0.0001","25.24","3937.44","BUY","1","RITM-PF",31313,0.0,25.0,0.96,0.0
"2026-04-30","US55261F8721","55261F872","MTB-H","MTB","M AND T BANK PERPETUAL FIXED TO FL","Financial Institutions","687295.0","687451.0","156.0","0.1247","0.12383","-0.00087","25.08","3912.48","BUY","1","MTB-PH",20158,0.0,25.0,0.32,0.0
"2026-04-30","US90187B3096","90187B309","TWO-B","TWO","TWO HARBORS INVESTMENT CORP","Financial Institutions","698219.0","698377.0","158.0","0.12539","0.12414","-0.00125","24.75","3910.5","BUY","1","TWO-PB",36638,0.0,25.0,-1.0,0.0
"2026-04-30","US25525P2065","25525P206","DHC","DHC","DIVERSIFIED HEALTHCARE .625% SENIO","Financial Institutions","962224.0","962442.0","218.0","0.1234","0.12338","-2e-05","17.85","3891.3","BUY","1","DHC",1735110,0.0,25.0,-28.6,0.0
"2026-04-30","US8805913006","880591300","TVA-D","TVA","TENN VALLEY AUTHORITY","Agency","705107.0","705267.0","160.0","0.12387","0.12283","-0.00104","24.25","3880.0","BUY","1","","","",25.0,-3.0,""
"2026-04-30","US11271L1026","11271L102","BNCN","BNCN","BROOKFIELD FINANCE INC","Financial Institutions","1099700.0","1099948.0","248.0","0.12311","0.12221","-0.0009","15.47","3836.56","BUY","1","","","",25.0,-38.12,""
"2026-04-30","US74460W6690","74460W669","PSA-G","PSA","PUBLIC STORAGE","Financial Institutions","824770.0","824956.0","186.0","0.12202","0.12063","-0.00139","20.36","3786.96","BUY","1","PSA-PG",28458,0.0,25.0,-18.56,0.0
"2026-04-30","US74460W6286","74460W628","PSA-I","PSA","PUBLIC STORAGE REPSTG  TH BEN INT","Financial Institutions","869436.0","869632.0","196.0","0.12157","0.1201","-0.00147","19.23","3769.08","BUY","1","PSA-PI",29504,0.0,25.0,-23.08,0.0
"2026-04-30","US6374321056","637432105","NRUC-US","NRUC","NATIONAL RURAL UTILITIES COOPERATI","Utility","687294.0","687450.0","156.0","0.1196","0.11884","-0.00076","24.07","3754.92","BUY","1","","","",25.0,-3.72,""
"2026-04-30","US4440973075","444097307","HPP-C","HPP","HUDSON PACIFIC PROPERTIES INC","Financial Institutions","1168393.0","1168657.0","264.0","0.11896","0.1191","0.00014","14.19","3746.16","BUY","1","HPP-PC",11895,0.0,25.0,-43.24,0.0
"2026-04-30","US90187B5075","90187B507","TWO-C","TWO","TWO HARBORS INVESTMENT CORP","Financial Institutions","664007.0","664157.0","150.0","0.11934","0.11872","-0.00062","24.89","3733.5","BUY","1","TWO-PC",63666,0.0,25.0,-0.44,0.0
"2026-04-30","US3733344408","373334440","SO","SO","GEORGIA POWER COMPANY","Utility","742278.0","742446.0","168.0","0.11992","0.11848","-0.00144","22.22","3732.96","BUY","1","SO",4535447,0.0,25.0,-11.12,0.0
"2026-04-30","US16934Q5053","16934Q505","CIM-C","CIM","CHIMERA INVESTMENT CORP","Financial Institutions","714821.0","714983.0","162.0","0.11786","0.11749","-0.00037","22.88","3706.56","BUY","1","CIM-PC",43164,0.0,25.0,-8.48,0.0
"2026-04-30","US48251K2096","48251K209","KREF-A","KREF","KKR REAL ESTATE FINANCE TRUST INC","Financial Institutions","901025.0","901229.0","204.0","0.11764","0.11735","-0.00029","18.13","3698.52","BUY","1","KREF-PA",25117,0.0,25.0,-27.48,0.0
"2026-04-30","US9508108878","950810887","WSBC-B","WSBC","WESBANCO INC","Financial Institutions","632283.0","632425.0","142.0","0.11744","0.11682","-0.00062","25.72","3652.24","BUY","1","","","",25.0,2.88,""
"2026-04-30","US00123Q6098","00123Q609","AGNC-D","AGNC","AGNC INVESTMENT CORP","Financial Institutions","646060.0","646206.0","146.0","0.11593","0.11593","0.0","24.98","3647.08","BUY","1","","","",25.0,-0.08,""
"2026-04-30","US74460W6856","74460W685","PSA-F","PSA","PUBLIC STORAGE DS REPRESENTING  TH","Financial Institutions","769804.0","769978.0","174.0","0.11411","0.11347","-0.00064","20.52","3570.48","BUY","1","PSA-PF",24323,0.0,25.0,-17.92,0.0
"2026-04-30","US0200028126","020002812","ALL-I","ALL","ALLSTATE CORPORATION (THE)","Financial Institutions","824770.0","824956.0","186.0","0.11416","0.11346","-0.0007","19.15","3561.9","BUY","1","ALL-PI",23706,0.0,25.0,-23.4,0.0
"2026-04-30","US3193836000","319383600","BUSE-B","BUSE","FIRST BUSEY CORPORATION","Financial Institutions","591094.0","591228.0","134.0","0.11041","0.10981","-0.0006","25.86","3465.24","BUY","1","","","",25.0,3.44,""
"2026-04-30","BMG053841703","-","AHL","AHL","ASPEN INSURANCE HOLDINGS LTD","Financial Institutions","618601.0","618741.0","140.0","0.11055","0.10981","-0.00074","24.71","3459.4","BUY","1","","","",25.0,-1.16,""
"2026-04-30","US2836782092","283678209","KMI","KMI","EL PASO ENERGY CAPITAL TRUST I","Industrial","303110.0","303178.0","68.0","0.11032","0.11046","0.00014","50.73","3449.64","BUY","1","KMI",13535960,0.0,25.0,102.92,0.0
"2026-04-30","US29364W1080","29364W108","ETR","ETR","ENTERGY LOUISIANA LLC","Utility","742278.0","742446.0","168.0","0.11003","0.10915","-0.00088","20.47","3438.96","BUY","1","ETR",3005220,0.0,25.0,-18.12,0.0
"2026-04-30","US63938C4050","63938C405","NAVI","NAVI","NAVIENT  PRCNT SENIOR NOTES EXP  D","Financial Institutions","824770.0","824956.0","186.0","0.10995","0.10931","-0.00064","18.45","3431.7","BUY","1","NAVI",1038537,0.0,25.0,-26.2,0.0
"2026-04-30","US58844R8503","58844R850","MBIN","MBIN","MERCHANTS BANCORP","Financial Institutions","632283.0","632425.0","142.0","0.11044","0.10937","-0.00107","24.08","3419.36","BUY","1","MBIN",196253,0.0,25.0,-3.68,0.0
"2026-04-30","US9290428286","929042828","VNO-M","VNO","VORNADO REALTY TRUST","Financial Institutions","878342.0","878540.0","198.0","0.10838","0.10853","0.00015","17.2","3405.6","BUY","1","VNO-PM",26074,0.0,25.0,-31.2,0.0
"2026-04-30","US29364N1081","29364N108","ETR","ETR","ENTERGY MISSISSIPPI INC","Utility","714820.0","714982.0","162.0","0.10875","0.10783","-0.00092","21.0","3402.0","BUY","1","ETR",3005220,0.0,25.0,-16.0,0.0
"2026-04-30","US75968N3098","75968N309","RNR-F","RNR","RENAISSANCERE HOLDINGS LTD","Financial Institutions","687294.0","687450.0","156.0","0.10723","0.1066","-0.00063","21.59","3368.04","BUY","1","RNR-PF",14725,0.0,25.0,-13.64,0.0
"2026-04-30","US0605055831","060505583","BAC-1","BAC","BANK OF AMERICA CORPORATION PFD 1","Financial Institutions","740653.0","740821.0","168.0","0.10448","0.10418","-0.0003","19.58","3289.44","BUY","1","","","",25.0,-21.68,""
"2026-04-30","US9290428443","929042844","VNO-L","VNO","VORNADO REALTY TRUST 5.4% CUM RED","Financial Institutions","824771.0","824957.0","186.0","0.10279","0.10428","0.00149","17.6","3273.6","BUY","1","VNO-PL",21285,0.0,25.0,-29.6,0.0
"2026-04-30","US49446R7118","49446R711","KIM-M","KIM","KIMCO RLTY DS REPRESENTING   CLASS","Financial Institutions","719260.0","719422.0","162.0","0.10469","0.10416","-0.00053","20.16","3265.92","BUY","1","KIM-PM",27484,0.0,25.0,-19.36,0.0
"2026-04-30","US8606308703","860630870","SF-C","SF","STIFEL FINANCIAL CORP","Financial Institutions","618601.0","618741.0","140.0","0.10392","0.10336","-0.00056","23.26","3256.4","BUY","1","SF-PC",16926,0.0,25.0,-6.96,0.0
"2026-04-30","US1170436042","117043604","BC","BC","BRUNSWICK CORPORATION","Industrial","591096.0","591230.0","134.0","0.1029","0.10297","7e-05","24.25","3249.5","BUY","1","BC",856733,0.0,25.0,-3.0,0.0
"2026-04-30","US6378703044","637870304","NSA-B","NSA PR B","NATIONAL STORAGE AFFILIATES    CUM","Financial Institutions","390544.0","390644.0","100.0","0.09191","0.09093","-0.00098","32.41","3241.0","BUY","1","NSA-PB",34612,0.0,25.0,29.64,0.0
"2026-04-30","US25406P2002","25406P200","DDS","DDS","DILLARDS CAP TR I CAP SECS 7.5%","Industrial","549841.0","549965.0","124.0","0.1038","0.10313","-0.00067","26.11","3237.64","BUY","1","DDS",94397,0.0,25.0,4.44,0.0
"2026-04-30","US6378702053","637870205","NSA-A","NSA","NATIONAL STORAGE AFFILIATES REDEEM","Financial Institutions","621090.0","621230.0","140.0","0.10344","0.10302","-0.00042","23.09","3232.6","BUY","1","NSA-PA",18657,0.0,25.0,-7.64,0.0
"2026-04-30","US37959E3009","37959E300","GL","GL","GLOBE LIFE INC","Financial Institutions","893463.0","893665.0","202.0","0.1019","0.10256","0.00066","15.98","3227.96","BUY","1","GL",525593,0.0,25.0,-36.08,0.0
"2026-04-30","US72348N2080","72348N208","PNFP-A","PNFP","PINNACLE FINANCIAL PARTNERS NON CU","Financial Institutions","549830.0","549954.0","124.0","0.10209","0.10143","-0.00066","25.68","3184.32","BUY","1","PNFP-PA",21604,0.0,25.0,2.72,0.0
"2026-04-30","US9290428104","929042810","VNO-N","VNO","VORNADO REALTY TRUST","Financial Institutions","824771.0","824957.0","186.0","0.10141","0.10114","-0.00027","17.07","3175.02","BUY","1","VNO-PN",27067,0.0,25.0,-31.72,0.0
"2026-04-30","US35243J2006","35243J200","FBRT-E","FBRT","FRANKLIN BSP REALTY TRUST   CUMULA","Financial Institutions","709883.0","710043.0","160.0","0.10065","0.10107","0.00042","19.82","3171.2","BUY","1","FBRT-PE",21451,0.0,25.0,-20.72,0.0
"2026-04-30","US8606308620","860630862","SF-D","SF","STIFEL FINANCIAL CORP","Financial Institutions","824770.0","824956.0","186.0","0.10034","0.10007","-0.00027","16.89","3141.54","BUY","1","SF-PD",22512,0.0,25.0,-32.44,0.0
"2026-04-30","US8805914095","880591409","TVA-A","TVA","TENN VALLEY AUTH","Agency","572810.0","572940.0","130.0","0.09972","0.09851","-0.00121","23.94","3112.2","BUY","1","","","",25.0,-4.24,""
"2026-04-30","US84857L7055","84857L705","SR","SR","SPIRE INC","Utility","549841.0","549965.0","124.0","0.09922","0.09811","-0.00111","24.84","3080.16","BUY","1","SR",357430,0.0,25.0,-0.64,0.0
"2026-04-30","US04621X3061","04621X306","AIZ","AIZ","ASSURANT INC","Financial Institutions","687294.0","687450.0","156.0","0.09675","0.09667","-8e-05","19.58","3054.48","BUY","1","AIZ",343357,0.0,25.0,-21.68,0.0
"2026-04-30","US05554M1009","05554M100","BIP","BIP","BIP BERMUDA HOLDINGS I LTD","Financial Institutions","824770.0","824956.0","186.0","0.09741","0.09687","-0.00054","16.35","3041.1","BUY","1","BIP",944337,0.0,25.0,-34.6,0.0
"2026-04-30","US78440X5077","78440X507","SLG-I","SLG","SL GREEN REALTY CORP","Financial Institutions","632284.0","632426.0","142.0","0.09743","0.09725","-0.00018","21.41","3040.22","BUY","1","SLG-PI",27288,0.0,25.0,-14.36,0.0
"2026-04-30","US16934Q6044","16934Q604","CIM-D","CIM","CHIMERA INVESTMENT CORP","Financial Institutions","549841.0","549965.0","124.0","0.09624","0.09638","0.00014","24.4","3025.6","BUY","1","CIM-PD",21076,0.0,25.0,-2.4,0.0
"2026-04-30","US3167738604","316773860","FITB-K","FITB","FIFTH THIRD BANCORP","Financial Institutions","687294.0","687450.0","156.0","0.09581","0.09539","-0.00042","19.32","3013.92","BUY","1","","","",25.0,-22.72,""
"2026-04-30","US6740014096","674001409","OAK-B","OAK","OAKTREE CAPITAL GROUP LLC","Financial Institutions","646060.0","646206.0","146.0","0.09591","0.09537","-0.00054","20.55","3000.3","BUY","1","OAK-PB",9219,0.0,25.0,-17.8,0.0
"2026-04-30","US2333318184","233331818","DTE","DTE","DTE ENERGY CO","Utility","769804.0","769978.0","174.0","0.0956","0.095","-0.0006","17.18","2989.32","BUY","1","DTE",1085900,0.0,25.0,-31.28,0.0
"2026-04-30","US2538688308","253868830","DLR-K","DLR","DIGITAL REALTY TRUST INC","Financial Institutions","577300.0","577430.0","130.0","0.09485","0.09509","0.00024","22.93","2980.9","BUY","1","DLR-PK",23451,0.0,25.0,-8.28,0.0
"2026-04-30","US74460W5940","74460W594","PSA-J","PSA","PUBLIC STORAGE DEP SHS REPSTG  TH","Financial Institutions","711344.0","711504.0","160.0","0.09491","0.09469","-0.00022","18.53","2964.8","BUY","1","PSA-PJ",15795,0.0,25.0,-25.88,0.0
"2026-04-30","US0844238701","084423870","WRB","WRB","WR BERKLEY CORPORATION","Financial Institutions","824770.0","824956.0","186.0","0.09419","0.09426","7e-05","15.91","2959.26","BUY","1","WRB",2370783,0.0,25.0,-36.36,0.0
"2026-04-30","US64828T8053","64828T805","RITM-E","RITM","RITHM CAPITAL CORP","Financial Institutions","522334.0","522452.0","118.0","0.09441","0.09381","-0.0006","25.0","2950.0","BUY","1","RITM-PE",43287,0.0,25.0,0.0,0.0
"2026-04-30","US6496048736","649604873","ADAM-E","ADAM","NEW YORK MORTGAGE TRUST INC","Financial Institutions","512486.0","512602.0","116.0","0.09426","0.09358","-0.00068","25.42","2948.72","BUY","1","","","",25.0,1.68,""
"2026-04-30","US25525P3055","25525P305","DHC","DHC","DIVERSIFIED HEALTHCARE .25% SENIOR","Financial Institutions","687295.0","687451.0","156.0","0.09342","0.09312","-0.0003","18.86","2942.16","BUY","1","DHC",1735110,0.0,25.0,-24.56,0.0
"2026-04-30","US3167738869","316773886","FITB-A","FITB","FIFTH THIRD BANCORP  DEPOSITORY SH","Financial Institutions","549841.0","549965.0","124.0","0.09381","0.09326","-0.00055","23.61","2927.64","BUY","1","","","",25.0,-5.56,""
"2026-04-30","US70931T4004","70931T400","PMT-B","PMT","PENNYMAC MORTGAGE INVESTMENT TRUST","Financial Institutions","536110.0","536232.0","122.0","0.09212","0.09143","-0.00069","23.74","2896.28","BUY","1","PMT-PB",11835,0.0,25.0,-5.04,0.0
"2026-04-30","US3793785086","379378508","GNL-D","GNL","GLOBAL NET LEASE   CUMULATIVE REDE","Financial Institutions","545285.0","545409.0","124.0","0.0922","0.09096","-0.00124","23.22","2879.28","BUY","1","GNL-PD",13075,0.0,25.0,-7.12,0.0
"2026-04-30","US05580M7939","05580M793","RILYZ","RILY","B. RILEY FINANCIAL INC","Financial Institutions","532347.0","532467.0","120.0","0.09252","0.09163","-0.00089","23.96","2875.2","BUY","1","RILYZ",40323,0.0,25.0,-4.16,0.0
"2026-04-30","US70931T5092","70931T509","PMT-C","PMT","PENNYMAC MORTGAGE INVESTMENT TRUST","Financial Institutions","687295.0","687451.0","156.0","0.09158","0.0905","-0.00108","18.33","2859.48","BUY","1","PMT-PC",26263,0.0,25.0,-26.68,0.0
"2026-04-30","US8606306079","860630607","SF","SF","STIFEL FINANCIAL CORP","Financial Institutions","618602.0","618742.0","140.0","0.09026","0.08963","-0.00063","20.17","2823.8","BUY","1","SF",1428997,0.0,25.0,-19.32,0.0
"2026-04-30","US0082528433","008252843","AMG","AMG","AFFILIATED MANAGERS GROUP INC.","Financial Institutions","756010.0","756180.0","170.0","0.09","0.08977","-0.00023","16.53","2810.1","BUY","1","AMG",367317,0.0,25.0,-33.88,0.0
"2026-04-30","US70509V8037","70509V803","PEB-G","PEB","PEBBLEBROOK HOTEL TRUST","Financial Institutions","624436.0","624576.0","140.0","0.09107","0.08967","-0.0014","19.99","2798.6","BUY","1","PEB-PG",9887,0.0,25.0,-20.04,0.0
"2026-04-30","US9290427940","929042794","VNO-O","VNO","VORNADO REALTY TRUST","Financial Institutions","824771.0","824957.0","186.0","0.08714","0.08858","0.00144","14.95","2780.7","BUY","1","VNO-PO",24130,0.0,25.0,-40.2,0.0
"2026-04-30","US05580M8358","05580M835","RILYM","RILY","B. RILEY FINANCIAL INC","Financial Institutions","603780.0","603916.0","136.0","0.086","0.08852","0.00252","20.41","2775.76","BUY","1","","","",25.0,-18.36,""
"2026-04-30","US70931T7072","70931T707","PMT","PMT","PENNYMAC MORTGAGE INVESTMENT TRUST","Financial Institutions","474238.0","474346.0","108.0","0.08815","0.08749","-0.00066","25.68","2773.44","BUY","1","PMT",1148207,0.0,25.0,2.72,0.0
"2026-04-30","US05580M8010","05580M801","RILYK","RILY","B. RILEY FINANCIAL INC","Financial Institutions","496287.0","496399.0","112.0","0.08916","0.08827","-0.00089","24.76","2773.12","BUY","1","RILYK",25450,0.0,25.0,-0.96,0.0
"2026-04-30","US49446R7373","49446R737","KIM-L","KIM","KIMCO REALTY CORPORATION","Financial Institutions","611848.0","611986.0","138.0","0.08677","0.08698","0.00021","19.79","2731.02","BUY","1","KIM-PL",13652,0.0,25.0,-20.84,0.0
"2026-04-30","US1258968601","125896860","CMS","CMS","CMS ENERGY CORPORATION","Utility","549854.0","549978.0","124.0","0.08712","0.0869","-0.00022","22.0","2728.0","BUY","1","CMS",2960153,0.0,25.0,-12.0,0.0
"2026-04-30","BMG9078F1499","-","TRTN-C","TRTN","TRITON INTERNATIONAL LTD","Industrial","481098.0","481206.0","108.0","0.08703","0.08723","0.0002","25.24","2725.92","BUY","1","TRTN-PC",8106,0.0,25.0,0.96,0.0
"2026-04-30","US31959X2027","31959X202","FCNCA","FCNCA","FIRST CITIZENS BANCSHARES   NON CU","Financial Institutions","549841.0","549965.0","124.0","0.08568","0.08575","7e-05","21.71","2692.04","BUY","1","FCNCA",80883,0.0,25.0,-13.16,0.0
"2026-04-30","US04911A2069","04911A206","AUB-A","AUB","ATLANTIC UNION BANKSHARES CORP","Financial Institutions","474238.0","474346.0","108.0","0.08489","0.08449","-0.0004","24.8","2678.4","BUY","1","AUB-PA",6982,0.0,25.0,-0.8,0.0
"2026-04-30","US74460W5114","74460W511","PSA-N","PSA","PUBLIC STORAGE DEP SHS REPSTG   PF","Financial Institutions","776692.0","776868.0","176.0","0.08538","0.08475","-0.00063","15.19","2673.44","BUY","1","PSA-PN",43732,0.0,25.0,-39.24,0.0
"2026-04-30","US74460W5783","74460W578","PSA-K","PSA","PUBLIC STORAGE","Financial Institutions","632283.0","632425.0","142.0","0.0853","0.0848","-0.0005","18.67","2651.14","BUY","1","PSA-PK",17758,0.0,25.0,-25.32,0.0
"2026-04-30","BMG9078F3057","-","TRTGV","TRTN","TRITON INTL CUM RED PERP PREF SER","Industrial","481092.0","481200.0","108.0","0.0849","0.08474","-0.00016","24.52","2648.16","BUY","1","","","",25.0,-1.92,""
"2026-04-30","US20451Q4010","20451Q401","CODI-C","CODI","COMPASS DIVERSIFIED HOLDINGS","Financial Institutions","543424.0","543546.0","122.0","0.08417","0.0844","0.00023","21.62","2637.64","BUY","1","CODI-PC",34377,0.0,25.0,-13.52,0.0
"2026-04-30","MHY8564M2048","-","TGP-B","TGP","TEEKAY LNG PARTNERS LP","Industrial","453371.0","453473.0","102.0","0.08339","0.08318","-0.00021","25.54","2605.08","BUY","1","","","",25.0,2.16,""
"2026-04-30","US55272X4097","55272X409","MFA-B","MFA","MFA FINANCIAL INC","Financial Institutions","549841.0","549965.0","124.0","0.08308","0.08247","-0.00061","20.88","2589.12","BUY","1","MFA-PB",10812,0.0,25.0,-16.48,0.0
"2026-04-30","US10922N8891","10922N889","BHF-D","BHF","BRIGHTHOUSE FINANCIAL INC","Financial Institutions","962224.0","962442.0","218.0","0.08112","0.08156","0.00044","11.8","2572.4","BUY","1","","","",25.0,-52.8,""
"2026-04-30","US0844238883","084423888","WRB","WRB","WR BERKLEY CORPORATION","Financial Institutions","687294.0","687450.0","156.0","0.08197","0.08127","-0.0007","16.46","2567.76","BUY","1","WRB",2370783,0.0,25.0,-34.16,0.0
"2026-04-30","US11276B1098","11276B109","BIP","BIP","BROOKFIELD INFRASTRUCTURE FINANCE","Utility","687294.0","687450.0","156.0","0.08157","0.08117","-0.0004","16.44","2564.64","BUY","1","BIP",944337,0.0,25.0,-34.24,0.0
"2026-04-30","US38741L3050","38741L305","GPMT-A","GPMT","GRANITE POINT MORTGAGE TRUST INC","Financial Institutions","565654.0","565782.0","128.0","0.08204","0.08115","-0.00089","19.97","2556.16","BUY","1","GPMT-PA",8205,0.0,25.0,-20.12,0.0
"2026-04-30","US16934Q8693","16934Q869","CIM","CIM","CHIMERA INVESTMENT CORP","Financial Institutions","341814.0","341914.0","100.0","0.06302","0.06267","-0.00035","25.52","2552.0","BUY","1","CIM",806707,0.0,25.0,2.08,0.0
"2026-04-30","US20451Q3020","20451Q302","CODI-B","CODI","COMPASS DIVERSIFIED HOLDINGS FIXED","Financial Institutions","517073.0","517189.0","116.0","0.08241","0.08146","-0.00095","21.93","2543.88","BUY","1","CODI-PB",19953,0.0,25.0,-12.28,0.0
"2026-04-30","US05614L4077","05614L407","BW-A","BW","BABCOCK & WILCOX ENTERPRISES INC","Industrial","527091.0","527209.0","118.0","0.08164","0.08148","-0.00016","21.52","2539.36","BUY","1","BW-PA",22971,0.0,25.0,-13.92,0.0
"2026-04-30","US04914Y4098","04914Y409","ATLC","ATLC","ATLANTICUS HOLDINGS CORP","Financial Institutions","459560.0","459660.0","100.0","0.08413","0.08352","-0.00061","25.3","2530.0","BUY","1","ATLC",65787,0.0,25.0,1.2,0.0
"2026-04-30","US2538688555","253868855","DLR-J","DLR","DIGITAL REALTY TRUST INC","Financial Institutions","549841.0","549965.0","124.0","0.08035","0.08054","0.00019","20.39","2528.36","BUY","1","DLR-PJ",18355,0.0,25.0,-18.44,0.0
"2026-04-30","US78407R2040","78407R204","SCE-J","EIX","SCE TRUST II CUM TRUST SECS P","Utility","604825.0","604961.0","136.0","0.0805","0.08077","0.00027","18.59","2528.24","BUY","1","","","",25.0,-25.64,""
"2026-04-30","US11259P2083","11259P208","BRBRPH","BEPUCN","BROOKFIELD BRP HOLDINGS (CANADA) I","Utility","714820.0","714982.0","162.0","0.08013","0.07934","-0.00079","15.45","2502.9","BUY","1","","","",25.0,-38.2,""
"2026-04-30","US46131B5066","46131B506","IVR-C","IVR","INVESCO MORTGAGE CAPITAL INC","Financial Institutions","468206.0","468312.0","106.0","0.07968","0.07938","-0.0003","23.6","2501.6","BUY","1","IVR-PC",18653,0.0,25.0,-5.6,0.0
"2026-04-30","BMG162491648","-","BPY-A","BPY","BROOKFIELD PROPERTY PARTNERS LP","Industrial","790357.0","790535.0","178.0","0.07955","0.07943","-0.00012","13.99","2490.22","BUY","1","","","",25.0,-44.04,""
"2026-04-30","US58844R7026","58844R702","MBIN-C","MBIN","MERCHANTS BANCORP","Financial Institutions","539338.0","539460.0","122.0","0.07772","0.07904","0.00132","20.4","2488.8","BUY","1","","","",25.0,-18.4,""
"2026-04-30","US0844237067","084423706","WRB","WRB","WR BERKLEY CORPORATION","Financial Institutions","508606.0","508720.0","114.0","0.07964","0.07961","-3e-05","21.79","2484.06","BUY","1","WRB",2370783,0.0,25.0,-12.84,0.0
"2026-04-30","US0605058157","060505815","BAC-E","BAC","BANK OF AMERICA CORP PREF STOCK","Financial Institutions","564085.0","564213.0","128.0","0.07961","0.07821","-0.0014","19.3","2470.4","BUY","1","BAC-PE",24148,0.0,25.0,-22.8,0.0
"2026-04-30","BMG9078F1648","-","TRTN-D","TRTN","TRITON INTERNATIONAL LTD","Industrial","412475.0","412575.0","100.0","0.07393","0.07319","-0.00074","24.7","2470.0","BUY","1","TRTN-PD",4913,0.0,25.0,-1.2,0.0
"2026-04-30","US1258968379","125896837","CMS-C","CMS","CMS ENERGY CORPORATION","Utility","632283.0","632425.0","142.0","0.0777","0.07871","0.00101","17.33","2460.86","BUY","1","CMS-PC",27880,0.0,25.0,-30.68,0.0
"2026-04-30","US5303075031","530307503","LBRDA","LBRDA","LIBERTY BROADBAND CUM REDEEMABLE P","Industrial","493731.0","493843.0","112.0","0.07848","0.07778","-0.0007","21.93","2456.16","BUY","1","LBRDA",178770,0.0,25.0,-12.28,0.0
"2026-04-30","US9197944047","919794404","VLY-C","VLY","VALLEY NATIONAL BANCORP","Financial Institutions","412383.0","412477.0","94.0","0.078","0.0772","-0.0008","26.06","2449.64","BUY","1","","","",25.0,4.24,""
"2026-04-30","US11276B2088","11276B208","BIP","BIP","BROOKFIELD INFRASTRUCTURE FINANCE","Utility","434348.0","434446.0","98.0","0.07643","0.07738","0.00095","24.8","2430.4","BUY","1","BIP",1021527,0.0,25.0,-0.8,0.0
"2026-04-30","US74460W3960","74460W396","PSA-S","PSA","PUBLIC STORAGE DEPOSITARY SHS EACH","Financial Institutions","687369.0","687519.0","150.0","0.08009","0.07994","-0.00015","16.19","2428.5","BUY","1","PSA-PS",31579,0.0,25.0,-35.24,0.0
"2026-04-30","US2333318267","233331826","DTE-G","DTE","DTE ENERGY COMPANY","Utility","632229.0","632371.0","142.0","0.07776","0.07766","-0.0001","17.1","2428.2","BUY","1","","","",25.0,-31.6,""
"2026-04-30","US4101204067","410120406","HWC","HWC","HANCOCK WHITNEY CORP","Financial Institutions","474237.0","474345.0","108.0","0.07634","0.0759","-0.00044","22.28","2406.24","BUY","1","HWC",892910,0.0,25.0,-10.88,0.0
"2026-04-30","US4461507810","446150781","HBAN-C","HBAN","HUNTINGTON BANCSHARES INC","Financial Institutions","481027.0","481135.0","108.0","0.07698","0.07682","-0.00016","22.23","2400.84","BUY","1","","","",25.0,-11.08,""
"2026-04-30","US38144X6094","38144X609","GS-C","GS","GOLDMAN SACHS GROUP INC","Financial Institutions","549841.0","549965.0","124.0","0.07684","0.07639","-0.00045","19.34","2398.16","BUY","1","GS-PC",28771,0.0,25.0,-22.64,0.0
"2026-04-30","US3793783008","379378300","GNL-A","GNL","GLOBAL NET LEASE PREF SERIES A INC","Financial Institutions","467350.0","467456.0","106.0","0.07669","0.07587","-0.00082","22.6","2395.6","BUY","1","GNL-PA",7345,0.0,25.0,-9.6,0.0
"2026-04-30","BMG162491564","-","BPY-A2","BPY","BROOKFIELD PROPERTY PARTNERS LP","Industrial","687295.0","687451.0","156.0","0.07674","0.07559","-0.00115","15.31","2388.36","BUY","1","","","",25.0,-38.76,""
"2026-04-30","US0605056250","060505625","BAC-02","BAC","BANK OF AMERICA CORP","Financial Institutions","544917.0","545041.0","124.0","0.07556","0.07535","-0.00021","19.25","2387.0","BUY","1","","","",25.0,-23.0,""
"2026-04-30","US8606307069","860630706","SF-B","SF","STIFEL FINANCIAL CORP","Financial Institutions","439891.0","439991.0","100.0","0.07524","0.07473","-0.00051","23.65","2365.0","BUY","1","SF-PB",9700,0.0,25.0,-5.4,0.0
"2026-04-30","US00123Q8565","00123Q856","AGNCL","AGNC","AGNC INVESTMENT CORP","Financial Institutions","412347.0","412441.0","94.0","0.07465","0.07405","-0.0006","25.0","2350.0","BUY","1","AGNCL",20350,0.0,25.0,0.0,0.0
"2026-04-30","US11259P3073","11259P307","BRBRPH","BEPUCN","BROOKFIELD BRP HOLDINGS (CANADA) I","Utility","412383.0","412477.0","94.0","0.07483","0.07373","-0.0011","24.89","2339.66","BUY","1","","","",25.0,-0.44,""
"2026-04-30","US6740013007","674001300","OAK-A","OAK","OAKTREE CAPITAL GROUP LLC","Financial Institutions","494875.0","494987.0","112.0","0.07481","0.07414","-0.00067","20.86","2336.32","BUY","1","OAK-PA",10804,0.0,25.0,-16.56,0.0
"2026-04-30","US0259328807","025932880","AFG","AFG","AMERICAN FINANCIAL GROUP INC","Financial Institutions","549841.0","549965.0","124.0","0.07513","0.07434","-0.00079","18.82","2333.68","BUY","1","AFG",559630,0.0,25.0,-24.72,0.0
"2026-04-30","US3205174028","320517402","FHN-E","FHN","FIRST HORIZON NATIONAL CORP","Financial Institutions","412382.0","412476.0","94.0","0.07454","0.07305","-0.00149","24.66","2318.04","BUY","1","FHN-PE",6285,0.0,25.0,-1.36,0.0
"2026-04-30","US74460W5379","74460W537","PSA-M","PSA","PUBLIC STORAGE","Financial Institutions","632229.0","632371.0","142.0","0.07407","0.07371","-0.00036","16.23","2304.66","BUY","1","PSA-PM",14460,0.0,25.0,-35.08,0.0
"2026-04-30","US04914Y3009","04914Y300","ATLC","ATLC","ATLANTICUS HOLDINGS CORP","Financial Institutions","407428.0","407520.0","92.0","0.07373","0.07314","-0.00059","24.99","2299.08","BUY","1","ATLC",65787,0.0,25.0,-0.04,0.0
"2026-04-30","US04208T2078","04208T207","AHH-A","AHH","ARMADA HOFFLER PROPERTIES INC","Financial Institutions","470377.0","470483.0","106.0","0.07221","0.07302","0.00081","21.61","2290.66","BUY","1","","","",25.0,-13.56,""
"2026-04-30","US87266M2061","87266M206","TRTX-C","TRTX","TPG RE FIN TR PREF SERIES C INC TR","Financial Institutions","553272.0","553396.0","124.0","0.07222","0.07325","0.00103","18.43","2285.32","BUY","1","TRTX-PC",12220,0.0,25.0,-26.28,0.0
"2026-04-30","BMG9078F1317","-","TRTN-B","TRTN","TRITON INTERNATIONAL LTD","Industrial","395243.0","395333.0","90.0","0.07241","0.07195","-0.00046","25.34","2280.6","BUY","1","TRTN-PB",6364,0.0,25.0,1.36,0.0
"2026-04-30","US6496048819","649604881","ADAM-D","ADAM","NEW YORK MORTGAGE TRUST INC","Financial Institutions","422464.0","422560.0","96.0","0.07082","0.07174","0.00092","23.64","2269.44","BUY","1","","","",25.0,-5.44,""
"2026-04-30","BMG9078F2067","-","TRTN","TRTN","TRITON INTERNATIONAL LTD","Industrial","429073.0","429169.0","96.0","0.07277","0.07228","-0.00049","23.45","2251.2","BUY","1","","","",25.0,-6.2,""
"2026-04-30","US4884013081","488401308","KMPR","KMPR","KEMPER CORP","Financial Institutions","412383.0","412477.0","94.0","0.07146","0.07059","-0.00087","23.83","2240.02","BUY","1","KMPR",1056787,0.0,25.0,-4.68,0.0
"2026-04-30","US58844R8842","58844R884","MBIN","MBIN","MERCHANTS BANCORP","Financial Institutions","391732.0","391820.0","88.0","0.07199","0.07128","-0.00071","25.33","2229.04","BUY","1","MBIN",196253,0.0,25.0,1.32,0.0
"2026-04-30","US26884U2087","26884U208","EPR-C","EPR","EPR PROPERTIES 5.75% CUM CONV PREF","Financial Institutions","385493.0","385581.0","88.0","0.07021","0.06898","-0.00123","24.91","2192.08","BUY","1","EPR-PC",4501,0.0,25.0,-0.36,0.0
"2026-04-30","US70509V8862","70509V886","PEB-H","PEB","PEBBLEBROOK HOTEL TRUST","Financial Institutions","537975.0","538097.0","122.0","0.06981","0.06918","-0.00063","17.9","2183.8","BUY","1","PEB-PH",13865,0.0,25.0,-28.4,0.0
"2026-04-30","US6496048652","649604865","ADAM-F","ADAM","NEW YORK MORTGAGE TRUST INC","Financial Institutions","398889.0","398979.0","90.0","0.06932","0.0692","-0.00012","24.15","2173.5","BUY","1","","","",25.0,-3.4,""
"2026-04-30","US11272B1035","11272B103","BNCN","BNCN","BROOKFIELD FINANCE I UK PLC","Financial Institutions","632283.0","632425.0","142.0","0.06822","0.06799","-0.00023","14.97","2125.74","BUY","1","","","",25.0,-40.12,""
"2026-04-30","USG162522670","-","BIP-13","BIP","BROOKFIELD INFRASTRUCTURE   CLASS","Utility","549841.0","549965.0","124.0","0.06769","0.06711","-0.00058","16.99","2106.76","BUY","1","","","",25.0,-32.04,""
"2026-04-30","BMG9078F1564","-","TRTN-E","TRTN","TRITON INTERNATIONAL LTD","Industrial","481061.0","481169.0","108.0","0.06671","0.06687","0.00016","19.35","2089.8","BUY","1","TRTN-PE",7562,0.0,25.0,-22.6,0.0
"2026-04-30","US89832Q8107","89832Q810","TFC-I","TFC","TRUIST FINANCIAL DS REPRESENTING","Financial Institutions","474286.0","474394.0","108.0","0.06594","0.06548","-0.00046","19.22","2075.76","BUY","1","TFC-PI",17855,0.0,25.0,-23.12,0.0
"2026-04-30","US3765468000","376546800","GAIN","GAIN","GLADSTONE INVESTMENT CORP","Financial Institutions","365984.0","366066.0","82.0","0.06623","0.06617","-6e-05","25.17","2063.94","BUY","1","GAIN",368400,0.0,25.0,0.68,0.0
"2026-04-30","US0259328641","025932864","AFG","AFG","AMERICAN FINANCIAL GROUP INC","Financial Institutions","549837.0","549961.0","124.0","0.06605","0.06569","-0.00036","16.63","2062.12","BUY","1","AFG",559630,0.0,25.0,-33.48,0.0
"2026-04-30","US8163005031","816300503","SIGI-B","SIGI","SELECTIVE INS GROUP DS REPSTG   IN","Financial Institutions","549841.0","549965.0","124.0","0.06601","0.06565","-0.00036","16.62","2060.88","BUY","1","","","",25.0,-33.52,""
"2026-04-30","US16934Q3074","16934Q307","CIM-A","CIM","CHIMERA INVESTMENT CORP","Financial Institutions","414691.0","414785.0","94.0","0.06491","0.06435","-0.00056","21.6","2030.4","BUY","1","CIM-PA",9263,0.0,25.0,-13.6,0.0
"2026-04-30","US3765468836","376546883","GAIN","GAIN","GLADSTONE INVESTMENT CORP","Financial Institutions","369901.0","369985.0","84.0","0.06453","0.06407","-0.00046","24.11","2025.24","BUY","1","GAIN",368400,0.0,25.0,-3.56,0.0
"2026-04-30","BMG162522756","-","BIP-14","BIP","BROOKFIELD INFRASTRUCTURE PARTNERS","Utility","549841.0","549965.0","124.0","0.06407","0.06418","0.00011","16.25","2015.0","BUY","1","","","",25.0,-35.0,""
"2026-04-30","US9478907036","947890703","WBS-G","WBS","WEBSTER FINANCIAL CORPORATION","Financial Institutions","371113.0","371197.0","84.0","0.06411","0.06373","-0.00038","23.91","2008.44","BUY","1","WBS-PG",10702,0.0,25.0,-4.36,0.0
"2026-04-30","US9478905055","947890505","WBS-F","WBS","WEBSTER FINANCIAL DRC CORP","Financial Institutions","412383.0","412477.0","94.0","0.06292","0.06268","-0.00024","21.16","1989.04","BUY","1","WBS-PF",12296,0.0,25.0,-15.36,0.0
"2026-04-30","US3765468679","376546867","GAIN","GAIN","GLADSTONE INVESTMENT CORP","Financial Institutions","347757.0","347835.0","78.0","0.06384","0.06353","-0.00031","25.43","1983.54","BUY","1","GAIN",368400,0.0,25.0,1.72,0.0
"2026-04-30","US0082528359","008252835","AMG","AMG","AFFILIATED MANAGERS GROUP INC.","Financial Institutions","571947.0","572077.0","130.0","0.06196","0.06188","-8e-05","15.06","1957.8","BUY","1","AMG",367317,0.0,25.0,-39.76,0.0
"2026-04-30","MHY8564M1131","-","TGP","TGP","TEEKAY LNG PARTNERS LP","Industrial","339003.0","339079.0","76.0","0.06292","0.06249","-0.00043","25.66","1950.16","BUY","1","","","",25.0,2.64,""
"2026-04-30","US90187B2007","90187B200","TWO-A","TWO","TWO HARBORS INVESTMENT CORP","Financial Institutions","347085.0","347163.0","78.0","0.06236","0.06158","-0.00078","24.7","1926.6","BUY","1","TWO-PA",39007,0.0,25.0,-1.2,0.0
"2026-04-30","US0259328724","025932872","AFG","AFG","AMERICAN FINANCIAL GROUP INC","Financial Institutions","412347.0","412441.0","94.0","0.06017","0.0601","-7e-05","20.29","1907.26","BUY","1","AFG",559630,0.0,25.0,-18.84,0.0
"2026-04-30","US26884U5056","26884U505","EPR-G","EPR","EPR PROPERTIES","Financial Institutions","429073.0","429169.0","96.0","0.06062","0.06094","0.00032","19.77","1897.92","BUY","1","EPR-PG",9472,0.0,25.0,-20.92,0.0
"2026-04-30","US68003D3035","68003D303","ONB-C","ONB","OLD NATIONAL BANCORP DEP SHS EACH","Financial Institutions","336766.0","336842.0","76.0","0.06038","0.06041","3e-05","24.97","1897.72","BUY","1","","","",25.0,-0.12,""
"2026-04-30","BMG162491499","-","BPY-A-1","BPY","BROOKFIELD PROPERTY PARTNERS LP","Industrial","526272.0","526390.0","118.0","0.06097","0.06049","-0.00048","16.0","1888.0","BUY","1","","","",25.0,-36.0,""
"2026-04-30","US8964427046","896442704","TRIN","TRIN","TRINITY CAPITAL INC","Financial Institutions","327658.0","327732.0","74.0","0.0601","0.05957","-0.00053","25.31","1872.94","BUY","1","TRIN",1185413,0.0,25.0,1.24,0.0
"2026-04-30","US9197942066","919794206","VLY-A","VLY","VALLEY NATIONAL BANCORP","Financial Institutions","328886.0","328960.0","74.0","0.06023","0.05977","-0.00046","25.3","1872.2","BUY","1","","","",25.0,1.2,""
"2026-04-30","US90187B8871","90187B887","TWO","TWO","TWO HARBORS INVESTMENT CORP","Financial Institutions","316147.0","316219.0","72.0","0.05884","0.05868","-0.00016","25.84","1860.48","BUY","1","TWO",3490967,0.0,25.0,3.36,0.0
"2026-04-30","US0084922097","008492209","ADC-A","ADC","AGREE REALTY CORP","Financial Institutions","481099.0","481207.0","108.0","0.05924","0.05927","3e-05","17.15","1852.2","BUY","1","ADC-PA",18242,0.0,25.0,-31.4,0.0
"2026-04-30","US6475513080","647551308","NMFC","NMFC","NEW MOUNTAIN FINANCE CORP","Financial Institutions","316146.0","316218.0","72.0","0.05874","0.05832","-0.00042","25.68","1848.96","BUY","1","NMFC",898090,0.0,25.0,2.72,0.0
"2026-04-30","BMG162582313","-","BEPUCN","BEPUCN","BROOKFIELD RENEWABLE PARTNERS LP","Utility","549125.0","549225.0","100.0","0.07317","0.0727","-0.00047","18.43","1843.0","BUY","1","","","",25.0,-26.28,""
"2026-04-30","US6496048165","649604816","ADAM","ADAM","NEW YORK MORTGAGE TRUST INC","Financial Institutions","316129.0","316201.0","72.0","0.05842","0.05802","-0.0004","25.55","1839.6","BUY","1","ADAM",877870,0.0,25.0,2.2,0.0
"2026-04-30","US8660826053","866082605","INN-E","INN","SUMMIT HOTEL PROPERTIES INC","Financial Institutions","439891.0","439991.0","100.0","0.05858","0.05811","-0.00047","18.39","1839.0","BUY","1","INN-PE",7448,0.0,25.0,-26.44,0.0
"2026-04-30","US3137452005","313745200","FRT-C","FRT","FEDERAL REALTY INVESTMENT DEPOSITA","Financial Institutions","412383.0","412477.0","94.0","0.05763","0.05791","0.00028","19.55","1837.7","BUY","1","FRT-PC",12348,0.0,25.0,-21.8,0.0
"2026-04-30","US70509V7047","70509V704","PEB-F","PEB","PEBBLEBROOK HOTEL TRUST","Financial Institutions","404872.0","404964.0","92.0","0.05867","0.05782","-0.00085","19.88","1828.96","BUY","1","PEB-PF",9035,0.0,25.0,-20.48,0.0
"2026-04-30","US8964426055","896442605","TRIN","TRIN","TRINITY CAPITAL INC","Financial Institutions","320635.0","320707.0","72.0","0.0589","0.05848","-0.00042","25.39","1828.08","BUY","1","TRIN",1185413,0.0,25.0,1.56,0.0
"2026-04-30","US5977423038","597742303","MSBI","MSBI","MIDLAND STATES BANCORP INC","Financial Institutions","316165.0","316237.0","72.0","0.0579","0.05767","-0.00023","25.39","1828.08","BUY","1","MSBI",160287,0.0,25.0,1.56,0.0
"2026-04-30","MHY271831213","-","GSL","GSL","GLOBAL SHIP LEASE INC","Industrial","299626.0","299694.0","68.0","0.05808","0.05758","-0.0005","26.75","1819.0","BUY","1","GSL",295750,0.0,25.0,7.0,0.0
"2026-04-30","US28852N3070","28852N307","EFC-B","EFC","ELLINGTON FINANCIAL INC","Financial Institutions","331291.0","331365.0","74.0","0.05837","0.05824","-0.00013","24.47","1810.78","BUY","1","EFC-PB",7787,0.0,25.0,-2.12,0.0
"2026-04-30","US26817Q8785","26817Q878","DX-C","DX","DYNEX CAPITAL INC","Financial Institutions","306568.0","306638.0","70.0","0.05709","0.05691","-0.00018","25.84","1808.8","BUY","1","DX-PC",11975,0.0,25.0,3.36,0.0
"2026-04-30","US26884U3077","26884U307","EPR-E","EPR","EPR PROPERTIES","Financial Institutions","246379.0","246435.0","56.0","0.05759","0.05692","-0.00067","32.16","1800.96","BUY","1","EPR-PE",2093,0.0,25.0,28.64,0.0
"2026-04-30","US2635343070","263534307","CTVA","CTVA","E I DU PONT DE NEMOURS AND CO","Industrial","114972.0","114998.0","26.0","0.05699","0.05695","-4e-05","68.96","1792.96","BUY","1","CTVA",3800497,0.0,25.0,175.84,0.0
"2026-04-30","US20786W5031","20786W503","CNOB-A","CNOB","CONNECTONE BANCORP INC","Financial Institutions","316164.0","316236.0","72.0","0.05666","0.05633","-0.00033","24.8","1785.6","BUY","1","","","",25.0,-0.8,""
"2026-04-30","US64944P3073","64944P307","FLG","NYCB","NEW YORK COMMUNITY CAPITAL TRUST V","Financial Institutions","199281.0","199325.0","44.0","0.05872","0.05799","-0.00073","40.51","1782.44","BUY","1","FLG",5255807,0.0,25.0,62.04,0.0
"2026-04-30","US70931T3014","70931T301","PMT-A","PMT","PENNYMAC MORTGAGE INVESTMENT TRUST","Financial Institutions","328895.0","328969.0","74.0","0.05647","0.0563","-0.00017","23.83","1763.42","BUY","1","PMT-PA",5607,0.0,25.0,-4.68,0.0
"2026-04-30","US75574U8383","75574U838","RC","RC","READY CAPITAL CORP","Financial Institutions","357354.0","357434.0","80.0","0.05667","0.0565","-0.00017","22.01","1760.8","BUY","1","RC",1612657,0.0,25.0,-11.96,0.0
"2026-04-30","US2256552082","225655208","CCABDC","FCRX","CRESCENT CAPITAL BDC   NOTES DUE I","Financial Institutions","306854.0","306924.0","70.0","0.05573","0.05526","-0.00047","25.07","1754.9","BUY","1","","","",25.0,0.28,""
"2026-04-30","US64828T3005","64828T300","RITM-A","RITM","NEW RESIDENTIAL INVESTMENT CORP","Financial Institutions","301033.0","301101.0","68.0","0.05604","0.05573","-0.00031","25.77","1752.36","BUY","1","RITM-PA",19009,0.0,25.0,3.08,0.0
"2026-04-30","US02665T8687","02665T868","AMH-H","AMH","AMERICAN HOMES 4 RENT","Financial Institutions","316167.0","316239.0","72.0","0.05421","0.05387","-0.00034","23.72","1707.84","BUY","1","AMH-PH",7551,0.0,25.0,-5.12,0.0
"2026-04-30","US68003D2045","68003D204","ONB-A","ONB","OLD NATIONAL BANCORP","Financial Institutions","296922.0","296990.0","68.0","0.05322","0.05326","4e-05","24.97","1697.96","BUY","1","","","",25.0,-0.12,""
"2026-04-30","US70931T8062","70931T806","PMT","PMT","PENNYMAC MORTGAGE INVESTMENT TRUST","Financial Institutions","288670.0","288736.0","66.0","0.0532","0.05298","-0.00022","25.55","1686.3","BUY","1","PMT",1148207,0.0,25.0,2.2,0.0
"2026-04-30","US74460W4877","74460W487","PSA-O","PSA","PUBLIC STORAGE","Financial Institutions","486150.0","486260.0","110.0","0.0536","0.05354","-6e-05","15.33","1686.3","BUY","1","PSA-PO",17356,0.0,25.0,-38.68,0.0
"2026-04-30","US0605055914","060505591","BAC","BAC","BANK OF AMERICA DEPOSITORY SHARES","Financial Institutions","372269.0","372353.0","84.0","0.05359","0.05359","0.0","20.04","1683.36","BUY","1","BAC",35519640,0.0,25.0,-19.84,0.0
"2026-04-30","US25432X2018","25432X201","DCOM","DCOM","DIME COMMUNITY BANCSHARES CUMULATI","Financial Institutions","378886.0","378972.0","86.0","0.05298","0.05318","0.0002","19.54","1680.44","BUY","1","DCOM",302640,0.0,25.0,-21.84,0.0
"2026-04-30","US12621E3018","12621E301","CNO","CNO","CNO FINANCIAL GROUP INC","Financial Institutions","412347.0","412441.0","94.0","0.0533","0.05287","-0.00043","17.85","1677.9","BUY","1","CNO",670407,0.0,25.0,-28.6,0.0
"2026-04-30","KYG3730V1398","-","FTAI-C","FTAI","FTAI AVIATION   FIXED RATE RESET C","Industrial","288706.0","288772.0","66.0","0.05298","0.05253","-0.00045","25.33","1671.78","BUY","1","","","",25.0,1.32,""
"2026-04-30","US3205178656","320517865","FHN-F","FHN","FIRST HORIZON CORP (TENNESSEE)","Financial Institutions","412347.0","412441.0","94.0","0.05255","0.05267","0.00012","17.78","1671.32","BUY","1","FHN-PF",9266,0.0,25.0,-28.88,0.0
"2026-04-30","US7588498714","758849871","REG-B","REG","REGENCY CENTERS   SERIES B CUMULAT","Financial Institutions","328895.0","328969.0","74.0","0.05271","0.05302","0.00031","22.44","1660.56","BUY","1","","","",25.0,-10.24,""
"2026-04-30","US7588498896","758849889","REG-A","REG","REGENCY CENTERS   SERIES A CUMULAT","Financial Institutions","316165.0","316237.0","72.0","0.05268","0.05237","-0.00031","23.06","1660.32","BUY","1","","","",25.0,-7.76,""
"2026-04-30","US0259328070","025932807","AFG","AFG","AMERICAN FINANCIAL GROUP INC","Financial Institutions","343654.0","343732.0","78.0","0.05277","0.05236","-0.00041","21.21","1654.38","BUY","1","AFG",559630,0.0,25.0,-15.16,0.0
"2026-04-30","US80349A8027","80349A802","SAR","SAR","SARATOGA INVESTMENT CORP","Financial Institutions","290033.0","290099.0","66.0","0.05249","0.05209","-0.0004","25.0","1650.0","BUY","1","SAR",108740,0.0,25.0,0.0,0.0
"2026-04-30","US3793784097","379378409","GNL-B","GNL","GLOBAL NET LEASE INC","Financial Institutions","335705.0","335781.0","76.0","0.0523","0.05233","3e-05","21.7","1649.2","BUY","1","GNL-PB",7732,0.0,25.0,-13.2,0.0
"2026-04-30","US02665T8760","02665T876","AMH-G","AMH","AMERICAN HOMES 4 RENT","Financial Institutions","316165.0","316237.0","72.0","0.0517","0.05162","-8e-05","22.73","1636.56","BUY","1","AMH-PG",3955,0.0,25.0,-9.08,0.0
"2026-04-30","US53803X4025","53803X402","LOB-A","LOB","LIVE OAK BANCSHARES INC","Financial Institutions","285996.0","286060.0","64.0","0.05251","0.05202","-0.00049","25.32","1620.48","BUY","1","LOB-PA",12093,0.0,25.0,1.28,0.0
"2026-04-30","US2298993070","229899307","CFR-B","CFR","CULLEN FROST BANKERS DRC INC","Financial Institutions","412347.0","412441.0","94.0","0.05082","0.05068","-0.00014","17.11","1608.34","BUY","1","CFR-PB",11718,0.0,25.0,-31.56,0.0
"2026-04-30","US9197943056","919794305","VLY-B","VLY","VALLEY NATL NON CUM PERP PREF SERI","Financial Institutions","285996.0","286060.0","64.0","0.05179","0.05136","-0.00043","25.0","1600.0","BUY","1","","","",25.0,0.0,""
"2026-04-30","US22948Q2003","22948Q200","CTO-A","CTO","CTO REALTY GROWTH INC","Financial Institutions","336979.0","337055.0","76.0","0.0508","0.05064","-0.00016","20.92","1589.92","BUY","1","CTO-PA",2243,0.0,25.0,-16.32,0.0
"2026-04-30","US16208T2015","16208T201","CLDT-A","CLDT","CHATHAM LODGING TRUST","Financial Institutions","343161.0","343239.0","78.0","0.05032","0.05017","-0.00015","20.35","1587.3","BUY","1","CLDT-PA",9524,0.0,25.0,-18.6,0.0
"2026-04-30","US73317H2067","73317H206","BPOP","BPOP","POPULAR CAPITAL TRUST II","Financial Institutions","277719.0","277781.0","62.0","0.05092","0.05059","-0.00033","25.36","1572.32","BUY","1","BPOP",524953,0.0,25.0,1.44,0.0
"2026-04-30","US28852N4060","28852N406","EFC-C","EFC","ELLINGTON FINANCIAL INC","Financial Institutions","274912.0","274974.0","62.0","0.05066","0.04996","-0.0007","25.3","1568.6","BUY","1","EFC-PC",4219,0.0,25.0,1.2,0.0
"2026-04-30","US8043958797","804395879","BFS-E","BFS","SAUL CENTERS INC","Financial Institutions","314504.0","314574.0","70.0","0.04919","0.05025","0.00106","22.24","1556.8","BUY","1","BFS-PE",4733,0.0,25.0,-11.04,0.0
"2026-04-30","US7580758578","758075857","RWT","RWT","REDWOOD TRUST INC","Financial Institutions","274894.0","274956.0","62.0","0.04963","0.04957","-6e-05","25.1","1556.2","BUY","1","RWT",1552307,0.0,25.0,0.4,0.0
"2026-04-30","US29364P1030","29364P103","ETR","ETR","ENTERGY NEW ORLEANS INC","Utility","314503.0","314573.0","70.0","0.05031","0.05011","-0.0002","22.18","1552.6","BUY","1","ETR",3129613,0.0,25.0,-11.28,0.0
"2026-04-30","US6943082064","694308206","PCG-A","PCG","PACIFIC GAS & ELEC CO","Utility","301111.0","301179.0","68.0","0.04993","0.0492","-0.00073","22.75","1547.0","BUY","1","PCG-PA",6282,0.0,25.0,-9.0,0.0
"2026-04-30","US3131488278","313148827","AGMPP","FAMCA","FEDERAL AGRIC MTG NON CUMULATIVE P","Agency","285996.0","286060.0","64.0","0.04991","0.04955","-0.00036","24.12","1543.68","BUY","1","","","",25.0,-3.52,""
"2026-04-30","US00489Q3002","00489Q300","ACR-D","ACR","ACRES COMMERCIAL REALTY CORP","Financial Institutions","309779.0","309849.0","70.0","0.04836","0.04865","0.00029","21.86","1530.2","BUY","1","ACR-PD",5204,0.0,25.0,-12.56,0.0
"2026-04-30","US20451Q2030","20451Q203","CODI-A","CODI","COMPASS DIVERSIFIED HOLDINGS","Financial Institutions","321424.0","321496.0","72.0","0.04748","0.0471","-0.00038","20.4","1468.8","BUY","1","CODI-PA",8344,0.0,25.0,-18.4,0.0
"2026-04-30","US5290433094","529043309","LXP-C","LXP","LXP INDUSTRIAL TRUST","Financial Institutions","138336.0","138368.0","32.0","0.04669","0.04528","-0.00141","45.56","1457.92","BUY","1","LXP-PC",1887,0.0,25.0,82.24,0.0
"2026-04-30","US74348T5653","74348T565","PSEC-A","PSEC","PROSPECT CAPITAL CORP","Financial Institutions","360861.0","360943.0","82.0","0.04569","0.04597","0.00028","17.73","1453.86","BUY","1","PSEC-PA",7780,0.0,25.0,-29.08,0.0
"2026-04-30","US3131488435","313148843","FAMCA","FAMCA","FEDERAL AGRICULTURAL MORTGAGE CORP","Agency","329853.0","329927.0","74.0","0.04579","0.04547","-0.00032","19.19","1420.06","BUY","1","","","",25.0,-23.24,""
"2026-04-30","US74460W4463","74460W446","PSA-Q","PSA","PUBLIC STORAGE","Financial Institutions","395189.0","395279.0","90.0","0.04421","0.04392","-0.00029","15.47","1392.3","BUY","1","PSA-PQ",14970,0.0,25.0,-38.12,0.0
"2026-04-30","US14040H7742","14040H774","COF-K","COF","CAPITAL ONE FINANCIAL CORPORATION","Financial Institutions","343654.0","343732.0","78.0","0.04362","0.04355","-7e-05","17.64","1375.92","BUY","1","COF-PK",9812,0.0,25.0,-29.44,0.0
"2026-04-30","US3131488351","313148835","FAMCA","FAMCA","FEDERAL AGRICULTURAL MORTGAGE   NO","Agency","343654.0","343732.0","78.0","0.0438","0.0435","-0.0003","17.62","1374.36","BUY","1","","","",25.0,-29.52,""
"2026-04-30","US9116847024","911684702","UZA","AD","UNITED STATES CELLULAR CORPORATION","Industrial","302668.0","302736.0","68.0","0.04355","0.04362","7e-05","20.06","1364.08","BUY","1","","","",25.0,-19.76,""
"2026-04-30","US0454872047","045487204","ASB-E","ASB","ASSOCIATED BANC DEPOSITARY SHARES","Financial Institutions","285988.0","286052.0","64.0","0.0433","0.04314","-0.00016","21.0","1344.0","BUY","1","ASB-PE",3193,0.0,25.0,-16.0,0.0
"2026-04-30","US70509V6056","70509V605","PEB-E","PEB","PEBBLEBROOK HOTEL TRUST","Financial Institutions","293092.0","293158.0","66.0","0.04219","0.04187","-0.00032","19.89","1312.74","BUY","1","PEB-PE",15100,0.0,25.0,-20.44,0.0
"2026-04-30","US55272X7066","55272X706","MFA","MFA","MFA FINANCIAL INC","Financial Institutions","330200.0","330250.0","50.0","0.06083","0.06065","-0.00018","25.57","1278.5","BUY","1","MFA",1400333,0.0,25.0,2.28,0.0
"2026-04-30","US3131488682","313148868","FAMCA","FAMCA","FEDERAL AGRICULTURAL MORTGAGE CORP","Agency","274893.0","274955.0","62.0","0.04101","0.04072","-0.00029","20.62","1278.44","BUY","1","","","",25.0,-17.52,""
"2026-04-30","US56029Q4082","56029Q408","MHLD","MHLD","MAIDEN HOLDINGS NORTH AMERICA LTD","Financial Institutions","419190.0","419284.0","94.0","0.04005","0.04089","0.00084","13.58","1276.52","BUY","1","","","",25.0,-45.68,""
"2026-04-30","US3765468596","376546859","GAIN","GAIN","GLADSTONE INVESTMENT CORP","Financial Institutions","286500.0","286550.0","50.0","0.05245","0.05238","-7e-05","25.45","1272.5","BUY","1","GAIN",368400,0.0,25.0,1.8,0.0
"2026-04-30","US80349A8514","80349A851","SAR","SAR","SARATOGA INVESTMENT CORP","Financial Institutions","274775.0","274825.0","50.0","0.05027","0.05006","-0.00021","25.36","1268.0","BUY","1","SAR",108740,0.0,25.0,1.44,0.0
"2026-04-30","US78163D4079","78163D407","RWAY","RWAY","RUNWAY GROWTH FINANCE","Financial Institutions","274775.0","274825.0","50.0","0.05022","0.05","-0.00022","25.33","1266.5","BUY","1","RWAY",681813,0.0,25.0,1.32,0.0
"2026-04-30","US0454874027","045487402","ASB-F","ASB","ASSOCIATED BANC-CORP","Financial Institutions","274894.0","274956.0","62.0","0.04053","0.04032","-0.00021","20.42","1266.04","BUY","1","ASB-PF",6753,0.0,25.0,-18.32,0.0
"2026-04-30","US00489Q2012","00489Q201","ACR-C","ACR","ACRES COMMERCIAL REALTY .625 FIXED","Financial Institutions","329175.0","329225.0","50.0","0.05962","0.0594","-0.00022","25.12","1256.0","BUY","1","ACR-PC",8276,0.0,25.0,0.48,0.0
"2026-04-30","US9116848840","911684884","UZC","AD","UNITED STATES CELLULAR CORPORATION","Industrial","298988.0","299056.0","68.0","0.03886","0.039","0.00014","18.16","1234.88","BUY","1","","","",25.0,-27.36,""
"2026-04-30","US8660827044","866082704","INN-F","INN","SUMMIT HOTEL PROPERTIES INC","Financial Institutions","286004.0","286068.0","64.0","0.03604","0.03651","0.00047","17.77","1137.28","BUY","1","INN-PF",3463,0.0,25.0,-28.92,0.0
"2026-04-30","US8678928040","867892804","SHO-H","SHO","SUNSTONE HOTEL INVESTORS INC","Financial Institutions","312186.0","312236.0","50.0","0.04713","0.04655","-0.00058","20.76","1038.0","BUY","1","SHO-PH",9868,0.0,25.0,-16.96,0.0
"2026-04-30","US5602923022","560292302","MHLD","MHLD","MAIDEN HOLDINGS LTD","Financial Institutions","324603.0","324677.0","74.0","0.02821","0.0288","0.00059","12.35","913.9","BUY","1","","","",25.0,-50.6,""
"2026-04-30","US75574U8870","75574U887","RC-E","RC","READY CAPITAL CORP","Financial Institutions","316129.0","316201.0","72.0","0.02858","0.0285","-8e-05","12.55","903.6","BUY","1","RC-PE",10190,0.0,25.0,-49.8,0.0
"2026-04-30","US5835432023","583543202","SLNH-A","SLNH","SOLUNA HOLDINGS INC","Industrial","375238.0","375338.0","100.0","0.02005","0.02224","0.00219","8.25","825.0","BUY","1","","","",25.0,-67.0,""
"2026-04-30","US10482B2007","10482B200","BHR-B","BHR","BRAEMAR HOTEL & RESORTS INC","Financial Institutions","225657.0","225707.0","50.0","0.02448","0.02448","0.0","15.1","755.0","BUY","1","BHR-PB",10321,0.0,25.0,-39.6,0.0
"2026-04-30","US17259U4022","17259U402","CION","CICC","CION INVESTMENT   NOTES DUE CORP","Financial Institutions","342655.0","342655.0","0.0","0.06248","0.06197","-0.00051","25.18","0.0","UNCHANGED","1","","","","","",""
"2026-04-30","US29452E2000","29452E200","EQH-A","EQH","EQUITABLE HLDNGS  DRC REPRESENTING","Financial Institutions","2192816.0","2192816.0","0.0","0.31313","0.31135","-0.00178","19.77","0.0","UNCHANGED","1","","","","","",""
"2026-04-30","US3602713089","360271308","FULT-A","FULT","FULTON FINANCIAL CORPORATION","Financial Institutions","548221.0","548221.0","0.0","0.0738","0.07284","-0.00096","18.5","0.0","UNCHANGED","1","","","","","",""
"2026-04-30","US46817M2061","46817M206","JXN","JXN","JACKSON FINANCIAL INC","Financial Institutions","1507574.0","1507574.0","0.0","0.28537","0.28227","-0.0031","26.07","0.0","UNCHANGED","1","","","","","",""
"2026-04-30","US0389238504","038923850","ABR-F","ABR","ARBOR REALTY TRUST INC","Financial Institutions","777196.0","777196.0","0.0","0.12995","0.12978","-0.00017","23.25","0.0","UNCHANGED","1","","","","","",""
"2026-04-30","US0389238769","038923876","ABR-D","ABR","ARBOR REALTY TRUST INC","Financial Institutions","630421.0","630421.0","0.0","0.07692","0.07652","-0.0004","16.9","0.0","UNCHANGED","1","","","","","",""
"2026-04-30","US0389238686","038923868","ABR-E","ABR","ARBOR REALTY TRUST INC","Financial Institutions","394047.0","394047.0","0.0","0.0478","0.04786","6e-05","16.91","0.0","UNCHANGED","1","","","","","",""
"2026-04-30","US9388243076","938824307","WAFD-A","WAFD","WASHINGTON FEDERAL INC","Financial Institutions","822331.0","822331.0","0.0","0.09772","0.09715","-0.00057","16.45","0.0","UNCHANGED","1","","","","","",""
"2026-04-30","US0625452075","062545207","BOH-A","BOH","BANK OF HAWAII CORP","Financial Institutions","493399.0","493399.0","0.0","0.05745","0.05709","-0.00036","16.11","0.0","UNCHANGED","1","","","","","",""
"2026-04-30","US05461T3059","05461T305","AXS-E","AXS","AXIS CAPITAL HOLDINGS LTD","Financial Institutions","1507574.0","1507574.0","0.0","0.21419","0.21254","-0.00165","19.63","0.0","UNCHANGED","1","","","","","",""
"2026-04-30","US5341878859","534187885","LNC-D","LNC","LINCOLN NATIONAL CORPORATION","Financial Institutions","1370485.0","1370485.0","0.0","0.2618","0.26054","-0.00126","26.47","0.0","UNCHANGED","1","","","","","",""
"2026-04-30","US06417N2027","06417N202","OZK-A","OZK","BANK OZK","Financial Institutions","959353.0","959353.0","0.0","0.11629","0.11575","-0.00054","16.8","0.0","UNCHANGED","1","","","","","",""
"2026-04-30","US29452E4089","29452E408","EQH-C","EQH","EQUITABLE HOLDINGS INC","Financial Institutions","822331.0","822331.0","0.0","0.09724","0.09639","-0.00085","16.32","0.0","UNCHANGED","1","","","","","",""
"2026-04-30","US34988VAF31","34988VAF3","FOSL","FOSL","FOSSIL GROUP INC","Industrial","1174925.0","1174925.0","0.0","0.00809","0.00802","-7e-05","94.15","0.0","UNCHANGED","1","","","","","",""
"2026-04-30","US0625403078","062540307","BOH","BOH","BANK OF HAWAII CORP","Financial Institutions","452299.0","452299.0","0.0","0.08604","0.08592","-0.00012","26.45","0.0","UNCHANGED","1","","","","","",""
"2026-04-30","US7244795065","724479506","PBI","PBI","PITNEY BOWES INC","Industrial","957402.0","957402.0","0.0","0.14559","0.14447","-0.00112","21.01","0.0","UNCHANGED","1","","","","","",""
"2026-04-30","US78442P5026","78442P502","SLM-B","SLM","SLM CORP","Financial Institutions","172068.0","172068.0","0.0","0.09283","0.09256","-0.00027","74.9","0.0","UNCHANGED","1","","","","","",""
"2026-04-30","US3765493099","376549309","LAND-B","LAND","GLADSTONE LAND CORP","Financial Institutions","400235.0","400235.0","0.0","0.0615","0.0608","-0.0007","21.15","0.0","UNCHANGED","1","","","","","",""
