"date","isin","cusip","ticker","ticker_raw","name","sector","prior_shares","today_shares","shares_delta","prior_weight","today_weight","weight_delta","price","dollar_flow","flow_type","gap_days","yahoo_ticker","adv_30d","overhang_days","par_value","price_vs_par_pct","signal_score"
"2026-06-11","-","-","USD","USD","USD CASH","Cash and/or Derivatives","-9356743.0","-10308764.0","-952021.0","-0.0007","-0.0008","-0.0001","100.0","-95202100.0","UNCHANGED","1","","","","","",""
"2026-06-11","US0970232049","097023204","BA","BA","BOEING CO","Industrial","7751063.0","7740359.0","-10704.0","0.0383","0.0398","0.0015","68.92","-737719.68","SELL","1","BA",6804188,0.0,25.0,175.68,0.0
"2026-06-11","US5949728530","594972853","STRC","MSTR","STRATEGY INC","Industrial","4603054.0","4596694.0","-6360.0","0.0331","0.0331","0.0","96.49","-613676.4","SELL","1","STRC",3604221,0.0,25.0,285.96,0.0
"2026-06-11","US68389X2045","68389X204","ORCL-D","ORCL","ORACLE CORPORATION","Industrial","6740650.0","6731050.0","-9600.0","0.0297","0.0275","-0.0022","54.86","-526656.0","SELL","1","ORCL-PD",1157204,0.0,25.0,119.44,0.0
"2026-06-11","US9497468044","949746804","WFC-L","WFC","WELLS FARGO & COMPANY SERIES L","Financial Institutions","267525.0","267153.0","-372.0","0.0233","0.0231","-0.0002","1157.0","-430404.0","SELL","1","WFC-PL",5438,0.1,1000.0,15.7,0.0
"2026-06-11","US42824C2089","42824C208","HPE-A","HPE","HEWLETT PACKARD ENTERPRISE CONV PR","Industrial","2022817.0","2020021.0","-2796.0","0.0177","0.0181","0.0004","120.32","-336414.72","SELL","1","","","",1000.0,-87.97,""
"2026-06-11","US0126532003","012653200","ALB","ALB","ALBEMARLE CORP","Industrial","3101657.0","3097373.0","-4284.0","0.0139","0.0148","0.0009","63.86","-273576.24","SELL","1","ALB",2109976,0.0,25.0,155.44,0.0
"2026-06-11","US0605056821","060505682","BAC-L","BAC","BANK OF AMERICA CORP","Financial Institutions","152938.0","152722.0","-216.0","0.014","0.014","0.0","1233.0","-266328.0","SELL","1","BAC-PL",8165,0.0,1000.0,23.3,0.0
"2026-06-11","US1730802014","173080201","C","C","CITIGROUP CAPITAL XIII","Financial Institutions","6057703.0","6049339.0","-8364.0","0.013","0.013","0.0","28.8","-240883.2","SELL","1","C",10577477,0.0,25.0,15.2,0.0
"2026-06-11","US5950173022","595017302","MCHP","MCHP","MICROCHIP TECHNOLOGY INCORPORATED","Industrial","2000946.0","1998186.0","-2760.0","0.0111","0.0117","0.0006","78.31","-216135.6","SELL","1","MCHP",11623451,0.0,25.0,213.24,0.0
"2026-06-11","US65339F6557","65339F655","NEE-V","NEE","NEXTERA ENERGY INC","Utility","3101657.0","3097373.0","-4284.0","0.0109","0.0108","-0.0001","46.83","-200619.72","SELL","1","NEE-PV",508296,0.0,25.0,87.32,0.0
"2026-06-11","US48251W5004","48251W500","KKR-D","KKR","KKR & CO INC","Financial Institutions","3486062.0","3481250.0","-4812.0","0.0107","0.0106","-0.0001","40.72","-195944.64","SELL","1","KKR-PD",170803,0.0,25.0,62.88,0.0
"2026-06-11","US65339F6631","65339F663","NEE-S","NEECU","NEXTERA ENERGY UNITS INC","Utility","2697102.0","2693382.0","-3720.0","0.0106","0.0105","-0.0001","52.21","-194221.2","SELL","1","NEE-PS",326596,0.0,25.0,108.84,0.0
"2026-06-11","US8425878423","842587842","SO-A","SO","SOUTHERN COMPANY (THE)","Utility","2694404.0","2690684.0","-3720.0","0.0103","0.0102","-0.0001","50.61","-188269.2","SELL","1","SOPA",2859096,0.0,25.0,102.44,0.0
"2026-06-11","US03769M3043","03769M304","APO","APO","APOLLO GLOBAL MANAGEMENT INC","Financial Institutions","1936464.0","1933788.0","-2676.0","0.0098","0.0099","0.0001","68.73","-183921.48","SELL","1","APO",3372152,0.0,25.0,174.92,0.0
"2026-06-11","US48128B6487","48128B648","JPM-EE","JPM","JPMORGAN CHASE & CO","Financial Institutions","4989630.0","4982742.0","-6888.0","0.0094","0.0094","0.0","25.25","-173922.0","SELL","1","","","",25.0,1.0,""
"2026-06-11","US10950A2050","10950A205","BTSG","BTSG","BRIGHTSPRING HEALTH SERVICES UNITS","Industrial","538735.0","537991.0","-744.0","0.0081","0.0084","0.0003","209.11","-155577.84","SELL","1","BTSG",3295903,0.0,1000.0,-79.09,0.0
"2026-06-11","US48128B6552","48128B655","JPM-DD","JPM","JPMORGAN CHASE & CO","Financial Institutions","4574968.0","4568656.0","-6312.0","0.0082","0.0082","0.0","24.02","-151614.24","SELL","1","","","",25.0,-3.92,""
"2026-06-11","US94988U1512","94988U151","WFC-Z","WFC","WELLS FARGO & COMPANY","Financial Institutions","5380895.0","5373467.0","-7428.0","0.0074","0.0074","0.0","18.54","-137715.12","SELL","1","WFC-PZ",181022,0.0,25.0,-25.84,0.0
"2026-06-11","US65339F1194","65339F119","NEE-T","NEECV","NEXTERA ENERGY UNITS INC","Utility","2020158.0","2017374.0","-2784.0","0.0075","0.0074","-0.0001","49.08","-136638.72","SELL","1","NEE-PT",114195,0.0,25.0,96.32,0.0
"2026-06-11","US48128B5497","48128B549","JPM-LL","JPM","JPMORGAN CHASE NON-CUMULATIVE PREF","Financial Institutions","4970357.0","4963493.0","-6864.0","0.0069","0.0069","0.0","18.63","-127876.32","SELL","1","","","",25.0,-25.48,""
"2026-06-11","US48128B5232","48128B523","JPM-MM","JPM","JPMORGAN CHASE AND CO DS REPSTG T","Financial Institutions","5373400.0","5365984.0","-7416.0","0.0068","0.0069","0.0001","17.22","-127703.52","SELL","1","","","",25.0,-31.12,""
"2026-06-11","US69331C3060","69331C306","PCG-A","PCG","PG&E CORPORATION","Utility","2167865.0","2164877.0","-2988.0","0.0067","0.0067","0.0","41.47","-123912.36","SELL","1","PCG-PA",5479,0.5,25.0,65.88,0.0
"2026-06-11","US03990B3096","03990B309","ARES-B","ARES","ARES MANAGEMENT CORP","Financial Institutions","2019609.0","2016825.0","-2784.0","0.0064","0.0065","0.0001","43.07","-119906.88","SELL","1","ARES-PB",123582,0.0,25.0,72.28,0.0
"2026-06-11","US00206R7061","00206R706","T-C","T","AT&T INC","Industrial","4712621.0","4706117.0","-6504.0","0.0063","0.0063","0.0","17.83","-115966.32","SELL","1","T-PC",134832,0.0,25.0,-28.68,0.0
"2026-06-11","US5949728795","594972879","STRF","MSTR","STRATEGY INC","Industrial","678955.0","677755.0","-1200.0","0.0048","0.0048","0.0","94.73","-113676.0","SELL","1","STRF",106903,0.0,25.0,278.92,0.0
"2026-06-11","US1167942077","116794207","BRKR","BRKR","BRUKER CORPORATION","Industrial","186111.0","185859.0","-252.0","0.0057","0.0057","0.0","411.5","-103698.0","SELL","1","BRKR",2783914,0.0,1000.0,-58.85,0.0
"2026-06-11","US69351T8669","69351T866","PPL","PPL","PPL CORPORATION","Utility","1548051.0","1545915.0","-2136.0","0.0056","0.0056","0.0","48.33","-103232.88","SELL","1","PPL",8719634,0.0,25.0,93.32,0.0
"2026-06-11","US48128B5802","48128B580","JPM-JJ","JPM","JPMORGAN CHASE DRC","Financial Institutions","4023599.0","4018043.0","-5556.0","0.0055","0.0055","0.0","18.33","-101841.48","SELL","1","","","",25.0,-26.68,""
"2026-06-11","US00206R3003","00206R300","T","T","AT&T INC","Industrial","3560414.0","3555494.0","-4920.0","0.0054","0.0055","0.0001","20.62","-101450.4","SELL","1","T",39727953,0.0,25.0,-17.52,0.0
"2026-06-11","US14040H8245","14040H824","COF-I","COF","CAPITAL ONE FINANCIAL CORPORATION","Financial Institutions","4030881.0","4025313.0","-5568.0","0.0054","0.0054","0.0","18.02","-100335.36","SELL","1","COF-PI",107030,0.1,25.0,-27.92,2.79
"2026-06-11","US38144G8042","38144G804","GS-D","GS","GOLDMAN SACHS GROUP INC","Financial Institutions","3641011.0","3635983.0","-5028.0","0.0052","0.0052","0.0","19.1","-96034.8","SELL","1","GS-PD",105318,0.0,25.0,-23.6,0.0
"2026-06-11","US61762V8384","61762V838","MS-Q","MS","MORGAN STANLEY","Financial Institutions","2681234.0","2677538.0","-3696.0","0.0051","0.0051","0.0","25.43","-93989.28","SELL","1","MS-PQ",56020,0.1,25.0,1.72,0.0
"2026-06-11","US61761J4067","61761J406","MS-I","MS","MORGAN STANLEY","Financial Institutions","2680994.0","2677298.0","-3696.0","0.0051","0.0051","0.0","25.32","-93582.72","SELL","1","MS-PI",50583,0.1,25.0,1.28,0.0
"2026-06-11","US61762V8533","61762V853","MS-P","MS","MORGAN STANLEY DS REPRESENTING F","Financial Institutions","2697103.0","2693383.0","-3720.0","0.0051","0.005","-0.0001","25.02","-93074.4","SELL","1","MS-PP",58304,0.1,25.0,0.08,0.0
"2026-06-11","US0605052291","060505229","BAC-GG","BAC","BANK OF AMERICA CORP","Financial Institutions","2681355.0","2677659.0","-3696.0","0.005","0.005","0.0","24.99","-92363.04","SELL","1","","","",25.0,-0.04,""
"2026-06-11","US26441C5013","26441C501","DUK-A","DUK","DUKE ENERGY CORP","Utility","2691595.0","2687875.0","-3720.0","0.005","0.0049","-0.0001","24.68","-91809.6","SELL","1","DUK-PA",60780,0.1,25.0,-1.28,0.13
"2026-06-11","US61762V6065","61762V606","MS-K","MS","MORGAN STANLEY","Financial Institutions","2697103.0","2693383.0","-3720.0","0.0048","0.0047","-0.0001","23.57","-87680.4","SELL","1","MS-PK",45723,0.1,25.0,-5.72,0.57
"2026-06-11","US0200028381","020002838","ALL-H","ALL","ALLSTATE CORPORATION (THE)","Financial Institutions","3094972.0","3090700.0","-4272.0","0.0046","0.0046","0.0","20.12","-85952.64","SELL","1","ALL-PH",68375,0.1,25.0,-19.52,1.95
"2026-06-11","US00206R5081","00206R508","T-A","T","AT&T INC","Industrial","3229627.0","3225163.0","-4464.0","0.0046","0.0046","0.0","19.09","-85217.76","SELL","1","T-PA",79859,0.1,25.0,-23.64,2.36
"2026-06-11","US65339K8374","65339K837","NEE-U","NEE","NEXTERA ENERGY CAPITAL HOLDINGS IN","Utility","2348800.0","2345500.0","-3300.0","0.0043","0.0043","0.0","24.8","-81840.0","SELL","1","","","",25.0,-0.8,""
"2026-06-11","US5949728613","594972861","STRD","MSTR","STRATEGY INC","Industrial","735548.0","734348.0","-1200.0","0.0037","0.0037","0.0","68.2","-81840.0","SELL","1","STRD",116768,0.0,25.0,172.8,0.0
"2026-06-11","US61763E2072","61763E207","MS-F","MS","MORGAN STANLEY","Financial Institutions","2308108.0","2304916.0","-3192.0","0.0044","0.0044","0.0","25.58","-81651.36","SELL","1","MS-PF",75923,0.0,25.0,2.32,0.0
"2026-06-11","US61762V8616","61762V861","MS-O","MS","MORGAN STANLEY","Financial Institutions","3479711.0","3474911.0","-4800.0","0.0044","0.0044","0.0","16.93","-81264.0","SELL","1","MS-PO",103606,0.0,25.0,-32.28,0.0
"2026-06-11","US14040H7825","14040H782","COF-J","COF","CAPITAL ONE FINANCIAL CORPORATION","Financial Institutions","3353488.0","3348856.0","-4632.0","0.0043","0.0043","0.0","17.33","-80272.56","SELL","1","COF-PJ",92023,0.1,25.0,-30.68,3.07
"2026-06-11","US61762V2007","61762V200","MS-E","MS","MORGAN STANLEY DS","Financial Institutions","2275963.0","2272819.0","-3144.0","0.0043","0.0043","0.0","25.37","-79763.28","SELL","1","MS-PE",41895,0.1,25.0,1.48,0.0
"2026-06-11","US06053U6010","06053U601","BAC-KK","BAC","BANK AMER DS REPRESENTING NON CU","Financial Institutions","2714070.0","2710326.0","-3744.0","0.0043","0.0043","0.0","21.28","-79672.32","SELL","1","","","",25.0,-14.88,""
"2026-06-11","CA67000B2030","67000B203","NOVTV","NOVT","NOVANTA TANGIBLE EQUITY UNITS INC","Industrial","850943.0","849767.0","-1176.0","0.0041","0.0043","0.0002","67.73","-79650.48","SELL","1","","","",25.0,170.92,""
"2026-06-11","US61747S5047","61747S504","MS","MS","MORGAN STANLEY","Financial Institutions","2943420.0","2939352.0","-4068.0","0.0043","0.0043","0.0","19.44","-79081.92","SELL","1","MS",5346127,0.0,25.0,-22.24,0.0
"2026-06-11","US04686J8615","04686J861","ATH-A","ATH","ATHENE HOLDING DS REPRESENTING P","Financial Institutions","2313404.0","2310212.0","-3192.0","0.0042","0.0042","0.0","24.66","-78714.72","SELL","1","ATH-PA",30814,0.1,25.0,-1.36,0.14
"2026-06-11","US94988U1280","94988U128","WFC-AA","WFC","WELLS FARGO & COMPANY","Financial Institutions","3105401.0","3101117.0","-4284.0","0.0042","0.0042","0.0","18.36","-78654.24","SELL","1","","","",25.0,-26.56,""
"2026-06-11","US98389B8789","98389B878","XEL","XEL","XCEL ENERGY INC","Utility","2422025.0","2418725.0","-3300.0","0.0043","0.0043","0.0","23.75","-78375.0","SELL","1","XEL",5655264,0.0,25.0,-5.0,0.0
"2026-06-11","US95002Y4008","95002Y400","WFC-DD","WFC","WELLS FARGO & COMPANY","Financial Institutions","3316229.0","3311645.0","-4584.0","0.0041","0.0041","0.0","16.62","-76186.08","SELL","1","","","",25.0,-33.52,""
"2026-06-11","US1729672428","172967242","C-II","C","CITIGROUP INC","Financial Institutions","2157683.0","2154707.0","-2976.0","0.004","0.004","0.0","24.97","-74310.72","SELL","1","CPII",2207,1.3,25.0,-0.12,0.16
"2026-06-11","US0605051798","060505179","BAC-K","BAC","BANK OF AMERICA CORP","Financial Institutions","2059394.0","2056550.0","-2844.0","0.0039","0.0039","0.0","25.66","-72977.04","SELL","1","BAC-PK",46877,0.1,25.0,2.64,0.0
"2026-06-11","US8425878001","842587800","SO","SO","SOUTHERN COMPANY (THE)","Utility","2686433.0","2682725.0","-3708.0","0.0039","0.0039","0.0","19.57","-72565.56","SELL","1","SO",5586238,0.0,25.0,-21.72,0.0
"2026-06-11","US5949728878","594972887","STRK","MSTR","STRATEGY INC","Industrial","736299.0","735279.0","-1020.0","0.0038","0.0039","0.0001","71.09","-72511.8","SELL","1","STRK",155811,0.0,25.0,184.36,0.0
"2026-06-11","US55261F8648","55261F864","MTB-J","MTB","M T BK DEP INT PERP PFD STK SER J","Financial Institutions","2017690.0","2014906.0","-2784.0","0.0039","0.0039","0.0","25.78","-71771.52","SELL","1","MTB-PJ",40258,0.1,25.0,3.12,0.0
"2026-06-11","US9029731554","902973155","USB-B","USB","US BANCORP","Financial Institutions","2697103.0","2693383.0","-3720.0","0.0038","0.0038","0.0","18.73","-69675.6","SELL","1","","","",25.0,-25.08,""
"2026-06-11","US7593518852","759351885","RGA","RGA","REINSURANCE GROUP OF AMERICA INCOR","Financial Institutions","1881883.0","1879183.0","-2700.0","0.0036","0.0036","0.0","25.53","-68931.0","SELL","1","RGA",363570,0.0,25.0,2.12,0.0
"2026-06-11","US59156R8503","59156R850","MET-F","MET","METLIFE INC","Financial Institutions","2682643.0","2678935.0","-3708.0","0.0037","0.0037","0.0","18.53","-68709.24","SELL","1","MET-PF",93336,0.0,25.0,-25.88,0.0
"2026-06-11","US0357108705","035710870","NLY-F","NLY","ANNALY CAPITAL MANAGEMENT INC","Financial Institutions","1941932.0","1939256.0","-2676.0","0.0037","0.0037","0.0","25.56","-68398.56","SELL","1","NLY-PF",31037,0.1,25.0,2.24,0.0
"2026-06-11","US06055H2022","06055H202","BAC-LL","BAC","BANK OF AMERICA CORPORATION DEPOSI","Financial Institutions","2487658.0","2484226.0","-3432.0","0.0037","0.0037","0.0","19.82","-68022.24","SELL","1","","","",25.0,-20.72,""
"2026-06-11","US8085136005","808513600","SCHW-D","SCHW","CHARLES SCHWAB CORPORATION (THE)","Financial Institutions","2022818.0","2020022.0","-2796.0","0.0037","0.0037","0.0","24.26","-67830.96","SELL","1","SCHW-PD",50440,0.1,25.0,-2.96,0.3
"2026-06-11","US59156R8768","59156R876","MET-E","MET","METLIFE INC","Financial Institutions","2159323.0","2156347.0","-2976.0","0.0036","0.0036","0.0","22.21","-66096.96","SELL","1","MET-PE",57019,0.1,25.0,-11.16,1.12
"2026-06-11","US95002Y2028","95002Y202","WFC-CC","WFC","WELLS FARGO & COMPANY","Financial Institutions","2775770.0","2771942.0","-3828.0","0.0035","0.0035","0.0","17.12","-65535.36","SELL","1","","","",25.0,-31.52,""
"2026-06-11","US00775V1044","00775V104","AEGON","AEGON","AEGON FUNDING CORPORATION II","Financial Institutions","2494815.0","2491371.0","-3444.0","0.0035","0.0035","0.0","18.94","-65229.36","SELL","1","","","",25.0,-24.24,""
"2026-06-11","US48128B6222","48128B622","JPM-GG","JPM","JPMORGAN CHASE & CO","Financial Institutions","2403556.0","2400232.0","-3324.0","0.0034","0.0034","0.0","19.17","-63721.08","SELL","1","","","",25.0,-23.32,""
"2026-06-11","US89832Q6952","89832Q695","TFC-R","TFC","TRUIST FINANCIAL DRC CORP","Financial Institutions","2487441.0","2484009.0","-3432.0","0.0034","0.0034","0.0","18.24","-62599.68","SELL","1","TFC-PR",59397,0.1,25.0,-27.04,2.7
"2026-06-11","US3453708378","345370837","F","F","FORD MOTOR COMPANY","Industrial","2143713.0","2140749.0","-2964.0","0.0033","0.0033","0.0","20.54","-60880.56","SELL","1","F",72672977,0.0,25.0,-17.84,0.0
"2026-06-11","US8168516040","816851604","SRE","SRE","SEMPRA ENERGY","Utility","2036679.0","2033871.0","-2808.0","0.0032","0.0032","0.0","21.36","-59978.88","SELL","1","SRE",3470282,0.0,25.0,-14.56,0.0
"2026-06-11","US94988U6560","94988U656","WFC-Y","WFC","WELLS FARGO & COMPANY","Financial Institutions","1861370.0","1858802.0","-2568.0","0.0032","0.0032","0.0","23.09","-59295.12","SELL","1","WFC-PY",33983,0.1,25.0,-7.64,0.76
"2026-06-11","US3453708451","345370845","F","F","FORD MOTOR COMPANY","Industrial","2008981.0","2006209.0","-2772.0","0.0032","0.0032","0.0","21.08","-58433.76","SELL","1","F",72672977,0.0,25.0,-15.68,0.0
"2026-06-11","US0200027888","020002788","ALL-J","ALL","ALLSTATE DEP REPSTG TH NON CUM PE","Financial Institutions","1606944.0","1604724.0","-2220.0","0.0031","0.0031","0.0","26.19","-58141.8","SELL","1","ALL-PJ",31492,0.1,25.0,4.76,0.0
"2026-06-11","US65339K8606","65339K860","NEE-N","NEE","NEXTERA ENERGY CAPITAL HOLDINGS IN","Utility","1842074.0","1839530.0","-2544.0","0.0031","0.0031","0.0","22.79","-57977.76","SELL","1","","","",25.0,-8.84,""
"2026-06-11","US06055H8060","06055H806","BAC-QQ","BAC","BANK OF AMERICA CORP","Financial Institutions","2473250.0","2469830.0","-3420.0","0.0031","0.0031","0.0","16.89","-57763.8","SELL","1","","","",25.0,-32.44,""
"2026-06-11","US03769M2052","03769M205","APO","APO","APOLLO GLOBAL MANAGEMENT INC","Financial Institutions","1605145.0","1602925.0","-2220.0","0.0031","0.003","-0.0001","25.48","-56565.6","SELL","1","APO",3372355,0.0,25.0,1.92,0.0
"2026-06-11","US65339K8291","65339K829","NEE-Z","NEE","NEXTERA ENERGY CAPITAL HOLDINGS IN","Utility","1607383.0","1605163.0","-2220.0","0.003","0.003","0.0","25.03","-55566.6","SELL","1","","","",25.0,0.12,""
"2026-06-11","US4932678430","493267843","KEY","KEY","KEYCORP","Financial Institutions","1611785.0","1609565.0","-2220.0","0.003","0.003","0.0","24.85","-55167.0","SELL","1","KEY",10362974,0.0,25.0,-0.6,0.0
"2026-06-11","US0605051954","060505195","BAC-HH","BAC","BANK OF AMERICA DEP REPRESENTING","Financial Institutions","1621527.0","1619283.0","-2244.0","0.003","0.003","0.0","24.44","-54843.36","SELL","1","","","",25.0,-2.24,""
"2026-06-11","US2333317921","233331792","DTE-H","DTE","DTE ENERGY COMPANY","Utility","1612681.0","1610449.0","-2232.0","0.0029","0.0029","0.0","24.19","-53992.08","SELL","1","","","",25.0,-3.24,""
"2026-06-11","US00123Q8722","00123Q872","AGNC-F","AGNC","AGNC INVESTMENT CORP","Financial Institutions","1543989.0","1541853.0","-2136.0","0.0029","0.0029","0.0","25.24","-53912.64","SELL","1","","","",25.0,0.96,""
"2026-06-11","US38143Y6656","38143Y665","GS-A","GS","GOLDMAN SACHS GROUP INC","Financial Institutions","2014235.0","2011451.0","-2784.0","0.0029","0.0029","0.0","19.33","-53814.72","SELL","1","GS-PA",51745,0.1,25.0,-22.68,2.27
"2026-06-11","US48251W6093","48251W609","KKR-T","KKR","KKR & CO INC","Financial Institutions","1576892.0","1574720.0","-2172.0","0.0029","0.0029","0.0","24.44","-53083.68","SELL","1","","","",25.0,-2.24,""
"2026-06-11","US04686J8383","04686J838","ATH","ATH","ATHENE HOLDING LTD","Financial Institutions","1536712.0","1534588.0","-2124.0","0.0029","0.0029","0.0","24.91","-52908.84","SELL","1","","","",25.0,-0.36,""
"2026-06-11","US8425878670","842587867","SO","SO","SOUTHERN COMPANY (THE)","Utility","1513405.0","1511317.0","-2088.0","0.0029","0.0029","0.0","25.32","-52868.16","SELL","1","SO",5586238,0.0,25.0,1.28,0.0
"2026-06-11","US12542R3084","12542R308","CHSINC","CHSINC","CHS CUMULATIVE REDEEMABLE PREF CLA","Industrial","1440253.0","1438261.0","-1992.0","0.0028","0.0028","0.0","26.24","-52270.08","SELL","1","","","",25.0,4.96,""
"2026-06-11","US1258968452","125896845","CMS","CMS","CMS ENERGY CORPORATION","Utility","1693241.0","1690901.0","-2340.0","0.0028","0.0028","0.0","22.3","-52182.0","SELL","1","CMS",3091533,0.0,25.0,-10.8,0.0
"2026-06-11","US87165B2025","87165B202","SYF-A","SYF","SYNCHRONY FINANCIAL","Financial Institutions","2016546.0","2013846.0","-2700.0","0.0029","0.0028","-0.0001","18.9","-51030.0","SELL","1","SYF-PA",55023,0.0,25.0,-24.4,0.0
"2026-06-11","US7838922018","783892201","EIX-M","EIX","SCE TRUST VII","Utility","1483445.0","1481393.0","-2052.0","0.0028","0.0027","-0.0001","24.82","-50930.64","SELL","1","","","",25.0,-0.72,""
"2026-06-11","US21871X2080","21871X208","CRBG","CRBG","COREBRIDGE FINANCIAL INC","Financial Institutions","1618345.0","1616113.0","-2232.0","0.0027","0.0027","0.0","22.66","-50577.12","SELL","1","CRBG",7234740,0.0,25.0,-9.36,0.0
"2026-06-11","US82846H5046","82846H504","QXO","QXO","QXO INC","Industrial","772813.0","771745.0","-1068.0","0.0025","0.0027","0.0002","46.76","-49939.68","SELL","1","QXO",15893478,0.0,25.0,87.04,0.0
"2026-06-11","US12542R8034","12542R803","CHSINC","CHSINC","CHS INC","Industrial","1388807.0","1386887.0","-1920.0","0.0027","0.0027","0.0","25.8","-49536.0","SELL","1","","","",25.0,3.2,""
"2026-06-11","US06055H4002","06055H400","BAC-NN","BAC","BANK OF AMERICA CORP","Financial Institutions","2044504.0","2041684.0","-2820.0","0.0026","0.0027","0.0001","17.46","-49237.2","SELL","1","","","",25.0,-30.16,""
"2026-06-11","US82452J3077","82452J307","FOUR","FOUR","SHIFT4 PAYMENTS INC","Industrial","674332.0","673396.0","-936.0","0.0025","0.0026","0.0001","52.48","-49121.28","SELL","1","FOUR",1579633,0.0,25.0,109.92,0.0
"2026-06-11","US3453708113","345370811","F","F","FORD MOTOR COMPANY","Industrial","1610052.0","1607832.0","-2220.0","0.0026","0.0026","0.0","22.08","-49017.6","SELL","1","F",72673209,0.0,25.0,-11.68,0.0
"2026-06-11","US8794337613","879433761","TDS-VV","TDS","TELEPHONE AND DATA SYSTEMS INC","Industrial","1852012.0","1849456.0","-2556.0","0.0026","0.0026","0.0","19.08","-48768.48","SELL","1","","","",25.0,-23.68,""
"2026-06-11","US59156R5046","59156R504","MET-A","MET","METLIFE INC","Financial Institutions","1610627.0","1608407.0","-2220.0","0.0026","0.0026","0.0","21.84","-48484.8","SELL","1","MET-PA",66592,0.0,25.0,-12.64,0.0
"2026-06-11","US05990K8412","05990K841","BANC-F","BANC","BANC OF CALIFORNIA INC","Financial Institutions","1384264.0","1382356.0","-1908.0","0.0026","0.0026","0.0","25.17","-48024.36","SELL","1","BANC-PF",39402,0.0,25.0,0.68,0.0
"2026-06-11","US0200023093","020002309","ALL","ALL","ALLSTATE CORPORATION (THE)","Financial Institutions","1341546.0","1339698.0","-1848.0","0.0026","0.0026","0.0","25.89","-47844.72","SELL","1","ALL",1663913,0.0,25.0,3.56,0.0
"2026-06-11","US87165B4005","87165B400","SYF-B","SYF","SYNCHRONY FINANCIAL","Financial Institutions","1344920.0","1343060.0","-1860.0","0.0026","0.0026","0.0","25.68","-47764.8","SELL","1","SYF-PB",30151,0.1,25.0,2.72,0.0
"2026-06-11","US04686J5074","04686J507","ATH-E","ATH","ATHENE HLDG LTD DEP SHR REPSTG I","Financial Institutions","1334312.0","1332464.0","-1848.0","0.0026","0.0025","-0.0001","25.58","-47271.84","SELL","1","ATH-PE",47562,0.0,25.0,2.32,0.0
"2026-06-11","US8425878837","842587883","SO-C","SO","SOUTHERN COMPANY (THE)","Utility","2006708.0","2003936.0","-2772.0","0.0025","0.0025","0.0","16.88","-46791.36","SELL","1","","","",25.0,-32.48,""
"2026-06-11","US7591EP8604","7591EP860","RF","RF","REGIONS FINANCIAL CORPORATION","Financial Institutions","1344958.0","1343098.0","-1860.0","0.0025","0.0025","0.0","25.14","-46760.4","SELL","1","RF",9878538,0.0,25.0,0.56,0.0
"2026-06-11","US4932677028","493267702","KEY-E","KEY","KEYCORP","Financial Institutions","1348522.0","1346662.0","-1860.0","0.0025","0.0025","0.0","25.09","-46667.4","SELL","1","","","",25.0,0.36,""
"2026-06-11","US7443208050","744320805","PRU","PRU","PRUDENTIAL FINANCIAL INC","Financial Institutions","1523373.0","1521273.0","-2100.0","0.0025","0.0025","0.0","22.17","-46557.0","SELL","1","PRU",1942757,0.0,25.0,-11.32,0.0
"2026-06-11","US9029737593","902973759","USB-K","USB","US BANCORP","Financial Institutions","1550877.0","1548741.0","-2136.0","0.0025","0.0025","0.0","21.77","-46500.72","SELL","1","","","",25.0,-12.92,""
"2026-06-11","US7591EP7044","7591EP704","RF-C","RF","REGIONS FINANCIAL CORPORATION","Financial Institutions","1344705.0","1342845.0","-1860.0","0.0024","0.0024","0.0","24.15","-44919.0","SELL","1","RF-PC",31067,0.1,25.0,-3.4,0.34
"2026-06-11","US12542R7044","12542R704","CHSINC","CHSINC","CHS RESET RATE CUMULATIVE REDEEMAB","Industrial","1316107.0","1314307.0","-1800.0","0.0025","0.0024","-0.0001","24.95","-44910.0","SELL","1","","","",25.0,-0.2,""
"2026-06-11","US89832Q7455","89832Q745","TFC-O","TFC","TRUIST FINANCIAL PERPETUAL PREF SE","Financial Institutions","1546408.0","1544272.0","-2136.0","0.0024","0.0024","0.0","20.83","-44492.88","SELL","1","TFC-PO",38022,0.1,25.0,-16.68,1.67
"2026-06-11","US26441C4024","26441C402","DUK","DUK","DUKE ENERGY CORP","Utility","1344646.0","1342786.0","-1860.0","0.0024","0.0024","0.0","23.83","-44323.8","SELL","1","DUK",3181436,0.0,25.0,-4.68,0.0
"2026-06-11","US55261F8499","55261F849","MTB-K","MTB","M&T BANK CORPORATION","Financial Institutions","1208725.0","1206925.0","-1800.0","0.0022","0.0022","0.0","24.36","-43848.0","SELL","1","MTB-PK",30101,0.1,25.0,-2.56,0.26
"2026-06-11","US3167736053","316773605","FITB-I","FITB","FIFTH THIRD BANCORP DEPOSITARY SHA","Financial Institutions","1213634.0","1211954.0","-1680.0","0.0023","0.0023","0.0","25.69","-43159.2","SELL","1","","","",25.0,2.76,""
"2026-06-11","US64828T7063","64828T706","RITM-D","RITM","NEW RESIDENTIAL INVESTMENT CORP","Financial Institutions","1254151.0","1252423.0","-1728.0","0.0023","0.0023","0.0","24.9","-43027.2","SELL","1","RITM-PD",30243,0.1,25.0,-0.4,0.04
"2026-06-11","US6494452021","649445202","FLG-A","FLG","NEW YORK COMMUNITY BANCORP INT FXD","Financial Institutions","1383370.0","1381462.0","-1908.0","0.0023","0.0023","0.0","22.55","-43025.4","SELL","1","FLG-PA",23013,0.1,25.0,-9.8,0.98
"2026-06-11","US9029737189","902973718","USB-M","USB","US BANCORP","Financial Institutions","1999610.0","1996850.0","-2760.0","0.0023","0.0023","0.0","15.54","-42890.4","SELL","1","","","",25.0,-37.84,""
"2026-06-11","US9182842099","918284209","VSEC","VSEC","VSE CORP","Industrial","617465.0","616613.0","-852.0","0.0021","0.0023","0.0002","50.22","-42787.44","SELL","1","VSEC",444550,0.0,25.0,100.88,0.0
"2026-06-11","US0357108473","035710847","NLY-I","NLY","ANNALY CAPITAL MANAGEMENT INC","Financial Institutions","1193469.0","1191825.0","-1644.0","0.0023","0.0023","0.0","25.43","-41806.92","SELL","1","NLY-PI",37063,0.0,25.0,1.72,0.0
"2026-06-11","BMG1624R1079","-","BPY","BPY","BROOKFIELD PROPERTY PREFERRED PREF","Industrial","1810044.0","1807548.0","-2496.0","0.0023","0.0022","-0.0001","16.66","-41583.36","SELL","1","","","",25.0,-33.36,""
"2026-06-11","US8574778556","857477855","STT-G","STT","STATE STREET CORP","Financial Institutions","1348522.0","1346662.0","-1860.0","0.0021","0.0022","0.0001","21.54","-40064.4","SELL","1","STT-PG",34062,0.1,25.0,-13.84,1.38
"2026-06-11","US0357108622","035710862","NLY-G","NLY","ANNALY CAPITAL MANAGEMENT INC","Financial Institutions","1146217.0","1144633.0","-1584.0","0.0021","0.0021","0.0","24.99","-39584.16","SELL","1","NLY-PG",16223,0.1,25.0,-0.04,0.0
"2026-06-11","US06055H6080","06055H608","BAC-PP","BAC","BANK OF AMERICA DRC CORP","Financial Institutions","1727640.0","1725252.0","-2388.0","0.0021","0.0021","0.0","16.56","-39545.28","SELL","1","BAC-PP",53347,0.0,25.0,-33.76,0.0
"2026-06-11","US97650W7020","97650W702","WTFC-F","WTFC","WINTRUST FINANCIAL CORPORATION","Financial Institutions","1142075.0","1140575.0","-1500.0","0.0022","0.0022","0.0","26.27","-39405.0","SELL","1","","","",25.0,5.08,""
"2026-06-11","US0082528276","008252827","AMG","AMG","AFFILIATED MANAGERS GROUP INC.","Financial Institutions","1206188.0","1204520.0","-1668.0","0.0021","0.0021","0.0","23.47","-39147.96","SELL","1","AMG",315301,0.0,25.0,-6.12,0.0
"2026-06-11","US9633202059","963320205","WHR-A","WHR","WHIRLPOOL CORPORATION","Industrial","774742.0","773674.0","-1068.0","0.0021","0.0021","0.0","36.65","-39142.2","SELL","1","WHR-PA",224343,0.0,25.0,46.6,0.0
"2026-06-11","US14040H7585","14040H758","COF-L","COF","CAPITAL ONE FINANCIAL CORPORATION","Financial Institutions","1803544.0","1801060.0","-2484.0","0.0021","0.0021","0.0","15.72","-39048.48","SELL","1","COF-PL",44952,0.1,25.0,-37.12,3.71
"2026-06-11","US12542R5063","12542R506","CHSINC","CHSINC","CHS INC","Industrial","1120179.0","1118631.0","-1548.0","0.0021","0.0021","0.0","25.03","-38746.44","SELL","1","","","",25.0,0.12,""
"2026-06-11","US8085138654","808513865","SCHW-J","SCHW","CHARLES SCHWAB CORPORATION (THE)","Financial Institutions","1605071.0","1602851.0","-2220.0","0.0021","0.0021","0.0","17.41","-38650.2","SELL","1","SCHW-PJ",60775,0.0,25.0,-30.36,0.0
"2026-06-11","US3167738372","316773837","FITBM","FITB","FIFTH THIRD BANCORP DEPOSITARY SHA","Financial Institutions","1070392.0","1068916.0","-1476.0","0.0021","0.0021","0.0","26.14","-38582.64","SELL","1","FITBM",24124,0.1,25.0,4.56,0.0
"2026-06-11","US00123Q8078","00123Q807","AGNC-E","AGNC","AGNC INVESTMENT CORP","Financial Institutions","1085521.0","1084021.0","-1500.0","0.0021","0.0021","0.0","25.57","-38355.0","SELL","1","","","",25.0,2.28,""
"2026-06-11","US1746106004","174610600","CFG-H","CFG","CITIZENS FINANCIAL GROUP INC","Financial Institutions","1070184.0","1068708.0","-1476.0","0.0021","0.0021","0.0","25.79","-38066.04","SELL","1","CFG-PH",24348,0.1,25.0,3.16,0.0
"2026-06-11","US74460W5528","74460W552","PSA-L","PSA","PUBLIC STORAGE","Financial Institutions","1508825.0","1506737.0","-2088.0","0.002","0.002","0.0","18.16","-37918.08","SELL","1","PSA-PL",32811,0.1,25.0,-27.36,2.74
"2026-06-11","US7593518027","759351802","RGA","RGA","REINSURANCE GROUP OF AMERICA INCOR","Financial Institutions","1069910.0","1068434.0","-1476.0","0.002","0.002","0.0","25.33","-37387.08","SELL","1","RGA",363583,0.0,25.0,1.32,0.0
"2026-06-11","US3205178409","320517840","FHN-H","FHN","FIRST HORIZON CORP","Financial Institutions","1075704.0","1074216.0","-1488.0","0.002","0.002","0.0","24.99","-37185.12","SELL","1","FHN-PH",72409,0.0,25.0,-0.04,0.0
"2026-06-11","US1746108083","174610808","CFG-I","CFG","CITIZENS FINANCIAL GROUP INC","Financial Institutions","1069994.0","1068518.0","-1476.0","0.002","0.002","0.0","25.12","-37077.12","SELL","1","CFG-PI",78697,0.0,25.0,0.48,0.0
"2026-06-11","US31959X4007","31959X400","FCNCA","FCNCA","FIRST CITIZENS BANCSHARES INC (DEL","Financial Institutions","1071648.0","1070172.0","-1476.0","0.002","0.002","0.0","24.95","-36826.2","SELL","1","FCNCA",61016,0.0,25.0,-0.2,0.0
"2026-06-11","US9029738666","902973866","USB-A","USB","US BANCORP","Financial Institutions","38446.0","38398.0","-48.0","0.0022","0.0022","0.0","763.61","-36653.28","SELL","1","USB-PA",713,0.1,1000.0,-23.64,2.36
"2026-06-11","US64828T5083","64828T508","RITM-C","RITM","NEW RESIDENTIAL INVESTMENT CORP","Financial Institutions","1072350.0","1070874.0","-1476.0","0.002","0.002","0.0","24.48","-36132.48","SELL","1","RITM-PC",18720,0.1,25.0,-2.08,0.21
"2026-06-11","US61762V8046","61762V804","MS-L","MS","MORGAN STANLEY","Financial Institutions","1323463.0","1321639.0","-1824.0","0.0019","0.0019","0.0","19.69","-35914.56","SELL","1","MS-PL",26621,0.1,25.0,-21.24,2.12
"2026-06-11","US74460W4612","74460W461","PSA-P","PSA","PUBLIC STORAGE","Financial Institutions","1616758.0","1614526.0","-2232.0","0.0019","0.0019","0.0","15.8","-35265.6","SELL","1","PSA-PP",38066,0.1,25.0,-36.8,3.68
"2026-06-11","US87264A1051","87264A105","TMUS","TMUS","T-MOBILE USA INC","Industrial","1053966.0","1052514.0","-1452.0","0.0019","0.0019","0.0","24.14","-35051.28","SELL","1","TMUS",4667363,0.0,25.0,-3.44,0.0
"2026-06-11","US8425874042","842587404","SO","SO","SOUTHERN COMPANY (THE)","Utility","1201107.0","1199451.0","-1656.0","0.0019","0.0019","0.0","20.92","-34643.52","SELL","1","SO",5586392,0.0,25.0,-16.32,0.0
"2026-06-11","US04686J4085","04686J408","ATH-D","ATH","ATHENE HOLDING DS REPRESENTING A","Financial Institutions","1534292.0","1532168.0","-2124.0","0.0019","0.0019","0.0","16.3","-34621.2","SELL","1","ATH-PD",34450,0.1,25.0,-34.8,3.48
"2026-06-11","US72348N3070","72348N307","PNFP-B","PNFP","PINNACLE FINANCIAL PARTNERS NON CU","Financial Institutions","940730.0","939434.0","-1296.0","0.0019","0.0019","0.0","26.44","-34266.24","SELL","1","PNFP-PB",40046,0.0,25.0,5.76,0.0
"2026-06-11","US4932678687","493267868","KEY-G","KEY","KEYCORP","Financial Institutions","1213634.0","1211954.0","-1680.0","0.0018","0.0018","0.0","20.38","-34238.4","SELL","1","","","",25.0,-18.48,""
"2026-06-11","US0158578080","015857808","AQNCN","AQNCN","ALGONQUIN POWER & UTILITIES CORP","Utility","943969.0","942661.0","-1308.0","0.0018","0.0018","0.0","26.01","-34021.08","SELL","1","","","",25.0,4.04,""
"2026-06-11","US06055H8714","06055H871","BAC-SS","BAC","BANK OF AMERICA CORP","Financial Institutions","1295263.0","1293475.0","-1788.0","0.0018","0.0018","0.0","18.85","-33703.8","SELL","1","","","",25.0,-24.6,""
"2026-06-11","US8726521029","872652102","TPG","TPG","TPG OPERATING GROUP II LP","Financial Institutions","1073028.0","1071552.0","-1476.0","0.0018","0.0018","0.0","22.63","-33401.88","SELL","1","TPG",2352096,0.0,25.0,-9.48,0.0
"2026-06-11","US8794337878","879433787","TDS-UU","TDS","TELEPHONE DATA SYS DRC INC","Industrial","1128874.0","1127314.0","-1560.0","0.0018","0.0018","0.0","20.99","-32744.4","SELL","1","","","",25.0,-16.04,""
"2026-06-11","US8935266812","893526681","TRPCN","TRPCN","TRANSCANADA PIPELINES LTD","Industrial","997927.0","996547.0","-1380.0","0.0018","0.0018","0.0","23.62","-32595.6","SELL","1","","","",25.0,-5.52,""
"2026-06-11","US00123Q8318","00123Q831","AGNC-H","AGNC","AGNC INVESTMENT CORP","Financial Institutions","930472.0","929188.0","-1284.0","0.0018","0.0018","0.0","25.33","-32523.72","SELL","1","","","",25.0,1.32,""
"2026-06-11","US4932678760","493267876","KEY-F","KEY","KEYCORP","Financial Institutions","1146217.0","1144633.0","-1584.0","0.0017","0.0018","0.0001","20.5","-32472.0","SELL","1","","","",25.0,-18.0,""
"2026-06-11","US62913M2061","62913M206","NGL-B","NGL","NGL ENERGY PARTNERS LP","Industrial","913382.0","912122.0","-1260.0","0.0018","0.0018","0.0","25.75","-32445.0","SELL","1","NGL-PB",15693,0.1,25.0,3.0,0.0
"2026-06-11","US4165186036","416518603","HIG-G","HIG","HARTFORD FINANCIAL SERVICES GROUP","Financial Institutions","930438.0","929154.0","-1284.0","0.0017","0.0017","0.0","24.79","-31830.36","SELL","1","HIG-PG",16825,0.1,25.0,-0.84,0.08
"2026-06-11","US87264A3032","87264A303","TMUS","TMUS","T-MOBILE USA INC","Industrial","1076826.0","1075338.0","-1488.0","0.0017","0.0017","0.0","21.18","-31515.84","SELL","1","TMUS",4667363,0.0,25.0,-15.28,0.0
"2026-06-11","US12542R2094","12542R209","CHSINC","CHSINC","CHS INC. (8% CUMULATIVE REDEEMABLE","Industrial","815929.0","814801.0","-1128.0","0.0017","0.0017","0.0","27.84","-31403.52","SELL","1","","","",25.0,11.36,""
"2026-06-11","US00123Q5009","00123Q500","AGNC-C","AGNC","AGNC INVESTMENT CORP","Financial Institutions","876496.0","875284.0","-1212.0","0.0017","0.0017","0.0","25.9","-31390.8","SELL","1","","","",25.0,3.6,""
"2026-06-11","US80620A2087","80620A208","EIX-N","EIX","SCE TRUST VIII","Utility","943912.0","942604.0","-1308.0","0.0017","0.0017","0.0","23.94","-31313.52","SELL","1","","","",25.0,-4.24,""
"2026-06-11","US87264A2042","87264A204","TMUS","TMUS","T-MOBILE USA INC","Industrial","1060440.0","1058976.0","-1464.0","0.0017","0.0017","0.0","21.12","-30919.68","SELL","1","TMUS",4667372,0.0,25.0,-15.52,0.0
"2026-06-11","US2333318598","233331859","DTE-E","DTE","DTE ENERGY COMPANY","Utility","1068041.0","1066565.0","-1476.0","0.0017","0.0017","0.0","20.91","-30863.16","SELL","1","","","",25.0,-16.36,""
"2026-06-11","US8629452017","862945201","ASSE-A","ASSE","STRIVE INC","Industrial","223811.0","223499.0","-312.0","0.0016","0.0016","0.0","98.27","-30660.24","SELL","1","","","",25.0,293.08,""
"2026-06-11","US78410V2007","78410V200","SCE-L","EIX","SCE TRUST VI","Financial Institutions","1280874.0","1279110.0","-1764.0","0.0016","0.0017","0.0001","17.32","-30552.48","SELL","1","SCE-PL",19571,0.1,25.0,-30.72,3.07
"2026-06-11","US29364D1000","29364D100","ETR","ETR","ENTERGY ARKANSAS LLC","Utility","1105738.0","1104214.0","-1524.0","0.0017","0.0017","0.0","20.04","-30540.96","SELL","1","ETR",3953273,0.0,25.0,-19.84,0.0
"2026-06-11","US7443208886","744320888","PRU","PRU","PRUDENTIAL FINANCIAL INC","Financial Institutions","1348085.0","1346225.0","-1860.0","0.0016","0.0016","0.0","16.31","-30336.6","SELL","1","PRU",1942757,0.0,25.0,-34.76,0.0
"2026-06-11","US74965L2007","74965L200","RLJ-A","RLJ","RLJ LODGING .95 CUMULATIVE CONVERT","Financial Institutions","868430.0","867230.0","-1200.0","0.0016","0.0016","0.0","25.18","-30216.0","SELL","1","RLJ-PA",18691,0.1,25.0,0.72,0.0
"2026-06-11","US03939A4040","03939A404","ACGL-G","ACGL","ARCH CAPITAL GROUP LTD.","Financial Institutions","1340066.0","1338218.0","-1848.0","0.0016","0.0016","0.0","16.32","-30159.36","SELL","1","","","",25.0,-34.72,""
"2026-06-11","US4461507737","446150773","HBAN-J","HBAN","HUNTINGTON BANCSHARES INC","Financial Institutions","873121.0","871921.0","-1200.0","0.0016","0.0016","0.0","25.13","-30156.0","SELL","1","","","",25.0,0.52,""
"2026-06-11","US14314C1053","14314C105","CG","CG","CARLYLE FINANCE LLC","Financial Institutions","1348163.0","1346303.0","-1860.0","0.0016","0.0016","0.0","16.17","-30076.2","SELL","1","CG",3355647,0.0,25.0,-35.32,0.0
"2026-06-11","US1746104025","174610402","CFG-E","CFG","CITIZENS FINANCIAL GROUP INC","Financial Institutions","1201356.0","1199700.0","-1656.0","0.0016","0.0016","0.0","18.12","-30006.72","SELL","1","CFG-PE",34129,0.0,25.0,-27.52,0.0
"2026-06-11","US4461508230","446150823","HBAN-H","HBAN","HUNTINGTON BANCSHARES DRC INC","Financial Institutions","1337398.0","1335550.0","-1848.0","0.0016","0.0016","0.0","16.17","-29882.16","SELL","1","","","",25.0,-35.32,""
"2026-06-11","US9027884058","902788405","UMBF","UMBF","UMB FINANCIAL CORPORATION","Financial Institutions","809146.0","808030.0","-1116.0","0.0016","0.0016","0.0","26.46","-29529.36","SELL","1","UMBF",715790,0.0,25.0,5.84,0.0
"2026-06-11","US48253M1045","48253M104","KKR","KKR","KKR GROUP FINANCE CO IX LLC","Financial Institutions","1348979.0","1347179.0","-1800.0","0.0016","0.0016","0.0","16.4","-29520.0","SELL","1","KKR",4556483,0.0,25.0,-34.4,0.0
"2026-06-11","US9029736686","902973668","USB-O","USB","US BANCORP","Financial Institutions","1198161.0","1196505.0","-1656.0","0.0016","0.0016","0.0","17.45","-28897.2","SELL","1","","","",25.0,-30.2,""
"2026-06-11","US16934Q4064","16934Q406","CIM-B","CIM","CHIMERA INVESTMENT CORP","Financial Institutions","876492.0","875280.0","-1212.0","0.0016","0.0016","0.0","23.76","-28797.12","SELL","1","CIM-PB",26911,0.0,25.0,-4.96,0.0
"2026-06-11","US05580M8192","05580M819","RILYI","RILY","B. RILEY FINANCIAL INC","Financial Institutions","1027693.0","1026277.0","-1416.0","0.0015","0.0015","0.0","19.68","-27866.88","SELL","1","","","",25.0,-21.28,""
"2026-06-11","US6658598569","665859856","NTRS-E","NTRS","NORTHERN TRUST CORPORATION","Financial Institutions","1078868.0","1077380.0","-1488.0","0.0015","0.0015","0.0","18.61","-27691.68","SELL","1","","","",25.0,-25.56,""
"2026-06-11","US0454876006","045487600","ASB","ASB","ASSOCIATED BANC-CORP","Financial Institutions","803714.0","802610.0","-1104.0","0.0015","0.0015","0.0","24.81","-27390.24","SELL","1","ASB",1726653,0.0,25.0,-0.76,0.0
"2026-06-11","US9029737346","902973734","USB-L","USB","US BANCORP","Financial Institutions","1330236.0","1328400.0","-1836.0","0.0015","0.0015","0.0","14.78","-27136.08","SELL","1","","","",25.0,-40.88,""
"2026-06-11","US0256768591","025676859","ANGINC","ANGINC","AMERICAN NATIONAL GROUP INC","Financial Institutions","809146.0","808030.0","-1116.0","0.0015","0.0015","0.0","24.14","-26940.24","SELL","1","","","",25.0,-3.44,""
"2026-06-11","US9576384062","957638406","WAL-A","WAL","WESTERN ALLIANCE BANCORP","Financial Institutions","809146.0","808030.0","-1116.0","0.0015","0.0014","-0.0001","24.0","-26784.0","SELL","1","WAL-PA",21047,0.1,25.0,-4.0,0.4
"2026-06-11","US9030025095","903002509","UMH-D","UMH","UMH PROPERTIES INC","Financial Institutions","875303.0","874091.0","-1212.0","0.0014","0.0014","0.0","22.0","-26664.0","SELL","1","UMH-PD",18361,0.1,25.0,-12.0,1.2
"2026-06-11","US64828T4094","64828T409","RITM-B","RITM","NEW RESIDENTIAL INVESTMENT CORP","Financial Institutions","759341.0","758297.0","-1044.0","0.0014","0.0014","0.0","25.18","-26287.92","SELL","1","RITM-PB",21957,0.0,25.0,0.72,0.0
"2026-06-11","US10922N7075","10922N707","BHF-C","BHF","BRIGHTHOUSE FINANCIAL INC","Financial Institutions","1539619.0","1537495.0","-2124.0","0.0014","0.0014","0.0","12.27","-26061.48","SELL","1","","","",25.0,-50.92,""
"2026-06-11","US9290892093","929089209","VOYA-B","VOYA","VOYA FINANCIAL INC","Financial Institutions","803530.0","802426.0","-1104.0","0.0014","0.0014","0.0","23.5","-25944.0","SELL","1","VOYA-PB",15176,0.1,25.0,-6.0,0.6
"2026-06-11","US0357108218","035710821","NLY-J","NLY","ANNALY CAPITAL MANAGEMENT INC","Financial Institutions","741730.0","740710.0","-1020.0","0.0014","0.0014","0.0","25.43","-25938.6","SELL","1","NLY-PJ",64258,0.0,25.0,1.72,0.0
"2026-06-11","US2538688225","253868822","DLR-L","DLR","DIGITAL REALTY TRUST INC","Financial Institutions","930472.0","929188.0","-1284.0","0.0014","0.0014","0.0","20.04","-25731.36","SELL","1","DLR-PL",18329,0.1,25.0,-19.84,1.98
"2026-06-11","US7443208704","744320870","PRU","PRU","PRUDENTIAL FINANCIAL INC","Financial Institutions","808851.0","807735.0","-1116.0","0.0014","0.0014","0.0","22.89","-25545.24","SELL","1","PRU",1942757,0.0,25.0,-8.44,0.0
"2026-06-11","US3196263053","319626305","FCNCA","FCNCA","FIRST CITIZENS BANCSHARES INC.","Financial Institutions","925696.0","924424.0","-1272.0","0.0014","0.0014","0.0","20.06","-25516.32","SELL","1","FCNCA",61020,0.0,25.0,-19.76,0.0
"2026-06-11","US74460W4208","74460W420","PSA-R","PSA","PUBLIC STORAGE","Financial Institutions","1161539.0","1159931.0","-1608.0","0.0014","0.0014","0.0","15.74","-25309.92","SELL","1","PSA-PR",27971,0.1,25.0,-37.04,3.7
"2026-06-11","US91529Y6014","91529Y601","UNM","UNM","UNUM GROUP","Financial Institutions","803330.0","802226.0","-1104.0","0.0013","0.0013","0.0","22.38","-24707.52","SELL","1","UNM",1175529,0.0,25.0,-10.48,0.0
"2026-06-11","US14040H7338","14040H733","COF-N","COF","CAPITAL ONE FINL DS REPSTG TH PRF","Financial Institutions","1128977.0","1127417.0","-1560.0","0.0013","0.0013","0.0","15.35","-23946.0","SELL","1","COF-PN",42294,0.0,25.0,-38.6,0.0
"2026-06-11","US04686J2006","04686J200","ATH-B","ATH","ATHENE HLDG DRC LTD","Financial Institutions","916389.0","915129.0","-1260.0","0.0013","0.0013","0.0","18.88","-23788.8","SELL","1","ATH-PB",18841,0.1,25.0,-24.48,2.45
"2026-06-11","US03939A1079","03939A107","ACGL-F","ACGL","ARCH CAPITAL GROUP LTD.","Financial Institutions","883161.0","881937.0","-1224.0","0.0013","0.0013","0.0","19.43","-23782.32","SELL","1","","","",25.0,-22.28,""
"2026-06-11","US4440973075","444097307","HPP-C","HPP","HUDSON PACIFIC PROPERTIES INC","Financial Institutions","1146217.0","1144633.0","-1584.0","0.0013","0.0013","0.0","14.99","-23744.16","SELL","1","HPP-PC",7459,0.2,25.0,-40.04,8.01
"2026-06-11","US25525P2065","25525P206","DHC","DHC","DIVERSIFIED HEALTHCARE .625% SENIO","Financial Institutions","943912.0","942604.0","-1308.0","0.0013","0.0013","0.0","18.07","-23635.56","SELL","1","DHC",1828499,0.0,25.0,-27.72,0.0
"2026-06-11","US7591EP8869","7591EP886","RF-E","RF","REGIONS FINL DRC CORP","Financial Institutions","1070425.0","1068949.0","-1476.0","0.0013","0.0013","0.0","15.99","-23601.24","SELL","1","RF-PE",30763,0.0,25.0,-36.04,0.0
"2026-06-11","US10922N3017","10922N301","BHF-A","BHF","BRIGHTHOUSE FINANCIAL INC","Financial Institutions","1136968.0","1135396.0","-1572.0","0.0013","0.0013","0.0","14.98","-23548.56","SELL","1","","","",25.0,-40.08,""
"2026-06-11","US55261F8721","55261F872","MTB-H","MTB","M AND T BANK PERPETUAL FIXED TO FL","Financial Institutions","674191.0","673255.0","-936.0","0.0013","0.0013","0.0","25.03","-23428.08","SELL","1","MTB-PH",16174,0.1,25.0,0.12,0.0
"2026-06-11","US55272X5086","55272X508","MFA-C","MFA","MFA FINANCIAL INC","Financial Institutions","741730.0","740710.0","-1020.0","0.0013","0.0013","0.0","22.8","-23256.0","SELL","1","MFA-PC",21597,0.0,25.0,-8.8,0.0
"2026-06-11","US90187B3096","90187B309","TWO-B","TWO","TWO HARBORS INVESTMENT CORP","Financial Institutions","684947.0","683999.0","-948.0","0.0013","0.0012","-0.0001","24.42","-23150.16","SELL","1","TWO-PB",13590,0.1,25.0,-2.32,0.23
"2026-06-11","US1258968528","125896852","CMS","CMS","CMS ENERGY CORPORATION","Utility","749271.0","748239.0","-1032.0","0.0013","0.0012","-0.0001","22.35","-23065.2","SELL","1","CMS",3091563,0.0,25.0,-10.6,0.0
"2026-06-11","US11271L1026","11271L102","BNCN","BNCN","BROOKFIELD FINANCE INC","Financial Institutions","1078868.0","1077380.0","-1488.0","0.0012","0.0012","0.0","15.43","-22959.84","SELL","1","","","",25.0,-38.28,""
"2026-06-11","US74460W6443","74460W644","PSA-H","PSA","PUBLIC STORAGE","Financial Institutions","760434.0","759390.0","-1044.0","0.0012","0.0012","0.0","21.92","-22884.48","SELL","1","PSA-PH",19754,0.1,25.0,-12.32,1.23
"2026-06-11","US10922N5095","10922N509","BHF-B","BHF","BRIGHTHOUSE FINANCIAL INC","Financial Institutions","1076630.0","1075142.0","-1488.0","0.0012","0.0012","0.0","15.35","-22840.8","SELL","1","","","",25.0,-38.6,""
"2026-06-11","US8805913006","880591300","TVA-D","TVA","TENN VALLEY AUTHORITY","Agency","686065.0","685117.0","-948.0","0.0012","0.0012","0.0","23.9","-22657.2","SELL","1","","","",25.0,-4.4,""
"2026-06-11","US64828T8889","64828T888","RITM-F","RITM","RITHM CAPITAL CORP","Financial Institutions","674191.0","673255.0","-936.0","0.0012","0.0012","0.0","24.18","-22632.48","SELL","1","RITM-PF",42456,0.0,25.0,-3.28,0.0
"2026-06-11","US88224Q3056","88224Q305","TCBI-B","TCBI","TEXAS CAP BANCSHARES DRC INC","Financial Institutions","802792.0","801688.0","-1104.0","0.0012","0.0012","0.0","20.38","-22499.52","SELL","1","","","",25.0,-18.48,""
"2026-06-11","US0082528508","008252850","AMG","AMG","AFFILIATED MANAGERS GROUP INC.","Financial Institutions","804539.0","803423.0","-1116.0","0.0012","0.0012","0.0","19.97","-22286.52","SELL","1","AMG",315330,0.0,25.0,-20.12,0.0
"2026-06-11","US74460W6286","74460W628","PSA-I","PSA","PUBLIC STORAGE REPSTG TH BEN INT","Financial Institutions","843574.0","842410.0","-1164.0","0.0012","0.0012","0.0","19.11","-22244.04","SELL","1","PSA-PI",13909,0.1,25.0,-23.56,2.36
"2026-06-11","US74460W6690","74460W669","PSA-G","PSA","PUBLIC STORAGE","Financial Institutions","800189.0","799085.0","-1104.0","0.0012","0.0012","0.0","20.14","-22234.56","SELL","1","PSA-PG",15944,0.1,25.0,-19.44,1.94
"2026-06-11","US90187B5075","90187B507","TWO-C","TWO","TWO HARBORS INVESTMENT CORP","Financial Institutions","651407.0","650507.0","-900.0","0.0012","0.0012","0.0","24.7","-22230.0","SELL","1","TWO-PC",43283,0.0,25.0,-1.2,0.0
"2026-06-11","US10922N2027","10922N202","BHF","BHF","BRIGHTHOUSE FINANCIAL INC","Financial Institutions","1003085.0","1001705.0","-1380.0","0.0012","0.0012","0.0","15.97","-22038.6","SELL","1","BHF",490614,0.0,25.0,-36.12,0.0
"2026-06-11","US00123Q6098","00123Q609","AGNC-D","AGNC","AGNC INVESTMENT CORP","Financial Institutions","633796.0","632920.0","-876.0","0.0012","0.0012","0.0","25.05","-21943.8","SELL","1","","","",25.0,0.2,""
"2026-06-11","BMG053842040","-","AHL","AHL","ASPEN INSURANCE HOLDINGS LTD","Financial Institutions","811964.0","810848.0","-1116.0","0.0012","0.0012","0.0","19.62","-21895.92","SELL","1","","","",25.0,-21.52,""
"2026-06-11","US48251K2096","48251K209","KREF-A","KREF","KKR REAL ESTATE FINANCE TRUST INC","Financial Institutions","883889.0","882665.0","-1224.0","0.0012","0.0012","0.0","17.83","-21823.92","SELL","1","KREF-PA",19637,0.1,25.0,-28.68,2.87
"2026-06-11","US6374321056","637432105","NRUC-US","NRUC","NATIONAL RURAL UTILITIES COOPERATI","Utility","668574.0","667650.0","-924.0","0.0012","0.0012","0.0","23.5","-21714.0","SELL","1","","","",25.0,-6.0,""
"2026-06-11","US9508108878","950810887","WSBC-B","WSBC","WESBANCO INC","Financial Institutions","615060.0","614208.0","-852.0","0.0012","0.0012","0.0","25.3","-21555.6","SELL","1","","","",25.0,1.2,""
"2026-06-11","US3733344408","373334440","SO","SO","GEORGIA POWER COMPANY","Utility","722094.0","721098.0","-996.0","0.0012","0.0012","0.0","21.63","-21543.48","SELL","1","SO",5586414,0.0,25.0,-13.48,0.0
"2026-06-11","US16934Q5053","16934Q505","CIM-C","CIM","CHIMERA INVESTMENT CORP","Financial Institutions","701213.0","700241.0","-972.0","0.0012","0.0012","0.0","22.03","-21413.16","SELL","1","CIM-PC",16998,0.1,25.0,-11.88,1.19
"2026-06-11","US0844238057","084423805","WRB","WRB","WR BERKLEY CORPORATION","Financial Institutions","804370.0","803254.0","-1116.0","0.0011","0.0011","0.0","19.18","-21404.88","SELL","1","WRB",2094374,0.0,25.0,-23.28,0.0
"2026-06-11","US58844R8503","58844R850","MBIN","MBIN","MERCHANTS BANCORP","Financial Institutions","614858.0","614006.0","-852.0","0.0011","0.0011","0.0","24.72","-21061.44","SELL","1","MBIN",130785,0.0,25.0,-1.12,0.0
"2026-06-11","US9290428286","929042828","VNO-M","VNO","VORNADO REALTY TRUST","Financial Institutions","861710.0","860522.0","-1188.0","0.0011","0.0011","0.0","17.68","-21003.84","SELL","1","VNO-PM",17642,0.1,25.0,-29.28,2.93
"2026-06-11","US74460W6856","74460W685","PSA-F","PSA","PUBLIC STORAGE DS REPRESENTING TH","Financial Institutions","746253.0","745221.0","-1032.0","0.0011","0.0011","0.0","20.23","-20877.36","SELL","1","PSA-PF",16066,0.1,25.0,-19.08,1.91
"2026-06-11","US2836782092","283678209","KMI","KMI","EL PASO ENERGY CAPITAL TRUST I","Industrial","294705.0","294297.0","-408.0","0.0011","0.0011","0.0","50.97","-20795.76","SELL","1","KMI",10116853,0.0,25.0,103.88,0.0
"2026-06-11","US0200028126","020002812","ALL-I","ALL","ALLSTATE CORPORATION (THE)","Financial Institutions","797080.0","795976.0","-1104.0","0.0011","0.0011","0.0","18.79","-20744.16","SELL","1","ALL-PI",19752,0.1,25.0,-24.84,2.48
"2026-06-11","US63938C4050","63938C405","NAVI","NAVI","NAVIENT PRCNT SENIOR NOTES EXP D","Financial Institutions","801759.0","800655.0","-1104.0","0.0011","0.0011","0.0","18.4","-20313.6","SELL","1","NAVI",1155839,0.0,25.0,-26.4,0.0
"2026-06-11","BMG053841703","-","AHL","AHL","ASPEN INSURANCE HOLDINGS LTD","Financial Institutions","601372.0","600544.0","-828.0","0.0011","0.0011","0.0","24.46","-20252.88","SELL","1","","","",25.0,-2.16,""
"2026-06-11","US3193836000","319383600","BUSE-B","BUSE","FIRST BUSEY CORPORATION","Financial Institutions","574615.0","573823.0","-792.0","0.0011","0.0011","0.0","25.53","-20219.76","SELL","1","","","",25.0,2.12,""
"2026-06-11","US72348N5059","72348N505","PNFP-C","PNFP","PINNACLE FINANCIAL PARTNERS DEPOSI","Financial Institutions","603262.0","602434.0","-828.0","0.0011","0.0011","0.0","24.35","-20161.8","SELL","1","PNFP-PC",7208,0.1,25.0,-2.6,0.26
"2026-06-11","US29364W1080","29364W108","ETR","ETR","ENTERGY LOUISIANA LLC","Utility","721537.0","720541.0","-996.0","0.0011","0.0011","0.0","20.03","-19949.88","SELL","1","ETR",3953273,0.0,25.0,-19.88,0.0
"2026-06-11","US9290428104","929042810","VNO-N","VNO","VORNADO REALTY TRUST 5.4% CUM RED","Financial Institutions","809147.0","808031.0","-1116.0","0.0011","0.0011","0.0","17.87","-19942.92","SELL","1","VNO-PN",19040,0.1,25.0,-28.52,2.85
"2026-06-11","US29364N1081","29364N108","ETR","ETR","ENTERGY MISSISSIPPI INC","Utility","694750.0","693790.0","-960.0","0.0011","0.0011","0.0","20.63","-19804.8","SELL","1","ETR",3953273,0.0,25.0,-17.48,0.0
"2026-06-11","US0605055831","060505583","BAC-1","BAC","BANK OF AMERICA CORPORATION PFD 1","Financial Institutions","726541.0","725533.0","-1008.0","0.0011","0.0011","0.0","19.5","-19656.0","SELL","1","","","",25.0,-22.0,""
"2026-06-11","US9290428443","929042844","VNO-L","VNO","VORNADO REALTY TRUST","Financial Institutions","809147.0","808031.0","-1116.0","0.0011","0.0011","0.0","17.5","-19530.0","SELL","1","VNO-PL",25597,0.0,25.0,-30.0,0.0
"2026-06-11","US49446R7118","49446R711","KIM-M","KIM","KIMCO RLTY DS REPRESENTING CLASS","Financial Institutions","705652.0","704680.0","-972.0","0.0011","0.0011","0.0","20.05","-19488.6","SELL","1","KIM-PM",15299,0.1,25.0,-19.8,1.98
"2026-06-11","US25406P2002","25406P200","DDS","DDS","DILLARDS CAP TR I CAP SECS 7.5%","Industrial","534278.0","533546.0","-732.0","0.001","0.001","0.0","26.14","-19134.48","SELL","1","DDS",114784,0.0,25.0,4.56,0.0
"2026-06-11","US1170436042","117043604","BC","BC","BRUNSWICK CORPORATION","Industrial","574350.0","573558.0","-792.0","0.001","0.001","0.0","24.04","-19039.68","SELL","1","BC",621848,0.0,25.0,-3.84,0.0
"2026-06-11","US6378702053","637870205","NSA-A","NSA","NATIONAL STORAGE AFFILIATES REDEEM","Financial Institutions","603448.0","602620.0","-828.0","0.001","0.001","0.0","22.88","-18944.64","SELL","1","NSA-PA",7537,0.1,25.0,-8.48,0.85
"2026-06-11","US35243J2006","35243J200","FBRT-E","FBRT","FRANKLIN BSP REALTY TRUST CUMULA","Financial Institutions","696443.0","695483.0","-960.0","0.001","0.001","0.0","19.73","-18940.8","SELL","1","FBRT-PE",17798,0.1,25.0,-21.08,2.11
"2026-06-11","US25401T3068","25401T306","DBRG-J","DBRG","DIGITALBRIDGE GROUP INC","Financial Institutions","777060.0","775860.0","-1200.0","0.0009","0.0009","0.0","15.69","-18828.0","SELL","1","DBRG-PJ",79665,0.0,25.0,-37.24,0.0
"2026-06-11","US37959E3009","37959E300","GL","GL","GLOBE LIFE INC","Financial Institutions","867902.0","866702.0","-1200.0","0.001","0.001","0.0","15.66","-18792.0","SELL","1","GL",553472,0.0,25.0,-37.36,0.0
"2026-06-11","US72348N2080","72348N208","PNFP-A","PNFP","PINNACLE FINANCIAL PARTNERS NON CU","Financial Institutions","534163.0","533431.0","-732.0","0.001","0.001","0.0","25.58","-18724.56","SELL","1","PNFP-PA",6341,0.1,25.0,2.32,0.0
"2026-06-11","US6740014096","674001409","OAK-B","OAK","OAKTREE CAPITAL GROUP LLC","Financial Institutions","633796.0","632920.0","-876.0","0.001","0.001","0.0","21.15","-18527.4","SELL","1","OAK-PB",11015,0.1,25.0,-15.4,1.54
"2026-06-11","US8606308703","860630870","SF-C","SF","STIFEL FINANCIAL CORP","Financial Institutions","600950.0","600122.0","-828.0","0.001","0.001","0.0","22.13","-18323.64","SELL","1","SF-PC",10358,0.1,25.0,-11.48,1.15
"2026-06-11","US05554M1009","05554M100","BIP","BIP","BIP BERMUDA HOLDINGS I LTD","Financial Institutions","809146.0","808030.0","-1116.0","0.001","0.001","0.0","16.41","-18313.56","SELL","1","BIP",763817,0.0,25.0,-34.36,0.0
"2026-06-11","US25401T4058","25401T405","DBRG-I","DBRG","DIGITALBRIDGE GROUP .15 CUMULATIVE","Financial Institutions","862670.0","861482.0","-1188.0","0.001","0.001","0.0","15.39","-18283.32","SELL","1","DBRG-PI",70193,0.0,25.0,-38.44,0.0
"2026-06-11","US78440X5077","78440X507","SLG-I","SLG","SL GREEN REALTY CORP","Financial Institutions","620356.0","619504.0","-852.0","0.001","0.001","0.0","21.27","-18122.04","SELL","1","SLG-PI",10079,0.1,25.0,-14.92,1.49
"2026-06-11","US8805914095","880591409","TVA-A","TVA","TENN VALLEY AUTH","Agency","556162.0","555394.0","-768.0","0.001","0.001","0.0","23.53","-18071.04","SELL","1","","","",25.0,-5.88,""
"2026-06-11","US11259P1093","11259P109","BRBRPH","BEPUCN","BROOKFIELD BRP HOLDINGS (CANADA) I","Utility","944769.0","943569.0","-1200.0","0.0011","0.001","-0.0001","14.9","-17880.0","SELL","1","","","",25.0,-40.4,""
"2026-06-11","US8606308620","860630862","SF-D","SF","STIFEL FINANCIAL CORP","Financial Institutions","801006.0","799902.0","-1104.0","0.001","0.001","0.0","16.18","-17862.72","SELL","1","SF-PD",15147,0.1,25.0,-35.28,3.53
"2026-06-11","US16934Q6044","16934Q604","CIM-D","CIM","CHIMERA INVESTMENT CORP","Financial Institutions","539425.0","538681.0","-744.0","0.001","0.001","0.0","23.73","-17655.12","SELL","1","CIM-PD",10728,0.1,25.0,-5.08,0.51
"2026-06-11","US2538688308","253868830","DLR-K","DLR","DIGITAL REALTY TRUST INC","Financial Institutions","566380.0","565600.0","-780.0","0.001","0.001","0.0","22.63","-17651.4","SELL","1","DLR-PK",14226,0.1,25.0,-9.48,0.95
"2026-06-11","US6496048736","649604873","ADAM-E","ADAM","NEW YORK MORTGAGE TRUST INC","Financial Institutions","502742.0","502046.0","-696.0","0.001","0.0009","-0.0001","25.31","-17615.76","SELL","1","","","",25.0,1.24,""
"2026-06-11","US3793785086","379378508","GNL-D","GNL","GLOBAL NET LEASE CUMULATIVE REDE","Financial Institutions","534869.0","534125.0","-744.0","0.0009","0.0009","0.0","23.58","-17543.52","SELL","1","GNL-PD",12328,0.1,25.0,-5.68,0.57
"2026-06-11","US2333318184","233331818","DTE","DTE","DTE ENERGY CO","Utility","747131.0","746099.0","-1032.0","0.0009","0.0009","0.0","16.8","-17337.6","SELL","1","DTE",1649384,0.0,25.0,-32.8,0.0
"2026-06-11","US74460W5940","74460W594","PSA-J","PSA","PUBLIC STORAGE DEP SHS REPSTG TH","Financial Institutions","688036.0","687088.0","-948.0","0.0009","0.0009","0.0","18.27","-17319.96","SELL","1","PSA-PJ",13475,0.1,25.0,-26.92,2.69
"2026-06-11","US84857L7055","84857L705","SR","SR","SPIRE INC","Utility","533942.0","533210.0","-732.0","0.0009","0.0009","0.0","23.62","-17289.84","SELL","1","SR",403397,0.0,25.0,-5.52,0.0
"2026-06-11","US25525P3055","25525P305","DHC","DHC","DIVERSIFIED HEALTHCARE .25% SENIOR","Financial Institutions","674191.0","673255.0","-936.0","0.0009","0.0009","0.0","18.45","-17269.2","SELL","1","DHC",1828499,0.0,25.0,-26.2,0.0
"2026-06-11","US3167738869","316773886","FITB-A","FITB","FIFTH THIRD BANCORP DEPOSITORY SH","Financial Institutions","533786.0","533054.0","-732.0","0.0009","0.0009","0.0","23.52","-17216.64","SELL","1","","","",25.0,-5.92,""
"2026-06-11","US05580M7939","05580M793","RILYZ","RILY","B. RILEY FINANCIAL INC","Financial Institutions","516755.0","516047.0","-708.0","0.0009","0.0009","0.0","24.29","-17197.32","SELL","1","RILYZ",58344,0.0,25.0,-2.84,0.0
"2026-06-11","US05580M8358","05580M835","RILYM","RILY","B. RILEY FINANCIAL INC","Financial Institutions","586017.0","585213.0","-804.0","0.0009","0.0009","0.0","21.33","-17149.32","SELL","1","","","",25.0,-14.68,""
"2026-06-11","US64828T8053","64828T805","RITM-E","RITM","RITHM CAPITAL CORP","Financial Institutions","512422.0","511714.0","-708.0","0.0009","0.0009","0.0","24.16","-17105.28","SELL","1","RITM-PE",33912,0.0,25.0,-3.36,0.0
"2026-06-11","US0844238701","084423870","WRB","WRB","WR BERKLEY CORPORATION","Financial Institutions","800575.0","799471.0","-1104.0","0.0009","0.0009","0.0","15.47","-17078.88","SELL","1","WRB",2094381,0.0,25.0,-38.12,0.0
"2026-06-11","US70509V8037","70509V803","PEB-G","PEB","PEBBLEBROOK HOTEL TRUST","Financial Institutions","612676.0","611836.0","-840.0","0.0009","0.0009","0.0","20.25","-17010.0","SELL","1","PEB-PG",43967,0.0,25.0,-19.0,0.0
"2026-06-11","US3167738604","316773860","FITB-K","FITB","FIFTH THIRD BANCORP","Financial Institutions","666939.0","666015.0","-924.0","0.0009","0.0009","0.0","18.36","-16964.64","SELL","1","","","",25.0,-26.56,""
"2026-06-11","US0082528433","008252843","AMG","AMG","AFFILIATED MANAGERS GROUP INC.","Financial Institutions","733636.0","732628.0","-1008.0","0.0009","0.0009","0.0","16.74","-16873.92","SELL","1","AMG",315336,0.0,25.0,-33.04,0.0
"2026-06-11","US70931T5092","70931T509","PMT-C","PMT","PENNYMAC MORTGAGE INVESTMENT TRUST","Financial Institutions","674191.0","673255.0","-936.0","0.0009","0.0009","0.0","17.88","-16735.68","SELL","1","PMT-PC",30245,0.0,25.0,-28.48,0.0
"2026-06-11","US9290427940","929042794","VNO-O","VNO","VORNADO REALTY TRUST","Financial Institutions","809147.0","808031.0","-1116.0","0.0009","0.0009","0.0","14.99","-16728.84","SELL","1","VNO-PO",19821,0.1,25.0,-40.04,4.0
"2026-06-11","US8606306079","860630607","SF","SF","STIFEL FINANCIAL CORP","Financial Institutions","606842.0","606002.0","-840.0","0.0009","0.0009","0.0","19.65","-16506.0","SELL","1","SF",1317884,0.0,25.0,-21.4,0.0
"2026-06-11","US05580M8010","05580M801","RILYK","RILY","B. RILEY FINANCIAL INC","Financial Institutions","481481.0","480821.0","-660.0","0.0009","0.0009","0.0","24.94","-16460.4","SELL","1","","","",25.0,-0.24,""
"2026-06-11","US49446R7373","49446R737","KIM-L","KIM","KIMCO REALTY CORPORATION","Financial Institutions","600256.0","599428.0","-828.0","0.0009","0.0009","0.0","19.71","-16319.88","SELL","1","KIM-PL",13758,0.1,25.0,-21.16,2.12
"2026-06-11","US05614L4077","05614L407","BW-A","BW","BABCOCK & WILCOX ENTERPRISES INC","Industrial","511259.0","510551.0","-708.0","0.0009","0.0009","0.0","23.03","-16305.24","SELL","1","BW-PA",24096,0.0,25.0,-7.88,0.0
"2026-06-11","US70931T7072","70931T707","PMT","PMT","PENNYMAC MORTGAGE INVESTMENT TRUST","Financial Institutions","465166.0","464518.0","-648.0","0.0009","0.0009","0.0","25.12","-16277.76","SELL","1","PMT",972161,0.0,25.0,0.48,0.0
"2026-06-11","US70931T4004","70931T400","PMT-B","PMT","PENNYMAC MORTGAGE INVESTMENT TRUST","Financial Institutions","525862.0","525142.0","-720.0","0.0009","0.0009","0.0","22.45","-16164.0","SELL","1","PMT-PB",11682,0.1,25.0,-10.2,1.02
"2026-06-11","US20451Q4010","20451Q401","CODI-C","CODI","COMPASS DIVERSIFIED HOLDINGS","Financial Institutions","526968.0","526236.0","-732.0","0.0009","0.0009","0.0","21.97","-16082.04","SELL","1","CODI-PC",21079,0.0,25.0,-12.12,0.0
"2026-06-11","US04911A2069","04911A206","AUB-A","AUB","ATLANTIC UNION BANKSHARES CORP","Financial Institutions","465166.0","464518.0","-648.0","0.0009","0.0009","0.0","24.67","-15986.16","SELL","1","AUB-PA",7361,0.1,25.0,-1.32,0.13
"2026-06-11","US17259U3032","17259U303","CIONI","CIONI","CION INVESTMENT CORP","Financial Institutions","461560.0","460924.0","-636.0","0.0009","0.0009","0.0","25.12","-15976.32","SELL","1","","","",25.0,0.48,""
"2026-06-11","BMG9078F1499","-","TRTN-C","TRTN","TRITON INTERNATIONAL LTD","Industrial","466487.0","465839.0","-648.0","0.0009","0.0009","0.0","24.47","-15856.56","SELL","1","TRTN-PC",10258,0.1,25.0,-2.12,0.21
"2026-06-11","MHY8564M2048","-","TGP-B","TGP","TEEKAY LNG PARTNERS LP","Industrial","444803.0","444191.0","-612.0","0.0009","0.0009","0.0","25.69","-15722.28","SELL","1","","","",25.0,2.76,""
"2026-06-11","US20451Q3020","20451Q302","CODI-B","CODI","COMPASS DIVERSIFIED HOLDINGS FIXED","Financial Institutions","501301.0","500605.0","-696.0","0.0008","0.0008","0.0","22.48","-15646.08","SELL","1","CODI-PB",6668,0.1,25.0,-10.08,1.01
"2026-06-11","US1258968601","125896860","CMS","CMS","CMS ENERGY CORPORATION","Utility","533286.0","532554.0","-732.0","0.0008","0.0008","0.0","21.17","-15496.44","SELL","1","CMS",2962954,0.0,25.0,-15.32,0.0
"2026-06-11","US6378703044","637870304","NSA-B","NSA PR B","NATIONAL STORAGE AFFILIATES CUM","Financial Institutions","377294.0","376694.0","-600.0","0.0008","0.0007","-0.0001","25.76","-15456.0","SELL","1","NSA-PB",3150,0.2,25.0,3.04,0.0
"2026-06-11","US74460W5783","74460W578","PSA-K","PSA","PUBLIC STORAGE","Financial Institutions","603541.0","602713.0","-828.0","0.0008","0.0008","0.0","18.66","-15450.48","SELL","1","PSA-PK",13706,0.1,25.0,-25.36,2.54
"2026-06-11","US74460W5114","74460W511","PSA-N","PSA","PUBLIC STORAGE DEP SHS REPSTG PF","Financial Institutions","741078.0","740058.0","-1020.0","0.0008","0.0008","0.0","15.14","-15442.8","SELL","1","PSA-PN",18108,0.1,25.0,-39.44,3.94
"2026-06-11","US04914Y4098","04914Y409","ATLC","ATLC","ATLANTICUS HOLDINGS CORP","Financial Institutions","445785.0","445185.0","-600.0","0.0009","0.0008","-0.0001","25.55","-15330.0","SELL","1","ATLC",92350,0.0,25.0,2.2,0.0
"2026-06-11","US46131B5066","46131B506","IVR-C","IVR","INVESCO MORTGAGE CAPITAL INC","Financial Institutions","459302.0","458666.0","-636.0","0.0008","0.0008","0.0","24.05","-15295.8","SELL","1","IVR-PC",14574,0.0,25.0,-3.8,0.0
"2026-06-11","US11276B1098","11276B109","BIP","BIP","BROOKFIELD INFRASTRUCTURE FINANCE","Utility","674190.0","673254.0","-936.0","0.0008","0.0008","0.0","16.33","-15284.88","SELL","1","BIP",763817,0.0,25.0,-34.68,0.0
"2026-06-11","US31959X2027","31959X202","FCNCA","FCNCA","FIRST CITIZENS BANCSHARES NON CU","Financial Institutions","539425.0","538681.0","-744.0","0.0008","0.0008","0.0","20.43","-15199.92","SELL","1","FCNCA",61022,0.0,25.0,-18.28,0.0
"2026-06-11","US2538688555","253868855","DLR-J","DLR","DIGITAL REALTY TRUST INC","Financial Institutions","539425.0","538681.0","-744.0","0.0008","0.0008","0.0","20.4","-15177.6","SELL","1","DLR-PJ",10144,0.1,25.0,-18.4,1.84
"2026-06-11","US11259P2083","11259P208","BRBRPH","BEPUCN","BROOKFIELD BRP HOLDINGS (CANADA) I","Utility","701212.0","700240.0","-972.0","0.0008","0.0008","0.0","15.48","-15046.56","SELL","1","","","",25.0,-38.08,""
"2026-06-11","US0844238883","084423888","WRB","WRB","WR BERKLEY CORPORATION","Financial Institutions","665970.0","665046.0","-924.0","0.0008","0.0008","0.0","16.23","-14996.52","SELL","1","WRB",2094387,0.0,25.0,-35.08,0.0
"2026-06-11","BMG9078F3057","-","TRTGV","TRTN","TRITON INTL CUM RED PERP PREF SER","Industrial","466320.0","465672.0","-648.0","0.0008","0.0008","0.0","23.1","-14968.8","SELL","1","","","",25.0,-7.6,""
"2026-06-11","BMG162491648","-","BPY-A","BPY","BROOKFIELD PROPERTY PARTNERS LP","Industrial","775405.0","774337.0","-1068.0","0.0008","0.0008","0.0","14.0","-14952.0","SELL","1","","","",25.0,-44.0,""
"2026-06-11","US11276B2088","11276B208","BIP","BIP","BROOKFIELD INFRASTRUCTURE FINANCE","Utility","426116.0","425528.0","-588.0","0.0008","0.0008","0.0","25.15","-14788.2","SELL","1","BIP",877538,0.0,25.0,0.6,0.0
"2026-06-11","US55272X4097","55272X409","MFA-B","MFA","MFA FINANCIAL INC","Financial Institutions","539425.0","538681.0","-744.0","0.0008","0.0008","0.0","19.79","-14723.76","SELL","1","MFA-PB",12355,0.1,25.0,-20.84,2.08
"2026-06-11","US0844237067","084423706","WRB","WRB","WR BERKLEY CORPORATION","Financial Institutions","492736.0","492052.0","-684.0","0.0008","0.0008","0.0","21.51","-14712.84","SELL","1","WRB",2094387,0.0,25.0,-13.96,0.0
"2026-06-11","US38741L3050","38741L305","GPMT-A","GPMT","GRANITE POINT MORTGAGE TRUST INC","Financial Institutions","554902.0","554134.0","-768.0","0.0008","0.0008","0.0","19.1","-14668.8","SELL","1","GPMT-PA",3651,0.2,25.0,-23.6,4.72
"2026-06-11","US58844R7026","58844R702","MBIN-C","MBIN","MERCHANTS BANCORP","Financial Institutions","522587.0","521867.0","-720.0","0.0008","0.0008","0.0","20.26","-14587.2","SELL","1","","","",25.0,-18.96,""
"2026-06-11","US38144X6094","38144X609","GS-C","GS","GOLDMAN SACHS GROUP INC","Financial Institutions","539425.0","538681.0","-744.0","0.0008","0.0008","0.0","19.6","-14582.4","SELL","1","GS-PC",17025,0.0,25.0,-21.6,0.0
"2026-06-11","US3793783008","379378300","GNL-A","GNL","GLOBAL NET LEASE PREF SERIES A INC","Financial Institutions","458446.0","457810.0","-636.0","0.0008","0.0008","0.0","22.84","-14526.24","SELL","1","GNL-PA",8620,0.1,25.0,-8.64,0.86
"2026-06-11","US5303075031","530307503","LBRDA","LBRDA","LIBERTY BROADBAND CUM REDEEMABLE P","Industrial","478137.0","477477.0","-660.0","0.0008","0.0008","0.0","21.94","-14480.4","SELL","1","LBRDA",224320,0.0,25.0,-12.24,0.0
"2026-06-11","US0605058157","060505815","BAC-E","BAC","BANK OF AMERICA CORP PREF STOCK","Financial Institutions","553333.0","552565.0","-768.0","0.0008","0.0008","0.0","18.78","-14423.04","SELL","1","BAC-PE",21071,0.0,25.0,-24.88,0.0
"2026-06-11","US74460W3960","74460W396","PSA-S","PSA","PUBLIC STORAGE DEPOSITARY SHS EACH","Financial Institutions","654769.0","653869.0","-900.0","0.0008","0.0008","0.0","16.01","-14409.0","SELL","1","PSA-PS",20491,0.0,25.0,-35.96,0.0
"2026-06-11","US9197944047","919794404","VLY-C","VLY","VALLEY NATIONAL BANCORP","Financial Institutions","399294.0","398742.0","-552.0","0.0008","0.0008","0.0","26.03","-14368.56","SELL","1","","","",25.0,4.12,""
"2026-06-11","US0605056250","060505625","BAC-02","BAC","BANK OF AMERICA CORP","Financial Institutions","534567.0","533823.0","-744.0","0.0008","0.0008","0.0","19.3","-14359.2","SELL","1","","","",25.0,-22.8,""
"2026-06-11","US0423156068","042315606","ARR-C","ARR","ARMOUR RESIDENTIAL REIT INC","Financial Institutions","491308.0","490624.0","-684.0","0.0008","0.0008","0.0","20.99","-14357.16","SELL","1","ARR-PC",19864,0.0,25.0,-16.04,0.0
"2026-06-11","BMG053841620","-","AHL","AHL","ASPEN INSURANCE HOLDINGS LTD","Financial Institutions","532153.0","531421.0","-732.0","0.0008","0.0008","0.0","19.61","-14354.52","SELL","1","","","",25.0,-21.56,""
"2026-06-11","US11259P3073","11259P307","BRBRPH","BEPUCN","BROOKFIELD BRP HOLDINGS (CANADA) I","Utility","404487.0","403923.0","-564.0","0.0008","0.0008","0.0","25.45","-14353.8","SELL","1","","","",25.0,1.8,""
"2026-06-11","US2333318267","233331826","DTE-G","DTE","DTE ENERGY COMPANY","Utility","612297.0","611457.0","-840.0","0.0008","0.0008","0.0","16.93","-14221.2","SELL","1","","","",25.0,-32.28,""
"2026-06-11","US6740013007","674001300","OAK-A","OAK","OAKTREE CAPITAL GROUP LLC","Financial Institutions","485467.0","484795.0","-672.0","0.0008","0.0008","0.0","21.15","-14212.8","SELL","1","OAK-PA",9710,0.1,25.0,-15.4,1.54
"2026-06-11","BMG9078F1648","-","TRTN-D","TRTN","TRITON INTERNATIONAL LTD","Industrial","398450.0","397850.0","-600.0","0.0007","0.0007","0.0","23.68","-14208.0","SELL","1","TRTN-PD",7274,0.1,25.0,-5.28,0.53
"2026-06-11","US1258968379","125896837","CMS-C","CMS","CMS ENERGY CORPORATION","Utility","612403.0","611563.0","-840.0","0.0008","0.0008","0.0","16.88","-14179.2","SELL","1","CMS-PC",13885,0.1,25.0,-32.48,3.25
"2026-06-11","US78407R2040","78407R204","SCE-J","EIX","SCE TRUST II CUM TRUST SECS P","Utility","585757.0","584953.0","-804.0","0.0008","0.0008","0.0","17.61","-14158.44","SELL","1","","","",25.0,-29.56,""
"2026-06-11","BMG162491564","-","BPY-A2","BPY","BROOKFIELD PROPERTY PARTNERS LP","Industrial","674191.0","673255.0","-936.0","0.0008","0.0008","0.0","15.08","-14114.88","SELL","1","","","",25.0,-39.68,""
"2026-06-11","US00123Q8565","00123Q856","AGNCL","AGNC","AGNC INVESTMENT CORP","Financial Institutions","404451.0","403887.0","-564.0","0.0008","0.0008","0.0","25.02","-14111.28","SELL","1","AGNCL",10710,0.1,25.0,0.08,0.0
"2026-06-11","US04208T2078","04208T207","AHH-A","AHH","ARMADA HOFFLER PROPERTIES INC","Financial Institutions","461473.0","460837.0","-636.0","0.0008","0.0008","0.0","22.0","-13992.0","SELL","1","","","",25.0,-12.0,""
"2026-06-11","US4101204067","410120406","HWC","HWC","HANCOCK WHITNEY CORP","Financial Institutions","459116.0","458480.0","-636.0","0.0007","0.0007","0.0","21.81","-13871.16","SELL","1","HWC",823984,0.0,25.0,-12.76,0.0
"2026-06-11","US10922N8891","10922N889","BHF-D","BHF","BRIGHTHOUSE FINANCIAL INC","Financial Institutions","931766.0","930482.0","-1284.0","0.0007","0.0007","0.0","10.8","-13867.2","SELL","1","","","",25.0,-56.8,""
"2026-06-11","US8606307069","860630706","SF-B","SF","STIFEL FINANCIAL CORP","Financial Institutions","431491.0","430891.0","-600.0","0.0007","0.0007","0.0","23.1","-13860.0","SELL","1","SF-PB",9317,0.1,25.0,-7.6,0.76
"2026-06-11","US87266M2061","87266M206","TRTX-C","TRTX","TPG RE FIN TR PREF SERIES C INC TR","Financial Institutions","542856.0","542112.0","-744.0","0.0007","0.0007","0.0","18.5","-13764.0","SELL","1","TRTX-PC",7067,0.1,25.0,-26.0,2.6
"2026-06-11","US6496048819","649604881","ADAM-D","ADAM","NEW YORK MORTGAGE TRUST INC","Financial Institutions","414400.0","413824.0","-576.0","0.0007","0.0007","0.0","23.68","-13639.68","SELL","1","","","",25.0,-5.28,""
"2026-06-11","US3205174028","320517402","FHN-E","FHN","FIRST HORIZON NATIONAL CORP","Financial Institutions","404486.0","403922.0","-564.0","0.0007","0.0007","0.0","24.16","-13626.24","SELL","1","FHN-PE",5879,0.1,25.0,-3.36,0.34
"2026-06-11","US04914Y3009","04914Y300","ATLC","ATLC","ATLANTICUS HOLDINGS CORP","Financial Institutions","394335.0","393795.0","-540.0","0.0007","0.0007","0.0","25.2","-13608.0","SELL","1","ATLC",92352,0.0,25.0,0.8,0.0
"2026-06-11","US70509V8862","70509V886","PEB-H","PEB","PEBBLEBROOK HOTEL TRUST","Financial Institutions","527727.0","526995.0","-732.0","0.0007","0.0007","0.0","18.53","-13563.96","SELL","1","PEB-PH",35333,0.0,25.0,-25.88,0.0
"2026-06-11","US58844R8842","58844R884","MBIN","MBIN","MERCHANTS BANCORP","Financial Institutions","379012.0","378484.0","-528.0","0.0007","0.0007","0.0","25.68","-13559.04","SELL","1","MBIN",130786,0.0,25.0,2.72,0.0
"2026-06-11","US4461507810","446150781","HBAN-C","HBAN","HUNTINGTON BANCSHARES INC","Financial Institutions","471955.0","471307.0","-648.0","0.0007","0.0007","0.0","20.71","-13420.08","SELL","1","","","",25.0,-17.16,""
"2026-06-11","US74460W5379","74460W537","PSA-M","PSA","PUBLIC STORAGE","Financial Institutions","600545.0","599717.0","-828.0","0.0007","0.0007","0.0","16.08","-13314.24","SELL","1","PSA-PM",9423,0.1,25.0,-35.68,3.57
"2026-06-11","US26884U2087","26884U208","EPR-C","EPR","EPR PROPERTIES 5.75% CUM CONV PREF","Financial Institutions","363621.0","363117.0","-504.0","0.0007","0.0007","0.0","26.3","-13255.2","SELL","1","EPR-PC",4379,0.1,25.0,5.2,0.0
"2026-06-11","BMG9078F1317","-","TRTN-B","TRTN","TRITON INTERNATIONAL LTD","Industrial","382371.0","381843.0","-528.0","0.0007","0.0007","0.0","25.07","-13236.96","SELL","1","TRTN-PB",6231,0.1,25.0,0.28,0.0
"2026-06-11","US4884013081","488401308","KMPR","KMPR","KEMPER CORP","Financial Institutions","398882.0","398330.0","-552.0","0.0007","0.0007","0.0","23.88","-13181.76","SELL","1","KMPR",1057589,0.0,25.0,-4.48,0.0
"2026-06-11","US6496048652","649604865","ADAM-F","ADAM","NEW YORK MORTGAGE TRUST INC","Financial Institutions","391329.0","390789.0","-540.0","0.0007","0.0007","0.0","24.21","-13073.4","SELL","1","","","",25.0,-3.16,""
"2026-06-11","US0259328807","025932880","AFG","AFG","AMERICAN FINANCIAL GROUP INC","Financial Institutions","532079.0","531347.0","-732.0","0.0007","0.0007","0.0","17.82","-13044.24","SELL","1","AFG",436677,0.0,25.0,-28.72,0.0
"2026-06-11","US11272B1035","11272B103","BNCN","BNCN","BROOKFIELD FINANCE I UK PLC","Financial Institutions","620355.0","619503.0","-852.0","0.0007","0.0007","0.0","15.23","-12975.96","SELL","1","","","",25.0,-39.08,""
"2026-06-11","US4461507570","446150757","HBANZ","HBAN","HUNTINGTON BANCSHARES DEPOSITARY S","Financial Institutions","460440.0","459804.0","-636.0","0.0007","0.0007","0.0","20.02","-12732.72","SELL","1","HBANZ",12841,0.0,25.0,-19.92,0.0
"2026-06-11","BMG9078F2067","-","TRTN","TRTN","TRITON INTERNATIONAL LTD","Industrial","398721.0","398169.0","-552.0","0.0007","0.0007","0.0","22.75","-12558.0","SELL","1","","","",25.0,-9.0,""
"2026-06-11","USG162522670","-","BIP-13","BIP","BROOKFIELD INFRASTRUCTURE CLASS","Utility","539425.0","538681.0","-744.0","0.0007","0.0007","0.0","16.81","-12506.64","SELL","1","","","",25.0,-32.76,""
"2026-06-11","US89832Q8107","89832Q810","TFC-I","TFC","TRUIST FINANCIAL DS REPRESENTING","Financial Institutions","465214.0","464566.0","-648.0","0.0007","0.0007","0.0","18.83","-12201.84","SELL","1","TFC-PI",11345,0.1,25.0,-24.68,2.47
"2026-06-11","US26884U5056","26884U505","EPR-G","EPR","EPR PROPERTIES","Financial Institutions","404560.0","403996.0","-564.0","0.0006","0.0006","0.0","21.5","-12126.0","SELL","1","EPR-PG",9146,0.1,25.0,-14.0,1.4
"2026-06-11","US9478907036","947890703","WBS-G","WBS","WEBSTER FINANCIAL CORPORATION","Financial Institutions","364057.0","363553.0","-504.0","0.0007","0.0007","0.0","23.98","-12085.92","SELL","1","WBS-PG",6428,0.1,25.0,-4.08,0.41
"2026-06-11","BMG162522756","-","BIP-14","BIP","BROOKFIELD INFRASTRUCTURE PARTNERS","Utility","539425.0","538681.0","-744.0","0.0007","0.0006","-0.0001","16.12","-11993.28","SELL","1","","","",25.0,-35.52,""
"2026-06-11","US3765468679","376546867","GAIN","GAIN","GLADSTONE INVESTMENT CORP","Financial Institutions","335827.0","335359.0","-468.0","0.0006","0.0006","0.0","25.56","-11962.08","SELL","1","GAIN",375802,0.0,25.0,2.24,0.0
"2026-06-11","US25401T5048","25401T504","DBRG-H","DBRG","DIGITALBRIDGE GROUP .125 CUMULATIV","Financial Institutions","562312.0","561532.0","-780.0","0.0006","0.0006","0.0","15.33","-11957.4","SELL","1","DBRG-PH",27638,0.0,25.0,-38.68,0.0
"2026-06-11","US3765468836","376546883","GAIN","GAIN","GLADSTONE INVESTMENT CORP","Financial Institutions","357259.0","356767.0","-492.0","0.0006","0.0006","0.0","23.98","-11798.16","SELL","1","GAIN",375802,0.0,25.0,-4.08,0.0
"2026-06-11","US8163005031","816300503","SIGI-B","SIGI","SELECTIVE INS GROUP DS REPSTG IN","Financial Institutions","531214.0","530482.0","-732.0","0.0006","0.0006","0.0","16.02","-11726.64","SELL","1","","","",25.0,-35.92,""
"2026-06-11","BMG9078F1564","-","TRTN-E","TRTN","TRITON INTERNATIONAL LTD","Industrial","464974.0","464338.0","-636.0","0.0006","0.0006","0.0","18.42","-11715.12","SELL","1","TRTN-PE",4721,0.1,25.0,-26.32,2.63
"2026-06-11","US0259328641","025932864","AFG","AFG","AMERICAN FINANCIAL GROUP INC","Financial Institutions","531298.0","530566.0","-732.0","0.0006","0.0006","0.0","16.0","-11712.0","SELL","1","AFG",436677,0.0,25.0,-36.0,0.0
"2026-06-11","US9478905055","947890505","WBS-F","WBS","WEBSTER FINANCIAL DRC CORP","Financial Institutions","404487.0","403923.0","-564.0","0.0006","0.0006","0.0","20.7","-11674.8","SELL","1","WBS-PF",9920,0.1,25.0,-17.2,1.72
"2026-06-11","MHY8564M1131","-","TGP","TGP","TEEKAY LNG PARTNERS LP","Industrial","332619.0","332163.0","-456.0","0.0006","0.0006","0.0","25.6","-11673.6","SELL","1","","","",25.0,2.4,""
"2026-06-11","US90187B2007","90187B200","TWO-A","TWO","TWO HARBORS INVESTMENT CORP","Financial Institutions","340533.0","340065.0","-468.0","0.0006","0.0006","0.0","24.61","-11517.48","SELL","1","TWO-PA",17276,0.0,25.0,-1.56,0.0
"2026-06-11","US16934Q3074","16934Q307","CIM-A","CIM","CHIMERA INVESTMENT CORP","Financial Institutions","391098.0","390558.0","-540.0","0.0006","0.0006","0.0","21.1","-11394.0","SELL","1","CIM-PA",9833,0.1,25.0,-15.6,1.56
"2026-06-11","US68003D3035","68003D303","ONB-C","ONB","OLD NATIONAL BANCORP DEP SHS EACH","Financial Institutions","330382.0","329926.0","-456.0","0.0006","0.0006","0.0","24.85","-11331.6","SELL","1","","","",25.0,-0.6,""
"2026-06-11","US70509V7047","70509V704","PEB-F","PEB","PEBBLEBROOK HOTEL TRUST","Financial Institutions","397144.0","396592.0","-552.0","0.0006","0.0006","0.0","20.32","-11216.64","SELL","1","PEB-PF",23314,0.0,25.0,-18.72,0.0
"2026-06-11","US6496048165","649604816","ADAM","ADAM","NEW YORK MORTGAGE TRUST INC","Financial Institutions","310081.0","309649.0","-432.0","0.0006","0.0006","0.0","25.77","-11132.64","SELL","1","ADAM",813808,0.0,25.0,3.08,0.0
"2026-06-11","US0084922097","008492209","ADC-A","ADC","AGREE REALTY CORP","Financial Institutions","472027.0","471379.0","-648.0","0.0006","0.0006","0.0","17.17","-11126.16","SELL","1","ADC-PA",11912,0.1,25.0,-31.32,3.13
"2026-06-11","US3137452005","313745200","FRT-C","FRT","FEDERAL REALTY INVESTMENT DEPOSITA","Financial Institutions","404487.0","403923.0","-564.0","0.0006","0.0006","0.0","19.53","-11014.92","SELL","1","FRT-PC",7786,0.1,25.0,-21.88,2.19
"2026-06-11","US8964427046","896442704","TRIN","TRIN","TRINITY CAPITAL INC","Financial Institutions","309185.0","308753.0","-432.0","0.0006","0.0006","0.0","25.48","-11007.36","SELL","1","TRIN",1013945,0.0,25.0,1.92,0.0
"2026-06-11","US5977423038","597742303","MSBI","MSBI","MIDLAND STATES BANCORP INC","Financial Institutions","310117.0","309685.0","-432.0","0.0006","0.0006","0.0","25.46","-10998.72","SELL","1","MSBI",148388,0.0,25.0,1.84,0.0
"2026-06-11","MHY271831213","-","GSL","GSL","GLOBAL SHIP LEASE INC","Industrial","293914.0","293506.0","-408.0","0.0006","0.0006","0.0","26.95","-10995.6","SELL","1","GSL",361820,0.0,25.0,7.8,0.0
"2026-06-11","US8964426055","896442605","TRIN","TRIN","TRINITY CAPITAL INC","Financial Institutions","316135.0","315703.0","-432.0","0.0006","0.0006","0.0","25.43","-10985.76","SELL","1","TRIN",1013945,0.0,25.0,1.72,0.0
"2026-06-11","US0082528359","008252835","AMG","AMG","AFFILIATED MANAGERS GROUP INC.","Financial Institutions","530385.0","529653.0","-732.0","0.0006","0.0006","0.0","14.99","-10972.68","SELL","1","AMG",315346,0.0,25.0,-40.04,0.0
"2026-06-11","US90187B8871","90187B887","TWO","TWO","TWO HARBORS INVESTMENT CORP","Financial Institutions","310099.0","309667.0","-432.0","0.0006","0.0006","0.0","25.3","-10929.6","SELL","1","TWO",2208984,0.0,25.0,1.2,0.0
"2026-06-11","US28852N3070","28852N307","EFC-B","EFC","ELLINGTON FINANCIAL INC","Financial Institutions","325075.0","324631.0","-444.0","0.0006","0.0006","0.0","24.56","-10904.64","SELL","1","EFC-PB",3342,0.1,25.0,-1.76,0.18
"2026-06-11","US26817Q8785","26817Q878","DX-C","DX","DYNEX CAPITAL INC","Financial Institutions","300688.0","300268.0","-420.0","0.0006","0.0006","0.0","25.95","-10899.0","SELL","1","DX-PC",7615,0.1,25.0,3.8,0.0
"2026-06-11","US64944P3073","64944P307","FLG","NYCB","NEW YORK COMMUNITY CAPITAL TRUST V","Financial Institutions","192249.0","191985.0","-264.0","0.0006","0.0006","0.0","40.93","-10805.52","SELL","1","FLG",4111034,0.0,25.0,63.72,0.0
"2026-06-11","US0259328724","025932872","AFG","AFG","AMERICAN FINANCIAL GROUP INC","Financial Institutions","397657.0","397105.0","-552.0","0.0006","0.0006","0.0","19.54","-10786.08","SELL","1","AFG",436677,0.0,25.0,-21.84,0.0
"2026-06-11","US75574U8383","75574U838","RC","RC","READY CAPITAL CORP","Financial Institutions","350634.0","350154.0","-480.0","0.0006","0.0006","0.0","22.31","-10708.8","SELL","1","RC",1655641,0.0,25.0,-10.76,0.0
"2026-06-11","US8660826053","866082605","INN-E","INN","SUMMIT HOTEL PROPERTIES INC","Financial Institutions","431491.0","430891.0","-600.0","0.0006","0.0006","0.0","17.81","-10686.0","SELL","1","INN-PE",7727,0.1,25.0,-28.76,2.88
"2026-06-11","US26884U3077","26884U307","EPR-E","EPR","EPR PROPERTIES","Financial Institutions","232328.0","232004.0","-324.0","0.0006","0.0006","0.0","32.9","-10659.6","SELL","1","EPR-PE",3654,0.1,25.0,31.6,0.0
"2026-06-11","US6475513080","647551308","NMFC","NMFC","NEW MOUNTAIN FINANCE CORP","Financial Institutions","304765.0","304345.0","-420.0","0.0006","0.0006","0.0","25.33","-10638.6","SELL","1","NMFC",530802,0.0,25.0,1.32,0.0
"2026-06-11","BMG162491499","-","BPY-A-1","BPY","BROOKFIELD PROPERTY PARTNERS LP","Industrial","496303.0","495619.0","-684.0","0.0006","0.0006","0.0","15.48","-10588.32","SELL","1","","","",25.0,-38.08,""
"2026-06-11","US9197942066","919794206","VLY-A","VLY","VALLEY NATIONAL BANCORP","Financial Institutions","304770.0","304350.0","-420.0","0.0006","0.0006","0.0","25.1","-10542.0","SELL","1","","","",25.0,0.4,""
"2026-06-11","US20786W5031","20786W503","CNOB-A","CNOB","CONNECTONE BANCORP INC","Financial Institutions","304676.0","304256.0","-420.0","0.0006","0.0006","0.0","24.95","-10479.0","SELL","1","","","",25.0,-0.2,""
"2026-06-11","US2635343070","263534307","CTVA","CTVA","E I DU PONT DE NEMOURS AND CO","Industrial","110758.0","110602.0","-156.0","0.0006","0.0006","0.0","67.1","-10467.6","SELL","1","CTVA",3405938,0.0,25.0,168.4,0.0
"2026-06-11","US02665T8760","02665T876","AMH-G","AMH","AMERICAN HOMES 4 RENT","Financial Institutions","310119.0","309687.0","-432.0","0.0006","0.0006","0.0","24.09","-10406.88","SELL","1","AMH-PG",3398,0.1,25.0,-3.64,0.36
"2026-06-11","BMG162582313","-","BEPUCN","BEPUCN","BROOKFIELD RENEWABLE PARTNERS LP","Utility","540725.0","540125.0","-600.0","0.0007","0.0007","0.0","17.2","-10320.0","SELL","1","","","",25.0,-31.2,""
"2026-06-11","US68003D2045","68003D204","ONB-A","ONB","OLD NATIONAL BANCORP","Financial Institutions","291210.0","290802.0","-408.0","0.0005","0.0005","0.0","24.82","-10126.56","SELL","1","","","",25.0,-0.72,""
"2026-06-11","US02665T8687","02665T868","AMH-H","AMH","AMERICAN HOMES 4 RENT","Financial Institutions","310117.0","309685.0","-432.0","0.0005","0.0005","0.0","23.3","-10065.6","SELL","1","AMH-PH",6500,0.1,25.0,-6.8,0.68
"2026-06-11","US64828T3005","64828T300","RITM-A","RITM","NEW RESIDENTIAL INVESTMENT CORP","Financial Institutions","283838.0","283442.0","-396.0","0.0005","0.0005","0.0","25.24","-9995.04","SELL","1","RITM-PA",13425,0.0,25.0,0.96,0.0
"2026-06-11","US0605055914","060505591","BAC","BAC","BANK OF AMERICA DEPOSITORY SHARES","Financial Institutions","365213.0","364709.0","-504.0","0.0005","0.0005","0.0","19.79","-9974.16","SELL","1","BAC",34806187,0.0,25.0,-20.84,0.0
"2026-06-11","US7588498896","758849889","REG-A","REG","REGENCY CENTERS SERIES A CUMULAT","Financial Institutions","310117.0","309685.0","-432.0","0.0005","0.0005","0.0","23.03","-9948.96","SELL","1","","","",25.0,-7.88,""
"2026-06-11","US70931T8062","70931T806","PMT","PMT","PENNYMAC MORTGAGE INVESTMENT TRUST","Financial Institutions","283126.0","282730.0","-396.0","0.0005","0.0005","0.0","25.0","-9900.0","SELL","1","PMT",972179,0.0,25.0,0.0,0.0
"2026-06-11","US3205178656","320517865","FHN-F","FHN","FIRST HORIZON CORP (TENNESSEE)","Financial Institutions","404451.0","403887.0","-564.0","0.0005","0.0005","0.0","17.38","-9802.32","SELL","1","FHN-PF",6766,0.1,25.0,-30.48,3.05
"2026-06-11","US70931T3014","70931T301","PMT-A","PMT","PENNYMAC MORTGAGE INVESTMENT TRUST","Financial Institutions","310119.0","309687.0","-432.0","0.0005","0.0005","0.0","22.38","-9668.16","SELL","1","PMT-PA",6415,0.1,25.0,-10.48,1.05
"2026-06-11","US12621E3018","12621E301","CNO","CNO","CNO FINANCIAL GROUP INC","Financial Institutions","404451.0","403887.0","-564.0","0.0005","0.0005","0.0","17.11","-9650.04","SELL","1","CNO",755374,0.0,25.0,-31.56,0.0
"2026-06-11","US80349A8027","80349A802","SAR","SAR","SARATOGA INVESTMENT CORP","Financial Institutions","279102.0","278718.0","-384.0","0.0005","0.0005","0.0","25.0","-9600.0","SELL","1","SAR",98072,0.0,25.0,0.0,0.0
"2026-06-11","KYG3730V1398","-","FTAI-C","FTAI","FTAI AVIATION FIXED RATE RESET C","Industrial","277863.0","277479.0","-384.0","0.0005","0.0005","0.0","24.99","-9596.16","SELL","1","","","",25.0,-0.04,""
"2026-06-11","US7588498714","758849871","REG-B","REG","REGENCY CENTERS SERIES B CUMULAT","Financial Institutions","310123.0","309691.0","-432.0","0.0005","0.0005","0.0","22.21","-9594.72","SELL","1","","","",25.0,-11.16,""
"2026-06-11","US3793784097","379378409","GNL-B","GNL","GLOBAL NET LEASE INC","Financial Institutions","316680.0","316248.0","-432.0","0.0005","0.0005","0.0","22.17","-9577.44","SELL","1","GNL-PB",3586,0.1,25.0,-11.32,1.13
"2026-06-11","US73317H2067","73317H206","BPOP","BPOP","POPULAR CAPITAL TRUST II","Financial Institutions","272511.0","272139.0","-372.0","0.0005","0.0005","0.0","25.59","-9519.48","SELL","1","BPOP",435248,0.0,25.0,2.36,0.0
"2026-06-11","US28852N4060","28852N406","EFC-C","EFC","ELLINGTON FINANCIAL INC","Financial Institutions","269704.0","269332.0","-372.0","0.0005","0.0005","0.0","25.52","-9493.44","SELL","1","EFC-PC",1130,0.3,25.0,2.08,0.0
"2026-06-11","US0259328070","025932807","AFG","AFG","AMERICAN FINANCIAL GROUP INC","Financial Institutions","330730.0","330274.0","-456.0","0.0005","0.0005","0.0","20.76","-9466.56","SELL","1","AFG",436677,0.0,25.0,-16.96,0.0
"2026-06-11","US00489Q3002","00489Q300","ACR-D","ACR","ACRES COMMERCIAL REALTY CORP","Financial Institutions","303899.0","303479.0","-420.0","0.0005","0.0005","0.0","22.41","-9412.2","SELL","1","ACR-PD",4523,0.1,25.0,-10.36,1.04
"2026-06-11","US74460W4877","74460W487","PSA-O","PSA","PUBLIC STORAGE","Financial Institutions","443666.0","443054.0","-612.0","0.0005","0.0005","0.0","15.24","-9326.88","SELL","1","PSA-PO",19110,0.0,25.0,-39.04,0.0
"2026-06-11","US2298993070","229899307","CFR-B","CFR","CULLEN FROST BANKERS DRC INC","Financial Institutions","404451.0","403887.0","-564.0","0.0005","0.0005","0.0","16.52","-9317.28","SELL","1","CFR-PB",10619,0.1,25.0,-33.92,3.39
"2026-06-11","US22948Q2003","22948Q200","CTO-A","CTO","CTO REALTY GROWTH INC","Financial Institutions","317781.0","317337.0","-444.0","0.0005","0.0005","0.0","20.87","-9266.28","SELL","1","CTO-PA",4077,0.1,25.0,-16.52,1.65
"2026-06-11","US8043958797","804395879","BFS-E","BFS","SAUL CENTERS INC","Financial Institutions","296731.0","296323.0","-408.0","0.0005","0.0005","0.0","22.43","-9151.44","SELL","1","BFS-PE",3792,0.1,25.0,-10.28,1.03
"2026-06-11","US53803X4025","53803X402","LOB-A","LOB","LIVE OAK BANCSHARES INC","Financial Institutions","264423.0","264063.0","-360.0","0.0005","0.0005","0.0","25.2","-9072.0","SELL","1","LOB-PA",12342,0.0,25.0,0.8,0.0
"2026-06-11","US16208T2015","16208T201","CLDT-A","CLDT","CHATHAM LODGING TRUST","Financial Institutions","323676.0","323232.0","-444.0","0.0005","0.0005","0.0","20.35","-9035.4","SELL","1","CLDT-PA",29908,0.0,25.0,-18.6,0.0
"2026-06-11","US9197943056","919794305","VLY-B","VLY","VALLEY NATL NON CUM PERP PREF SERI","Financial Institutions","264334.0","263974.0","-360.0","0.0005","0.0005","0.0","25.04","-9014.4","SELL","1","","","",25.0,0.16,""
"2026-06-11","US7580758578","758075857","RWT","RWT","REDWOOD TRUST INC","Financial Institutions","269686.0","269314.0","-372.0","0.0005","0.0005","0.0","23.86","-8875.92","SELL","1","RWT",1040490,0.0,25.0,-4.56,0.0
"2026-06-11","US20451Q2030","20451Q203","CODI-A","CODI","COMPASS DIVERSIFIED HOLDINGS","Financial Institutions","308811.0","308379.0","-432.0","0.0005","0.0005","0.0","20.01","-8644.32","SELL","1","CODI-PA",5436,0.1,25.0,-19.96,2.0
"2026-06-11","US29364P1030","29364P103","ETR","ETR","ENTERGY NEW ORLEANS INC","Utility","290572.0","290176.0","-396.0","0.0005","0.0005","0.0","21.55","-8533.8","SELL","1","ETR",3891271,0.0,25.0,-13.8,0.0
"2026-06-11","US3131488278","313148827","AGMPP","FAMCA","FEDERAL AGRIC MTG NON CUMULATIVE P","Agency","264117.0","263757.0","-360.0","0.0005","0.0005","0.0","23.59","-8492.4","SELL","1","","","",25.0,-5.64,""
"2026-06-11","US6943082064","694308206","PCG-A","PCG","PACIFIC GAS & ELEC CO","Utility","277935.0","277551.0","-384.0","0.0005","0.0005","0.0","22.1","-8486.4","SELL","1","PCG-PA",6084,0.1,25.0,-11.6,1.16
"2026-06-11","US25432X2018","25432X201","DCOM","DCOM","DIME COMMUNITY BANCSHARES CUMULATI","Financial Institutions","350067.0","349587.0","-480.0","0.0005","0.0005","0.0","17.68","-8486.4","SELL","1","DCOM",281281,0.0,25.0,-29.28,0.0
"2026-06-11","US5290433094","529043309","LXP-C","LXP","LXP INDUSTRIAL TRUST","Financial Institutions","130500.0","130320.0","-180.0","0.0004","0.0004","0.0","45.89","-8260.2","SELL","1","LXP-PC",2112,0.1,25.0,83.56,0.0
"2026-06-11","US3131488435","313148843","FAMCA","FAMCA","FEDERAL AGRICULTURAL MORTGAGE CORP","Agency","316546.0","316114.0","-432.0","0.0004","0.0004","0.0","18.79","-8117.28","SELL","1","","","",25.0,-24.84,""
"2026-06-11","US74348T5653","74348T565","PSEC-A","PSEC","PROSPECT CAPITAL CORP","Financial Institutions","346070.0","345590.0","-480.0","0.0004","0.0004","0.0","16.82","-8073.6","SELL","1","PSEC-PA",6465,0.1,25.0,-32.72,3.27
"2026-06-11","US3131488351","313148835","FAMCA","FAMCA","FEDERAL AGRICULTURAL MORTGAGE NO","Agency","329476.0","329020.0","-456.0","0.0004","0.0004","0.0","17.59","-8021.04","SELL","1","","","",25.0,-29.64,""
"2026-06-11","US70509V6056","70509V605","PEB-E","PEB","PEBBLEBROOK HOTEL TRUST","Financial Institutions","287548.0","287152.0","-396.0","0.0004","0.0004","0.0","20.22","-8007.12","SELL","1","PEB-PE",11015,0.0,25.0,-19.12,0.0
"2026-06-11","US74460W4463","74460W446","PSA-Q","PSA","PUBLIC STORAGE","Financial Institutions","372970.0","372454.0","-516.0","0.0004","0.0004","0.0","15.37","-7930.92","SELL","1","PSA-PQ",11331,0.0,25.0,-38.52,0.0
"2026-06-11","US00489Q2012","00489Q201","ACR-C","ACR","ACRES COMMERCIAL REALTY .625 FIXED","Financial Institutions","324975.0","324675.0","-300.0","0.0006","0.0006","0.0","25.41","-7623.0","SELL","1","ACR-PC",7215,0.0,25.0,1.64,0.0
"2026-06-11","US55272X7066","55272X706","MFA","MFA","MFA FINANCIAL INC","Financial Institutions","311100.0","310800.0","-300.0","0.0006","0.0006","0.0","25.09","-7527.0","SELL","1","MFA",1346574,0.0,25.0,0.36,0.0
"2026-06-11","US0454874027","045487402","ASB-F","ASB","ASSOCIATED BANC DEPOSITARY SHARES","Financial Institutions","269713.0","269341.0","-372.0","0.0004","0.0004","0.0","20.19","-7510.68","SELL","1","ASB-PF",4316,0.1,25.0,-19.24,1.92
"2026-06-11","US16934Q8693","16934Q869","CIM","CIM","CHIMERA INVESTMENT CORP","Financial Institutions","324789.0","324489.0","-300.0","0.0006","0.0006","0.0","25.0","-7500.0","SELL","1","CIM",568500,0.0,25.0,0.0,0.0
"2026-06-11","US3765468596","376546859","GAIN","GAIN","GLADSTONE INVESTMENT CORP","Financial Institutions","264775.0","264475.0","-300.0","0.0005","0.0005","0.0","24.98","-7494.0","SELL","1","GAIN",375810,0.0,25.0,-0.08,0.0
"2026-06-11","US80349A8514","80349A851","SAR","SAR","SARATOGA INVESTMENT CORP","Financial Institutions","265100.0","264800.0","-300.0","0.0005","0.0005","0.0","24.86","-7458.0","SELL","1","SAR",98072,0.0,25.0,-0.56,0.0
"2026-06-11","US14040H7742","14040H774","COF-K","COF","CAPITAL ONE FINANCIAL CORPORATION","Financial Institutions","318522.0","318078.0","-444.0","0.0004","0.0004","0.0","16.78","-7450.32","SELL","1","COF-PK",15118,0.0,25.0,-32.88,0.0
"2026-06-11","US3131488682","313148868","FAMCA","FAMCA","FEDERAL AGRICULTURAL MORTGAGE CORP","Agency","263131.0","262771.0","-360.0","0.0004","0.0004","0.0","20.59","-7412.4","SELL","1","","","",25.0,-17.64,""
"2026-06-11","US78163D4079","78163D407","RWAY","RWAY","RUNWAY GROWTH FINANCE","Financial Institutions","265025.0","264725.0","-300.0","0.0005","0.0005","0.0","24.54","-7362.0","SELL","1","RWAY",639390,0.0,25.0,-1.84,0.0
"2026-06-11","US0454872047","045487204","ASB-E","ASB","ASSOCIATED BANC-CORP","Financial Institutions","269686.0","269314.0","-372.0","0.0004","0.0004","0.0","19.65","-7309.8","SELL","1","ASB-PE",4245,0.1,25.0,-21.4,2.14
"2026-06-11","US9116847024","911684702","UZA","AD","UNITED STATES CELLULAR CORPORATION","Industrial","278506.0","278122.0","-384.0","0.0004","0.0004","0.0","19.0","-7296.0","SELL","1","","","",25.0,-24.0,""
"2026-06-11","US56029Q4082","56029Q408","MHLD","MHLD","MAIDEN HOLDINGS NORTH AMERICA LTD","Financial Institutions","400871.0","400319.0","-552.0","0.0004","0.0004","0.0","12.75","-7038.0","SELL","1","","","",25.0,-49.0,""
"2026-06-11","US9116848840","911684884","UZC","AD","UNITED STATES CELLULAR CORPORATION","Industrial","274195.0","273811.0","-384.0","0.0003","0.0003","0.0","16.85","-6470.4","SELL","1","","","",25.0,-32.6,""
"2026-06-11","US8678928040","867892804","SHO-H","SHO","SUNSTONE HOTEL INVESTORS INC","Financial Institutions","301575.0","301275.0","-300.0","0.0005","0.0005","0.0","21.5","-6450.0","SELL","1","SHO-PH",21603,0.0,25.0,-14.0,0.0
"2026-06-11","US8660827044","866082704","INN-F","INN","SUMMIT HOTEL PROPERTIES INC","Financial Institutions","269713.0","269341.0","-372.0","0.0003","0.0003","0.0","17.06","-6346.32","SELL","1","INN-PF",11857,0.0,25.0,-31.76,0.0
"2026-06-11","US75574U8870","75574U887","RC-E","RC","READY CAPITAL CORP","Financial Institutions","310081.0","309649.0","-432.0","0.0003","0.0003","0.0","12.35","-5335.2","SELL","1","RC-PE",6461,0.1,25.0,-50.6,5.06
"2026-06-11","US5602923022","560292302","MHLD","MHLD","MAIDEN HOLDINGS LTD","Financial Institutions","285749.0","285353.0","-396.0","0.0002","0.0002","0.0","11.5","-4554.0","SELL","1","","","",25.0,-54.0,""
"2026-06-11","US10482B2007","10482B200","BHR-B","BHR","BRAEMAR HOTEL & RESORTS INC","Financial Institutions","207566.0","207278.0","-288.0","0.0002","0.0002","0.0","14.85","-4276.8","SELL","1","BHR-PB",6660,0.0,25.0,-40.6,0.0
"2026-06-11","US5835432023","583543202","SLNH-A","SLNH","SOLUNA HOLDINGS INC","Industrial","323963.0","323663.0","-300.0","0.0003","0.0003","0.0","11.29","-3387.0","SELL","1","","","",25.0,-54.84,""
"2026-06-11","US7244795065","724479506","PBI","PBI","PITNEY BOWES INC","Industrial","950906.0","950906.0","0.0","0.0015","0.0015","0.0","20.83","0.0","UNCHANGED","1","","","","","",""
"2026-06-11","US29452E2000","29452E200","EQH-A","EQH","EQUITABLE HLDNGS DRC REPRESENTING","Financial Institutions","2172281.0","2172281.0","0.0","0.0031","0.0032","0.0001","19.5","0.0","UNCHANGED","1","","","","","",""
"2026-06-11","US06417N2027","06417N202","OZK-A","OZK","BANK OZK","Financial Institutions","951046.0","951046.0","0.0","0.0012","0.0012","0.0","16.36","0.0","UNCHANGED","1","","","","","",""
"2026-06-11","US0625452075","062545207","BOH-A","BOH","BANK OF HAWAII CORP","Financial Institutions","484757.0","484757.0","0.0","0.0006","0.0006","0.0","15.89","0.0","UNCHANGED","1","","","","","",""
"2026-06-11","US0389238504","038923850","ABR-F","ABR","ARBOR REALTY TRUST INC","Financial Institutions","771292.0","771292.0","0.0","0.0013","0.0013","0.0","22.84","0.0","UNCHANGED","1","","","","","",""
"2026-06-11","BMG7498P1279","-","RNR-G","RNR","RENAISSANCERE HOLDINGS LTD","Financial Institutions","1362026.0","1362026.0","0.0","0.0015","0.0015","0.0","15.22","0.0","UNCHANGED","1","","","","","",""
"2026-06-11","US9388243076","938824307","WAFD-A","WAFD","WASHINGTON FEDERAL INC","Financial Institutions","813970.0","813970.0","0.0","0.001","0.001","0.0","16.22","0.0","UNCHANGED","1","","","","","",""
"2026-06-11","US74913G8814","74913G881","CTL","CTL","QWEST CORP","Industrial","2691284.0","2691284.0","0.0","0.0039","0.0039","0.0","19.38","0.0","UNCHANGED","1","","","","","",""
"2026-06-11","US78442P5026","78442P502","SLM-B","SLM","SLM CORP","Financial Institutions","170236.0","170236.0","0.0","0.001","0.001","0.0","75.0","0.0","UNCHANGED","1","","","","","",""
"2026-06-11","US04621X3061","04621X306","AIZ","AIZ","ASSURANT INC","Financial Institutions","671135.0","671135.0","0.0","0.001","0.001","0.0","19.06","0.0","UNCHANGED","1","","","","","",""
"2026-06-11","US0389238769","038923876","ABR-D","ABR","ARBOR REALTY TRUST INC","Financial Institutions","622146.0","622146.0","0.0","0.0008","0.0008","0.0","16.18","0.0","UNCHANGED","1","","","","","",""
"2026-06-11","US46817M2061","46817M206","JXN","JXN","JACKSON FINANCIAL INC","Financial Institutions","1498271.0","1498271.0","0.0","0.0029","0.0029","0.0","25.58","0.0","UNCHANGED","1","","","","","",""
"2026-06-11","US3765493099","376549309","LAND-B","LAND","GLADSTONE LAND CORP","Financial Institutions","393650.0","393650.0","0.0","0.0006","0.0006","0.0","20.71","0.0","UNCHANGED","1","","","","","",""
"2026-06-11","US74913G8731","74913G873","CTL","CTL","QWEST CORP","Industrial","1818042.0","1818042.0","0.0","0.0026","0.0026","0.0","19.4","0.0","UNCHANGED","1","","","","","",""
"2026-06-11","US34988VAF31","34988VAF3","FOSL","FOSL","FOSSIL GROUP INC","Industrial","1174925.0","1174925.0","0.0","0.0001","0.0001","0.0","73.8","0.0","UNCHANGED","1","","","","","",""
"2026-06-11","US5341878859","534187885","LNC-D","LNC","LINCOLN NATIONAL CORPORATION","Financial Institutions","1362035.0","1362035.0","0.0","0.0027","0.0027","0.0","26.48","0.0","UNCHANGED","1","","","","","",""
"2026-06-11","US0669224778","066922477","XTSLA","XTSLA","BLK CSH FND TREASURY SL AGENCY","Cash and/or Derivatives","40721041.0","40721041.0","0.0","0.0031","0.003","-0.0001","1.0","0.0","UNCHANGED","1","","","","","",""
"2026-06-11","US17259U4022","17259U402","CION","CICC","CION INVESTMENT NOTES DUE CORP","Financial Institutions","337169.0","337169.0","0.0","0.0006","0.0006","0.0","25.06","0.0","UNCHANGED","1","","","","","",""
"2026-06-11","US75968N3098","75968N309","RNR-F","RNR","RENAISSANCERE HOLDINGS LTD","Financial Institutions","681600.0","681600.0","0.0","0.0011","0.0011","0.0","21.19","0.0","UNCHANGED","1","","","","","",""
"2026-06-11","US3602713089","360271308","FULT-A","FULT","FULTON FINANCIAL CORPORATION","Financial Institutions","540817.0","540817.0","0.0","0.0007","0.0007","0.0","18.28","0.0","UNCHANGED","1","","","","","",""
"2026-06-11","US0389238686","038923868","ABR-E","ABR","ARBOR REALTY TRUST INC","Financial Institutions","385742.0","385742.0","0.0","0.0005","0.0005","0.0","15.93","0.0","UNCHANGED","1","","","","","",""
"2026-06-11","US29452E4089","29452E408","EQH-C","EQH","EQUITABLE HOLDINGS INC","Financial Institutions","811206.0","811206.0","0.0","0.001","0.001","0.0","16.21","0.0","UNCHANGED","1","","","","","",""
"2026-06-11","US30190A6091","30190A609","FG","FG","F&G ANNUITIES & LIFE INC","Financial Institutions","1012645.0","1012645.0","0.0","0.0016","0.0016","0.0","21.5","0.0","UNCHANGED","1","","","","","",""
"2026-06-11","US05461T3059","05461T305","AXS-E","AXS","AXIS CAPITAL HOLDINGS LTD","Financial Institutions","1498256.0","1498256.0","0.0","0.0022","0.0022","0.0","19.52","0.0","UNCHANGED","1","","","","","",""
"2026-06-11","US0625403078","062540307","BOH","BOH","BANK OF HAWAII CORP","Financial Institutions","447100.0","447100.0","0.0","0.0009","0.0009","0.0","26.24","0.0","UNCHANGED","1","","","","","",""
"2026-06-11","US30190A2033","30190A203","FG","FG","F&G ANNUITIES & LIFE INC","Financial Institutions","932154.0","932154.0","0.0","0.0017","0.0017","0.0","24.71","0.0","UNCHANGED","1","","","","","",""
