"date","isin","cusip","ticker","ticker_raw","name","sector","prior_shares","today_shares","shares_delta","prior_weight","today_weight","weight_delta","price","dollar_flow","flow_type","gap_days","yahoo_ticker","adv_30d","overhang_days","par_value","price_vs_par_pct","signal_score"
"2026-06-25","-","-","USD","USD","USD CASH","Cash and/or Derivatives","682835.0","1219754.0","536919.0","0.0001","0.0001","0.0","100.0","53691900.0","UNCHANGED","1","","","","","",""
"2026-06-25","US0970232049","097023204","BA","BA","BOEING CO","Industrial","7678811.0","7656511.0","-22300.0","0.0405","0.0401","-0.0004","68.26","-1522198.0","SELL","1","BA",6805757,0.0,25.0,173.04,0.0
"2026-06-25","US5949728530","594972853","STRC","MSTR","STRATEGY INC","Industrial","4560124.0","4546874.0","-13250.0","0.028","0.0264","-0.0016","75.69","-1002892.5","SELL","1","STRC",4037397,0.0,25.0,202.76,0.0
"2026-06-25","US68389X2045","68389X204","ORCL-D","ORCL","ORACLE CORPORATION","Industrial","6675850.0","6655850.0","-20000.0","0.0242","0.0237","-0.0005","46.36","-927200.0","SELL","1","ORCL-PD",752554,0.0,25.0,85.44,0.0
"2026-06-25","US9497468044","949746804","WFC-L","WFC","WELLS FARGO & COMPANY SERIES L","Financial Institutions","265014.0","264239.0","-775.0","0.0236","0.0236","0.0","1166.01","-903657.75","SELL","1","WFC-PL",7160,0.1,1000.0,16.6,0.0
"2026-06-25","US42824C2089","42824C208","HPE-A","HPE","HEWLETT PACKARD ENTERPRISE CONV PR","Industrial","2003944.0","1998119.0","-5825.0","0.019","0.0183","-0.0007","119.35","-695213.75","SELL","1","","","",1000.0,-88.06,""
"2026-06-25","US0605056821","060505682","BAC-L","BAC","BANK OF AMERICA CORP","Financial Institutions","151480.0","151030.0","-450.0","0.0144","0.0146","0.0002","1259.84","-566928.0","SELL","1","BAC-PL",8263,0.1,1000.0,25.98,0.0
"2026-06-25","US0126532003","012653200","ALB","ALB","ALBEMARLE CORP","Industrial","3072740.0","3063815.0","-8925.0","0.014","0.0135","-0.0005","57.63","-514347.75","SELL","1","ALB",2204958,0.0,25.0,130.52,0.0
"2026-06-25","US1730802014","173080201","C","C","CITIGROUP CAPITAL XIII","Financial Institutions","6001246.0","5983821.0","-17425.0","0.013","0.0131","0.0001","28.49","-496438.25","SELL","1","C",11679727,0.0,25.0,13.96,0.0
"2026-06-25","US5950173022","595017302","MCHP","MCHP","MICROCHIP TECHNOLOGY INCORPORATED","Industrial","1982316.0","1976566.0","-5750.0","0.0117","0.012","0.0003","79.05","-454537.5","SELL","1","MCHP",11412945,0.0,25.0,216.2,0.0
"2026-06-25","US65339F6557","65339F655","NEE-V","NEE","NEXTERA ENERGY INC","Utility","3072740.0","3063815.0","-8925.0","0.0112","0.0113","0.0001","47.87","-427239.75","SELL","1","NEE-PV",524900,0.0,25.0,91.48,0.0
"2026-06-25","US65339F6631","65339F663","NEE-S","NEECU","NEXTERA ENERGY UNITS INC","Utility","2671992.0","2664242.0","-7750.0","0.0109","0.0109","0.0","53.49","-414547.5","SELL","1","NEE-PS",329024,0.0,25.0,113.96,0.0
"2026-06-25","US48251W5004","48251W500","KKR-D","KKR","KKR & CO INC","Financial Institutions","3453581.0","3443556.0","-10025.0","0.0104","0.0106","0.0002","40.09","-401902.25","SELL","1","KKR-PD",176985,0.1,25.0,60.36,0.0
"2026-06-25","US8425878423","842587842","SO-A","SO","SOUTHERN COMPANY (THE)","Utility","2669294.0","2661544.0","-7750.0","0.0102","0.0102","0.0","49.82","-386105.0","SELL","1","SOPA",2915942,0.0,25.0,99.28,0.0
"2026-06-25","US48128B6487","48128B648","JPM-EE","JPM","JPMORGAN CHASE & CO","Financial Institutions","4943136.0","4928786.0","-14350.0","0.0095","0.0095","0.0","25.12","-360472.0","SELL","1","","","",25.0,0.48,""
"2026-06-25","US10950A2050","10950A205","BTSG","BTSG","BRIGHTSPRING HEALTH SERVICES UNITS","Industrial","533713.0","532163.0","-1550.0","0.0089","0.0094","0.0005","230.23","-356856.5","SELL","1","BTSG",3164912,0.0,1000.0,-76.98,0.0
"2026-06-25","US03769M3043","03769M304","APO","APO","APOLLO GLOBAL MANAGEMENT INC","Financial Institutions","1918401.0","1912826.0","-5575.0","0.0092","0.0092","0.0","62.36","-347657.0","SELL","1","APO",3351237,0.0,25.0,149.44,0.0
"2026-06-25","US48128B6552","48128B655","JPM-DD","JPM","JPMORGAN CHASE & CO","Financial Institutions","4532362.0","4519212.0","-13150.0","0.0083","0.0082","-0.0001","23.71","-311786.5","SELL","1","","","",25.0,-5.16,""
"2026-06-25","US65339F1194","65339F119","NEE-T","NEECV","NEXTERA ENERGY UNITS INC","Utility","2001366.0","1995566.0","-5800.0","0.0076","0.0077","0.0001","50.17","-290986.0","SELL","1","NEE-PT",148142,0.0,25.0,100.68,0.0
"2026-06-25","US94988U1512","94988U151","WFC-Z","WFC","WELLS FARGO & COMPANY","Financial Institutions","5330756.0","5315281.0","-15475.0","0.0075","0.0075","0.0","18.45","-285513.75","SELL","1","WFC-PZ",223279,0.1,25.0,-26.2,2.62
"2026-06-25","US48128B5497","48128B549","JPM-LL","JPM","JPMORGAN CHASE NON-CUMULATIVE PREF","Financial Institutions","4924025.0","4909725.0","-14300.0","0.007","0.007","0.0","18.58","-265694.0","SELL","1","","","",25.0,-25.68,""
"2026-06-25","US48128B5232","48128B523","JPM-MM","JPM","JPMORGAN CHASE AND CO DS REPSTG T","Financial Institutions","5323342.0","5307892.0","-15450.0","0.0069","0.007","0.0001","17.07","-263731.5","SELL","1","","","",25.0,-31.72,""
"2026-06-25","US69331C3060","69331C306","PCG-A","PCG","PG&E CORPORATION","Utility","2147696.0","2141471.0","-6225.0","0.0068","0.0069","0.0001","41.79","-260142.75","SELL","1","PCG-PA",5355,1.2,25.0,67.16,0.0
"2026-06-25","US00206R7061","00206R706","T-C","T","AT&T INC","Industrial","4668719.0","4655169.0","-13550.0","0.0063","0.0064","0.0001","17.81","-241325.5","SELL","1","T-PC",169449,0.1,25.0,-28.76,2.88
"2026-06-25","US1167942077","116794207","BRKR","BRKR","BRUKER CORPORATION","Industrial","184410.0","183885.0","-525.0","0.006","0.0063","0.0003","449.45","-235961.25","SELL","1","BRKR",2775480,0.0,1000.0,-55.05,0.0
"2026-06-25","US5949728795","594972879","STRF","MSTR","STRATEGY INC","Industrial","670855.0","668355.0","-2500.0","0.0045","0.0045","0.0","88.33","-220825.0","SELL","1","STRF",128008,0.0,25.0,253.32,0.0
"2026-06-25","US69351T8669","69351T866","PPL","PPL","PPL CORPORATION","Utility","1533633.0","1529183.0","-4450.0","0.0058","0.0058","0.0","49.35","-219607.5","SELL","1","PPL",9045697,0.0,25.0,97.4,0.0
"2026-06-25","US03990B3096","03990B309","ARES-B","ARES","ARES MANAGEMENT CORP","Financial Institutions","2000817.0","1995017.0","-5800.0","0.0058","0.0057","-0.0001","36.98","-214484.0","SELL","1","ARES-PB",170228,0.0,25.0,47.92,0.0
"2026-06-25","US48128B5802","48128B580","JPM-JJ","JPM","JPMORGAN CHASE DRC","Financial Institutions","3986096.0","3974521.0","-11575.0","0.0055","0.0056","0.0001","18.27","-211475.25","SELL","1","","","",25.0,-26.92,""
"2026-06-25","US00206R3003","00206R300","T","T","AT&T INC","Industrial","3527204.0","3516954.0","-10250.0","0.0055","0.0055","0.0","20.47","-209817.5","SELL","1","T",45084100,0.0,25.0,-18.12,0.0
"2026-06-25","US14040H8245","14040H824","COF-I","COF","CAPITAL ONE FINANCIAL CORPORATION","Financial Institutions","3993297.0","3981697.0","-11600.0","0.0055","0.0055","0.0","17.97","-208452.0","SELL","1","COF-PI",136292,0.1,25.0,-28.12,2.81
"2026-06-25","US38144G8042","38144G804","GS-D","GS","GOLDMAN SACHS GROUP INC","Financial Institutions","3607072.0","3596597.0","-10475.0","0.0052","0.0052","0.0","18.94","-198396.5","SELL","1","GS-PD",120074,0.1,25.0,-24.24,2.42
"2026-06-25","US61761J4067","61761J406","MS-I","MS","MORGAN STANLEY","Financial Institutions","2656286.0","2648586.0","-7700.0","0.0052","0.0052","0.0","25.63","-197351.0","SELL","1","MS-PI",61208,0.1,25.0,2.52,0.0
"2026-06-25","US61762V8384","61762V838","MS-Q","MS","MORGAN STANLEY","Financial Institutions","2656046.0","2648346.0","-7700.0","0.0051","0.0052","0.0001","25.42","-195734.0","SELL","1","MS-PQ",55175,0.1,25.0,1.68,0.0
"2026-06-25","US61762V8533","61762V853","MS-P","MS","MORGAN STANLEY DS REPRESENTING F","Financial Institutions","2671993.0","2664243.0","-7750.0","0.0051","0.0051","0.0","25.05","-194137.5","SELL","1","MS-PP",63448,0.1,25.0,0.2,0.0
"2026-06-25","US0605052291","060505229","BAC-GG","BAC","BANK OF AMERICA CORP","Financial Institutions","2656407.0","2648707.0","-7700.0","0.0051","0.0051","0.0","24.91","-191807.0","SELL","1","","","",25.0,-0.36,""
"2026-06-25","US26441C5013","26441C501","DUK-A","DUK","DUKE ENERGY CORP","Utility","2666485.0","2658735.0","-7750.0","0.005","0.005","0.0","24.45","-189487.5","SELL","1","DUK-PA",59391,0.1,25.0,-2.2,0.22
"2026-06-25","US61762V6065","61762V606","MS-K","MS","MORGAN STANLEY","Financial Institutions","2671993.0","2664243.0","-7750.0","0.0048","0.0048","0.0","23.58","-182745.0","SELL","1","MS-PK",51292,0.2,25.0,-5.68,1.14
"2026-06-25","US0200028381","020002838","ALL-H","ALL","ALLSTATE CORPORATION (THE)","Financial Institutions","3066136.0","3057236.0","-8900.0","0.0047","0.0047","0.0","20.05","-178445.0","SELL","1","ALL-PH",89340,0.1,25.0,-19.8,1.98
"2026-06-25","US00206R5081","00206R508","T-A","T","AT&T INC","Industrial","3199495.0","3190195.0","-9300.0","0.0046","0.0046","0.0","18.84","-175212.0","SELL","1","T-PA",90209,0.1,25.0,-24.64,2.46
"2026-06-25","US61763E2072","61763E207","MS-F","MS","MORGAN STANLEY","Financial Institutions","2286562.0","2279912.0","-6650.0","0.0045","0.0045","0.0","25.57","-170040.5","SELL","1","MS-PF",50369,0.1,25.0,2.28,0.0
"2026-06-25","US61762V8616","61762V861","MS-O","MS","MORGAN STANLEY","Financial Institutions","3447311.0","3437311.0","-10000.0","0.0044","0.0045","0.0001","16.91","-169100.0","SELL","1","MS-PO",137839,0.1,25.0,-32.36,3.24
"2026-06-25","US65339K8374","65339K837","NEE-U","NEE","NEXTERA ENERGY CAPITAL HOLDINGS IN","Utility","2326525.0","2319650.0","-6875.0","0.0043","0.0044","0.0001","24.49","-168368.75","SELL","1","","","",25.0,-2.04,""
"2026-06-25","US14040H7825","14040H782","COF-J","COF","CAPITAL ONE FINANCIAL CORPORATION","Financial Institutions","3322222.0","3312572.0","-9650.0","0.0044","0.0044","0.0","17.29","-166848.5","SELL","1","COF-PJ",113097,0.1,25.0,-30.84,3.08
"2026-06-25","US06053U6010","06053U601","BAC-KK","BAC","BANK AMER DS REPRESENTING NON CU","Financial Institutions","2688798.0","2680998.0","-7800.0","0.0044","0.0044","0.0","21.37","-166686.0","SELL","1","","","",25.0,-14.52,""
"2026-06-25","US61762V2007","61762V200","MS-E","MS","MORGAN STANLEY DS","Financial Institutions","2254741.0","2248191.0","-6550.0","0.0044","0.0044","0.0","25.44","-166632.0","SELL","1","MS-PE",42903,0.2,25.0,1.76,0.0
"2026-06-25","CA67000B2030","67000B203","NOVTV","NOVT","NOVANTA TANGIBLE EQUITY UNITS INC","Industrial","843005.0","840555.0","-2450.0","0.0042","0.0043","0.0001","67.32","-164934.0","SELL","1","","","",25.0,169.28,""
"2026-06-25","US61747S5047","61747S504","MS","MS","MORGAN STANLEY","Financial Institutions","2915961.0","2907486.0","-8475.0","0.0043","0.0043","0.0","19.18","-162550.5","SELL","1","MS",6098300,0.0,25.0,-23.28,0.0
"2026-06-25","US94988U1280","94988U128","WFC-AA","WFC","WELLS FARGO & COMPANY","Financial Institutions","3076484.0","3067559.0","-8925.0","0.0043","0.0043","0.0","18.21","-162524.25","SELL","1","","","",25.0,-27.16,""
"2026-06-25","US98389B8789","98389B878","XEL","XEL","XCEL ENERGY INC","Utility","2399750.0","2392875.0","-6875.0","0.0043","0.0043","0.0","23.5","-161562.5","SELL","1","XEL",6067282,0.0,25.0,-6.0,0.0
"2026-06-25","US95002Y4008","95002Y400","WFC-DD","WFC","WELLS FARGO & COMPANY","Financial Institutions","3285287.0","3275737.0","-9550.0","0.0042","0.0042","0.0","16.58","-158339.0","SELL","1","","","",25.0,-33.68,""
"2026-06-25","US04686J8615","04686J861","ATH-A","ATH","ATHENE HOLDING DS REPRESENTING P","Financial Institutions","2291858.0","2285208.0","-6650.0","0.0042","0.0042","0.0","23.81","-158336.5","SELL","1","ATH-PA",28770,0.2,25.0,-4.76,0.95
"2026-06-25","US1729672428","172967242","C-II","C","CITIGROUP INC","Financial Institutions","2137595.0","2131395.0","-6200.0","0.0041","0.0041","0.0","24.98","-154876.0","SELL","1","CPII",2430,2.6,25.0,-0.08,0.21
"2026-06-25","US0605051798","060505179","BAC-K","BAC","BANK OF AMERICA CORP","Financial Institutions","2040197.0","2034272.0","-5925.0","0.0039","0.004","0.0001","25.33","-150080.25","SELL","1","BAC-PK",50027,0.1,25.0,1.32,0.0
"2026-06-25","US55261F8648","55261F864","MTB-J","MTB","M T BK DEP INT PERP PFD STK SER J","Financial Institutions","1998898.0","1993098.0","-5800.0","0.0039","0.004","0.0001","25.85","-149930.0","SELL","1","MTB-PJ",48811,0.1,25.0,3.4,0.0
"2026-06-25","US8425878001","842587800","SO","SO","SOUTHERN COMPANY (THE)","Utility","2661404.0","2653679.0","-7725.0","0.0039","0.0039","0.0","19.28","-148938.0","SELL","1","SO",6170223,0.0,25.0,-22.88,0.0
"2026-06-25","US9029731554","902973155","USB-B","USB","US BANCORP","Financial Institutions","2671993.0","2664243.0","-7750.0","0.0038","0.0038","0.0","18.67","-144692.5","SELL","1","","","",25.0,-25.32,""
"2026-06-25","US7593518852","759351885","RGA","RGA","REINSURANCE GROUP OF AMERICA INCOR","Financial Institutions","1863658.0","1858033.0","-5625.0","0.0036","0.0037","0.0001","25.66","-144337.5","SELL","1","RGA",360390,0.0,25.0,2.64,0.0
"2026-06-25","US06055H2022","06055H202","BAC-LL","BAC","BANK OF AMERICA CORPORATION DEPOSI","Financial Institutions","2464492.0","2457342.0","-7150.0","0.0037","0.0038","0.0001","19.94","-142571.0","SELL","1","","","",25.0,-20.24,""
"2026-06-25","US59156R8503","59156R850","MET-F","MET","METLIFE INC","Financial Institutions","2657614.0","2649889.0","-7725.0","0.0037","0.0037","0.0","18.42","-142294.5","SELL","1","MET-PF",126590,0.1,25.0,-26.32,2.63
"2026-06-25","US0357108705","035710870","NLY-F","NLY","ANNALY CAPITAL MANAGEMENT INC","Financial Institutions","1923869.0","1918294.0","-5575.0","0.0037","0.0037","0.0","25.38","-141493.5","SELL","1","NLY-PF",30503,0.2,25.0,1.52,0.0
"2026-06-25","US8085136005","808513600","SCHW-D","SCHW","CHARLES SCHWAB CORPORATION (THE)","Financial Institutions","2003945.0","1998120.0","-5825.0","0.0037","0.0037","0.0","24.18","-140848.5","SELL","1","SCHW-PD",48683,0.1,25.0,-3.28,0.33
"2026-06-25","US59156R8768","59156R876","MET-E","MET","METLIFE INC","Financial Institutions","2139235.0","2133035.0","-6200.0","0.0036","0.0036","0.0","22.1","-137020.0","SELL","1","MET-PE",72481,0.1,25.0,-11.6,1.16
"2026-06-25","US95002Y2028","95002Y202","WFC-CC","WFC","WELLS FARGO & COMPANY","Financial Institutions","2749931.0","2741956.0","-7975.0","0.0036","0.0036","0.0","17.03","-135814.25","SELL","1","","","",25.0,-31.88,""
"2026-06-25","US00775V1044","00775V104","AEGON","AEGON","AEGON FUNDING CORPORATION II","Financial Institutions","2471568.0","2464393.0","-7175.0","0.0035","0.0036","0.0001","18.82","-135033.5","SELL","1","","","",25.0,-24.72,""
"2026-06-25","US48128B6222","48128B622","JPM-GG","JPM","JPMORGAN CHASE & CO","Financial Institutions","2381119.0","2374194.0","-6925.0","0.0035","0.0035","0.0","19.2","-132960.0","SELL","1","","","",25.0,-23.2,""
"2026-06-25","US89832Q6952","89832Q695","TFC-R","TFC","TRUIST FINANCIAL DRC CORP","Financial Institutions","2464275.0","2457125.0","-7150.0","0.0034","0.0035","0.0001","18.37","-131345.5","SELL","1","TFC-PR",84915,0.1,25.0,-26.52,2.65
"2026-06-25","US5949728613","594972861","STRD","MSTR","STRATEGY INC","Industrial","727448.0","724948.0","-2500.0","0.0031","0.0029","-0.0002","51.72","-129300.0","SELL","1","STRD",144621,0.0,25.0,106.88,0.0
"2026-06-25","US8168516040","816851604","SRE","SRE","SEMPRA ENERGY","Utility","2017725.0","2011875.0","-5850.0","0.0032","0.0032","0.0","20.95","-122557.5","SELL","1","SRE",3894675,0.0,25.0,-16.2,0.0
"2026-06-25","US0200027888","020002788","ALL-J","ALL","ALLSTATE DEP REPSTG TH NON CUM PE","Financial Institutions","1591959.0","1587334.0","-4625.0","0.0032","0.0032","0.0","26.22","-121267.5","SELL","1","ALL-PJ",33375,0.1,25.0,4.88,0.0
"2026-06-25","US3453708378","345370837","F","F","FORD MOTOR COMPANY","Industrial","2123706.0","2117531.0","-6175.0","0.0032","0.0032","0.0","19.59","-120968.25","SELL","1","F",74596273,0.0,25.0,-21.64,0.0
"2026-06-25","US06055H8060","06055H806","BAC-QQ","BAC","BANK OF AMERICA CORP","Financial Institutions","2450165.0","2443040.0","-7125.0","0.0032","0.0032","0.0","16.94","-120697.5","SELL","1","","","",25.0,-32.24,""
"2026-06-25","US94988U6560","94988U656","WFC-Y","WFC","WELLS FARGO & COMPANY","Financial Institutions","1844036.0","1838686.0","-5350.0","0.0032","0.0032","0.0","22.34","-119519.0","SELL","1","WFC-PY",40994,0.1,25.0,-10.64,1.06
"2026-06-25","US3453708451","345370845","F","F","FORD MOTOR COMPANY","Industrial","1990270.0","1984495.0","-5775.0","0.0031","0.0031","0.0","20.32","-117348.0","SELL","1","F",74596273,0.0,25.0,-18.72,0.0
"2026-06-25","US03769M2052","03769M205","APO","APO","APOLLO GLOBAL MANAGEMENT INC","Financial Institutions","1590160.0","1585535.0","-4625.0","0.0031","0.0031","0.0","25.36","-117290.0","SELL","1","APO",3351237,0.0,25.0,1.44,0.0
"2026-06-25","US65339K8606","65339K860","NEE-N","NEE","NEXTERA ENERGY CAPITAL HOLDINGS IN","Utility","1824902.0","1819602.0","-5300.0","0.0031","0.0031","0.0","21.97","-116441.0","SELL","1","","","",25.0,-12.12,""
"2026-06-25","US65339K8291","65339K829","NEE-Z","NEE","NEXTERA ENERGY CAPITAL HOLDINGS IN","Utility","1592398.0","1587773.0","-4625.0","0.003","0.003","0.0","24.97","-115486.25","SELL","1","","","",25.0,-0.12,""
"2026-06-25","US0605051954","060505195","BAC-HH","BAC","BANK OF AMERICA DEP REPRESENTING","Financial Institutions","1606380.0","1601705.0","-4675.0","0.003","0.003","0.0","24.55","-114771.25","SELL","1","","","",25.0,-1.8,""
"2026-06-25","US4932678430","493267843","KEY","KEY","KEYCORP","Financial Institutions","1596800.0","1592175.0","-4625.0","0.003","0.003","0.0","24.74","-114422.5","SELL","1","KEY",12064153,0.0,25.0,-1.04,0.0
"2026-06-25","US82846H5046","82846H504","QXO","QXO","QXO INC","Industrial","765604.0","763379.0","-2225.0","0.0028","0.003","0.0002","50.86","-113163.5","SELL","1","QXO",16021894,0.0,25.0,103.44,0.0
"2026-06-25","US00123Q8722","00123Q872","AGNC-F","AGNC","AGNC INVESTMENT CORP","Financial Institutions","1529571.0","1525121.0","-4450.0","0.0029","0.0029","0.0","25.04","-111428.0","SELL","1","","","",25.0,0.16,""
"2026-06-25","US82452J3077","82452J307","FOUR","FOUR","SHIFT4 PAYMENTS INC","Industrial","668014.0","666064.0","-1950.0","0.0029","0.0029","0.0","57.05","-111247.5","SELL","1","FOUR",1651280,0.0,25.0,128.2,0.0
"2026-06-25","US38143Y6656","38143Y665","GS-A","GS","GOLDMAN SACHS GROUP INC","Financial Institutions","1995443.0","1989643.0","-5800.0","0.0029","0.0029","0.0","19.15","-111070.0","SELL","1","GS-PA",46227,0.1,25.0,-23.4,2.34
"2026-06-25","US48251W6093","48251W609","KKR-T","KKR","KKR & CO INC","Financial Institutions","1562231.0","1557706.0","-4525.0","0.0029","0.0029","0.0","24.43","-110545.75","SELL","1","","","",25.0,-2.28,""
"2026-06-25","US2333317921","233331792","DTE-H","DTE","DTE ENERGY COMPANY","Utility","1597615.0","1592965.0","-4650.0","0.0029","0.0029","0.0","23.66","-110019.0","SELL","1","","","",25.0,-5.36,""
"2026-06-25","US8425878670","842587867","SO","SO","SOUTHERN COMPANY (THE)","Utility","1499311.0","1494961.0","-4350.0","0.0029","0.0029","0.0","24.9","-108315.0","SELL","1","SO",6170223,0.0,25.0,-0.4,0.0
"2026-06-25","US04686J8383","04686J838","ATH","ATH","ATHENE HOLDING LTD","Financial Institutions","1522375.0","1517950.0","-4425.0","0.0028","0.0028","0.0","24.4","-107970.0","SELL","1","","","",25.0,-2.4,""
"2026-06-25","US1258968452","125896845","CMS","CMS","CMS ENERGY CORPORATION","Utility","1677446.0","1672571.0","-4875.0","0.0028","0.0028","0.0","21.93","-106908.75","SELL","1","CMS",3126477,0.0,25.0,-12.28,0.0
"2026-06-25","US12542R3084","12542R308","CHSINC","CHSINC","CHS CUMULATIVE REDEEMABLE PREF CLA","Industrial","1426807.0","1422657.0","-4150.0","0.0028","0.0028","0.0","25.61","-106281.5","SELL","1","","","",25.0,2.44,""
"2026-06-25","US5949728878","594972887","STRK","MSTR","STRATEGY INC","Industrial","729414.0","727289.0","-2125.0","0.0031","0.0028","-0.0003","50.0","-106250.0","SELL","1","STRK",164519,0.0,25.0,100.0,0.0
"2026-06-25","US21871X2080","21871X208","CRBG","CRBG","COREBRIDGE FINANCIAL INC","Financial Institutions","1603279.0","1598629.0","-4650.0","0.0028","0.0028","0.0","22.78","-105927.0","SELL","1","CRBG",5754113,0.0,25.0,-8.88,0.0
"2026-06-25","US87165B2025","87165B202","SYF-A","SYF","SYNCHRONY FINANCIAL","Financial Institutions","1998321.0","1992696.0","-5625.0","0.0028","0.0028","0.0","18.61","-104681.25","SELL","1","SYF-PA",53072,0.1,25.0,-25.56,2.56
"2026-06-25","US06055H4002","06055H400","BAC-NN","BAC","BANK OF AMERICA CORP","Financial Institutions","2025469.0","2019594.0","-5875.0","0.0027","0.0027","0.0","17.45","-102518.75","SELL","1","","","",25.0,-30.2,""
"2026-06-25","US7838922018","783892201","EIX-M","EIX","SCE TRUST VII","Utility","1469594.0","1465319.0","-4275.0","0.0027","0.0027","0.0","23.9","-102172.5","SELL","1","","","",25.0,-4.4,""
"2026-06-25","US9182842099","918284209","VSEC","VSEC","VSE CORP","Industrial","611714.0","609939.0","-1775.0","0.0026","0.0027","0.0001","57.4","-101885.0","SELL","1","VSEC",433934,0.0,25.0,129.6,0.0
"2026-06-25","US12542R8034","12542R803","CHSINC","CHSINC","CHS INC","Industrial","1375847.0","1371847.0","-4000.0","0.0027","0.0027","0.0","25.32","-101280.0","SELL","1","","","",25.0,1.28,""
"2026-06-25","US87165B4005","87165B400","SYF-B","SYF","SYNCHRONY FINANCIAL","Financial Institutions","1332365.0","1328490.0","-3875.0","0.0026","0.0026","0.0","25.77","-99858.75","SELL","1","SYF-PB",40304,0.1,25.0,3.08,0.0
"2026-06-25","US8794337613","879433761","TDS-VV","TDS","TELEPHONE AND DATA SYSTEMS INC","Industrial","1834759.0","1829434.0","-5325.0","0.0026","0.0026","0.0","18.62","-99151.5","SELL","1","","","",25.0,-25.52,""
"2026-06-25","US0200023093","020002309","ALL","ALL","ALLSTATE CORPORATION (THE)","Financial Institutions","1329072.0","1325222.0","-3850.0","0.0026","0.0026","0.0","25.69","-98906.5","SELL","1","ALL",1801757,0.0,25.0,2.76,0.0
"2026-06-25","US3453708113","345370811","F","F","FORD MOTOR COMPANY","Industrial","1595067.0","1590442.0","-4625.0","0.0026","0.0026","0.0","21.38","-98882.5","SELL","1","F",74600121,0.0,25.0,-14.48,0.0
"2026-06-25","US7591EP8604","7591EP860","RF","RF","REGIONS FINANCIAL CORPORATION","Financial Institutions","1332403.0","1328528.0","-3875.0","0.0026","0.0026","0.0","25.25","-97843.75","SELL","1","RF",11748240,0.0,25.0,1.0,0.0
"2026-06-25","US59156R5046","59156R504","MET-A","MET","METLIFE INC","Financial Institutions","1595642.0","1591017.0","-4625.0","0.0026","0.0026","0.0","21.08","-97495.0","SELL","1","MET-PA",39923,0.1,25.0,-15.68,1.57
"2026-06-25","US8425878837","842587883","SO-C","SO","SOUTHERN COMPANY (THE)","Utility","1987997.0","1982222.0","-5775.0","0.0026","0.0026","0.0","16.87","-97424.25","SELL","1","","","",25.0,-32.52,""
"2026-06-25","US9029737593","902973759","USB-K","USB","US BANCORP","Financial Institutions","1536459.0","1532009.0","-4450.0","0.0025","0.0026","0.0001","21.75","-96787.5","SELL","1","","","",25.0,-13.0,""
"2026-06-25","US4932677028","493267702","KEY-E","KEY","KEYCORP","Financial Institutions","1335967.0","1332092.0","-3875.0","0.0025","0.0025","0.0","24.91","-96526.25","SELL","1","","","",25.0,-0.36,""
"2026-06-25","US04686J5074","04686J507","ATH-E","ATH","ATHENE HLDG LTD DEP SHR REPSTG I","Financial Institutions","1321838.0","1317988.0","-3850.0","0.0025","0.0025","0.0","24.95","-96057.5","SELL","1","ATH-PE",45026,0.1,25.0,-0.2,0.02
"2026-06-25","US7443208050","744320805","PRU","PRU","PRUDENTIAL FINANCIAL INC","Financial Institutions","1509198.0","1504823.0","-4375.0","0.0025","0.0025","0.0","21.86","-95637.5","SELL","1","PRU",1877663,0.0,25.0,-12.56,0.0
"2026-06-25","US7591EP7044","7591EP704","RF-C","RF","REGIONS FINANCIAL CORPORATION","Financial Institutions","1332150.0","1328275.0","-3875.0","0.0025","0.0025","0.0","24.22","-93852.5","SELL","1","RF-PC",23665,0.2,25.0,-3.12,0.62
"2026-06-25","US12542R7044","12542R704","CHSINC","CHSINC","CHS RESET RATE CUMULATIVE REDEEMAB","Industrial","1303957.0","1300207.0","-3750.0","0.0024","0.0024","0.0","24.44","-91650.0","SELL","1","","","",25.0,-2.24,""
"2026-06-25","US55261F8499","55261F849","MTB-K","MTB","M&T BANK CORPORATION","Financial Institutions","1196575.0","1192825.0","-3750.0","0.0022","0.0022","0.0","24.31","-91162.5","SELL","1","MTB-PK",26974,0.1,25.0,-2.76,0.28
"2026-06-25","US89832Q7455","89832Q745","TFC-O","TFC","TRUIST FINANCIAL PERPETUAL PREF SE","Financial Institutions","1531990.0","1527540.0","-4450.0","0.0024","0.0024","0.0","20.45","-91002.5","SELL","1","TFC-PO",43400,0.1,25.0,-18.2,1.82
"2026-06-25","US26441C4024","26441C402","DUK","DUK","DUKE ENERGY CORP","Utility","1332091.0","1328216.0","-3875.0","0.0024","0.0024","0.0","23.4","-90675.0","SELL","1","DUK",3317010,0.0,25.0,-6.4,0.0
"2026-06-25","US6494452021","649445202","FLG-A","FLG","NEW YORK COMMUNITY BANCORP INT FXD","Financial Institutions","1370491.0","1366516.0","-3975.0","0.0024","0.0024","0.0","22.73","-90351.75","SELL","1","FLG-PA",27588,0.1,25.0,-9.08,0.91
"2026-06-25","US64828T7063","64828T706","RITM-D","RITM","NEW RESIDENTIAL INVESTMENT CORP","Financial Institutions","1242487.0","1238887.0","-3600.0","0.0024","0.0024","0.0","25.02","-90072.0","SELL","1","RITM-PD",34907,0.1,25.0,0.08,0.0
"2026-06-25","US3167736053","316773605","FITB-I","FITB","FIFTH THIRD BANCORP DEPOSITARY SHA","Financial Institutions","1202294.0","1198794.0","-3500.0","0.0024","0.0024","0.0","25.66","-89810.0","SELL","1","FITB-PI",26995,0.1,25.0,2.64,0.0
"2026-06-25","US9029737189","902973718","USB-M","USB","US BANCORP","Financial Institutions","1980980.0","1975230.0","-5750.0","0.0023","0.0023","0.0","15.5","-89125.0","SELL","1","","","",25.0,-38.0,""
"2026-06-25","US0357108473","035710847","NLY-I","NLY","ANNALY CAPITAL MANAGEMENT INC","Financial Institutions","1182372.0","1178947.0","-3425.0","0.0023","0.0023","0.0","25.43","-87097.75","SELL","1","NLY-PI",36438,0.1,25.0,1.72,0.0
"2026-06-25","BMG1624R1079","-","BPY","BPY","BROOKFIELD PROPERTY PREFERRED PREF","Industrial","1793196.0","1787996.0","-5200.0","0.0022","0.0022","0.0","15.98","-83096.0","SELL","1","","","",25.0,-36.08,""
"2026-06-25","US06055H6080","06055H608","BAC-PP","BAC","BANK OF AMERICA DRC CORP","Financial Institutions","1711521.0","1706546.0","-4975.0","0.0022","0.0022","0.0","16.7","-83082.5","SELL","1","BAC-PP",55393,0.1,25.0,-33.2,3.32
"2026-06-25","US8574778556","857477855","STT-G","STT","STATE STREET CORP","Financial Institutions","1335967.0","1332092.0","-3875.0","0.0022","0.0022","0.0","21.44","-83080.0","SELL","1","STT-PG",48049,0.1,25.0,-14.24,1.42
"2026-06-25","US97650W7020","97650W702","WTFC-F","WTFC","WINTRUST FINANCIAL CORPORATION","Financial Institutions","1131950.0","1128825.0","-3125.0","0.0023","0.0023","0.0","26.25","-82031.25","SELL","1","","","",25.0,5.0,""
"2026-06-25","US0357108622","035710862","NLY-G","NLY","ANNALY CAPITAL MANAGEMENT INC","Financial Institutions","1135525.0","1132225.0","-3300.0","0.0021","0.0021","0.0","24.73","-81609.0","SELL","1","NLY-PG",17054,0.2,25.0,-1.08,0.22
"2026-06-25","US14040H7585","14040H758","COF-L","COF","CAPITAL ONE FINANCIAL CORPORATION","Financial Institutions","1786777.0","1781602.0","-5175.0","0.0021","0.0021","0.0","15.68","-81144.0","SELL","1","COF-PL",66039,0.1,25.0,-37.28,3.73
"2026-06-25","US3167738372","316773837","FITBM","FITB","FIFTH THIRD BANCORP DEPOSITARY SHA","Financial Institutions","1060429.0","1057354.0","-3075.0","0.0021","0.0021","0.0","26.21","-80595.75","SELL","1","FITBM",56138,0.1,25.0,4.84,0.0
"2026-06-25","US0082528276","008252827","AMG","AMG","AFFILIATED MANAGERS GROUP INC.","Financial Institutions","1194929.0","1191454.0","-3475.0","0.0021","0.0021","0.0","23.1","-80272.5","SELL","1","AMG",334933,0.0,25.0,-7.6,0.0
"2026-06-25","US8085138654","808513865","SCHW-J","SCHW","CHARLES SCHWAB CORPORATION (THE)","Financial Institutions","1590086.0","1585461.0","-4625.0","0.0021","0.0021","0.0","17.31","-80058.75","SELL","1","SCHW-PJ",63901,0.1,25.0,-30.76,3.08
"2026-06-25","US12542R5063","12542R506","CHSINC","CHSINC","CHS INC","Industrial","1109730.0","1106505.0","-3225.0","0.0021","0.0021","0.0","24.8","-79980.0","SELL","1","","","",25.0,-0.8,""
"2026-06-25","US00123Q8078","00123Q807","AGNC-E","AGNC","AGNC INVESTMENT CORP","Financial Institutions","1075396.0","1072271.0","-3125.0","0.0021","0.0021","0.0","25.45","-79531.25","SELL","1","","","",25.0,1.8,""
"2026-06-25","US1746108083","174610808","CFG-I","CFG","CITIZENS FINANCIAL GROUP INC","Financial Institutions","1060221.0","1057146.0","-3075.0","0.002","0.0021","0.0001","25.39","-78074.25","SELL","1","CFG-PI",81845,0.0,25.0,1.56,0.0
"2026-06-25","US74460W5528","74460W552","PSA-L","PSA","PUBLIC STORAGE","Financial Institutions","1494731.0","1490381.0","-4350.0","0.002","0.002","0.0","17.75","-77212.5","SELL","1","PSA-PL",38428,0.1,25.0,-29.0,2.9
"2026-06-25","US9633202059","963320205","WHR-A","WHR","WHIRLPOOL CORPORATION","Industrial","767533.0","765308.0","-2225.0","0.002","0.002","0.0","34.6","-76985.0","SELL","1","WHR-PA",154945,0.0,25.0,38.4,0.0
"2026-06-25","US9029738666","902973866","USB-A","USB","US BANCORP","Financial Institutions","38122.0","38022.0","-100.0","0.0022","0.0022","0.0","768.6","-76860.0","SELL","1","USB-PA",650,0.2,1000.0,-23.14,4.63
"2026-06-25","US31959X4007","31959X400","FCNCA","FCNCA","FIRST CITIZENS BANCSHARES INC (DEL","Financial Institutions","1061685.0","1058610.0","-3075.0","0.002","0.002","0.0","24.99","-76844.25","SELL","1","FCNCA",77203,0.0,25.0,-0.04,0.0
"2026-06-25","US3205178409","320517840","FHN-H","FHN","FIRST HORIZON CORP","Financial Institutions","1065660.0","1062560.0","-3100.0","0.002","0.002","0.0","24.73","-76663.0","SELL","1","FHN-PH",86484,0.0,25.0,-1.08,0.0
"2026-06-25","US1746106004","174610600","CFG-H","CFG","CITIZENS FINANCIAL GROUP INC","Financial Institutions","1060031.0","1056956.0","-3075.0","0.002","0.002","0.0","24.71","-75983.25","SELL","1","CFG-PH",30557,0.1,25.0,-1.16,0.12
"2026-06-25","US64828T5083","64828T508","RITM-C","RITM","NEW RESIDENTIAL INVESTMENT CORP","Financial Institutions","1062387.0","1059312.0","-3075.0","0.002","0.002","0.0","24.51","-75368.25","SELL","1","RITM-PC",16418,0.2,25.0,-1.96,0.39
"2026-06-25","US61762V8046","61762V804","MS-L","MS","MORGAN STANLEY","Financial Institutions","1311151.0","1307351.0","-3800.0","0.002","0.002","0.0","19.7","-74860.0","SELL","1","MS-PL",30867,0.1,25.0,-21.2,2.12
"2026-06-25","US87264A1051","87264A105","TMUS","TMUS","T-MOBILE USA INC","Industrial","1044165.0","1041140.0","-3025.0","0.0019","0.0019","0.0","23.89","-72267.25","SELL","1","TMUS",5158428,0.0,25.0,-4.44,0.0
"2026-06-25","US8726521029","872652102","TPG","TPG","TPG OPERATING GROUP II LP","Financial Institutions","1063065.0","1059990.0","-3075.0","0.0019","0.0019","0.0","23.47","-72170.25","SELL","1","TPG",2223123,0.0,25.0,-6.12,0.0
"2026-06-25","US74460W4612","74460W461","PSA-P","PSA","PUBLIC STORAGE","Financial Institutions","1601692.0","1597042.0","-4650.0","0.0019","0.0019","0.0","15.4","-71610.0","SELL","1","PSA-PP",36766,0.1,25.0,-38.4,3.84
"2026-06-25","US72348N3070","72348N307","PNFP-B","PNFP","PINNACLE FINANCIAL PARTNERS NON CU","Financial Institutions","931982.0","929282.0","-2700.0","0.0019","0.0019","0.0","26.45","-71415.0","SELL","1","PNFP-PB",39650,0.1,25.0,5.8,0.0
"2026-06-25","US4932678687","493267868","KEY-G","KEY","KEYCORP","Financial Institutions","1202294.0","1198794.0","-3500.0","0.0019","0.0019","0.0","20.34","-71190.0","SELL","1","","","",25.0,-18.64,""
"2026-06-25","US8425874042","842587404","SO","SO","SOUTHERN COMPANY (THE)","Utility","1189929.0","1186479.0","-3450.0","0.0019","0.0019","0.0","20.53","-70828.5","SELL","1","SO",6170363,0.0,25.0,-17.88,0.0
"2026-06-25","US06055H8714","06055H871","BAC-SS","BAC","BANK OF AMERICA CORP","Financial Institutions","1283194.0","1279469.0","-3725.0","0.0019","0.0019","0.0","18.94","-70551.5","SELL","1","","","",25.0,-24.24,""
"2026-06-25","US04686J4085","04686J408","ATH-D","ATH","ATHENE HOLDING DS REPRESENTING A","Financial Institutions","1519955.0","1515530.0","-4425.0","0.0018","0.0018","0.0","15.77","-69782.25","SELL","1","ATH-PD",41683,0.1,25.0,-36.92,3.69
"2026-06-25","US0158578080","015857808","AQNCN","AQNCN","ALGONQUIN POWER & UTILITIES CORP","Utility","935140.0","932415.0","-2725.0","0.0018","0.0018","0.0","25.54","-69596.5","SELL","1","","","",25.0,2.16,""
"2026-06-25","US4932678760","493267876","KEY-F","KEY","KEYCORP","Financial Institutions","1135525.0","1132225.0","-3300.0","0.0018","0.0018","0.0","20.7","-68310.0","SELL","1","","","",25.0,-17.2,""
"2026-06-25","US00123Q8318","00123Q831","AGNC-H","AGNC","AGNC INVESTMENT CORP","Financial Institutions","921805.0","919130.0","-2675.0","0.0018","0.0018","0.0","25.43","-68025.25","SELL","1","","","",25.0,1.72,""
"2026-06-25","US62913M2061","62913M206","NGL-B","NGL","NGL ENERGY PARTNERS LP","Industrial","904877.0","902252.0","-2625.0","0.0018","0.0018","0.0","25.75","-67593.75","SELL","1","NGL-PB",16073,0.2,25.0,3.0,0.0
"2026-06-25","US8935266812","893526681","TRPCN","TRPCN","TRANSCANADA PIPELINES LTD","Industrial","988612.0","985737.0","-2875.0","0.0017","0.0017","0.0","23.1","-66412.5","SELL","1","","","",25.0,-7.6,""
"2026-06-25","US4165186036","416518603","HIG-G","HIG","HARTFORD FINANCIAL SERVICES GROUP","Financial Institutions","921771.0","919096.0","-2675.0","0.0017","0.0017","0.0","24.7","-66072.5","SELL","1","HIG-PG",16424,0.2,25.0,-1.2,0.24
"2026-06-25","US8794337878","879433787","TDS-UU","TDS","TELEPHONE DATA SYS DRC INC","Industrial","1118344.0","1115094.0","-3250.0","0.0017","0.0017","0.0","20.17","-65552.5","SELL","1","","","",25.0,-19.32,""
"2026-06-25","US87264A3032","87264A303","TMUS","TMUS","T-MOBILE USA INC","Industrial","1066782.0","1063682.0","-3100.0","0.0017","0.0017","0.0","21.13","-65503.0","SELL","1","TMUS",5158428,0.0,25.0,-15.48,0.0
"2026-06-25","US00123Q5009","00123Q500","AGNC-C","AGNC","AGNC INVESTMENT CORP","Financial Institutions","868315.0","865790.0","-2525.0","0.0017","0.0017","0.0","25.66","-64791.5","SELL","1","","","",25.0,2.64,""
"2026-06-25","US87264A2042","87264A204","TMUS","TMUS","T-MOBILE USA INC","Industrial","1050558.0","1047508.0","-3050.0","0.0017","0.0017","0.0","21.09","-64324.5","SELL","1","TMUS",5158561,0.0,25.0,-15.64,0.0
"2026-06-25","US29364D1000","29364D100","ETR","ETR","ENTERGY ARKANSAS LLC","Utility","1095451.0","1092276.0","-3175.0","0.0017","0.0017","0.0","20.15","-63976.25","SELL","1","ETR",3550463,0.0,25.0,-19.4,0.0
"2026-06-25","US2333318598","233331859","DTE-E","DTE","DTE ENERGY COMPANY","Utility","1058078.0","1055003.0","-3075.0","0.0017","0.0017","0.0","20.73","-63744.75","SELL","1","","","",25.0,-17.08,""
"2026-06-25","US7443208886","744320888","PRU","PRU","PRUDENTIAL FINANCIAL INC","Financial Institutions","1335530.0","1331655.0","-3875.0","0.0016","0.0017","0.0001","16.29","-63123.75","SELL","1","PRU",1877663,0.0,25.0,-34.84,0.0
"2026-06-25","US14314C1053","14314C105","CG","CG","CARLYLE FINANCE LLC","Financial Institutions","1335608.0","1331733.0","-3875.0","0.0017","0.0017","0.0","16.27","-63046.25","SELL","1","CG",3278370,0.0,25.0,-34.92,0.0
"2026-06-25","US4461507737","446150773","HBAN-J","HBAN","HUNTINGTON BANCSHARES INC","Financial Institutions","865021.0","862521.0","-2500.0","0.0017","0.0017","0.0","25.18","-62950.0","SELL","1","","","",25.0,0.72,""
"2026-06-25","US74965L2007","74965L200","RLJ-A","RLJ","RLJ LODGING .95 CUMULATIVE CONVERT","Financial Institutions","860330.0","857830.0","-2500.0","0.0016","0.0017","0.0001","25.14","-62850.0","SELL","1","RLJ-PA",27708,0.1,25.0,0.56,0.0
"2026-06-25","US12542R2094","12542R209","CHSINC","CHSINC","CHS INC. (8% CUMULATIVE REDEEMABLE","Industrial","808315.0","805965.0","-2350.0","0.0017","0.0016","-0.0001","26.61","-62533.5","SELL","1","","","",25.0,6.44,""
"2026-06-25","US4461508230","446150823","HBAN-H","HBAN","HUNTINGTON BANCSHARES DRC INC","Financial Institutions","1324924.0","1321074.0","-3850.0","0.0016","0.0016","0.0","16.15","-62177.5","SELL","1","","","",25.0,-35.4,""
"2026-06-25","US1746104025","174610402","CFG-E","CFG","CITIZENS FINANCIAL GROUP INC","Financial Institutions","1190178.0","1186728.0","-3450.0","0.0016","0.0016","0.0","17.98","-62031.0","SELL","1","CFG-PE",59657,0.1,25.0,-28.08,2.81
"2026-06-25","US80620A2087","80620A208","EIX-N","EIX","SCE TRUST VIII","Utility","935083.0","932358.0","-2725.0","0.0016","0.0016","0.0","22.75","-61993.75","SELL","1","","","",25.0,-9.0,""
"2026-06-25","US03939A4040","03939A404","ACGL-G","ACGL","ARCH CAPITAL GROUP LTD.","Financial Institutions","1327592.0","1323742.0","-3850.0","0.0016","0.0016","0.0","15.91","-61253.5","SELL","1","","","",25.0,-36.36,""
"2026-06-25","US9027884058","902788405","UMBF","UMBF","UMB FINANCIAL CORPORATION","Financial Institutions","801613.0","799288.0","-2325.0","0.0016","0.0016","0.0","26.27","-61077.75","SELL","1","UMBF",639937,0.0,25.0,5.08,0.0
"2026-06-25","US48253M1045","48253M104","KKR","KKR","KKR GROUP FINANCE CO IX LLC","Financial Institutions","1336829.0","1333079.0","-3750.0","0.0017","0.0017","0.0","16.24","-60900.0","SELL","1","KKR",4539283,0.0,25.0,-35.04,0.0
"2026-06-25","US9029736686","902973668","USB-O","USB","US BANCORP","Financial Institutions","1186983.0","1183533.0","-3450.0","0.0016","0.0016","0.0","17.46","-60237.0","SELL","1","","","",25.0,-30.16,""
"2026-06-25","US78410V2007","78410V200","SCE-L","EIX","SCE TRUST VI","Financial Institutions","1268967.0","1265292.0","-3675.0","0.0016","0.0016","0.0","16.38","-60196.5","SELL","1","SCE-PL",21741,0.2,25.0,-34.48,6.9
"2026-06-25","US16934Q4064","16934Q406","CIM-B","CIM","CHIMERA INVESTMENT CORP","Financial Institutions","868311.0","865786.0","-2525.0","0.0015","0.0015","0.0","23.29","-58807.25","SELL","1","CIM-PB",36339,0.1,25.0,-6.84,0.68
"2026-06-25","US6658598569","665859856","NTRS-E","NTRS","NORTHERN TRUST CORPORATION","Financial Institutions","1068824.0","1065724.0","-3100.0","0.0015","0.0015","0.0","18.35","-56885.0","SELL","1","","","",25.0,-26.6,""
"2026-06-25","US9029737346","902973734","USB-L","USB","US BANCORP","Financial Institutions","1317843.0","1314018.0","-3825.0","0.0015","0.0015","0.0","14.7","-56227.5","SELL","1","","","",25.0,-41.2,""
"2026-06-25","US0454876006","045487600","ASB","ASB","ASSOCIATED BANC-CORP","Financial Institutions","796262.0","793962.0","-2300.0","0.0015","0.0015","0.0","24.41","-56143.0","SELL","1","ASB",1906487,0.0,25.0,-2.36,0.0
"2026-06-25","US9576384062","957638406","WAL-A","WAL","WESTERN ALLIANCE BANCORP","Financial Institutions","801613.0","799288.0","-2325.0","0.0015","0.0015","0.0","23.92","-55614.0","SELL","1","WAL-PA",24707,0.1,25.0,-4.32,0.43
"2026-06-25","US0256768591","025676859","ANGINC","ANGINC","AMERICAN NATIONAL GROUP INC","Financial Institutions","801613.0","799288.0","-2325.0","0.0015","0.0015","0.0","23.87","-55497.75","SELL","1","","","",25.0,-4.52,""
"2026-06-25","US05580M8192","05580M819","RILYI","RILY","B. RILEY FINANCIAL INC","Financial Institutions","1018135.0","1015185.0","-2950.0","0.0015","0.0015","0.0","18.68","-55106.0","SELL","1","","","",25.0,-25.28,""
"2026-06-25","US64828T4094","64828T409","RITM-B","RITM","NEW RESIDENTIAL INVESTMENT CORP","Financial Institutions","752294.0","750119.0","-2175.0","0.0014","0.0014","0.0","25.15","-54701.25","SELL","1","RITM-PB",20212,0.1,25.0,0.6,0.0
"2026-06-25","US8629452017","862945201","ASSE-A","ASSE","STRIVE INC","Industrial","221705.0","221055.0","-650.0","0.0015","0.0014","-0.0001","83.53","-54294.5","SELL","1","","","",25.0,234.12,""
"2026-06-25","US0357108218","035710821","NLY-J","NLY","ANNALY CAPITAL MANAGEMENT INC","Financial Institutions","734845.0","732720.0","-2125.0","0.0014","0.0014","0.0","25.43","-54038.75","SELL","1","NLY-PJ",52501,0.0,25.0,1.72,0.0
"2026-06-25","US9030025095","903002509","UMH-D","UMH","UMH PROPERTIES INC","Financial Institutions","867122.0","864597.0","-2525.0","0.0014","0.0014","0.0","21.34","-53883.5","SELL","1","UMH-PD",20180,0.1,25.0,-14.64,1.46
"2026-06-25","US10922N7075","10922N707","BHF-C","BHF","BRIGHTHOUSE FINANCIAL INC","Financial Institutions","1525282.0","1520857.0","-4425.0","0.0014","0.0014","0.0","11.98","-53011.5","SELL","1","","","",25.0,-52.08,""
"2026-06-25","US9290892093","929089209","VOYA-B","VOYA","VOYA FINANCIAL INC","Financial Institutions","796078.0","793778.0","-2300.0","0.0014","0.0014","0.0","23.03","-52969.0","SELL","1","VOYA-PB",17398,0.1,25.0,-7.88,0.79
"2026-06-25","US3196263053","319626305","FCNCA","FCNCA","FIRST CITIZENS BANCSHARES INC.","Financial Institutions","917073.0","914398.0","-2675.0","0.0014","0.0014","0.0","19.8","-52965.0","SELL","1","FCNCA",77203,0.0,25.0,-20.8,0.0
"2026-06-25","US2538688225","253868822","DLR-L","DLR","DIGITAL REALTY TRUST INC","Financial Institutions","921805.0","919130.0","-2675.0","0.0014","0.0014","0.0","19.73","-52777.75","SELL","1","DLR-PL",19466,0.1,25.0,-21.08,2.11
"2026-06-25","US7443208704","744320870","PRU","PRU","PRUDENTIAL FINANCIAL INC","Financial Institutions","801318.0","798993.0","-2325.0","0.0014","0.0014","0.0","22.34","-51940.5","SELL","1","PRU",1877663,0.0,25.0,-10.64,0.0
"2026-06-25","US74460W4208","74460W420","PSA-R","PSA","PUBLIC STORAGE","Financial Institutions","1150685.0","1147335.0","-3350.0","0.0014","0.0013","-0.0001","15.29","-51221.5","SELL","1","PSA-PR",29319,0.1,25.0,-38.84,3.88
"2026-06-25","US14040H7338","14040H733","COF-N","COF","CAPITAL ONE FINL DS REPSTG TH PRF","Financial Institutions","1118447.0","1115197.0","-3250.0","0.0013","0.0013","0.0","15.23","-49497.5","SELL","1","COF-PN",49168,0.1,25.0,-39.08,3.91
"2026-06-25","US91529Y6014","91529Y601","UNM","UNM","UNUM GROUP","Financial Institutions","795878.0","793578.0","-2300.0","0.0013","0.0013","0.0","21.46","-49358.0","SELL","1","UNM",1382963,0.0,25.0,-14.16,0.0
"2026-06-25","US7591EP8869","7591EP886","RF-E","RF","REGIONS FINL DRC CORP","Financial Institutions","1060462.0","1057387.0","-3075.0","0.0013","0.0013","0.0","15.94","-49015.5","SELL","1","RF-PE",47623,0.1,25.0,-36.24,3.62
"2026-06-25","US55261F8721","55261F872","MTB-H","MTB","M AND T BANK PERPETUAL FIXED TO FL","Financial Institutions","667873.0","665923.0","-1950.0","0.0013","0.0013","0.0","24.98","-48711.0","SELL","1","MTB-PH",19412,0.1,25.0,-0.08,0.01
"2026-06-25","US25525P2065","25525P206","DHC","DHC","DIVERSIFIED HEALTHCARE .625% SENIO","Financial Institutions","935083.0","932358.0","-2725.0","0.0013","0.0013","0.0","17.8","-48505.0","SELL","1","DHC",1825487,0.0,25.0,-28.8,0.0
"2026-06-25","US03939A1079","03939A107","ACGL-F","ACGL","ARCH CAPITAL GROUP LTD.","Financial Institutions","874899.0","872349.0","-2550.0","0.0013","0.0013","0.0","18.87","-48118.5","SELL","1","","","",25.0,-24.52,""
"2026-06-25","US55272X5086","55272X508","MFA-C","MFA","MFA FINANCIAL INC","Financial Institutions","734845.0","732720.0","-2125.0","0.0013","0.0013","0.0","22.64","-48110.0","SELL","1","MFA-PC",26029,0.1,25.0,-9.44,0.94
"2026-06-25","US90187B3096","90187B309","TWO-B","TWO","TWO HARBORS INVESTMENT CORP","Financial Institutions","678548.0","676573.0","-1975.0","0.0013","0.0013","0.0","24.31","-48012.25","SELL","1","TWO-PB",14084,0.1,25.0,-2.76,0.28
"2026-06-25","US64828T8889","64828T888","RITM-F","RITM","RITHM CAPITAL CORP","Financial Institutions","667873.0","665923.0","-1950.0","0.0013","0.0013","0.0","24.6","-47970.0","SELL","1","RITM-PF",34792,0.1,25.0,-1.6,0.16
"2026-06-25","US04686J2006","04686J200","ATH-B","ATH","ATHENE HLDG DRC LTD","Financial Institutions","907884.0","905259.0","-2625.0","0.0013","0.0013","0.0","18.25","-47906.25","SELL","1","ATH-PB",24429,0.1,25.0,-27.0,2.7
"2026-06-25","US10922N3017","10922N301","BHF-A","BHF","BRIGHTHOUSE FINANCIAL INC","Financial Institutions","1126357.0","1123082.0","-3275.0","0.0013","0.0013","0.0","14.59","-47782.25","SELL","1","","","",25.0,-41.64,""
"2026-06-25","US1258968528","125896852","CMS","CMS","CMS ENERGY CORPORATION","Utility","742305.0","740155.0","-2150.0","0.0012","0.0013","0.0001","22.05","-47407.5","SELL","1","CMS",3126493,0.0,25.0,-11.8,0.0
"2026-06-25","US8805913006","880591300","TVA-D","TVA","TENN VALLEY AUTHORITY","Agency","679666.0","677691.0","-1975.0","0.0012","0.0012","0.0","23.94","-47281.5","SELL","1","","","",25.0,-4.24,""
"2026-06-25","US11271L1026","11271L102","BNCN","BNCN","BROOKFIELD FINANCE INC","Financial Institutions","1068824.0","1065724.0","-3100.0","0.0012","0.0012","0.0","15.23","-47213.0","SELL","1","","","",25.0,-39.08,""
"2026-06-25","US4440973075","444097307","HPP-C","HPP","HUDSON PACIFIC PROPERTIES INC","Financial Institutions","1135525.0","1132225.0","-3300.0","0.0012","0.0012","0.0","14.23","-46959.0","SELL","1","HPP-PC",9106,0.4,25.0,-43.08,17.23
"2026-06-25","US88224Q3056","88224Q305","TCBI-B","TCBI","TEXAS CAP BANCSHARES DRC INC","Financial Institutions","795340.0","793040.0","-2300.0","0.0012","0.0012","0.0","20.31","-46713.0","SELL","1","","","",25.0,-18.76,""
"2026-06-25","US90187B5075","90187B507","TWO-C","TWO","TWO HARBORS INVESTMENT CORP","Financial Institutions","645332.0","643457.0","-1875.0","0.0012","0.0012","0.0","24.87","-46631.25","SELL","1","TWO-PC",36104,0.1,25.0,-0.52,0.05
"2026-06-25","US0082528508","008252850","AMG","AMG","AFFILIATED MANAGERS GROUP INC.","Financial Institutions","797006.0","794681.0","-2325.0","0.0012","0.0012","0.0","20.04","-46593.0","SELL","1","AMG",334933,0.0,25.0,-19.84,0.0
"2026-06-25","US74460W6443","74460W644","PSA-H","PSA","PUBLIC STORAGE","Financial Institutions","753387.0","751212.0","-2175.0","0.0012","0.0012","0.0","21.39","-46523.25","SELL","1","PSA-PH",21659,0.1,25.0,-14.44,1.44
"2026-06-25","US10922N5095","10922N509","BHF-B","BHF","BRIGHTHOUSE FINANCIAL INC","Financial Institutions","1066586.0","1063486.0","-3100.0","0.0012","0.0012","0.0","14.95","-46345.0","SELL","1","","","",25.0,-40.2,""
"2026-06-25","US48251K2096","48251K209","KREF-A","KREF","KKR REAL ESTATE FINANCE TRUST INC","Financial Institutions","875627.0","873077.0","-2550.0","0.0012","0.0012","0.0","18.15","-46282.5","SELL","1","KREF-PA",19498,0.1,25.0,-27.4,2.74
"2026-06-25","US00123Q6098","00123Q609","AGNC-D","AGNC","AGNC INVESTMENT CORP","Financial Institutions","627883.0","626058.0","-1825.0","0.0012","0.0012","0.0","24.98","-45588.5","SELL","1","","","",25.0,-0.08,""
"2026-06-25","US10922N2027","10922N202","BHF","BHF","BRIGHTHOUSE FINANCIAL INC","Financial Institutions","993770.0","990895.0","-2875.0","0.0012","0.0012","0.0","15.78","-45367.5","SELL","1","BHF",517353,0.0,25.0,-36.88,0.0
"2026-06-25","US74460W6690","74460W669","PSA-G","PSA","PUBLIC STORAGE","Financial Institutions","792737.0","790437.0","-2300.0","0.0012","0.0012","0.0","19.7","-45310.0","SELL","1","PSA-PG",17477,0.1,25.0,-21.2,2.12
"2026-06-25","US3733344408","373334440","SO","SO","GEORGIA POWER COMPANY","Utility","715371.0","713296.0","-2075.0","0.0012","0.0012","0.0","21.67","-44965.25","SELL","1","SO",6170406,0.0,25.0,-13.32,0.0
"2026-06-25","US74460W6286","74460W628","PSA-I","PSA","PUBLIC STORAGE REPSTG TH BEN INT","Financial Institutions","835717.0","833292.0","-2425.0","0.0012","0.0012","0.0","18.53","-44935.25","SELL","1","PSA-PI",16156,0.2,25.0,-25.88,5.18
"2026-06-25","US16934Q5053","16934Q505","CIM-C","CIM","CHIMERA INVESTMENT CORP","Financial Institutions","694652.0","692627.0","-2025.0","0.0012","0.0012","0.0","22.13","-44813.25","SELL","1","CIM-PC",15202,0.1,25.0,-11.48,1.15
"2026-06-25","US6374321056","637432105","NRUC-US","NRUC","NATIONAL RURAL UTILITIES COOPERATI","Utility","662337.0","660412.0","-1925.0","0.0012","0.0012","0.0","22.85","-43986.25","SELL","1","","","",25.0,-8.6,""
"2026-06-25","US9290428286","929042828","VNO-M","VNO","VORNADO REALTY TRUST","Financial Institutions","853691.0","851216.0","-2475.0","0.0012","0.0012","0.0","17.65","-43683.75","SELL","1","VNO-PM",18266,0.1,25.0,-29.4,2.94
"2026-06-25","US0844238057","084423805","WRB","WRB","WR BERKLEY CORPORATION","Financial Institutions","796837.0","794512.0","-2325.0","0.0011","0.0011","0.0","18.57","-43175.25","SELL","1","WRB",2276900,0.0,25.0,-25.72,0.0
"2026-06-25","US58844R8503","58844R850","MBIN","MBIN","MERCHANTS BANCORP","Financial Institutions","609107.0","607332.0","-1775.0","0.0011","0.0011","0.0","24.27","-43079.25","SELL","1","MBIN",123353,0.0,25.0,-2.92,0.0
"2026-06-25","US2836782092","283678209","KMI","KMI","EL PASO ENERGY CAPITAL TRUST I","Industrial","291951.0","291101.0","-850.0","0.0011","0.0011","0.0","50.64","-43044.0","SELL","1","KMI",9863560,0.0,25.0,102.56,0.0
"2026-06-25","BMG053842040","-","AHL","AHL","ASPEN INSURANCE HOLDINGS LTD","Financial Institutions","804431.0","802106.0","-2325.0","0.0011","0.0011","0.0","18.46","-42919.5","SELL","1","","","",25.0,-26.16,""
"2026-06-25","US0200028126","020002812","ALL-I","ALL","ALLSTATE CORPORATION (THE)","Financial Institutions","789628.0","787328.0","-2300.0","0.0011","0.0011","0.0","18.65","-42895.0","SELL","1","ALL-PI",24401,0.1,25.0,-25.4,2.54
"2026-06-25","US72348N5059","72348N505","PNFP-C","PNFP","PINNACLE FINANCIAL PARTNERS DEPOSI","Financial Institutions","597673.0","595948.0","-1725.0","0.0011","0.0011","0.0","24.55","-42348.75","SELL","1","PNFP-PC",11236,0.2,25.0,-1.8,0.36
"2026-06-25","US74460W6856","74460W685","PSA-F","PSA","PUBLIC STORAGE DS REPRESENTING TH","Financial Institutions","739287.0","737137.0","-2150.0","0.0011","0.0011","0.0","19.65","-42247.5","SELL","1","PSA-PF",17369,0.1,25.0,-21.4,2.14
"2026-06-25","US3193836000","319383600","BUSE-B","BUSE","FIRST BUSEY CORPORATION","Financial Institutions","569269.0","567619.0","-1650.0","0.0011","0.0011","0.0","25.44","-41976.0","SELL","1","","","",25.0,1.76,""
"2026-06-25","US29364W1080","29364W108","ETR","ETR","ENTERGY LOUISIANA LLC","Utility","714814.0","712739.0","-2075.0","0.0011","0.0011","0.0","20.01","-41520.75","SELL","1","ETR",3550463,0.0,25.0,-19.96,0.0
"2026-06-25","US63938C4050","63938C405","NAVI","NAVI","NAVIENT PRCNT SENIOR NOTES EXP D","Financial Institutions","794307.0","792007.0","-2300.0","0.0011","0.0011","0.0","17.92","-41216.0","SELL","1","NAVI",1276833,0.0,25.0,-28.32,0.0
"2026-06-25","US9290428104","929042810","VNO-N","VNO","VORNADO REALTY TRUST 5.4% CUM RED","Financial Institutions","801614.0","799289.0","-2325.0","0.0011","0.0011","0.0","17.68","-41106.0","SELL","1","VNO-PN",22971,0.1,25.0,-29.28,2.93
"2026-06-25","US0605055831","060505583","BAC-1","BAC","BANK OF AMERICA CORPORATION PFD 1","Financial Institutions","719737.0","717637.0","-2100.0","0.0011","0.0011","0.0","19.34","-40614.0","SELL","1","","","",25.0,-22.64,""
"2026-06-25","US29364N1081","29364N108","ETR","ETR","ENTERGY MISSISSIPPI INC","Utility","688270.0","686270.0","-2000.0","0.0011","0.0011","0.0","20.24","-40480.0","SELL","1","ETR",3550463,0.0,25.0,-19.04,0.0
"2026-06-25","US9290428443","929042844","VNO-L","VNO","VORNADO REALTY TRUST","Financial Institutions","801614.0","799289.0","-2325.0","0.0011","0.0011","0.0","17.33","-40292.25","SELL","1","VNO-PL",25251,0.1,25.0,-30.68,3.07
"2026-06-25","BMG053841703","-","AHL","AHL","ASPEN INSURANCE HOLDINGS LTD","Financial Institutions","595783.0","594058.0","-1725.0","0.0011","0.0011","0.0","23.27","-40140.75","SELL","1","","","",25.0,-6.92,""
"2026-06-25","US1170436042","117043604","BC","BC","BRUNSWICK CORPORATION","Industrial","569004.0","567354.0","-1650.0","0.001","0.0011","0.0001","24.25","-40012.5","SELL","1","BC",627010,0.0,25.0,-3.0,0.0
"2026-06-25","US49446R7118","49446R711","KIM-M","KIM","KIMCO RLTY DS REPRESENTING CLASS","Financial Institutions","699091.0","697066.0","-2025.0","0.0011","0.0011","0.0","19.71","-39912.75","SELL","1","KIM-PM",15156,0.1,25.0,-21.16,2.12
"2026-06-25","US25406P2002","25406P200","DDS","DDS","DILLARDS CAP TR I CAP SECS 7.5%","Industrial","529337.0","527812.0","-1525.0","0.0011","0.0011","0.0","26.15","-39878.75","SELL","1","DDS",129927,0.0,25.0,4.6,0.0
"2026-06-25","US35243J2006","35243J200","FBRT-E","FBRT","FRANKLIN BSP REALTY TRUST CUMULA","Financial Institutions","689963.0","687963.0","-2000.0","0.001","0.001","0.0","19.54","-39080.0","SELL","1","FBRT-PE",17775,0.1,25.0,-21.84,2.18
"2026-06-25","US6740014096","674001409","OAK-B","OAK","OAKTREE CAPITAL GROUP LLC","Financial Institutions","627883.0","626058.0","-1825.0","0.001","0.001","0.0","21.2","-38690.0","SELL","1","OAK-PB",11872,0.2,25.0,-15.2,3.04
"2026-06-25","US6378702053","637870205","NSA-A","NSA","NATIONAL STORAGE AFFILIATES REDEEM","Financial Institutions","597859.0","596134.0","-1725.0","0.001","0.001","0.0","22.42","-38674.5","SELL","1","NSA-PA",9855,0.2,25.0,-10.32,2.06
"2026-06-25","US72348N2080","72348N208","PNFP-A","PNFP","PINNACLE FINANCIAL PARTNERS NON CU","Financial Institutions","529222.0","527697.0","-1525.0","0.001","0.001","0.0","25.12","-38308.0","SELL","1","PNFP-PA",7350,0.2,25.0,0.48,0.0
"2026-06-25","US78440X5077","78440X507","SLG-I","SLG","SL GREEN REALTY CORP","Financial Institutions","614605.0","612830.0","-1775.0","0.001","0.001","0.0","21.55","-38251.25","SELL","1","SLG-PI",11088,0.2,25.0,-13.8,2.76
"2026-06-25","US25401T3068","25401T306","DBRG-J","DBRG","DIGITALBRIDGE GROUP INC","Financial Institutions","768960.0","766460.0","-2500.0","0.0009","0.0009","0.0","15.29","-38225.0","SELL","1","DBRG-PJ",83646,0.0,25.0,-38.84,0.0
"2026-06-25","US37959E3009","37959E300","GL","GL","GLOBE LIFE INC","Financial Institutions","859802.0","857302.0","-2500.0","0.001","0.001","0.0","15.15","-37875.0","SELL","1","GL",625470,0.0,25.0,-39.4,0.0
"2026-06-25","US8805914095","880591409","TVA-A","TVA","TENN VALLEY AUTH","Agency","550978.0","549378.0","-1600.0","0.001","0.001","0.0","23.55","-37680.0","SELL","1","","","",25.0,-5.8,""
"2026-06-25","US05554M1009","05554M100","BIP","BIP","BIP BERMUDA HOLDINGS I LTD","Financial Institutions","801613.0","799288.0","-2325.0","0.001","0.001","0.0","16.09","-37409.25","SELL","1","BIP",704188,0.0,25.0,-35.64,0.0
"2026-06-25","US25401T4058","25401T405","DBRG-I","DBRG","DIGITALBRIDGE GROUP .15 CUMULATIVE","Financial Institutions","854651.0","852176.0","-2475.0","0.001","0.001","0.0","15.04","-37224.0","SELL","1","DBRG-PI",79080,0.0,25.0,-39.84,0.0
"2026-06-25","US8606308703","860630870","SF-C","SF","STIFEL FINANCIAL CORP","Financial Institutions","595361.0","593636.0","-1725.0","0.001","0.001","0.0","21.51","-37104.75","SELL","1","SF-PC",14644,0.1,25.0,-13.96,1.4
"2026-06-25","US8606308620","860630862","SF-D","SF","STIFEL FINANCIAL CORP","Financial Institutions","793554.0","791254.0","-2300.0","0.001","0.001","0.0","15.94","-36662.0","SELL","1","SF-PD",20809,0.1,25.0,-36.24,3.62
"2026-06-25","US6496048736","649604873","ADAM-E","ADAM","NEW YORK MORTGAGE TRUST INC","Financial Institutions","498044.0","496594.0","-1450.0","0.001","0.001","0.0","25.27","-36641.5","SELL","1","","","",25.0,1.08,""
"2026-06-25","US2333318184","233331818","DTE","DTE","DTE ENERGY CO","Utility","740165.0","738015.0","-2150.0","0.001","0.001","0.0","17.02","-36593.0","SELL","1","DTE",1456065,0.0,25.0,-31.92,0.0
"2026-06-25","US11259P1093","11259P109","BRBRPH","BEPUCN","BROOKFIELD BRP HOLDINGS (CANADA) I","Utility","936669.0","934169.0","-2500.0","0.001","0.001","0.0","14.63","-36575.0","SELL","1","","","",25.0,-41.48,""
"2026-06-25","US84857L7055","84857L705","SR","SR","SPIRE INC","Utility","529001.0","527476.0","-1525.0","0.001","0.001","0.0","23.76","-36234.0","SELL","1","SR",537773,0.0,25.0,-4.96,0.0
"2026-06-25","US25525P3055","25525P305","DHC","DHC","DIVERSIFIED HEALTHCARE .25% SENIOR","Financial Institutions","667873.0","665923.0","-1950.0","0.0009","0.0009","0.0","18.54","-36153.0","SELL","1","DHC",1825487,0.0,25.0,-25.84,0.0
"2026-06-25","US64828T8053","64828T805","RITM-E","RITM","RITHM CAPITAL CORP","Financial Institutions","507643.0","506168.0","-1475.0","0.0009","0.0009","0.0","24.45","-36063.75","SELL","1","RITM-PE",30562,0.0,25.0,-2.2,0.0
"2026-06-25","US3167738869","316773886","FITB-A","FITB","FIFTH THIRD BANCORP DEPOSITORY SH","Financial Institutions","528845.0","527320.0","-1525.0","0.0009","0.001","0.0001","23.64","-36051.0","SELL","1","FITB-PA",9773,0.2,25.0,-5.44,1.09
"2026-06-25","US05580M7939","05580M793","RILYZ","RILY","B. RILEY FINANCIAL INC","Financial Institutions","511976.0","510501.0","-1475.0","0.0009","0.001","0.0001","24.43","-36034.25","SELL","1","RILYZ",49337,0.0,25.0,-2.28,0.0
"2026-06-25","US16934Q6044","16934Q604","CIM-D","CIM","CHIMERA INVESTMENT CORP","Financial Institutions","534403.0","532853.0","-1550.0","0.0009","0.0009","0.0","23.06","-35743.0","SELL","1","CIM-PD",10733,0.1,25.0,-7.76,0.78
"2026-06-25","US3793785086","379378508","GNL-D","GNL","GLOBAL NET LEASE CUMULATIVE REDE","Financial Institutions","529847.0","528297.0","-1550.0","0.001","0.0009","-0.0001","23.06","-35743.0","SELL","1","GNL-PD",12128,0.1,25.0,-7.76,0.78
"2026-06-25","US2538688308","253868830","DLR-K","DLR","DIGITAL REALTY TRUST INC","Financial Institutions","561115.0","559490.0","-1625.0","0.0009","0.0009","0.0","21.92","-35620.0","SELL","1","DLR-PK",13203,0.1,25.0,-12.32,1.23
"2026-06-25","US74460W5940","74460W594","PSA-J","PSA","PUBLIC STORAGE DEP SHS REPSTG TH","Financial Institutions","681637.0","679662.0","-1975.0","0.0009","0.0009","0.0","17.99","-35530.25","SELL","1","PSA-PJ",15603,0.1,25.0,-28.04,2.8
"2026-06-25","US3167738604","316773860","FITB-K","FITB","FIFTH THIRD BANCORP","Financial Institutions","660702.0","658777.0","-1925.0","0.0009","0.0009","0.0","18.42","-35458.5","SELL","1","FITB-PK",28847,0.1,25.0,-26.32,2.63
"2026-06-25","US8606306079","860630607","SF","SF","STIFEL FINANCIAL CORP","Financial Institutions","601172.0","599422.0","-1750.0","0.0009","0.0009","0.0","19.9","-34825.0","SELL","1","SF",1399270,0.0,25.0,-20.4,0.0
"2026-06-25","US70931T5092","70931T509","PMT-C","PMT","PENNYMAC MORTGAGE INVESTMENT TRUST","Financial Institutions","667873.0","665923.0","-1950.0","0.0009","0.0009","0.0","17.72","-34554.0","SELL","1","PMT-PC",27821,0.1,25.0,-29.12,2.91
"2026-06-25","US05580M8010","05580M801","RILYK","RILY","B. RILEY FINANCIAL INC","Financial Institutions","477026.0","475651.0","-1375.0","0.0009","0.0009","0.0","24.98","-34347.5","SELL","1","","","",25.0,-0.08,""
"2026-06-25","US0082528433","008252843","AMG","AMG","AFFILIATED MANAGERS GROUP INC.","Financial Institutions","726832.0","724732.0","-2100.0","0.0009","0.0009","0.0","16.26","-34146.0","SELL","1","AMG",334933,0.0,25.0,-34.96,0.0
"2026-06-25","US9290427940","929042794","VNO-O","VNO","VORNADO REALTY TRUST","Financial Institutions","801614.0","799289.0","-2325.0","0.0009","0.0009","0.0","14.65","-34061.25","SELL","1","VNO-PO",17328,0.1,25.0,-41.4,4.14
"2026-06-25","US70931T7072","70931T707","PMT","PMT","PENNYMAC MORTGAGE INVESTMENT TRUST","Financial Institutions","460792.0","459442.0","-1350.0","0.0009","0.0009","0.0","25.22","-34047.0","SELL","1","PMT",1096813,0.0,25.0,0.88,0.0
"2026-06-25","US0844238701","084423870","WRB","WRB","WR BERKLEY CORPORATION","Financial Institutions","793123.0","790823.0","-2300.0","0.0009","0.0009","0.0","14.74","-33902.0","SELL","1","WRB",2276900,0.0,25.0,-41.04,0.0
"2026-06-25","US05580M8358","05580M835","RILYM","RILY","B. RILEY FINANCIAL INC","Financial Institutions","580590.0","578915.0","-1675.0","0.0009","0.0009","0.0","20.16","-33768.0","SELL","1","","","",25.0,-19.36,""
"2026-06-25","US70931T4004","70931T400","PMT-B","PMT","PENNYMAC MORTGAGE INVESTMENT TRUST","Financial Institutions","520963.0","519463.0","-1500.0","0.0009","0.0009","0.0","22.49","-33735.0","SELL","1","PMT-PB",8620,0.2,25.0,-10.04,2.01
"2026-06-25","US05614L4077","05614L407","BW-A","BW","BABCOCK & WILCOX ENTERPRISES INC","Industrial","506480.0","505005.0","-1475.0","0.0009","0.0009","0.0","22.7","-33482.5","SELL","1","BW-PA",22401,0.1,25.0,-9.2,0.92
"2026-06-25","US49446R7373","49446R737","KIM-L","KIM","KIMCO REALTY CORPORATION","Financial Institutions","594667.0","592942.0","-1725.0","0.0009","0.0009","0.0","19.3","-33292.5","SELL","1","KIM-PL",13260,0.1,25.0,-22.8,2.28
"2026-06-25","US20451Q4010","20451Q401","CODI-C","CODI","COMPASS DIVERSIFIED HOLDINGS","Financial Institutions","522027.0","520502.0","-1525.0","0.0009","0.0009","0.0","21.78","-33214.5","SELL","1","CODI-PC",9935,0.2,25.0,-12.88,2.58
"2026-06-25","MHY8564M2048","-","TGP-B","TGP","TEEKAY LNG PARTNERS LP","Industrial","440672.0","439397.0","-1275.0","0.0009","0.0009","0.0","25.73","-32805.75","SELL","1","","","",25.0,2.92,""
"2026-06-25","US17259U3032","17259U303","CIONI","CIONI","CION INVESTMENT CORP","Financial Institutions","457267.0","455942.0","-1325.0","0.0009","0.0009","0.0","24.65","-32661.25","SELL","1","","","",25.0,-1.4,""
"2026-06-25","BMG9078F1499","-","TRTN-C","TRTN","TRITON INTERNATIONAL LTD","Industrial","462113.0","460763.0","-1350.0","0.0009","0.0009","0.0","24.06","-32481.0","SELL","1","TRTN-PC",11439,0.1,25.0,-3.76,0.38
"2026-06-25","US46131B5066","46131B506","IVR-C","IVR","INVESCO MORTGAGE CAPITAL INC","Financial Institutions","455009.0","453684.0","-1325.0","0.0008","0.0008","0.0","24.23","-32104.75","SELL","1","IVR-PC",11323,0.1,25.0,-3.08,0.31
"2026-06-25","US04914Y4098","04914Y409","ATLC","ATLC","ATLANTICUS HOLDINGS CORP","Financial Institutions","441735.0","440485.0","-1250.0","0.0009","0.0009","0.0","25.6","-32000.0","SELL","1","ATLC",127423,0.0,25.0,2.4,0.0
"2026-06-25","US6378703044","637870304","NSA-B","NSA PR B","NATIONAL STORAGE AFFILIATES CUM","Financial Institutions","373244.0","371994.0","-1250.0","0.0007","0.0007","0.0","25.5","-31875.0","SELL","1","NSA-PB",3747,0.3,25.0,2.0,0.0
"2026-06-25","BMG9078F3057","-","TRTGV","TRTN","TRITON INTL CUM RED PERP PREF SER","Industrial","461946.0","460596.0","-1350.0","0.0008","0.0008","0.0","23.56","-31806.0","SELL","1","","","",25.0,-5.76,""
"2026-06-25","US74460W5114","74460W511","PSA-N","PSA","PUBLIC STORAGE DEP SHS REPSTG PF","Financial Institutions","734193.0","732068.0","-2125.0","0.0008","0.0008","0.0","14.96","-31790.0","SELL","1","PSA-PN",18438,0.1,25.0,-40.16,4.02
"2026-06-25","US20451Q3020","20451Q302","CODI-B","CODI","COMPASS DIVERSIFIED HOLDINGS FIXED","Financial Institutions","496603.0","495153.0","-1450.0","0.0008","0.0008","0.0","21.91","-31769.5","SELL","1","CODI-PB",6841,0.2,25.0,-12.36,2.47
"2026-06-25","US31959X2027","31959X202","FCNCA","FCNCA","FIRST CITIZENS BANCSHARES NON CU","Financial Institutions","534403.0","532853.0","-1550.0","0.0008","0.0008","0.0","20.46","-31713.0","SELL","1","FCNCA",77203,0.0,25.0,-18.16,0.0
"2026-06-25","US1258968601","125896860","CMS","CMS","CMS ENERGY CORPORATION","Utility","528345.0","526820.0","-1525.0","0.0008","0.0008","0.0","20.76","-31659.0","SELL","1","CMS",3251567,0.0,25.0,-16.96,0.0
"2026-06-25","US74460W5783","74460W578","PSA-K","PSA","PUBLIC STORAGE","Financial Institutions","597952.0","596227.0","-1725.0","0.0008","0.0008","0.0","18.24","-31464.0","SELL","1","PSA-PK",16362,0.1,25.0,-27.04,2.7
"2026-06-25","US11276B1098","11276B109","BIP","BIP","BROOKFIELD INFRASTRUCTURE FINANCE","Utility","667872.0","665922.0","-1950.0","0.0008","0.0008","0.0","15.99","-31180.5","SELL","1","BIP",704188,0.0,25.0,-36.04,0.0
"2026-06-25","BMG162491648","-","BPY-A","BPY","BROOKFIELD PROPERTY PARTNERS LP","Industrial","768196.0","765971.0","-2225.0","0.0008","0.0008","0.0","13.91","-30949.75","SELL","1","","","",25.0,-44.36,""
"2026-06-25","US11259P2083","11259P208","BRBRPH","BEPUCN","BROOKFIELD BRP HOLDINGS (CANADA) I","Utility","694651.0","692626.0","-2025.0","0.0008","0.0008","0.0","15.25","-30881.25","SELL","1","","","",25.0,-39.0,""
"2026-06-25","US2538688555","253868855","DLR-J","DLR","DIGITAL REALTY TRUST INC","Financial Institutions","534403.0","532853.0","-1550.0","0.0008","0.0008","0.0","19.85","-30767.5","SELL","1","DLR-PJ",9631,0.2,25.0,-20.6,4.12
"2026-06-25","US55272X4097","55272X409","MFA-B","MFA","MFA FINANCIAL INC","Financial Institutions","534403.0","532853.0","-1550.0","0.0008","0.0008","0.0","19.77","-30643.5","SELL","1","MFA-PB",15026,0.1,25.0,-20.92,2.09
"2026-06-25","US11276B2088","11276B208","BIP","BIP","BROOKFIELD INFRASTRUCTURE FINANCE","Utility","422147.0","420922.0","-1225.0","0.0008","0.0008","0.0","24.81","-30392.25","SELL","1","BIP",734620,0.0,25.0,-0.76,0.0
"2026-06-25","US3793783008","379378300","GNL-A","GNL","GLOBAL NET LEASE PREF SERIES A INC","Financial Institutions","454153.0","452828.0","-1325.0","0.0008","0.0008","0.0","22.9","-30342.5","SELL","1","GNL-PA",13374,0.1,25.0,-8.4,0.84
"2026-06-25","US38144X6094","38144X609","GS-C","GS","GOLDMAN SACHS GROUP INC","Financial Institutions","534403.0","532853.0","-1550.0","0.0008","0.0008","0.0","19.4","-30070.0","SELL","1","GS-PC",14445,0.1,25.0,-22.4,2.24
"2026-06-25","BMG9078F1648","-","TRTN-D","TRTN","TRITON INTERNATIONAL LTD","Industrial","394400.0","393150.0","-1250.0","0.0007","0.0007","0.0","24.05","-30062.5","SELL","1","TRTN-PD",7741,0.2,25.0,-3.8,0.76
"2026-06-25","US6740013007","674001300","OAK-A","OAK","OAKTREE CAPITAL GROUP LLC","Financial Institutions","480931.0","479531.0","-1400.0","0.0008","0.0008","0.0","21.44","-30016.0","SELL","1","OAK-PA",10794,0.1,25.0,-14.24,1.42
"2026-06-25","US0844238883","084423888","WRB","WRB","WR BERKLEY CORPORATION","Financial Institutions","659733.0","657808.0","-1925.0","0.0008","0.0008","0.0","15.57","-29972.25","SELL","1","WRB",2276900,0.0,25.0,-37.72,0.0
"2026-06-25","US58844R7026","58844R702","MBIN-C","MBIN","MERCHANTS BANCORP","Financial Institutions","517727.0","516227.0","-1500.0","0.0008","0.0008","0.0","19.98","-29970.0","SELL","1","","","",25.0,-20.08,""
"2026-06-25","US0844237067","084423706","WRB","WRB","WR BERKLEY CORPORATION","Financial Institutions","488119.0","486694.0","-1425.0","0.0008","0.0008","0.0","20.94","-29839.5","SELL","1","WRB",2276900,0.0,25.0,-16.24,0.0
"2026-06-25","US0423156068","042315606","ARR-C","ARR","ARMOUR RESIDENTIAL REIT INC","Financial Institutions","486691.0","485266.0","-1425.0","0.0008","0.0008","0.0","20.93","-29825.25","SELL","1","ARR-PC",18606,0.1,25.0,-16.28,1.63
"2026-06-25","US1258968379","125896837","CMS-C","CMS","CMS ENERGY CORPORATION","Utility","606733.0","604983.0","-1750.0","0.0008","0.0008","0.0","17.04","-29820.0","SELL","1","CMS-PC",16258,0.1,25.0,-31.84,3.18
"2026-06-25","US0605058157","060505815","BAC-E","BAC","BANK OF AMERICA CORP PREF STOCK","Financial Institutions","548149.0","546549.0","-1600.0","0.0008","0.0008","0.0","18.61","-29776.0","SELL","1","BAC-PE",23069,0.1,25.0,-25.56,2.56
"2026-06-25","US11259P3073","11259P307","BRBRPH","BEPUCN","BROOKFIELD BRP HOLDINGS (CANADA) I","Utility","400680.0","399505.0","-1175.0","0.0008","0.0008","0.0","25.34","-29774.5","SELL","1","","","",25.0,1.36,""
"2026-06-25","BMG162491564","-","BPY-A2","BPY","BROOKFIELD PROPERTY PARTNERS LP","Industrial","667873.0","665923.0","-1950.0","0.0008","0.0008","0.0","15.26","-29757.0","SELL","1","","","",25.0,-38.96,""
"2026-06-25","US2333318267","233331826","DTE-G","DTE","DTE ENERGY COMPANY","Utility","606627.0","604877.0","-1750.0","0.0008","0.0008","0.0","16.95","-29662.5","SELL","1","","","",25.0,-32.2,""
"2026-06-25","US5303075031","530307503","LBRDA","LBRDA","LIBERTY BROADBAND CUM REDEEMABLE P","Industrial","473682.0","472307.0","-1375.0","0.0008","0.0008","0.0","21.39","-29411.25","SELL","1","LBRDA",193453,0.0,25.0,-14.44,0.0
"2026-06-25","US74460W3960","74460W396","PSA-S","PSA","PUBLIC STORAGE DEPOSITARY SHS EACH","Financial Institutions","648694.0","646819.0","-1875.0","0.0008","0.0008","0.0","15.66","-29362.5","SELL","1","PSA-PS",25545,0.1,25.0,-37.36,3.74
"2026-06-25","US00123Q8565","00123Q856","AGNCL","AGNC","AGNC INVESTMENT CORP","Financial Institutions","400644.0","399469.0","-1175.0","0.0008","0.0008","0.0","24.93","-29292.75","SELL","1","AGNCL",10933,0.1,25.0,-0.28,0.03
"2026-06-25","US9197944047","919794404","VLY-C","VLY","VALLEY NATIONAL BANCORP","Financial Institutions","395568.0","394418.0","-1150.0","0.0008","0.0008","0.0","25.45","-29267.5","SELL","1","","","",25.0,1.8,""
"2026-06-25","US38741L3050","38741L305","GPMT-A","GPMT","GRANITE POINT MORTGAGE TRUST INC","Financial Institutions","549718.0","548118.0","-1600.0","0.0008","0.0008","0.0","18.27","-29232.0","SELL","1","GPMT-PA",3363,0.5,25.0,-26.92,13.46
"2026-06-25","US04208T2078","04208T207","AHH-A","AHH","ARMADA HOFFLER PROPERTIES INC","Financial Institutions","457180.0","455855.0","-1325.0","0.0008","0.0008","0.0","21.99","-29136.75","SELL","1","","","",25.0,-12.04,""
"2026-06-25","US4101204067","410120406","HWC","HWC","HANCOCK WHITNEY CORP","Financial Institutions","454823.0","453498.0","-1325.0","0.0008","0.0008","0.0","21.95","-29083.75","SELL","1","HWC",958700,0.0,25.0,-12.2,0.0
"2026-06-25","US0605056250","060505625","BAC-02","BAC","BANK OF AMERICA CORP","Financial Institutions","529575.0","528050.0","-1525.0","0.0008","0.0008","0.0","18.81","-28685.25","SELL","1","","","",25.0,-24.76,""
"2026-06-25","US6496048819","649604881","ADAM-D","ADAM","NEW YORK MORTGAGE TRUST INC","Financial Institutions","410512.0","409312.0","-1200.0","0.0007","0.0007","0.0","23.72","-28464.0","SELL","1","","","",25.0,-5.12,""
"2026-06-25","US8606307069","860630706","SF-B","SF","STIFEL FINANCIAL CORP","Financial Institutions","427441.0","426191.0","-1250.0","0.0007","0.0007","0.0","22.74","-28425.0","SELL","1","SF-PB",10472,0.1,25.0,-9.04,0.9
"2026-06-25","US04914Y3009","04914Y300","ATLC","ATLC","ATLANTICUS HOLDINGS CORP","Financial Institutions","390690.0","389565.0","-1125.0","0.0007","0.0008","0.0001","25.23","-28383.75","SELL","1","ATLC",127423,0.0,25.0,0.92,0.0
"2026-06-25","BMG053841620","-","AHL","AHL","ASPEN INSURANCE HOLDINGS LTD","Financial Institutions","527212.0","525687.0","-1525.0","0.0008","0.0007","-0.0001","18.58","-28334.5","SELL","1","","","",25.0,-25.68,""
"2026-06-25","US10922N8891","10922N889","BHF-D","BHF","BRIGHTHOUSE FINANCIAL INC","Financial Institutions","923099.0","920424.0","-2675.0","0.0007","0.0007","0.0","10.56","-28248.0","SELL","1","","","",25.0,-57.76,""
"2026-06-25","US87266M2061","87266M206","TRTX-C","TRTX","TPG RE FIN TR PREF SERIES C INC TR","Financial Institutions","537834.0","536284.0","-1550.0","0.0008","0.0007","-0.0001","18.22","-28241.0","SELL","1","TRTX-PC",6100,0.3,25.0,-27.12,8.14
"2026-06-25","US78407R2040","78407R204","SCE-J","EIX","SCE TRUST II CUM TRUST SECS P","Utility","580330.0","578655.0","-1675.0","0.0007","0.0007","0.0","16.7","-27972.5","SELL","1","","","",25.0,-33.2,""
"2026-06-25","US3205174028","320517402","FHN-E","FHN","FIRST HORIZON NATIONAL CORP","Financial Institutions","400679.0","399504.0","-1175.0","0.0007","0.0007","0.0","23.67","-27812.25","SELL","1","FHN-PE",6398,0.2,25.0,-5.32,1.06
"2026-06-25","BMG9078F1317","-","TRTN-B","TRTN","TRITON INTERNATIONAL LTD","Industrial","378807.0","377707.0","-1100.0","0.0007","0.0007","0.0","25.2","-27720.0","SELL","1","TRTN-PB",7740,0.1,25.0,0.8,0.0
"2026-06-25","US4461507810","446150781","HBAN-C","HBAN","HUNTINGTON BANCSHARES INC","Financial Institutions","467581.0","466231.0","-1350.0","0.0007","0.0007","0.0","20.52","-27702.0","SELL","1","","","",25.0,-17.92,""
"2026-06-25","US58844R8842","58844R884","MBIN","MBIN","MERCHANTS BANCORP","Financial Institutions","375448.0","374348.0","-1100.0","0.0007","0.0007","0.0","25.01","-27511.0","SELL","1","MBIN",123353,0.0,25.0,0.04,0.0
"2026-06-25","US26884U2087","26884U208","EPR-C","EPR","EPR PROPERTIES 5.75% CUM CONV PREF","Financial Institutions","360219.0","359169.0","-1050.0","0.0007","0.0007","0.0","26.12","-27426.0","SELL","1","EPR-PC",4903,0.2,25.0,4.48,0.0
"2026-06-25","US6496048652","649604865","ADAM-F","ADAM","NEW YORK MORTGAGE TRUST INC","Financial Institutions","387684.0","386559.0","-1125.0","0.0007","0.0007","0.0","24.35","-27393.75","SELL","1","","","",25.0,-2.6,""
"2026-06-25","US74460W5379","74460W537","PSA-M","PSA","PUBLIC STORAGE","Financial Institutions","594956.0","593231.0","-1725.0","0.0007","0.0007","0.0","15.82","-27289.5","SELL","1","PSA-PM",12914,0.1,25.0,-36.72,3.67
"2026-06-25","US0259328807","025932880","AFG","AFG","AMERICAN FINANCIAL GROUP INC","Financial Institutions","527138.0","525613.0","-1525.0","0.0007","0.0007","0.0","17.72","-27023.0","SELL","1","AFG",510720,0.0,25.0,-29.12,0.0
"2026-06-25","US11272B1035","11272B103","BNCN","BNCN","BROOKFIELD FINANCE I UK PLC","Financial Institutions","614604.0","612829.0","-1775.0","0.0007","0.0007","0.0","14.93","-26500.75","SELL","1","","","",25.0,-40.28,""
"2026-06-25","US4461507570","446150757","HBANZ","HBAN","HUNTINGTON BANCSHARES DEPOSITARY S","Financial Institutions","456147.0","454822.0","-1325.0","0.0007","0.0007","0.0","19.98","-26473.5","SELL","1","HBANZ",9010,0.1,25.0,-20.08,2.01
"2026-06-25","USG162522670","-","BIP-13","BIP","BROOKFIELD INFRASTRUCTURE CLASS","Utility","534403.0","532853.0","-1550.0","0.0007","0.0007","0.0","17.01","-26365.5","SELL","1","","","",25.0,-31.96,""
"2026-06-25","BMG9078F2067","-","TRTN","TRTN","TRITON INTERNATIONAL LTD","Industrial","394995.0","393845.0","-1150.0","0.0007","0.0007","0.0","22.88","-26312.0","SELL","1","","","",25.0,-8.48,""
"2026-06-25","BMG162522756","-","BIP-14","BIP","BROOKFIELD INFRASTRUCTURE PARTNERS","Utility","534403.0","532853.0","-1550.0","0.0007","0.0007","0.0","16.25","-25187.5","SELL","1","","","",25.0,-35.0,""
"2026-06-25","US9478907036","947890703","WBS-G","WBS","WEBSTER FINANCIAL CORPORATION","Financial Institutions","360655.0","359605.0","-1050.0","0.0007","0.0007","0.0","23.89","-25084.5","SELL","1","WBS-PG",7373,0.1,25.0,-4.44,0.44
"2026-06-25","US3765468679","376546867","GAIN","GAIN","GLADSTONE INVESTMENT CORP","Financial Institutions","332668.0","331693.0","-975.0","0.0006","0.0006","0.0","25.48","-24843.0","SELL","1","GAIN",349900,0.0,25.0,1.92,0.0
"2026-06-25","MHY8564M1131","-","TGP","TGP","TEEKAY LNG PARTNERS LP","Industrial","329541.0","328591.0","-950.0","0.0007","0.0007","0.0","26.1","-24795.0","SELL","1","","","",25.0,4.4,""
"2026-06-25","US26884U5056","26884U505","EPR-G","EPR","EPR PROPERTIES","Financial Institutions","400753.0","399578.0","-1175.0","0.0006","0.0006","0.0","21.02","-24698.5","SELL","1","EPR-PG",12274,0.1,25.0,-15.92,1.59
"2026-06-25","US3765468836","376546883","GAIN","GAIN","GLADSTONE INVESTMENT CORP","Financial Institutions","353938.0","352913.0","-1025.0","0.0006","0.0006","0.0","23.94","-24538.5","SELL","1","GAIN",349900,0.0,25.0,-4.24,0.0
"2026-06-25","US89832Q8107","89832Q810","TFC-I","TFC","TRUIST FINANCIAL DS REPRESENTING","Financial Institutions","460840.0","459490.0","-1350.0","0.0006","0.0006","0.0","18.17","-24529.5","SELL","1","TFC-PI",12615,0.1,25.0,-27.32,2.73
"2026-06-25","US25401T5048","25401T504","DBRG-H","DBRG","DIGITALBRIDGE GROUP .125 CUMULATIV","Financial Institutions","557047.0","555422.0","-1625.0","0.0007","0.0006","-0.0001","15.05","-24456.25","SELL","1","DBRG-PH",33119,0.0,25.0,-39.8,0.0
"2026-06-25","BMG9078F1564","-","TRTN-E","TRTN","TRITON INTERNATIONAL LTD","Industrial","460681.0","459356.0","-1325.0","0.0007","0.0006","-0.0001","18.37","-24340.25","SELL","1","TRTN-PE",6276,0.2,25.0,-26.52,5.3
"2026-06-25","US9478905055","947890505","WBS-F","WBS","WEBSTER FINANCIAL DRC CORP","Financial Institutions","400680.0","399505.0","-1175.0","0.0006","0.0006","0.0","20.7","-24322.5","SELL","1","WBS-PF",11319,0.1,25.0,-17.2,1.72
"2026-06-25","US8163005031","816300503","SIGI-B","SIGI","SELECTIVE INS GROUP DS REPSTG IN","Financial Institutions","526273.0","524748.0","-1525.0","0.0006","0.0006","0.0","15.88","-24217.0","SELL","1","","","",25.0,-36.48,""
"2026-06-25","US0259328641","025932864","AFG","AFG","AMERICAN FINANCIAL GROUP INC","Financial Institutions","526357.0","524832.0","-1525.0","0.0006","0.0006","0.0","15.82","-24125.5","SELL","1","AFG",510720,0.0,25.0,-36.72,0.0
"2026-06-25","US90187B2007","90187B200","TWO-A","TWO","TWO HARBORS INVESTMENT CORP","Financial Institutions","337374.0","336399.0","-975.0","0.0006","0.0006","0.0","24.33","-23721.75","SELL","1","TWO-PA",12904,0.1,25.0,-2.68,0.27
"2026-06-25","US16934Q3074","16934Q307","CIM-A","CIM","CHIMERA INVESTMENT CORP","Financial Institutions","387453.0","386328.0","-1125.0","0.0006","0.0006","0.0","21.03","-23658.75","SELL","1","CIM-PA",9857,0.1,25.0,-15.88,1.59
"2026-06-25","US68003D3035","68003D303","ONB-C","ONB","OLD NATIONAL BANCORP DEP SHS EACH","Financial Institutions","327304.0","326354.0","-950.0","0.0006","0.0006","0.0","24.87","-23626.5","SELL","1","","","",25.0,-0.52,""
"2026-06-25","US0084922097","008492209","ADC-A","ADC","AGREE REALTY CORP","Financial Institutions","467653.0","466303.0","-1350.0","0.0006","0.0006","0.0","17.15","-23152.5","SELL","1","ADC-PA",11921,0.1,25.0,-31.4,3.14
"2026-06-25","US3137452005","313745200","FRT-C","FRT","FEDERAL REALTY INVESTMENT DEPOSITA","Financial Institutions","400680.0","399505.0","-1175.0","0.0006","0.0006","0.0","19.63","-23065.25","SELL","1","FRT-PC",9213,0.1,25.0,-21.48,2.15
"2026-06-25","US6496048165","649604816","ADAM","ADAM","NEW YORK MORTGAGE TRUST INC","Financial Institutions","307165.0","306265.0","-900.0","0.0006","0.0006","0.0","25.55","-22995.0","SELL","1","ADAM",779167,0.0,25.0,2.2,0.0
"2026-06-25","US28852N3070","28852N307","EFC-B","EFC","ELLINGTON FINANCIAL INC","Financial Institutions","322078.0","321153.0","-925.0","0.0006","0.0006","0.0","24.82","-22958.5","SELL","1","EFC-PB",2763,0.3,25.0,-0.72,0.22
"2026-06-25","US90187B8871","90187B887","TWO","TWO","TWO HARBORS INVESTMENT CORP","Financial Institutions","307183.0","306283.0","-900.0","0.0006","0.0006","0.0","25.38","-22842.0","SELL","1","TWO",1762640,0.0,25.0,1.52,0.0
"2026-06-25","US64944P3073","64944P307","FLG","NYCB","NEW YORK COMMUNITY CAPITAL TRUST V","Financial Institutions","190467.0","189917.0","-550.0","0.0006","0.0006","0.0","41.25","-22687.5","SELL","1","FLG",4522157,0.0,25.0,65.0,0.0
"2026-06-25","US26817Q8785","26817Q878","DX-C","DX","DYNEX CAPITAL INC","Financial Institutions","297853.0","296978.0","-875.0","0.0006","0.0006","0.0","25.91","-22671.25","SELL","1","DX-PC",8739,0.1,25.0,3.64,0.0
"2026-06-25","MHY271831213","-","GSL","GSL","GLOBAL SHIP LEASE INC","Industrial","291160.0","290310.0","-850.0","0.0006","0.0006","0.0","26.65","-22652.5","SELL","1","GSL",363467,0.0,25.0,6.6,0.0
"2026-06-25","US8964426055","896442605","TRIN","TRIN","TRINITY CAPITAL INC","Financial Institutions","313219.0","312319.0","-900.0","0.0006","0.0006","0.0","25.16","-22644.0","SELL","1","TRIN",1003697,0.0,25.0,0.64,0.0
"2026-06-25","US8964427046","896442704","TRIN","TRIN","TRINITY CAPITAL INC","Financial Institutions","306269.0","305369.0","-900.0","0.0006","0.0006","0.0","25.14","-22626.0","SELL","1","TRIN",1003697,0.0,25.0,0.56,0.0
"2026-06-25","US5977423038","597742303","MSBI","MSBI","MIDLAND STATES BANCORP INC","Financial Institutions","307201.0","306301.0","-900.0","0.0006","0.0006","0.0","25.13","-22617.0","SELL","1","MSBI",139703,0.0,25.0,0.52,0.0
"2026-06-25","US0082528359","008252835","AMG","AMG","AFFILIATED MANAGERS GROUP INC.","Financial Institutions","525444.0","523919.0","-1525.0","0.0006","0.0006","0.0","14.79","-22554.75","SELL","1","AMG",334933,0.0,25.0,-40.84,0.0
"2026-06-25","US75574U8383","75574U838","RC","RC","READY CAPITAL CORP","Financial Institutions","347394.0","346394.0","-1000.0","0.0006","0.0006","0.0","22.5","-22500.0","SELL","1","RC",1799967,0.0,25.0,-10.0,0.0
"2026-06-25","US0259328724","025932872","AFG","AFG","AMERICAN FINANCIAL GROUP INC","Financial Institutions","393931.0","392781.0","-1150.0","0.0006","0.0006","0.0","19.55","-22482.5","SELL","1","AFG",510720,0.0,25.0,-21.8,0.0
"2026-06-25","US6475513080","647551308","NMFC","NMFC","NEW MOUNTAIN FINANCE CORP","Financial Institutions","301930.0","301055.0","-875.0","0.0006","0.0006","0.0","25.28","-22120.0","SELL","1","NMFC",574607,0.0,25.0,1.12,0.0
"2026-06-25","BMG162491499","-","BPY-A-1","BPY","BROOKFIELD PROPERTY PARTNERS LP","Industrial","491686.0","490261.0","-1425.0","0.0006","0.0006","0.0","15.47","-22044.75","SELL","1","","","",25.0,-38.12,""
"2026-06-25","US26884U3077","26884U307","EPR-E","EPR","EPR PROPERTIES","Financial Institutions","230141.0","229466.0","-675.0","0.0006","0.0006","0.0","32.63","-22025.25","SELL","1","EPR-PE",2556,0.3,25.0,30.52,0.0
"2026-06-25","US20786W5031","20786W503","CNOB-A","CNOB","CONNECTONE BANCORP INC","Financial Institutions","301841.0","300966.0","-875.0","0.0006","0.0006","0.0","25.0","-21875.0","SELL","1","","","",25.0,0.0,""
"2026-06-25","US8660826053","866082605","INN-E","INN","SUMMIT HOTEL PROPERTIES INC","Financial Institutions","427441.0","426191.0","-1250.0","0.0006","0.0006","0.0","17.49","-21862.5","SELL","1","INN-PE",8278,0.2,25.0,-30.04,6.01
"2026-06-25","US9197942066","919794206","VLY-A","VLY","VALLEY NATIONAL BANCORP","Financial Institutions","301935.0","301060.0","-875.0","0.0006","0.0006","0.0","24.72","-21630.0","SELL","1","","","",25.0,-1.12,""
"2026-06-25","BMG162582313","-","BEPUCN","BEPUCN","BROOKFIELD RENEWABLE PARTNERS LP","Utility","536675.0","535425.0","-1250.0","0.0007","0.0007","0.0","17.28","-21600.0","SELL","1","","","",25.0,-30.88,""
"2026-06-25","US2635343070","263534307","CTVA","CTVA","E I DU PONT DE NEMOURS AND CO","Industrial","109705.0","109380.0","-325.0","0.0006","0.0006","0.0","66.28","-21541.0","SELL","1","CTVA",4046243,0.0,25.0,165.12,0.0
"2026-06-25","US02665T8760","02665T876","AMH-G","AMH","AMERICAN HOMES 4 RENT","Financial Institutions","307203.0","306303.0","-900.0","0.0006","0.0006","0.0","23.5","-21150.0","SELL","1","AMH-PG",3326,0.3,25.0,-6.0,1.8
"2026-06-25","US0605055914","060505591","BAC","BAC","BANK OF AMERICA DEPOSITORY SHARES","Financial Institutions","361811.0","360761.0","-1050.0","0.0006","0.0006","0.0","19.9","-20895.0","SELL","1","BAC",38887347,0.0,25.0,-20.4,0.0
"2026-06-25","US64828T3005","64828T300","RITM-A","RITM","NEW RESIDENTIAL INVESTMENT CORP","Financial Institutions","281165.0","280340.0","-825.0","0.0005","0.0005","0.0","25.3","-20872.5","SELL","1","RITM-PA",9360,0.1,25.0,1.2,0.0
"2026-06-25","US70931T8062","70931T806","PMT","PMT","PENNYMAC MORTGAGE INVESTMENT TRUST","Financial Institutions","280453.0","279628.0","-825.0","0.0005","0.0005","0.0","25.06","-20674.5","SELL","1","PMT",1096813,0.0,25.0,0.24,0.0
"2026-06-25","US68003D2045","68003D204","ONB-A","ONB","OLD NATIONAL BANCORP","Financial Institutions","288466.0","287641.0","-825.0","0.0005","0.0006","0.0001","24.99","-20616.75","SELL","1","","","",25.0,-0.04,""
"2026-06-25","US7588498896","758849889","REG-A","REG","REGENCY CENTERS SERIES A CUMULAT","Financial Institutions","307201.0","306301.0","-900.0","0.0005","0.0005","0.0","22.7","-20430.0","SELL","1","","","",25.0,-9.2,""
"2026-06-25","US02665T8687","02665T868","AMH-H","AMH","AMERICAN HOMES 4 RENT","Financial Institutions","307201.0","306301.0","-900.0","0.0005","0.0005","0.0","22.6","-20340.0","SELL","1","AMH-PH",6638,0.1,25.0,-9.6,0.96
"2026-06-25","US70931T3014","70931T301","PMT-A","PMT","PENNYMAC MORTGAGE INVESTMENT TRUST","Financial Institutions","307203.0","306303.0","-900.0","0.0005","0.0005","0.0","22.47","-20223.0","SELL","1","PMT-PA",6768,0.1,25.0,-10.12,1.01
"2026-06-25","US3205178656","320517865","FHN-F","FHN","FIRST HORIZON CORP (TENNESSEE)","Financial Institutions","400644.0","399469.0","-1175.0","0.0005","0.0005","0.0","17.04","-20022.0","SELL","1","FHN-PF",6112,0.2,25.0,-31.84,6.37
"2026-06-25","US80349A8027","80349A802","SAR","SAR","SARATOGA INVESTMENT CORP","Financial Institutions","276510.0","275710.0","-800.0","0.0005","0.0005","0.0","25.0","-20000.0","SELL","1","SAR",87937,0.0,25.0,0.0,0.0
"2026-06-25","US28852N4060","28852N406","EFC-C","EFC","ELLINGTON FINANCIAL INC","Financial Institutions","267193.0","266418.0","-775.0","0.0005","0.0005","0.0","25.72","-19933.0","SELL","1","EFC-PC",1080,0.7,25.0,2.88,0.0
"2026-06-25","US7588498714","758849871","REG-B","REG","REGENCY CENTERS SERIES B CUMULAT","Financial Institutions","307207.0","306307.0","-900.0","0.0005","0.0005","0.0","22.02","-19818.0","SELL","1","","","",25.0,-11.92,""
"2026-06-25","US73317H2067","73317H206","BPOP","BPOP","POPULAR CAPITAL TRUST II","Financial Institutions","270000.0","269225.0","-775.0","0.0005","0.0005","0.0","25.35","-19646.25","SELL","1","BPOP",501980,0.0,25.0,1.4,0.0
"2026-06-25","US00489Q3002","00489Q300","ACR-D","ACR","ACRES COMMERCIAL REALTY CORP","Financial Institutions","301064.0","300189.0","-875.0","0.0005","0.0005","0.0","22.45","-19643.75","SELL","1","ACR-PD",2847,0.3,25.0,-10.2,3.06
"2026-06-25","US22948Q2003","22948Q200","CTO-A","CTO","CTO REALTY GROWTH INC","Financial Institutions","314784.0","313859.0","-925.0","0.0005","0.0005","0.0","21.03","-19452.75","SELL","1","CTO-PA",4931,0.2,25.0,-15.88,3.18
"2026-06-25","US3793784097","379378409","GNL-B","GNL","GLOBAL NET LEASE INC","Financial Institutions","313764.0","312864.0","-900.0","0.0005","0.0005","0.0","21.46","-19314.0","SELL","1","GNL-PB",12079,0.1,25.0,-14.16,1.42
"2026-06-25","US2298993070","229899307","CFR-B","CFR","CULLEN FROST BANKERS DRC INC","Financial Institutions","400644.0","399469.0","-1175.0","0.0005","0.0005","0.0","16.39","-19258.25","SELL","1","CFR-PB",10413,0.1,25.0,-34.44,3.44
"2026-06-25","US0259328070","025932807","AFG","AFG","AMERICAN FINANCIAL GROUP INC","Financial Institutions","327652.0","326702.0","-950.0","0.0005","0.0005","0.0","20.1","-19095.0","SELL","1","AFG",510720,0.0,25.0,-19.6,0.0
"2026-06-25","US74460W4877","74460W487","PSA-O","PSA","PUBLIC STORAGE","Financial Institutions","439535.0","438260.0","-1275.0","0.0005","0.0005","0.0","14.9","-18997.5","SELL","1","PSA-PO",24051,0.1,25.0,-40.4,4.04
"2026-06-25","US8043958797","804395879","BFS-E","BFS","SAUL CENTERS INC","Financial Institutions","293977.0","293127.0","-850.0","0.0005","0.0005","0.0","22.3","-18955.0","SELL","1","BFS-PE",6562,0.1,25.0,-10.8,1.08
"2026-06-25","US7580758578","758075857","RWT","RWT","REDWOOD TRUST INC","Financial Institutions","267175.0","266400.0","-775.0","0.0005","0.0005","0.0","24.35","-18871.25","SELL","1","RWT",1254450,0.0,25.0,-2.6,0.0
"2026-06-25","US53803X4025","53803X402","LOB-A","LOB","LIVE OAK BANCSHARES INC","Financial Institutions","261993.0","261243.0","-750.0","0.0005","0.0005","0.0","25.14","-18855.0","SELL","1","LOB-PA",12351,0.1,25.0,0.56,0.0
"2026-06-25","US9197943056","919794305","VLY-B","VLY","VALLEY NATL NON CUM PERP PREF SERI","Financial Institutions","261904.0","261154.0","-750.0","0.0005","0.0005","0.0","24.71","-18532.5","SELL","1","","","",25.0,-1.16,""
"2026-06-25","US29364P1030","29364P103","ETR","ETR","ENTERGY NEW ORLEANS INC","Utility","287899.0","287074.0","-825.0","0.0005","0.0005","0.0","21.78","-17968.5","SELL","1","ETR",3664210,0.0,25.0,-12.88,0.0
"2026-06-25","US20451Q2030","20451Q203","CODI-A","CODI","COMPASS DIVERSIFIED HOLDINGS","Financial Institutions","305895.0","304995.0","-900.0","0.0005","0.0005","0.0","19.84","-17856.0","SELL","1","CODI-PA",5218,0.2,25.0,-20.64,4.13
"2026-06-25","US3131488278","313148827","AGMPP","FAMCA","FEDERAL AGRIC MTG NON CUMULATIVE P","Agency","261687.0","260937.0","-750.0","0.0005","0.0005","0.0","23.7","-17775.0","SELL","1","","","",25.0,-5.2,""
"2026-06-25","US25432X2018","25432X201","DCOM","DCOM","DIME COMMUNITY BANCSHARES CUMULATI","Financial Institutions","346827.0","345827.0","-1000.0","0.0005","0.0005","0.0","17.63","-17630.0","SELL","1","DCOM",284627,0.0,25.0,-29.48,0.0
"2026-06-25","US6943082064","694308206","PCG-A","PCG","PACIFIC GAS & ELEC CO","Utility","275343.0","274543.0","-800.0","0.0005","0.0005","0.0","21.82","-17456.0","SELL","1","PCG-PA",5351,0.1,25.0,-12.72,1.27
"2026-06-25","US5290433094","529043309","LXP-C","LXP","LXP INDUSTRIAL TRUST","Financial Institutions","129285.0","128910.0","-375.0","0.0005","0.0005","0.0","46.0","-17250.0","SELL","1","LXP-PC",1978,0.2,25.0,84.0,0.0
"2026-06-25","US3131488435","313148843","FAMCA","FAMCA","FEDERAL AGRICULTURAL MORTGAGE CORP","Agency","313630.0","312730.0","-900.0","0.0005","0.0005","0.0","19.14","-17226.0","SELL","1","","","",25.0,-23.44,""
"2026-06-25","US3131488351","313148835","FAMCA","FAMCA","FEDERAL AGRICULTURAL MORTGAGE NO","Agency","326398.0","325448.0","-950.0","0.0004","0.0004","0.0","17.79","-16900.5","SELL","1","","","",25.0,-28.84,""
"2026-06-25","US74348T5653","74348T565","PSEC-A","PSEC","PROSPECT CAPITAL CORP","Financial Institutions","342830.0","341830.0","-1000.0","0.0004","0.0004","0.0","16.44","-16440.0","SELL","1","PSEC-PA",7785,0.1,25.0,-34.24,3.42
"2026-06-25","US74460W4463","74460W446","PSA-Q","PSA","PUBLIC STORAGE","Financial Institutions","369487.0","368412.0","-1075.0","0.0004","0.0004","0.0","15.07","-16200.25","SELL","1","PSA-PQ",15466,0.1,25.0,-39.72,3.97
"2026-06-25","US0454874027","045487402","ASB-F","ASB","ASSOCIATED BANC DEPOSITARY SHARES","Financial Institutions","267202.0","266427.0","-775.0","0.0004","0.0004","0.0","20.4","-15810.0","SELL","1","ASB-PF",5438,0.1,25.0,-18.4,1.84
"2026-06-25","US00489Q2012","00489Q201","ACR-C","ACR","ACRES COMMERCIAL REALTY .625 FIXED","Financial Institutions","322875.0","322250.0","-625.0","0.0006","0.0006","0.0","25.21","-15756.25","SELL","1","ACR-PC",7548,0.1,25.0,0.84,0.0
"2026-06-25","US55272X7066","55272X706","MFA","MFA","MFA FINANCIAL INC","Financial Institutions","309075.0","308450.0","-625.0","0.0006","0.0006","0.0","25.2","-15750.0","SELL","1","MFA",1435370,0.0,25.0,0.8,0.0
"2026-06-25","US3131488682","313148868","FAMCA","FAMCA","FEDERAL AGRICULTURAL MORTGAGE CORP","Agency","260701.0","259951.0","-750.0","0.0004","0.0004","0.0","20.94","-15705.0","SELL","1","","","",25.0,-16.24,""
"2026-06-25","US16934Q8693","16934Q869","CIM","CIM","CHIMERA INVESTMENT CORP","Financial Institutions","322764.0","322139.0","-625.0","0.0006","0.0006","0.0","25.1","-15687.5","SELL","1","CIM",646203,0.0,25.0,0.4,0.0
"2026-06-25","US3765468596","376546859","GAIN","GAIN","GLADSTONE INVESTMENT CORP","Financial Institutions","262750.0","262125.0","-625.0","0.0005","0.0005","0.0","25.05","-15656.25","SELL","1","GAIN",349900,0.0,25.0,0.2,0.0
"2026-06-25","US14040H7742","14040H774","COF-K","COF","CAPITAL ONE FINANCIAL CORPORATION","Financial Institutions","315525.0","314600.0","-925.0","0.0004","0.0004","0.0","16.71","-15456.75","SELL","1","COF-PK",17292,0.1,25.0,-33.16,3.32
"2026-06-25","US80349A8514","80349A851","SAR","SAR","SARATOGA INVESTMENT CORP","Financial Institutions","263075.0","262450.0","-625.0","0.0005","0.0005","0.0","24.73","-15456.25","SELL","1","SAR",87937,0.0,25.0,-1.08,0.0
"2026-06-25","US78163D4079","78163D407","RWAY","RWAY","RUNWAY GROWTH FINANCE","Financial Institutions","263000.0","262375.0","-625.0","0.0005","0.0005","0.0","24.44","-15275.0","SELL","1","RWAY",670827,0.0,25.0,-2.24,0.0
"2026-06-25","US9116847024","911684702","UZA","AD","UNITED STATES CELLULAR CORPORATION","Industrial","275914.0","275114.0","-800.0","0.0004","0.0004","0.0","18.9","-15120.0","SELL","1","","","",25.0,-24.4,""
"2026-06-25","US0454872047","045487204","ASB-E","ASB","ASSOCIATED BANC-CORP","Financial Institutions","267175.0","266400.0","-775.0","0.0004","0.0004","0.0","19.38","-15019.5","SELL","1","ASB-PE",5145,0.2,25.0,-22.48,4.5
"2026-06-25","US56029Q4082","56029Q408","MHLD","MHLD","MAIDEN HOLDINGS NORTH AMERICA LTD","Financial Institutions","397145.0","395995.0","-1150.0","0.0004","0.0004","0.0","12.27","-14110.5","SELL","1","","","",25.0,-50.92,""
"2026-06-25","US8678928040","867892804","SHO-H","SHO","SUNSTONE HOTEL INVESTORS INC","Financial Institutions","299550.0","298925.0","-625.0","0.0005","0.0005","0.0","21.99","-13743.75","SELL","1","SHO-PH",16433,0.0,25.0,-12.04,0.0
"2026-06-25","US9116848840","911684884","UZC","AD","UNITED STATES CELLULAR CORPORATION","Industrial","271603.0","270803.0","-800.0","0.0004","0.0004","0.0","16.88","-13504.0","SELL","1","","","",25.0,-32.48,""
"2026-06-25","US8660827044","866082704","INN-F","INN","SUMMIT HOTEL PROPERTIES INC","Financial Institutions","267202.0","266427.0","-775.0","0.0003","0.0003","0.0","16.68","-12927.0","SELL","1","INN-PF",17270,0.0,25.0,-33.28,0.0
"2026-06-25","US75574U8870","75574U887","RC-E","RC","READY CAPITAL CORP","Financial Institutions","307165.0","306265.0","-900.0","0.0003","0.0003","0.0","12.15","-10935.0","SELL","1","RC-PE",5199,0.2,25.0,-51.4,10.28
"2026-06-25","US5602923022","560292302","MHLD","MHLD","MAIDEN HOLDINGS LTD","Financial Institutions","283076.0","282251.0","-825.0","0.0002","0.0002","0.0","10.5","-8662.5","SELL","1","","","",25.0,-58.0,""
"2026-06-25","US10482B2007","10482B200","BHR-B","BHR","BRAEMAR HOTEL & RESORTS INC","Financial Institutions","205622.0","205022.0","-600.0","0.0002","0.0002","0.0","14.25","-8550.0","SELL","1","BHR-PB",9969,0.1,25.0,-43.0,4.3
"2026-06-25","US5835432023","583543202","SLNH-A","SLNH","SOLUNA HOLDINGS INC","Industrial","321938.0","321313.0","-625.0","0.0003","0.0003","0.0","11.31","-7068.75","SELL","1","","","",25.0,-54.76,""
"2026-06-25","US05990K8412","05990K841","BANC-F","BANC","BANC OF CALIFORNIA INC","Financial Institutions","1379494.0","1379494.0","0.0","0.0026","0.0027","0.0001","25.17","0.0","UNCHANGED","1","","","","","",""
"2026-06-25","US06417N2027","06417N202","OZK-A","OZK","BANK OZK","Financial Institutions","951046.0","951046.0","0.0","0.0012","0.0012","0.0","16.18","0.0","UNCHANGED","1","","","","","",""
"2026-06-25","US3602713089","360271308","FULT-A","FULT","FULTON FINANCIAL CORPORATION","Financial Institutions","540817.0","540817.0","0.0","0.0008","0.0008","0.0","18.21","0.0","UNCHANGED","1","","","","","",""
"2026-06-25","US0669224778","066922477","XTSLA","XTSLA","BLK CSH FND TREASURY SL AGENCY","Cash and/or Derivatives","110929344.0","110929344.0","0.0","0.0084","0.0085","0.0001","1.0","0.0","UNCHANGED","1","","","","","",""
"2026-06-25","US0389238769","038923876","ABR-D","ABR","ARBOR REALTY TRUST INC","Financial Institutions","622146.0","622146.0","0.0","0.0008","0.0008","0.0","16.09","0.0","UNCHANGED","1","","","","","",""
"2026-06-25","US74913G8814","74913G881","CTL","CTL","QWEST CORP","Industrial","2691284.0","2691284.0","0.0","0.0036","0.0037","0.0001","17.85","0.0","UNCHANGED","1","","","","","",""
"2026-06-25","US70509V7047","70509V704","PEB-F","PEB","PEBBLEBROOK HOTEL TRUST","Financial Institutions","395764.0","395764.0","0.0","0.0006","0.0006","0.0","20.3","0.0","UNCHANGED","1","","","","","",""
"2026-06-25","US17259U4022","17259U402","CION","CICC","CION INVESTMENT NOTES DUE CORP","Financial Institutions","337169.0","337169.0","0.0","0.0006","0.0006","0.0","24.71","0.0","UNCHANGED","1","","","","","",""
"2026-06-25","US5341878859","534187885","LNC-D","LNC","LINCOLN NATIONAL CORPORATION","Financial Institutions","1362035.0","1362035.0","0.0","0.0027","0.0027","0.0","26.28","0.0","UNCHANGED","1","","","","","",""
"2026-06-25","US29452E4089","29452E408","EQH-C","EQH","EQUITABLE HOLDINGS INC","Financial Institutions","811206.0","811206.0","0.0","0.001","0.001","0.0","16.28","0.0","UNCHANGED","1","","","","","",""
"2026-06-25","US74913G8731","74913G873","CTL","CTL","QWEST CORP","Industrial","1818042.0","1818042.0","0.0","0.0025","0.0025","0.0","18.09","0.0","UNCHANGED","1","","","","","",""
"2026-06-25","US9388243076","938824307","WAFD-A","WAFD","WASHINGTON FEDERAL INC","Financial Institutions","813970.0","813970.0","0.0","0.001","0.001","0.0","16.64","0.0","UNCHANGED","1","","","","","",""
"2026-06-25","US05461T3059","05461T305","AXS-E","AXS","AXIS CAPITAL HOLDINGS LTD","Financial Institutions","1498256.0","1498256.0","0.0","0.0022","0.0022","0.0","19.22","0.0","UNCHANGED","1","","","","","",""
"2026-06-25","US9508108878","950810887","WSBC-B","WSBC","WESBANCO INC","Financial Institutions","612930.0","612930.0","0.0","0.0012","0.0012","0.0","25.28","0.0","UNCHANGED","1","","","","","",""
"2026-06-25","US75968N3098","75968N309","RNR-F","RNR","RENAISSANCERE HOLDINGS LTD","Financial Institutions","681600.0","681600.0","0.0","0.0011","0.0011","0.0","20.68","0.0","UNCHANGED","1","","","","","",""
"2026-06-25","US29452E2000","29452E200","EQH-A","EQH","EQUITABLE HLDNGS DRC REPRESENTING","Financial Institutions","2172281.0","2172281.0","0.0","0.0032","0.0032","0.0","19.45","0.0","UNCHANGED","1","","","","","",""
"2026-06-25","US16208T2015","16208T201","CLDT-A","CLDT","CHATHAM LODGING TRUST","Financial Institutions","320790.0","320790.0","0.0","0.0005","0.0005","0.0","20.29","0.0","UNCHANGED","1","","","","","",""
"2026-06-25","US04621X3061","04621X306","AIZ","AIZ","ASSURANT INC","Financial Institutions","671135.0","671135.0","0.0","0.001","0.001","0.0","19.09","0.0","UNCHANGED","1","","","","","",""
"2026-06-25","US78442P5026","78442P502","SLM-B","SLM","SLM CORP","Financial Institutions","170236.0","170236.0","0.0","0.001","0.001","0.0","74.79","0.0","UNCHANGED","1","","","","","",""
"2026-06-25","BMG7498P1279","-","RNR-G","RNR","RENAISSANCERE HOLDINGS LTD","Financial Institutions","1362026.0","1362026.0","0.0","0.0016","0.0016","0.0","15.15","0.0","UNCHANGED","1","","","","","",""
"2026-06-25","US70509V8037","70509V803","PEB-G","PEB","PEBBLEBROOK HOTEL TRUST","Financial Institutions","610576.0","610576.0","0.0","0.0009","0.001","0.0001","20.5","0.0","UNCHANGED","1","","","","","",""
"2026-06-25","US0389238504","038923850","ABR-F","ABR","ARBOR REALTY TRUST INC","Financial Institutions","771292.0","771292.0","0.0","0.0013","0.0013","0.0","22.55","0.0","UNCHANGED","1","","","","","",""
"2026-06-25","US34988VAF31","34988VAF3","FOSL","FOSL","FOSSIL GROUP INC","Industrial","1174925.0","1174925.0","0.0","0.0001","0.0001","0.0","73.9","0.0","UNCHANGED","1","","","","","",""
"2026-06-25","US70509V8862","70509V886","PEB-H","PEB","PEBBLEBROOK HOTEL TRUST","Financial Institutions","525897.0","525897.0","0.0","0.0007","0.0007","0.0","18.59","0.0","UNCHANGED","1","","","","","",""
"2026-06-25","US0625452075","062545207","BOH-A","BOH","BANK OF HAWAII CORP","Financial Institutions","484757.0","484757.0","0.0","0.0006","0.0006","0.0","15.78","0.0","UNCHANGED","1","","","","","",""
"2026-06-25","US4884013081","488401308","KMPR","KMPR","KEMPER CORP","Financial Institutions","396996.0","396996.0","0.0","0.0007","0.0007","0.0","23.87","0.0","UNCHANGED","1","","","","","",""
"2026-06-25","US30190A6091","30190A609","FG","FG","F&G ANNUITIES & LIFE INC","Financial Institutions","1012645.0","1012645.0","0.0","0.0016","0.0016","0.0","20.69","0.0","UNCHANGED","1","","","","","",""
"2026-06-25","US7244795065","724479506","PBI","PBI","PITNEY BOWES INC","Industrial","950906.0","950906.0","0.0","0.0014","0.0015","0.0001","20.0","0.0","UNCHANGED","1","","","","","",""
"2026-06-25","US0389238686","038923868","ABR-E","ABR","ARBOR REALTY TRUST INC","Financial Institutions","385742.0","385742.0","0.0","0.0005","0.0005","0.0","15.92","0.0","UNCHANGED","1","","","","","",""
"2026-06-25","US0625403078","062540307","BOH","BOH","BANK OF HAWAII CORP","Financial Institutions","447100.0","447100.0","0.0","0.0009","0.0009","0.0","26.23","0.0","UNCHANGED","1","","","","","",""
"2026-06-25","US3765493099","376549309","LAND-B","LAND","GLADSTONE LAND CORP","Financial Institutions","393650.0","393650.0","0.0","0.0006","0.0006","0.0","20.5","0.0","UNCHANGED","1","","","","","",""
"2026-06-25","US12621E3018","12621E301","CNO","CNO","CNO FINANCIAL GROUP INC","Financial Institutions","403041.0","403041.0","0.0","0.0005","0.0005","0.0","16.36","0.0","UNCHANGED","1","","","","","",""
"2026-06-25","US70509V6056","70509V605","PEB-E","PEB","PEBBLEBROOK HOTEL TRUST","Financial Institutions","286558.0","286558.0","0.0","0.0004","0.0005","0.0001","20.63","0.0","UNCHANGED","1","","","","","",""
"2026-06-25","US30190A2033","30190A203","FG","FG","F&G ANNUITIES & LIFE INC","Financial Institutions","932154.0","932154.0","0.0","0.0017","0.0018","0.0001","24.73","0.0","UNCHANGED","1","","","","","",""
"2026-06-25","US46817M2061","46817M206","JXN","JXN","JACKSON FINANCIAL INC","Financial Institutions","1498271.0","1498271.0","0.0","0.0029","0.0029","0.0","25.51","0.0","UNCHANGED","1","","","","","",""
"2026-06-25","US04911A2069","04911A206","AUB-A","AUB","ATLANTIC UNION BANKSHARES CORP","Financial Institutions","463546.0","463546.0","0.0","0.0009","0.0009","0.0","24.52","0.0","UNCHANGED","1","","","","","",""
