"date","isin","cusip","ticker","ticker_raw","name","sector","prior_shares","today_shares","shares_delta","prior_weight","today_weight","weight_delta","price","dollar_flow","flow_type","gap_days","yahoo_ticker","adv_30d","overhang_days","par_value","price_vs_par_pct","signal_score"
"2026-05-05","-","-","USD","USD","USD CASH","Cash and/or Derivatives","-59262993.0","-69933482.0","-10670489.0","-0.42951","-0.5056","-0.07609","100.0","-1067048900.0","UNCHANGED","1","","","","","",""
"2026-05-05","US0669224778","066922477","XTSLA","XTSLA","BLK CSH FND TREASURY SL AGENCY","Cash and/or Derivatives","101960773.0","111775464.0","9814691.0","0.73897","0.80811","0.06914","1.0","9814691.0","UNCHANGED","1","","","","","",""
"2026-05-05","US0970232049","097023204","BA","BA","BOEING CO","Industrial","7911891.0","7907416.0","-4475.0","4.03342","4.07383","0.04041","71.26","-318888.5","SELL","1","BA",6080023,0.0,25.0,185.04,0.0
"2026-05-05","US68389X2045","68389X204","ORCL-D","ORCL","ORACLE CORPORATION","Industrial","6879100.0","6875100.0","-4000.0","2.66783","2.71838","0.05055","54.69","-218760.0","SELL","1","ORCL-PD",1523991,0.0,25.0,118.76,0.0
"2026-05-05","US5949728530","594972853","STRC","MSTR","STRATEGY INC","Industrial","3456868.0","3454913.0","-1955.0","2.50413","2.49681","-0.00732","99.96","-195421.8","SELL","1","STRC",3346103,0.0,25.0,299.84,0.0
"2026-05-05","US9497468044","949746804","WFC-L","WFC","WELLS FARGO & COMPANY SERIES L","Financial Institutions","269601.0","269446.0","-155.0","2.31392","2.31425","0.00033","1188.0","-184140.0","SELL","1","WFC-PL",11024,0.0,1000.0,18.8,0.0
"2026-05-05","US0126532003","012653200","ALB","ALB","ALBEMARLE CORP","Industrial","3164768.0","3162978.0","-1790.0","1.75031","1.77383","0.02352","77.57","-138850.3","SELL","1","ALB",1937697,0.0,25.0,210.28,0.0
"2026-05-05","US0605056821","060505682","BAC-L","BAC","BANK OF AMERICA CORP","Financial Institutions","151109.0","151024.0","-85.0","1.33354","1.33523","0.00169","1222.9","-103946.5","SELL","1","BAC-PL",10575,0.0,1000.0,22.29,0.0
"2026-05-05","US1730802014","173080201","C","C","CITIGROUP CAPITAL XIII","Financial Institutions","6180832.0","6177332.0","-3500.0","1.317","1.31436","-0.00264","29.43","-103005.0","SELL","1","C",13090230,0.0,25.0,17.72,0.0
"2026-05-05","US5950173022","595017302","MCHP","MCHP","MICROCHIP TECHNOLOGY INCORPORATED","Industrial","2043351.0","2042196.0","-1155.0","1.19526","1.22649","0.03123","83.07","-95945.85","SELL","1","MCHP",9251447,0.0,25.0,232.28,0.0
"2026-05-05","US42824C2089","42824C208","HPE-A","HPE","HEWLETT PACKARD ENTERPRISE CONV PR","Industrial","2063941.0","2062771.0","-1170.0","1.15121","1.1868","0.03559","79.58","-93108.6","SELL","1","","","",25.0,218.32,""
"2026-05-05","US65339F6557","65339F655","NEE-V","NEE","NEXTERA ENERGY INC","Utility","3164758.0","3162968.0","-1790.0","1.18044","1.1843","0.00386","51.79","-92704.1","SELL","1","NEE-PV",681755,0.0,25.0,107.16,0.0
"2026-05-05","US65339F6631","65339F663","NEE-S","NEE","NEXTERA ENERGY UNITS INC","Utility","2751975.0","2750420.0","-1555.0","1.15183","1.1575","0.00567","58.21","-90516.55","SELL","1","NEE-PS",135876,0.0,25.0,132.84,0.0
"2026-05-05","US48251W5004","48251W500","KKR-D","KKR","KKR & CO INC","Financial Institutions","3560339.0","3558324.0","-2015.0","1.13433","1.12679","-0.00754","43.8","-88257.0","SELL","1","KKR-PD",402144,0.0,25.0,75.2,0.0
"2026-05-05","US8425878423","842587842","SO-A","SO","SOUTHERN COMPANY (THE)","Utility","2751975.0","2750420.0","-1555.0","1.03016","1.02944","-0.00072","51.77","-80502.35","SELL","1","SOPA",2387937,0.0,25.0,107.08,0.0
"2026-05-05","US03769M3043","03769M304","APO","APO","APOLLO GLOBAL MANAGEMENT INC","Financial Institutions","1977916.0","1976796.0","-1120.0","0.9507","0.95926","0.00856","67.12","-75174.4","SELL","1","APO",4684990,0.0,25.0,168.48,0.0
"2026-05-05","US48128B6487","48128B648","JPM-EE","JPM","JPMORGAN CHASE & CO","Financial Institutions","5091122.0","5088242.0","-2880.0","0.92135","0.91893","-0.00242","24.98","-71942.4","SELL","1","","","",25.0,-0.08,""
"2026-05-05","US48128B6552","48128B655","JPM-DD","JPM","JPMORGAN CHASE & CO","Financial Institutions","4667983.0","4665343.0","-2640.0","0.82346","0.81962","-0.00384","24.3","-64152.0","SELL","1","","","",25.0,-2.8,""
"2026-05-05","US65339F1194","65339F119","NEE-T","NEE","NEXTERA ENERGY UNITS INC","Utility","2063941.0","2062771.0","-1170.0","0.78398","0.79234","0.00836","53.13","-62162.1","SELL","1","NEE-PT",133569,0.0,25.0,112.52,0.0
"2026-05-05","US94988U1512","94988U151","WFC-Z","WFC","WELLS FARGO & COMPANY","Financial Institutions","5518529.0","5515404.0","-3125.0","0.75752","0.75523","-0.00229","18.94","-59187.5","SELL","1","WFC-PZ",140854,0.0,25.0,-24.24,0.0
"2026-05-05","US48128B5232","48128B523","JPM-MM","JPM","JPMORGAN CHASE AND CO DS REPSTG  T","Financial Institutions","5503916.0","5500801.0","-3115.0","0.70605","0.70193","-0.00412","17.65","-54979.75","SELL","1","","","",25.0,-29.4,""
"2026-05-05","US48128B5497","48128B549","JPM-LL","JPM","JPMORGAN CHASE NON-CUMULATIVE PREF","Financial Institutions","5091123.0","5088243.0","-2880.0","0.70328","0.70115","-0.00213","19.06","-54892.8","SELL","1","","","",25.0,-23.76,""
"2026-05-05","US10950A2050","10950A205","BTSG","BTSG","BRIGHTSPRING HEALTH SERVICES UNITS","Industrial","550413.0","550103.0","-310.0","0.70763","0.68072","-0.02691","171.16","-53059.6","SELL","1","BTSG",2616083,0.0,1000.0,-82.88,0.0
"2026-05-05","US69331C3060","69331C306","PCG-A","PCG","PG&E CORPORATION","Utility","2215334.0","2214079.0","-1255.0","0.65732","0.66126","0.00394","41.31","-51844.05","SELL","1","PCG-PA",5386,0.2,25.0,65.24,0.0
"2026-05-05","US00206R7061","00206R706","T-C","T","AT&T INC","Industrial","4815916.0","4813191.0","-2725.0","0.65444","0.65072","-0.00372","18.7","-50957.5","SELL","1","T-PC",172984,0.0,25.0,-25.2,0.0
"2026-05-05","US5949728795","594972879","STRF","MSTR","STRATEGY INC","Industrial","883355.0","882855.0","-500.0","0.64566","0.64217","-0.00349","100.61","-50305.0","SELL","1","STRF",103067,0.0,1000.0,-89.94,0.0
"2026-05-05","US03990B3096","03990B309","ARES-B","ARES","ARES MANAGEMENT CORP","Financial Institutions","2063941.0","2062771.0","-1170.0","0.59879","0.60772","0.00893","40.75","-47677.5","SELL","1","ARES-PB",311328,0.0,25.0,63.0,0.0
"2026-05-05","US00206R3003","00206R300","T","T","AT&T INC","Industrial","3639478.0","3637418.0","-2060.0","0.56949","0.5675","-0.00199","21.58","-44454.8","SELL","1","T",36707857,0.0,25.0,-13.68,0.0
"2026-05-05","US14040H8245","14040H824","COF-I","COF","CAPITAL ONE FINANCIAL CORPORATION","Financial Institutions","4127982.0","4125647.0","-2335.0","0.56664","0.56761","0.00097","19.03","-44435.05","SELL","1","COF-PI",97888,0.0,25.0,-23.88,0.0
"2026-05-05","US69351T8669","69351T866","PPL","PPL","PPL CORPORATION","Utility","1582548.0","1581653.0","-895.0","0.5705","0.56729","-0.00321","49.61","-44400.95","SELL","1","PPL",7461380,0.0,25.0,98.44,0.0
"2026-05-05","US48128B5802","48128B580","JPM-JJ","JPM","JPMORGAN CHASE DRC","Financial Institutions","4127916.0","4125581.0","-2335.0","0.56185","0.55985","-0.002","18.77","-43827.95","SELL","1","","","",25.0,-24.92,""
"2026-05-05","US5949728613","594972861","STRD","MSTR","STRATEGY INC","Industrial","964835.0","964290.0","-545.0","0.54012","0.532","-0.00812","76.31","-41588.95","SELL","1","STRD",76833,0.0,25.0,205.24,0.0
"2026-05-05","US38144G8042","38144G804","GS-D","GS","GOLDMAN SACHS GROUP INC","Financial Institutions","3715045.0","3712945.0","-2100.0","0.51104","0.50976","-0.00128","18.99","-39879.0","SELL","1","GS-PD",176557,0.0,25.0,-24.04,0.0
"2026-05-05","US61762V8384","61762V838","MS-Q","MS","MORGAN STANLEY","Financial Institutions","2751975.0","2750420.0","-1555.0","0.5082","0.50726","-0.00094","25.51","-39668.05","SELL","1","MS-PQ",62503,0.0,25.0,2.04,0.0
"2026-05-05","US61762V8533","61762V853","MS-P","MS","MORGAN STANLEY","Financial Institutions","2751975.0","2750420.0","-1555.0","0.50182","0.50092","-0.0009","25.19","-39170.45","SELL","1","MS-PP",69023,0.0,25.0,0.76,0.0
"2026-05-05","US61761J4067","61761J406","MS-I","MS","MORGAN STANLEY DS REPRESENTING   F","Financial Institutions","2751974.0","2750419.0","-1555.0","0.49956","0.49901","-0.00055","25.09","-39014.95","SELL","1","MS-PI",67305,0.0,25.0,0.36,0.0
"2026-05-05","US5949728878","594972887","STRK","MSTR","STRATEGY INC","Industrial","964948.0","964448.0","-500.0","0.54409","0.54387","-0.00022","78.0","-39000.0","SELL","1","STRK",149043,0.0,25.0,212.0,0.0
"2026-05-05","US26441C5013","26441C501","DUK-A","DUK","DUKE ENERGY CORP","Utility","2751975.0","2750420.0","-1555.0","0.49783","0.49672","-0.00111","24.98","-38843.9","SELL","1","DUK-PA",76033,0.0,25.0,-0.08,0.0
"2026-05-05","US61762V6065","61762V606","MS-K","MS","MORGAN STANLEY","Financial Institutions","2751974.0","2750419.0","-1555.0","0.48267","0.48062","-0.00205","24.17","-37584.35","SELL","1","MS-PK",58256,0.0,25.0,-3.32,0.0
"2026-05-05","US00206R5081","00206R508","T-A","T","AT&T INC","Industrial","3302364.0","3300494.0","-1870.0","0.47701","0.47604","-0.00097","19.95","-37306.5","SELL","1","T-PA",95173,0.0,25.0,-20.2,0.0
"2026-05-05","US0605052291","060505229","BAC-GG","BAC","BANK OF AMERICA CORP","Financial Institutions","2630766.0","2629276.0","-1490.0","0.4759","0.47503","-0.00087","24.99","-37235.1","SELL","1","","","",25.0,-0.04,""
"2026-05-05","US0200028381","020002838","ALL-H","ALL","ALLSTATE CORPORATION (THE)","Financial Institutions","3164768.0","3162978.0","-1790.0","0.47365","0.47267","-0.00098","20.67","-36999.3","SELL","1","ALL-PH",83869,0.0,25.0,-17.32,0.0
"2026-05-05","US14040H7825","14040H782","COF-J","COF","CAPITAL ONE FINANCIAL CORPORATION","Financial Institutions","3439975.0","3438030.0","-1945.0","0.4525","0.45462","0.00212","18.29","-35574.05","SELL","1","COF-PJ",94793,0.0,25.0,-26.84,0.0
"2026-05-05","US61762V8616","61762V861","MS-O","MS","MORGAN STANLEY","Financial Institutions","3577503.0","3575478.0","-2025.0","0.44726","0.44668","-0.00058","17.28","-34992.0","SELL","1","MS-PO",79433,0.0,25.0,-30.88,0.0
"2026-05-05","US65339K8374","65339K837","NEE-U","NEE","NEXTERA ENERGY CAPITAL HOLDINGS IN","Utility","2407875.0","2406500.0","-1375.0","0.43977","0.43931","-0.00046","25.25","-34718.75","SELL","1","","","",25.0,1.0,""
"2026-05-05","US94988U1280","94988U128","WFC-AA","WFC","WELLS FARGO & COMPANY","Financial Institutions","3208368.0","3206553.0","-1815.0","0.43715","0.43653","-0.00062","18.83","-34176.45","SELL","1","","","",25.0,-24.68,""
"2026-05-05","US06053U6010","06053U601","BAC-KK","BAC","BANK AMER DS REPRESENTING   NON CU","Financial Institutions","2758998.0","2757438.0","-1560.0","0.43791","0.43659","-0.00132","21.9","-34164.0","SELL","1","","","",25.0,-12.4,""
"2026-05-05","US61762V2007","61762V200","MS-E","MS","MORGAN STANLEY","Financial Institutions","2373497.0","2372152.0","-1345.0","0.43607","0.43544","-0.00063","25.39","-34149.55","SELL","1","MS-PE",68446,0.0,25.0,1.56,0.0
"2026-05-05","US61763E2072","61763E207","MS-F","MS","MORGAN STANLEY DS","Financial Institutions","2339147.0","2337822.0","-1325.0","0.42756","0.4266","-0.00096","25.24","-33443.0","SELL","1","MS-PF",76907,0.0,25.0,0.96,0.0
"2026-05-05","US98389B8789","98389B878","XEL","XEL","XCEL ENERGY INC","Utility","2476925.0","2475550.0","-1375.0","0.43712","0.43527","-0.00185","24.32","-33440.0","SELL","1","XEL",4394843,0.0,25.0,-2.72,0.0
"2026-05-05","US95002Y4008","95002Y400","WFC-DD","WFC","WELLS FARGO & COMPANY","Financial Institutions","3427749.0","3425809.0","-1940.0","0.42705","0.42675","-0.0003","17.23","-33426.2","SELL","1","","","",25.0,-31.08,""
"2026-05-05","US61747S5047","61747S504","MS","MS","MORGAN STANLEY","Financial Institutions","3027157.0","3025442.0","-1715.0","0.42431","0.42303","-0.00128","19.34","-33168.1","SELL","1","MS",6361427,0.0,25.0,-22.64,0.0
"2026-05-05","US04686J8615","04686J861","ATH-A","ATH","ATHENE HOLDING DS REPRESENTING   P","Financial Institutions","2373544.0","2372199.0","-1345.0","0.41802","0.41735","-0.00067","24.34","-32737.3","SELL","1","ATH-PA",51044,0.0,25.0,-2.64,0.0
"2026-05-05","US1167942077","116794207","BRKR","BRKR","BRUKER CORPORATION","Industrial","189928.0","189823.0","-105.0","0.39988","0.41223","0.01235","300.38","-31539.9","SELL","1","BRKR",1899313,0.0,1000.0,-69.96,0.0
"2026-05-05","US8425878001","842587800","SO","SO","SOUTHERN COMPANY (THE)","Utility","2751975.0","2750420.0","-1555.0","0.3995","0.39889","-0.00061","20.06","-31193.3","SELL","1","SO",4724240,0.0,25.0,-19.76,0.0
"2026-05-05","US1729672428","172967242","C-II","C","CITIGROUP INC","Financial Institutions","2201561.0","2200316.0","-1245.0","0.404","0.39722","-0.00678","24.97","-31087.65","SELL","1","CPII",323,3.9,25.0,-0.12,0.47
"2026-05-05","US55261F8648","55261F864","MTB-J","MTB","M T BK DEP INT PERP PFD STK SER J","Financial Institutions","2063941.0","2062771.0","-1170.0","0.39715","0.39565","-0.0015","26.53","-31040.1","SELL","1","MTB-PJ",48067,0.0,25.0,6.12,0.0
"2026-05-05","US0605051798","060505179","BAC-K","BAC","BANK OF AMERICA CORP","Financial Institutions","2093522.0","2092337.0","-1185.0","0.39131","0.38771","-0.0036","25.63","-30371.55","SELL","1","BAC-PK",43066,0.0,25.0,2.52,0.0
"2026-05-05","US59156R8503","59156R850","MET-F","MET","METLIFE INC","Financial Institutions","2751975.0","2750420.0","-1555.0","0.38095","0.3802","-0.00075","19.12","-29731.6","SELL","1","MET-PF",101329,0.0,25.0,-23.52,0.0
"2026-05-05","US06055H2022","06055H202","BAC-LL","BAC","BANK OF AMERICA CORPORATION DEPOSI","Financial Institutions","2528842.0","2527412.0","-1430.0","0.37426","0.37312","-0.00114","20.42","-29200.6","SELL","1","","","",25.0,-18.32,""
"2026-05-05","US8085136005","808513600","SCHW-D","SCHW","CHARLES SCHWAB CORPORATION (THE)","Financial Institutions","2063941.0","2062771.0","-1170.0","0.37187","0.37119","-0.00068","24.89","-29121.3","SELL","1","SCHW-PD",63778,0.0,25.0,-0.44,0.0
"2026-05-05","US0357108705","035710870","NLY-F","NLY","ANNALY CAPITAL MANAGEMENT INC","Financial Institutions","1981443.0","1980323.0","-1120.0","0.37294","0.37167","-0.00127","25.96","-29075.2","SELL","1","NLY-PF",52631,0.0,25.0,3.84,0.0
"2026-05-05","US9029731554","902973155","USB-B","USB","US BANCORP","Financial Institutions","2751974.0","2750419.0","-1555.0","0.37287","0.37085","-0.00202","18.65","-29000.75","SELL","1","","","",25.0,-25.4,""
"2026-05-05","US95002Y2028","95002Y202","WFC-CC","WFC","WELLS FARGO & COMPANY","Financial Institutions","2879342.0","2877712.0","-1630.0","0.36498","0.36513","0.00015","17.55","-28606.5","SELL","1","","","",25.0,-29.8,""
"2026-05-05","US7593518852","759351885","RGA","RGA","REINSURANCE GROUP OF AMERICA INCOR","Financial Institutions","1926108.0","1924983.0","-1125.0","0.35541","0.3537","-0.00171","25.41","-28586.25","SELL","1","RGA",299527,0.0,25.0,1.64,0.0
"2026-05-05","US59156R8768","59156R876","MET-E","MET","METLIFE INC","Financial Institutions","2215334.0","2214079.0","-1255.0","0.36479","0.36414","-0.00065","22.75","-28551.25","SELL","1","MET-PE",59181,0.0,25.0,-9.0,0.0
"2026-05-05","US74913G8814","74913G881","CTL","CTL","QWEST CORP","Industrial","2690068.0","2688548.0","-1520.0","0.35288","0.36251","0.00963","18.65","-28348.0","SELL","1","","","",25.0,-25.4,""
"2026-05-05","CA67000B2030","67000B203","NOVTV","NOVT","NOVANTA TANGIBLE EQUITY UNITS INC","Industrial","870295.0","869805.0","-490.0","0.3547","0.36322","0.00852","57.76","-28302.4","SELL","1","","","",25.0,131.04,""
"2026-05-05","US00775V1044","00775V104","AEGON","AEGON","AEGON FUNDING CORPORATION II","Financial Institutions","2545561.0","2544121.0","-1440.0","0.35994","0.35839","-0.00155","19.48","-28051.2","SELL","1","","","",25.0,-22.08,""
"2026-05-05","US48128B6222","48128B622","JPM-GG","JPM","JPMORGAN CHASE & CO","Financial Institutions","2476768.0","2475368.0","-1400.0","0.35327","0.35168","-0.00159","19.65","-27510.0","SELL","1","","","",25.0,-21.4,""
"2026-05-05","US89832Q6952","89832Q695","TFC-R","TFC","TRUIST FINANCIAL DRC CORP","Financial Institutions","2545561.0","2544121.0","-1440.0","0.34481","0.34451","-0.0003","18.73","-26971.2","SELL","1","TFC-PR",73356,0.0,25.0,-25.08,0.0
"2026-05-05","US3453708378","345370837","F","F","FORD MOTOR COMPANY","Industrial","2201562.0","2200317.0","-1245.0","0.32726","0.32738","0.00012","20.58","-25622.1","SELL","1","F",39010963,0.0,25.0,-17.68,0.0
"2026-05-05","US65339K8606","65339K860","NEE-N","NEE","NEXTERA ENERGY CAPITAL HOLDINGS IN","Utility","1891958.0","1890888.0","-1070.0","0.32827","0.32632","-0.00195","23.87","-25540.9","SELL","1","","","",25.0,-4.52,""
"2026-05-05","US94988U6560","94988U656","WFC-Y","WFC","WELLS FARGO & COMPANY","Financial Institutions","1892186.0","1891116.0","-1070.0","0.32666","0.32554","-0.00112","23.81","-25476.7","SELL","1","WFC-PY",40117,0.0,25.0,-4.76,0.0
"2026-05-05","US8168516040","816851604","SRE","SRE","SEMPRA ENERGY","Utility","2084633.0","2083453.0","-1180.0","0.32574","0.32385","-0.00189","21.5","-25370.0","SELL","1","SRE",3197533,0.0,25.0,-14.0,0.0
"2026-05-05","US3453708451","345370845","F","F","FORD MOTOR COMPANY","Industrial","2063941.0","2062771.0","-1170.0","0.31428","0.31527","0.00099","21.14","-24733.8","SELL","1","F",39010963,0.0,25.0,-15.44,0.0
"2026-05-05","US0200027888","020002788","ALL-J","ALL","ALLSTATE DEP REPSTG  TH NON CUM PE","Financial Institutions","1651148.0","1650213.0","-935.0","0.31221","0.3121","-0.00011","26.16","-24459.6","SELL","1","ALL-PJ",44972,0.0,25.0,4.64,0.0
"2026-05-05","US06055H8060","06055H806","BAC-QQ","BAC","BANK OF AMERICA CORP","Financial Institutions","2514290.0","2512865.0","-1425.0","0.30978","0.30894","-0.00084","17.0","-24225.0","SELL","1","","","",25.0,-32.0,""
"2026-05-05","US03769M2052","03769M205","APO","APO","APOLLO GLOBAL MANAGEMENT INC","Financial Institutions","1651148.0","1650213.0","-935.0","0.30886","0.30805","-0.00081","25.82","-24141.7","SELL","1","APO",4684990,0.0,25.0,3.28,0.0
"2026-05-05","US82846H5046","82846H504","QXO","QXO","QXO INC","Industrial","791197.0","790747.0","-450.0","0.3077","0.30402","-0.00368","53.18","-23931.0","SELL","1","QXO",13687177,0.0,25.0,112.72,0.0
"2026-05-05","US65339K8291","65339K829","NEE-Z","NEE","NEXTERA ENERGY CAPITAL HOLDINGS IN","Utility","1654019.0","1653084.0","-935.0","0.30161","0.30105","-0.00056","25.19","-23552.65","SELL","1","","","",25.0,0.76,""
"2026-05-05","US4932678430","493267843","KEY","KEY","KEYCORP","Financial Institutions","1651148.0","1650213.0","-935.0","0.29965","0.29815","-0.0015","24.99","-23365.65","SELL","1","KEY",13424617,0.0,25.0,-0.04,0.0
"2026-05-05","US0605051954","060505195","BAC-HH","BAC","BANK OF AMERICA DEP REPRESENTING","Financial Institutions","1648455.0","1647520.0","-935.0","0.29605","0.29587","-0.00018","24.84","-23225.4","SELL","1","","","",25.0,-0.64,""
"2026-05-05","US2333317921","233331792","DTE-H","DTE","DTE ENERGY COMPANY","Utility","1651148.0","1650213.0","-935.0","0.29522","0.29457","-0.00065","24.69","-23085.15","SELL","1","","","",25.0,-1.24,""
"2026-05-05","US48251W6093","48251W609","KKR-T","KKR","KKR & CO INC","Financial Institutions","1623638.0","1622718.0","-920.0","0.29619","0.29388","-0.00231","25.05","-23046.0","SELL","1","","","",25.0,0.2,""
"2026-05-05","US1258968452","125896845","CMS","CMS","CMS ENERGY CORPORATION","Utility","1733748.0","1732768.0","-980.0","0.29215","0.29176","-0.00039","23.29","-22824.2","SELL","1","CMS",2898397,0.0,25.0,-6.84,0.0
"2026-05-05","US87165B2025","87165B202","SYF-A","SYF","SYNCHRONY FINANCIAL","Financial Institutions","2064237.0","2063112.0","-1125.0","0.30595","0.29951","-0.00644","20.08","-22590.0","SELL","1","SYF-PA",64295,0.0,25.0,-19.68,0.0
"2026-05-05","US04686J8383","04686J838","ATH","ATH","ATHENE HOLDING LTD","Financial Institutions","1582355.0","1581460.0","-895.0","0.28797","0.28698","-0.00099","25.1","-22464.5","SELL","1","","","",25.0,0.4,""
"2026-05-05","US38143Y6656","38143Y665","GS-A","GS","GOLDMAN SACHS GROUP INC","Financial Institutions","2063873.0","2062703.0","-1170.0","0.28749","0.28603","-0.00146","19.18","-22440.6","SELL","1","GS-PA",78570,0.0,25.0,-23.28,0.0
"2026-05-05","US8425878670","842587867","SO","SO","SOUTHERN COMPANY (THE)","Utility","1554845.0","1553965.0","-880.0","0.28713","0.28604","-0.00109","25.46","-22404.8","SELL","1","SO",4724240,0.0,25.0,1.84,0.0
"2026-05-05","US21871X2080","21871X208","CRBG","CRBG","COREBRIDGE FINANCIAL INC","Financial Institutions","1651148.0","1650213.0","-935.0","0.28589","0.28586","-3e-05","23.96","-22402.6","SELL","1","CRBG",5904710,0.0,25.0,-4.16,0.0
"2026-05-05","US00123Q8722","00123Q872","AGNC-F","AGNC","AGNC INVESTMENT CORP","Financial Institutions","1582355.0","1581460.0","-895.0","0.28533","0.2855","0.00017","24.97","-22348.15","SELL","1","","","",25.0,-0.12,""
"2026-05-05","US12542R3084","12542R308","CHSINC","CHSINC","CHS CUMULATIVE REDEEMABLE PREF CLA","Industrial","1476384.0","1475549.0","-835.0","0.2796","0.2795","-0.0001","26.2","-21877.0","SELL","1","","","",25.0,4.8,""
"2026-05-05","US8794337613","879433761","TDS-VV","TDS","TELEPHONE AND DATA SYSTEMS INC","Industrial","1898855.0","1897780.0","-1075.0","0.27263","0.27194","-0.00069","19.82","-21306.5","SELL","1","","","",25.0,-20.72,""
"2026-05-05","US7838922018","783892201","EIX-M","EIX","SCE TRUST VII","Utility","1513552.0","1512697.0","-855.0","0.27413","0.27199","-0.00214","24.87","-21263.85","SELL","1","","","",25.0,-0.52,""
"2026-05-05","US12542R8034","12542R803","CHSINC","CHSINC","CHS INC","Industrial","1424291.0","1423486.0","-805.0","0.26478","0.26449","-0.00029","25.7","-20688.5","SELL","1","","","",25.0,2.8,""
"2026-05-05","US3453708113","345370811","F","F","FORD MOTOR COMPANY","Industrial","1651163.0","1650228.0","-935.0","0.26375","0.26319","-0.00056","22.06","-20626.1","SELL","1","F",39010963,0.0,25.0,-11.76,0.0
"2026-05-05","US06055H4002","06055H400","BAC-NN","BAC","BANK OF AMERICA CORP","Financial Institutions","2078344.0","2077169.0","-1175.0","0.26435","0.26356","-0.00079","17.55","-20621.25","SELL","1","","","",25.0,-29.8,""
"2026-05-05","US82452J3077","82452J307","FOUR","FOUR","SHIFT4 PAYMENTS INC","Industrial","688000.0","687610.0","-390.0","0.27674","0.26154","-0.0152","52.61","-20517.9","SELL","1","FOUR",1969967,0.0,25.0,110.44,0.0
"2026-05-05","US05990K8412","05990K841","BANC-F","BANC","BANC OF CALIFORNIA INC","Financial Institutions","1407160.0","1406365.0","-795.0","0.26139","0.26039","-0.001","25.61","-20359.95","SELL","1","BANC-PF",54268,0.0,25.0,2.44,0.0
"2026-05-05","US0200023093","020002309","ALL","ALL","ALLSTATE CORPORATION (THE)","Financial Institutions","1376144.0","1375364.0","-780.0","0.25892","0.25764","-0.00128","25.91","-20209.8","SELL","1","ALL",1366547,0.0,25.0,3.64,0.0
"2026-05-05","US87165B4005","87165B400","SYF-B","SYF","SYNCHRONY FINANCIAL","Financial Institutions","1376095.0","1375315.0","-780.0","0.2624","0.25713","-0.00527","25.86","-20170.8","SELL","1","SYF-PB",53129,0.0,25.0,3.44,0.0
"2026-05-05","US8425878837","842587883","SO-C","SO","SOUTHERN COMPANY (THE)","Utility","2064253.0","2063083.0","-1170.0","0.25792","0.25714","-0.00078","17.24","-20170.8","SELL","1","","","",25.0,-31.04,""
"2026-05-05","US59156R5046","59156R504","MET-A","MET","METLIFE INC","Financial Institutions","1651571.0","1650636.0","-935.0","0.25663","0.25705","0.00042","21.54","-20139.9","SELL","1","MET-PA",155988,0.0,25.0,-13.84,0.0
"2026-05-05","US7591EP8604","7591EP860","RF","RF","REGIONS FINANCIAL CORPORATION","Financial Institutions","1376221.0","1375441.0","-780.0","0.25614","0.25458","-0.00156","25.6","-19968.0","SELL","1","RF",11794747,0.0,25.0,2.4,0.0
"2026-05-05","US0640588457","64058845","BK-K","BK","BANK OF NEW YORK MELLON CORP/THE","Financial Institutions","1376277.0","1375497.0","-780.0","0.25465","0.25398","-0.00067","25.54","-19921.2","SELL","1","BK-PK",32317,0.0,25.0,2.16,0.0
"2026-05-05","US04686J5074","04686J507","ATH-E","ATH","ATHENE HLDG LTD DEP SHR REPSTG   I","Financial Institutions","1376289.0","1375509.0","-780.0","0.25436","0.25359","-0.00077","25.5","-19890.0","SELL","1","ATH-PE",69141,0.0,25.0,2.0,0.0
"2026-05-05","US9029737593","902973759","USB-K","USB","US BANCORP","Financial Institutions","1576509.0","1575619.0","-890.0","0.25297","0.25277","-0.0002","22.19","-19749.1","SELL","1","","","",25.0,-11.24,""
"2026-05-05","US74913G8731","74913G873","CTL","CTL","QWEST CORP","Industrial","1817218.0","1816188.0","-1030.0","0.24352","0.24791","0.00439","18.88","-19446.4","SELL","1","","","",25.0,-24.48,""
"2026-05-05","US4932677028","493267702","KEY-E","KEY","KEYCORP","Financial Institutions","1370842.0","1370067.0","-775.0","0.24868","0.2481","-0.00058","25.05","-19413.75","SELL","1","","","",25.0,0.2,""
"2026-05-05","US89832Q7455","89832Q745","TFC-O","TFC","TRUIST FINANCIAL PERPETUAL PREF SE","Financial Institutions","1582890.0","1581995.0","-895.0","0.24527","0.24533","6e-05","21.45","-19197.75","SELL","1","TFC-PO",41715,0.0,25.0,-14.2,0.0
"2026-05-05","US7591EP7044","7591EP704","RF-C","RF","REGIONS FINANCIAL CORPORATION","Financial Institutions","1376404.0","1375624.0","-780.0","0.2449","0.24386","-0.00104","24.52","-19125.6","SELL","1","RF-PC",41097,0.0,25.0,-1.92,0.0
"2026-05-05","US12542R7044","12542R704","CHSINC","CHSINC","CHS RESET RATE CUMULATIVE REDEEMAB","Industrial","1355932.0","1355182.0","-750.0","0.24568","0.24572","4e-05","25.08","-18810.0","SELL","1","","","",25.0,0.32,""
"2026-05-05","US26441C4024","26441C402","DUK","DUK","DUKE ENERGY CORP","Utility","1376571.0","1375791.0","-780.0","0.23894","0.23892","-2e-05","24.02","-18735.6","SELL","1","DUK",3262213,0.0,25.0,-3.92,0.0
"2026-05-05","US55261F8499","55261F849","MTB-K","MTB","M&T BANK CORPORATION","Financial Institutions","1239450.0","1238700.0","-750.0","0.2243","0.22281","-0.00149","24.88","-18660.0","SELL","1","MTB-PK",49771,0.0,25.0,-0.48,0.0
"2026-05-05","US9029737189","902973718","USB-M","USB","US BANCORP","Financial Institutions","2064980.0","2063810.0","-1170.0","0.23721","0.23669","-0.00052","15.86","-18556.2","SELL","1","","","",25.0,-36.56,""
"2026-05-05","US6494452021","649445202","FLG-A","FLG","NEW YORK COMMUNITY BANCORP INT FXD","Financial Institutions","1418056.0","1417256.0","-800.0","0.23618","0.23521","-0.00097","22.95","-18360.0","SELL","1","FLG-PA",141498,0.0,25.0,-8.2,0.0
"2026-05-05","US9633202059","963320205","WHR-A","WHR","WHIRLPOOL CORPORATION","Industrial","791269.0","790819.0","-450.0","0.2267","0.23156","0.00486","40.5","-18225.0","SELL","1","WHR-PA",241028,0.0,25.0,62.0,0.0
"2026-05-05","US64828T7063","64828T706","RITM-D","RITM","NEW RESIDENTIAL INVESTMENT CORP","Financial Institutions","1274887.0","1274167.0","-720.0","0.2297","0.22919","-0.00051","24.88","-17913.6","SELL","1","RITM-PD",53552,0.0,25.0,-0.48,0.0
"2026-05-05","US3167736053","316773605","FITB-I","FITB","FIFTH THIRD BANCORP DEPOSITARY SHA","Financial Institutions","1233794.0","1233094.0","-700.0","0.22677","0.22635","-0.00042","25.39","-17773.0","SELL","1","","","",25.0,1.56,""
"2026-05-05","US0357108473","035710847","NLY-I","NLY","ANNALY CAPITAL MANAGEMENT INC","Financial Institutions","1213197.0","1212512.0","-685.0","0.22536","0.22503","-0.00033","25.67","-17583.95","SELL","1","NLY-PI",73611,0.0,25.0,2.68,0.0
"2026-05-05","BMG1624R1079","-","BPY","BPY","BROOKFIELD PROPERTY PREFERRED PREF","Industrial","1839996.0","1838956.0","-1040.0","0.22457","0.22402","-0.00055","16.85","-17524.0","SELL","1","","","",25.0,-32.6,""
"2026-05-05","US14040H7585","14040H758","COF-L","COF","CAPITAL ONE FINANCIAL CORPORATION","Financial Institutions","1859012.0","1857962.0","-1050.0","0.22314","0.22298","-0.00016","16.6","-17430.0","SELL","1","COF-PL",41344,0.0,25.0,-33.6,0.0
"2026-05-05","US8574778556","857477855","STT-G","STT","STATE STREET CORP","Financial Institutions","1370842.0","1370067.0","-775.0","0.22012","0.21935","-0.00077","22.15","-17166.25","SELL","1","STT-PG",44638,0.0,25.0,-11.4,0.0
"2026-05-05","US8085138654","808513865","SCHW-J","SCHW","CHARLES SCHWAB CORPORATION (THE)","Financial Institutions","1652527.0","1651592.0","-935.0","0.21858","0.2178","-0.00078","18.24","-17054.4","SELL","1","SCHW-PJ",74852,0.0,25.0,-27.04,0.0
"2026-05-05","US9182842099","918284209","VSEC","VSEC","VSE CORP","Industrial","634184.0","633824.0","-360.0","0.20729","0.21633","0.00904","47.21","-16995.6","SELL","1","VSEC",563517,0.0,25.0,88.84,0.0
"2026-05-05","US0082528276","008252827","AMG","AMG","AFFILIATED MANAGERS GROUP INC.","Financial Institutions","1239575.0","1238875.0","-700.0","0.21489","0.21523","0.00034","24.03","-16821.0","SELL","1","AMG",367317,0.0,25.0,-3.88,0.0
"2026-05-05","US06055H6080","06055H608","BAC-PP","BAC","BANK OF AMERICA DRC CORP","Financial Institutions","1756296.0","1755301.0","-995.0","0.21206","0.21231","0.00025","16.73","-16646.35","SELL","1","BAC-PP",45090,0.0,25.0,-33.08,0.0
"2026-05-05","US0357108622","035710862","NLY-G","NLY","ANNALY CAPITAL MANAGEMENT INC","Financial Institutions","1165225.0","1164565.0","-660.0","0.21281","0.212","-0.00081","25.18","-16618.8","SELL","1","NLY-PG",26538,0.0,25.0,0.72,0.0
"2026-05-05","US12542R5063","12542R506","CHSINC","CHSINC","CHS INC","Industrial","1156967.0","1156312.0","-655.0","0.21173","0.21175","2e-05","25.33","-16591.15","SELL","1","","","",25.0,1.32,""
"2026-05-05","US97650W7020","97650W702","WTFC-F","WTFC","WINTRUST FINANCIAL CORPORATION","Financial Institutions","1170550.0","1169925.0","-625.0","0.22364","0.2233","-0.00034","26.4","-16500.0","SELL","1","","","",25.0,5.6,""
"2026-05-05","US1746106004","174610600","CFG-H","CFG","CITIZENS FINANCIAL GROUP INC","Financial Institutions","1102048.0","1101423.0","-625.0","0.20647","0.20636","-0.00011","25.91","-16193.75","SELL","1","CFG-PH",25129,0.0,25.0,3.64,0.0
"2026-05-05","US3167738372","316773837","FITBM","FITB","FIFTH THIRD BANCORP DEPOSITARY SHA","Financial Institutions","1102071.0","1101446.0","-625.0","0.20591","0.20601","0.0001","25.87","-16168.75","SELL","1","FITBM",56703,0.0,25.0,3.48,0.0
"2026-05-05","US74460W5528","74460W552","PSA-L","PSA","PUBLIC STORAGE","Financial Institutions","1556557.0","1555677.0","-880.0","0.20622","0.20543","-0.00079","18.27","-16077.6","SELL","1","PSA-PL",46115,0.0,25.0,-26.92,0.0
"2026-05-05","US00123Q8078","00123Q807","AGNC-E","AGNC","AGNC INVESTMENT CORP","Financial Institutions","1103521.0","1102896.0","-625.0","0.20354","0.20333","-0.00021","25.5","-15937.5","SELL","1","","","",25.0,2.0,""
"2026-05-05","US61762V8046","61762V804","MS-L","MS","MORGAN STANLEY","Financial Institutions","1377568.0","1376788.0","-780.0","0.20347","0.20276","-0.00071","20.37","-15888.6","SELL","1","MS-PL",23839,0.0,25.0,-18.52,0.0
"2026-05-05","US31959X4007","31959X400","FCNCA","FCNCA","FIRST CITIZENS BANCSHARES INC (DEL","Financial Institutions","1102206.0","1101581.0","-625.0","0.2013","0.20086","-0.00044","25.22","-15762.5","SELL","1","FCNCA",80883,0.0,25.0,0.88,0.0
"2026-05-05","US7593518027","759351802","RGA","RGA","REINSURANCE GROUP OF AMERICA INCOR","Financial Institutions","1102190.0","1101565.0","-625.0","0.20146","0.20077","-0.00069","25.21","-15756.25","SELL","1","RGA",299527,0.0,25.0,0.84,0.0
"2026-05-05","US1746108083","174610808","CFG-I","CFG","CITIZENS FINANCIAL GROUP INC","Financial Institutions","1102184.0","1101559.0","-625.0","0.20026","0.1999","-0.00036","25.1","-15687.5","SELL","1","CFG-PI",28845,0.0,25.0,0.4,0.0
"2026-05-05","US3205178409","320517840","FHN-H","FHN","FIRST HORIZON CORP","Financial Institutions","1099046.0","1098426.0","-620.0","0.19953","0.19909","-0.00044","25.07","-15543.4","SELL","1","FHN-PH",194808,0.0,25.0,0.28,0.0
"2026-05-05","US8726521029","872652102","TPG","TPG","TPG OPERATING GROUP II LP","Financial Institutions","1102252.0","1101627.0","-625.0","0.20004","0.1976","-0.00244","24.81","-15506.25","SELL","1","TPG",2972470,0.0,25.0,-0.76,0.0
"2026-05-05","US9029738666","902973866","USB-A","USB","US BANCORP","Financial Institutions","39553.0","39533.0","-20.0","0.22306","0.22136","-0.0017","774.5","-15490.0","SELL","1","USB-PA",1322,0.0,1000.0,-22.55,0.0
"2026-05-05","US87264A1051","87264A105","TMUS","TMUS","T-MOBILE USA INC","Industrial","1084344.0","1083729.0","-615.0","0.19506","0.19502","-4e-05","24.89","-15307.35","SELL","1","TMUS",6177427,0.0,25.0,-0.44,0.0
"2026-05-05","US8425874042","842587404","SO","SO","SOUTHERN COMPANY (THE)","Utility","1240135.0","1239435.0","-700.0","0.19459","0.19436","-0.00023","21.69","-15183.0","SELL","1","SO",4724240,0.0,25.0,-13.24,0.0
"2026-05-05","US64828T5083","64828T508","RITM-C","RITM","NEW RESIDENTIAL INVESTMENT CORP","Financial Institutions","1090062.0","1089447.0","-615.0","0.19443","0.19415","-0.00028","24.65","-15159.75","SELL","1","RITM-PC",41851,0.0,25.0,-1.4,0.0
"2026-05-05","US74460W4612","74460W461","PSA-P","PSA","PUBLIC STORAGE","Financial Institutions","1663986.0","1663046.0","-940.0","0.19139","0.19069","-0.0007","15.86","-14908.4","SELL","1","PSA-PP",72484,0.0,25.0,-36.56,0.0
"2026-05-05","US04686J4085","04686J408","ATH-D","ATH","ATHENE HOLDING DS REPRESENTING A","Financial Institutions","1584863.0","1583968.0","-895.0","0.19067","0.19044","-0.00023","16.63","-14883.85","SELL","1","ATH-PD",41428,0.0,25.0,-33.48,0.0
"2026-05-05","US4932678687","493267868","KEY-G","KEY","KEYCORP","Financial Institutions","1233794.0","1233094.0","-700.0","0.19046","0.18956","-0.0009","21.26","-14882.0","SELL","1","","","",25.0,-14.96,""
"2026-05-05","US72348N3070","72348N307","PNFP-B","PNFP","PINNACLE FINANCIAL PARTNERS NON CU","Financial Institutions","964897.0","964352.0","-545.0","0.18343","0.18253","-0.0009","26.18","-14268.1","SELL","1","PNFP-PB",15665,0.0,25.0,4.72,0.0
"2026-05-05","US06055H8714","06055H871","BAC-SS","BAC","BANK OF AMERICA CORP","Financial Institutions","1316719.0","1315974.0","-745.0","0.18256","0.18191","-0.00065","19.12","-14244.4","SELL","1","","","",25.0,-23.52,""
"2026-05-05","US0158578080","015857808","AQNCN","AQNCN","ALGONQUIN POWER & UTILITIES CORP","Utility","964934.0","964389.0","-545.0","0.18239","0.18156","-0.00083","26.04","-14191.8","SELL","1","","","",25.0,4.16,""
"2026-05-05","US8794337878","879433787","TDS-UU","TDS","TELEPHONE DATA SYS DRC INC","Industrial","1157964.0","1157309.0","-655.0","0.17977","0.17981","4e-05","21.49","-14075.95","SELL","1","","","",25.0,-14.04,""
"2026-05-05","US4932678760","493267876","KEY-F","KEY","KEYCORP","Financial Institutions","1165225.0","1164565.0","-660.0","0.17895","0.17851","-0.00044","21.2","-13992.0","SELL","1","","","",25.0,-15.2,""
"2026-05-05","US87264A2042","87264A204","TMUS","TMUS","T-MOBILE USA INC","Industrial","1105136.0","1104511.0","-625.0","0.18005","0.1768","-0.00325","22.14","-13837.5","SELL","1","TMUS",6177427,0.0,25.0,-11.44,0.0
"2026-05-05","US8935266812","893526681","TRPCN","TRPCN","TRANSCANADA PIPELINES LTD","Industrial","1020220.0","1019645.0","-575.0","0.17783","0.17711","-0.00072","24.02","-13811.5","SELL","1","","","",25.0,-3.92,""
"2026-05-05","US00123Q8318","00123Q831","AGNC-H","AGNC","AGNC INVESTMENT CORP","Financial Institutions","945880.0","945345.0","-535.0","0.17502","0.17469","-0.00033","25.56","-13674.6","SELL","1","","","",25.0,2.24,""
"2026-05-05","US87264A3032","87264A303","TMUS","TMUS","T-MOBILE USA INC","Industrial","1088552.0","1087937.0","-615.0","0.17538","0.17375","-0.00163","22.09","-13585.35","SELL","1","TMUS",6177427,0.0,25.0,-11.64,0.0
"2026-05-05","US2333318598","233331859","DTE-E","DTE","DTE ENERGY COMPANY","Utility","1103074.0","1102449.0","-625.0","0.17364","0.17296","-0.00068","21.7","-13562.5","SELL","1","","","",25.0,-13.2,""
"2026-05-05","US1746104025","174610402","CFG-E","CFG","CITIZENS FINANCIAL GROUP INC","Financial Institutions","1240945.0","1240245.0","-700.0","0.17187","0.17261","0.00074","19.25","-13475.0","SELL","1","CFG-PE",28852,0.0,25.0,-23.0,0.0
"2026-05-05","US30190A2033","30190A203","FG","FG","F&G ANNUITIES & LIFE INC","Financial Institutions","945880.0","945345.0","-535.0","0.17104","0.17148","0.00044","25.09","-13423.15","SELL","1","FG",596330,0.0,25.0,0.36,0.0
"2026-05-05","US4165186036","416518603","HIG-G","HIG","HARTFORD FINANCIAL SERVICES GROUP","Financial Institutions","951375.0","950835.0","-540.0","0.17107","0.17083","-0.00024","24.85","-13419.0","SELL","1","HIG-PG",20903,0.0,25.0,-0.6,0.0
"2026-05-05","US03939A4040","03939A404","ACGL-G","ACGL","ARCH CAPITAL GROUP LTD.","Financial Institutions","1378832.0","1378052.0","-780.0","0.17118","0.17037","-0.00081","17.1","-13338.0","SELL","1","","","",25.0,-31.6,""
"2026-05-05","US62913M2061","62913M206","NGL-B","NGL","NGL ENERGY PARTNERS LP","Industrial","928502.0","927977.0","-525.0","0.17039","0.17007","-0.00032","25.35","-13308.75","SELL","1","NGL-PB",20705,0.0,25.0,1.4,0.0
"2026-05-05","US12542R2094","12542R209","CHSINC","CHSINC","CHS INC. (8% CUMULATIVE REDEEMABLE","Industrial","846119.0","845639.0","-480.0","0.16974","0.16929","-0.00045","27.69","-13291.2","SELL","1","","","",25.0,10.76,""
"2026-05-05","US78410V2007","78410V200","SCE-L","EIX","SCE TRUST VI","Financial Institutions","1309949.0","1309209.0","-740.0","0.17051","0.16971","-0.0008","17.93","-13268.2","SELL","1","SCE-PL",18421,0.0,25.0,-28.28,0.0
"2026-05-05","US4461508230","446150823","HBAN-H","HBAN","HUNTINGTON BANCSHARES DRC INC","Financial Institutions","1378842.0","1378062.0","-780.0","0.16899","0.16947","0.00048","17.01","-13267.8","SELL","1","","","",25.0,-31.96,""
"2026-05-05","US14314C1053","14314C105","CG","CG","CARLYLE FINANCE LLC","Financial Institutions","1378777.0","1377997.0","-780.0","0.17108","0.16916","-0.00192","16.98","-13244.4","SELL","1","CG",3159290,0.0,25.0,-32.08,0.0
"2026-05-05","US29364D1000","29364D100","ETR","ETR","ENTERGY ARKANSAS LLC","Utility","1130758.0","1130118.0","-640.0","0.16964","0.16831","-0.00133","20.6","-13184.0","SELL","1","ETR",2969683,0.0,25.0,-17.6,0.0
"2026-05-05","US80620A2087","80620A208","EIX-N","EIX","SCE TRUST VIII","Utility","959608.0","959063.0","-545.0","0.16657","0.16599","-0.00058","23.94","-13047.3","SELL","1","","","",25.0,-4.24,""
"2026-05-05","US00123Q5009","00123Q500","AGNC-C","AGNC","AGNC INVESTMENT CORP","Financial Institutions","891040.0","890535.0","-505.0","0.1661","0.16598","-0.00012","25.78","-13018.9","SELL","1","","","",25.0,3.12,""
"2026-05-05","US8629452017","862945201","ASSE-A","ASSE","STRIVE INC","Industrial","227555.0","227425.0","-130.0","0.1638","0.16375","-5e-05","99.59","-12946.7","SELL","1","","","",25.0,298.36,""
"2026-05-05","US4461507737","446150773","HBAN-J","HBAN","HUNTINGTON BANCSHARES INC","Financial Institutions","896546.0","896046.0","-500.0","0.16544","0.16494","-0.0005","25.46","-12730.0","SELL","1","","","",25.0,1.84,""
"2026-05-05","US9029736686","902973668","USB-O","USB","US BANCORP","Financial Institutions","1241458.0","1240753.0","-705.0","0.16052","0.16012","-0.0004","17.85","-12584.25","SELL","1","","","",25.0,-28.6,""
"2026-05-05","US74965L2007","74965L200","RLJ-A","RLJ","RLJ LODGING .95 CUMULATIVE CONVERT","Financial Institutions","882830.0","882330.0","-500.0","0.1613","0.16043","-0.00087","25.15","-12575.0","SELL","1","RLJ-PA",36354,0.0,25.0,0.6,0.0
"2026-05-05","US48253M1045","48253M104","KKR","KKR","KKR GROUP FINANCE CO IX LLC","Financial Institutions","1379129.0","1378379.0","-750.0","0.16762","0.16602","-0.0016","16.66","-12495.0","SELL","1","KKR",5519143,0.0,25.0,-33.36,0.0
"2026-05-05","US30190A6091","30190A609","FG","FG","F&G ANNUITIES & LIFE INC","Financial Institutions","1028156.0","1027576.0","-580.0","0.15999","0.16002","3e-05","21.54","-12493.2","SELL","1","FG",596330,0.0,25.0,-13.84,0.0
"2026-05-05","US9027884058","902788405","UMBF","UMBF","UMB FINANCIAL CORPORATION","Financial Institutions","822538.0","822073.0","-465.0","0.15833","0.15863","0.0003","26.69","-12410.85","SELL","1","UMBF",692223,0.0,25.0,6.76,0.0
"2026-05-05","US16934Q4064","16934Q406","CIM-B","CIM","CHIMERA INVESTMENT CORP","Financial Institutions","891036.0","890531.0","-505.0","0.15809","0.15722","-0.00087","24.42","-12332.1","SELL","1","CIM-PB",37335,0.0,25.0,-2.32,0.0
"2026-05-05","BMG7498P1279","-","RNR-G","RNR","RENAISSANCERE HOLDINGS LTD","Financial Institutions","1379703.0","1378923.0","-780.0","0.15529","0.15672","0.00143","15.72","-12261.6","SELL","1","RNR-PG",28714,0.0,25.0,-37.12,0.0
"2026-05-05","US6658598569","665859856","NTRS-E","NTRS","NORTHERN TRUST CORPORATION","Financial Institutions","1096724.0","1096104.0","-620.0","0.15206","0.15152","-0.00054","19.12","-11854.4","SELL","1","","","",25.0,-23.52,""
"2026-05-05","US0454876006","045487600","ASB","ASB","ASSOCIATED BANC-CORP","Financial Institutions","828066.0","827596.0","-470.0","0.14986","0.14982","-4e-05","25.04","-11768.8","SELL","1","ASB",2359007,0.0,25.0,0.16,0.0
"2026-05-05","US9029737346","902973734","USB-L","USB","US BANCORP","Financial Institutions","1379979.0","1379199.0","-780.0","0.14972","0.14997","0.00025","15.04","-11731.2","SELL","1","","","",25.0,-39.84,""
"2026-05-05","US10922N7075","10922N707","BHF-C","BHF","BRIGHTHOUSE FINANCIAL INC","Financial Institutions","1587062.0","1586162.0","-900.0","0.14711","0.14678","-0.00033","12.8","-11520.0","SELL","1","","","",25.0,-48.8,""
"2026-05-05","US0256768591","025676859","ANGINC","ANGINC","AMERICAN NATIONAL GROUP INC","Financial Institutions","822538.0","822073.0","-465.0","0.14856","0.14698","-0.00158","24.73","-11499.45","SELL","1","","","",25.0,-1.08,""
"2026-05-05","US3196263053","319626305","FCNCA","FCNCA","FIRST CITIZENS BANCSHARES INC.","Financial Institutions","952229.0","951689.0","-540.0","0.14583","0.14518","-0.00065","21.1","-11394.0","SELL","1","FCNCA",80883,0.0,25.0,-15.6,0.0
"2026-05-05","US9290892093","929089209","VOYA-B","VOYA","VOYA FINANCIAL INC","Financial Institutions","822538.0","822073.0","-465.0","0.14218","0.14258","0.0004","23.99","-11155.35","SELL","1","VOYA-PB",20141,0.0,25.0,-4.04,0.0
"2026-05-05","US9030025095","903002509","UMH-D","UMH","UMH PROPERTIES INC","Financial Institutions","889847.0","889342.0","-505.0","0.14233","0.14171","-0.00062","22.04","-11130.2","SELL","1","UMH-PD",16769,0.0,25.0,-11.84,0.0
"2026-05-05","US0357108218","035710821","NLY-J","NLY","ANNALY CAPITAL MANAGEMENT INC","Financial Institutions","753970.0","753545.0","-425.0","0.1424","0.1423","-0.0001","26.12","-11101.0","SELL","1","NLY-PJ",33349,0.0,25.0,4.48,0.0
"2026-05-05","US05580M8192","05580M819","RILYI","RILY","B. RILEY FINANCIAL INC","Financial Institutions","1056278.0","1055678.0","-600.0","0.14147","0.14112","-0.00035","18.49","-11094.0","SELL","1","","","",25.0,-26.04,""
"2026-05-05","US9576384062","957638406","WAL-A","WAL","WESTERN ALLIANCE BANCORP","Financial Institutions","822538.0","822073.0","-465.0","0.142","0.14139","-0.00061","23.79","-11062.35","SELL","1","WAL-PA",13983,0.0,25.0,-4.84,0.0
"2026-05-05","US64828T4094","64828T409","RITM-B","RITM","NEW RESIDENTIAL INVESTMENT CORP","Financial Institutions","771869.0","771434.0","-435.0","0.14002","0.13988","-0.00014","25.08","-10909.8","SELL","1","RITM-PB",38037,0.0,25.0,0.32,0.0
"2026-05-05","US91529Y6014","91529Y601","UNM","UNM","UNUM GROUP","Financial Institutions","822538.0","822073.0","-465.0","0.1395","0.1386","-0.0009","23.32","-10843.8","SELL","1","UNM",1680053,0.0,25.0,-6.72,0.0
"2026-05-05","US14040H7338","14040H733","COF-N","COF","CAPITAL ONE FINL DS REPSTG  TH PRF","Financial Institutions","1173761.0","1173096.0","-665.0","0.13722","0.13714","-8e-05","16.17","-10753.05","SELL","1","COF-PN",26058,0.0,25.0,-35.32,0.0
"2026-05-05","US2538688225","253868822","DLR-L","DLR","DIGITAL REALTY TRUST INC","Financial Institutions","945880.0","945345.0","-535.0","0.13731","0.13717","-0.00014","20.07","-10737.45","SELL","1","DLR-PL",24559,0.0,25.0,-19.72,0.0
"2026-05-05","US74460W4208","74460W420","PSA-R","PSA","PUBLIC STORAGE","Financial Institutions","1201398.0","1200718.0","-680.0","0.13731","0.13707","-0.00024","15.79","-10737.2","SELL","1","PSA-PR",30752,0.0,25.0,-36.84,0.0
"2026-05-05","US7591EP8869","7591EP886","RF-E","RF","REGIONS FINL DRC CORP","Financial Institutions","1104944.0","1104319.0","-625.0","0.13382","0.13349","-0.00033","16.72","-10450.0","SELL","1","RF-PE",29677,0.0,25.0,-33.12,0.0
"2026-05-05","US10922N3017","10922N301","BHF-A","BHF","BRIGHTHOUSE FINANCIAL INC","Financial Institutions","1173756.0","1173091.0","-665.0","0.1339","0.13281","-0.00109","15.66","-10413.9","SELL","1","","","",25.0,-37.36,""
"2026-05-05","US04686J2006","04686J200","ATH-B","ATH","ATHENE HLDG DRC LTD","Financial Institutions","945879.0","945344.0","-535.0","0.13214","0.13269","0.00055","19.41","-10384.35","SELL","1","ATH-PB",31260,0.0,25.0,-22.36,0.0
"2026-05-05","US10922N5095","10922N509","BHF-B","BHF","BRIGHTHOUSE FINANCIAL INC","Financial Institutions","1111731.0","1111101.0","-630.0","0.13254","0.1317","-0.00084","16.4","-10332.0","SELL","1","","","",25.0,-34.4,""
"2026-05-05","US03939A1079","03939A107","ACGL-F","ACGL","ARCH CAPITAL GROUP LTD.","Financial Institutions","904747.0","904237.0","-510.0","0.13213","0.13212","-1e-05","20.21","-10307.1","SELL","1","","","",25.0,-19.16,""
"2026-05-05","US55272X5086","55272X508","MFA-C","MFA","MFA FINANCIAL INC","Financial Institutions","753970.0","753545.0","-425.0","0.13005","0.12966","-0.00039","23.8","-10115.0","SELL","1","MFA-PC",22433,0.0,25.0,-4.8,0.0
"2026-05-05","US88224Q3056","88224Q305","TCBI-B","TCBI","TEXAS CAP BANCSHARES DRC INC","Financial Institutions","822538.0","822073.0","-465.0","0.12775","0.12731","-0.00044","21.42","-9960.3","SELL","1","","","",25.0,-14.32,""
"2026-05-05","US1258968528","125896852","CMS","CMS","CMS ENERGY CORPORATION","Utility","767716.0","767281.0","-435.0","0.12725","0.12692","-0.00033","22.88","-9952.8","SELL","1","CMS",2898397,0.0,25.0,-8.48,0.0
"2026-05-05","US74460W6443","74460W644","PSA-H","PSA","PUBLIC STORAGE","Financial Institutions","787463.0","787018.0","-445.0","0.12758","0.12689","-0.00069","22.3","-9923.5","SELL","1","PSA-PH",19624,0.0,25.0,-10.8,0.0
"2026-05-05","US10922N2027","10922N202","BHF","BHF","BRIGHTHOUSE FINANCIAL INC","Financial Institutions","1036321.0","1035736.0","-585.0","0.12757","0.12662","-0.00095","16.91","-9892.35","SELL","1","BHF",531260,0.0,25.0,-32.36,0.0
"2026-05-05","BMG053842040","-","AHL","AHL","ASPEN INSURANCE HOLDINGS LTD","Financial Institutions","825356.0","824891.0","-465.0","0.12655","0.12649","-6e-05","21.21","-9862.65","SELL","1","","","",25.0,-15.16,""
"2026-05-05","US25525P2065","25525P206","DHC","DHC","DIVERSIFIED HEALTHCARE .625% SENIO","Financial Institutions","959608.0","959063.0","-545.0","0.12491","0.12495","4e-05","18.02","-9820.9","SELL","1","DHC",1428720,0.0,25.0,-27.92,0.0
"2026-05-05","US55261F8721","55261F872","MTB-H","MTB","M AND T BANK PERPETUAL FIXED TO FL","Financial Institutions","685423.0","685033.0","-390.0","0.12454","0.12431","-0.00023","25.1","-9789.0","SELL","1","MTB-PH",20158,0.0,25.0,0.4,0.0
"2026-05-05","US90187B3096","90187B309","TWO-B","TWO","TWO HARBORS INVESTMENT CORP","Financial Institutions","696323.0","695928.0","-395.0","0.1247","0.12428","-0.00042","24.7","-9756.5","SELL","1","TWO-PB",33006,0.0,25.0,-1.2,0.0
"2026-05-05","US11271L1026","11271L102","BNCN","BNCN","BROOKFIELD FINANCE INC","Financial Institutions","1096724.0","1096104.0","-620.0","0.12487","0.12387","-0.001","15.63","-9690.6","SELL","1","","","",25.0,-37.48,""
"2026-05-05","US8805913006","880591300","TVA-D","TVA","TENN VALLEY AUTHORITY","Agency","703187.0","702787.0","-400.0","0.12338","0.12301","-0.00037","24.21","-9684.0","SELL","1","","","",25.0,-3.16,""
"2026-05-05","US0082528508","008252850","AMG","AMG","AFFILIATED MANAGERS GROUP INC.","Financial Institutions","829294.0","828824.0","-470.0","0.12291","0.12314","0.00023","20.55","-9658.5","SELL","1","AMG",367317,0.0,25.0,-17.8,0.0
"2026-05-05","US64828T8889","64828T888","RITM-F","RITM","RITHM CAPITAL CORP","Financial Institutions","685423.0","685033.0","-390.0","0.12191","0.12159","-0.00032","24.55","-9574.5","SELL","1","RITM-PF",45084,0.0,25.0,-1.8,0.0
"2026-05-05","US4440973075","444097307","HPP-C","HPP","HUDSON PACIFIC PROPERTIES INC","Financial Institutions","1165225.0","1164565.0","-660.0","0.12178","0.122","0.00022","14.49","-9563.4","SELL","1","HPP-PC",11467,0.1,25.0,-42.04,4.2
"2026-05-05","US74460W6286","74460W628","PSA-I","PSA","PUBLIC STORAGE REPSTG  TH BEN INT","Financial Institutions","867084.0","866594.0","-490.0","0.12064","0.12073","9e-05","19.27","-9442.3","SELL","1","PSA-PI",28951,0.0,25.0,-22.92,0.0
"2026-05-05","US74460W6690","74460W669","PSA-G","PSA","PUBLIC STORAGE","Financial Institutions","822538.0","822073.0","-465.0","0.12084","0.12065","-0.00019","20.3","-9439.5","SELL","1","PSA-PG",29589,0.0,25.0,-18.8,0.0
"2026-05-05","US90187B5075","90187B507","TWO-C","TWO","TWO HARBORS INVESTMENT CORP","Financial Institutions","662207.0","661832.0","-375.0","0.11898","0.11938","0.0004","24.95","-9356.25","SELL","1","TWO-PC",63666,0.0,25.0,-0.2,0.0
"2026-05-05","US48251K2096","48251K209","KREF-A","KREF","KKR REAL ESTATE FINANCE TRUST INC","Financial Institutions","898577.0","898067.0","-510.0","0.11742","0.11882","0.0014","18.3","-9333.0","SELL","1","KREF-PA",26382,0.0,25.0,-26.8,0.0
"2026-05-05","US3733344408","373334440","SO","SO","GEORGIA POWER COMPANY","Utility","740262.0","739842.0","-420.0","0.11862","0.11854","-8e-05","22.16","-9307.2","SELL","1","SO",4724240,0.0,25.0,-11.36,0.0
"2026-05-05","US6374321056","637432105","NRUC-US","NRUC","NATIONAL RURAL UTILITIES COOPERATI","Utility","685422.0","685032.0","-390.0","0.11843","0.11814","-0.00029","23.86","-9305.4","SELL","1","","","",25.0,-4.56,""
"2026-05-05","US16934Q5053","16934Q505","CIM-C","CIM","CHIMERA INVESTMENT CORP","Financial Institutions","712877.0","712472.0","-405.0","0.11842","0.11827","-0.00015","22.96","-9298.8","SELL","1","CIM-PC",41872,0.0,25.0,-8.16,0.0
"2026-05-05","US9508108878","950810887","WSBC-B","WSBC","WESBANCO INC","Financial Institutions","630579.0","630224.0","-355.0","0.11722","0.11765","0.00043","25.82","-9166.1","SELL","1","","","",25.0,3.28,""
"2026-05-05","US00123Q6098","00123Q609","AGNC-D","AGNC","AGNC INVESTMENT CORP","Financial Institutions","644308.0","643943.0","-365.0","0.11632","0.1163","-2e-05","24.98","-9117.7","SELL","1","","","",25.0,-0.08,""
"2026-05-05","US0844238057","084423805","WRB","WRB","WR BERKLEY CORPORATION","Financial Institutions","829566.0","829096.0","-470.0","0.11658","0.11599","-0.00059","19.35","-9094.5","SELL","1","WRB",2370783,0.0,25.0,-22.6,0.0
"2026-05-05","US74460W6856","74460W685","PSA-F","PSA","PUBLIC STORAGE DS REPRESENTING  TH","Financial Institutions","767716.0","767281.0","-435.0","0.11401","0.114","-1e-05","20.55","-8939.25","SELL","1","PSA-PF",22580,0.0,25.0,-17.8,0.0
"2026-05-05","US0200028126","020002812","ALL-I","ALL","ALLSTATE CORPORATION (THE)","Financial Institutions","822538.0","822073.0","-465.0","0.11392","0.11358","-0.00034","19.11","-8886.15","SELL","1","ALL-PI",23706,0.0,25.0,-23.56,0.0
"2026-05-05","US72348N5059","72348N505","PNFP-C","PNFP","PINNACLE FINANCIAL PARTNERS DEPOSI","Financial Institutions","622462.0","622112.0","-350.0","0.11348","0.11339","-9e-05","25.21","-8823.5","SELL","1","PNFP-PC",36633,0.0,25.0,0.84,0.0
"2026-05-05","US58844R8503","58844R850","MBIN","MBIN","MERCHANTS BANCORP","Financial Institutions","630579.0","630224.0","-355.0","0.11197","0.11186","-0.00011","24.55","-8715.25","SELL","1","MBIN",196253,0.0,25.0,-1.8,0.0
"2026-05-05","US3193836000","319383600","BUSE-B","BUSE","FIRST BUSEY CORPORATION","Financial Institutions","589486.0","589151.0","-335.0","0.11079","0.11062","-0.00017","25.97","-8699.95","SELL","1","","","",25.0,3.88,""
"2026-05-05","US63938C4050","63938C405","NAVI","NAVI","NAVIENT  PRCNT SENIOR NOTES EXP  D","Financial Institutions","822538.0","822073.0","-465.0","0.10981","0.11084","0.00103","18.65","-8672.25","SELL","1","NAVI",1038537,0.0,25.0,-25.4,0.0
"2026-05-05","BMG053841703","-","AHL","AHL","ASPEN INSURANCE HOLDINGS LTD","Financial Institutions","616921.0","616571.0","-350.0","0.11035","0.11006","-0.00029","24.69","-8641.5","SELL","1","","","",25.0,-1.24,""
"2026-05-05","US2836782092","283678209","KMI","KMI","EL PASO ENERGY CAPITAL TRUST I","Industrial","302294.0","302124.0","-170.0","0.11066","0.1107","4e-05","50.68","-8615.6","SELL","1","KMI",13535960,0.0,25.0,102.72,0.0
"2026-05-05","US29364W1080","29364W108","ETR","ETR","ENTERGY LOUISIANA LLC","Utility","740262.0","739842.0","-420.0","0.10985","0.10971","-0.00014","20.51","-8614.2","SELL","1","ETR",2969683,0.0,25.0,-17.96,0.0
"2026-05-05","US9290428286","929042828","VNO-M","VNO","VORNADO REALTY TRUST","Financial Institutions","875966.0","875471.0","-495.0","0.10913","0.10906","-7e-05","17.23","-8528.85","SELL","1","VNO-PM",26319,0.0,25.0,-31.08,0.0
"2026-05-05","US29364N1081","29364N108","ETR","ETR","ENTERGY MISSISSIPPI INC","Utility","712876.0","712471.0","-405.0","0.10845","0.10776","-0.00069","20.92","-8472.6","SELL","1","ETR",2969683,0.0,25.0,-16.32,0.0
"2026-05-05","US25401T4058","25401T405","DBRG-I","DBRG","DIGITALBRIDGE GROUP .15 CUMULATIVE","Financial Institutions","885809.0","885309.0","-500.0","0.10869","0.10817","-0.00052","16.9","-8450.0","SELL","1","DBRG-PI",31629,0.0,25.0,-32.4,0.0
"2026-05-05","US25401T3068","25401T306","DBRG-J","DBRG","DIGITALBRIDGE GROUP INC","Financial Institutions","800210.0","799710.0","-500.0","0.0983","0.09754","-0.00076","16.87","-8435.0","SELL","1","DBRG-PJ",36880,0.0,25.0,-32.52,0.0
"2026-05-05","US75968N3098","75968N309","RNR-F","RNR","RENAISSANCERE HOLDINGS LTD","Financial Institutions","685422.0","685032.0","-390.0","0.1069","0.10675","-0.00015","21.56","-8408.4","SELL","1","RNR-PF",14725,0.0,25.0,-13.76,0.0
"2026-05-05","US49446R7118","49446R711","KIM-M","KIM","KIMCO RLTY DS REPRESENTING   CLASS","Financial Institutions","717316.0","716911.0","-405.0","0.10496","0.10511","0.00015","20.28","-8213.4","SELL","1","KIM-PM",25987,0.0,25.0,-18.88,0.0
"2026-05-05","US1170436042","117043604","BC","BC","BRUNSWICK CORPORATION","Industrial","589488.0","589153.0","-335.0","0.10386","0.10419","0.00033","24.46","-8194.1","SELL","1","BC",856733,0.0,25.0,-2.16,0.0
"2026-05-05","US0605055831","060505583","BAC-1","BAC","BANK OF AMERICA CORPORATION PFD 1","Financial Institutions","738637.0","738217.0","-420.0","0.10428","0.10407","-0.00021","19.5","-8190.0","SELL","1","","","",25.0,-22.0,""
"2026-05-05","US9290428443","929042844","VNO-L","VNO","VORNADO REALTY TRUST 5.4% CUM RED","Financial Institutions","822539.0","822074.0","-465.0","0.10421","0.10383","-0.00038","17.47","-8123.55","SELL","1","VNO-PL",21747,0.0,25.0,-30.12,0.0
"2026-05-05","US8606308703","860630870","SF-C","SF","STIFEL FINANCIAL CORP","Financial Institutions","616921.0","616571.0","-350.0","0.1036","0.10297","-0.00063","23.1","-8085.0","SELL","1","SF-PC",16926,0.0,25.0,-7.6,0.0
"2026-05-05","US25406P2002","25406P200","DDS","DDS","DILLARDS CAP TR I CAP SECS 7.5%","Industrial","548353.0","548043.0","-310.0","0.10365","0.10322","-0.00043","26.05","-8075.5","SELL","1","DDS",94397,0.0,25.0,4.2,0.0
"2026-05-05","US9290428104","929042810","VNO-N","VNO","VORNADO REALTY TRUST","Financial Institutions","822539.0","822074.0","-465.0","0.10277","0.10306","0.00029","17.34","-8063.1","SELL","1","VNO-PN",27837,0.0,25.0,-30.64,0.0
"2026-05-05","US6378702053","637870205","NSA-A","NSA","NATIONAL STORAGE AFFILIATES REDEEM","Financial Institutions","619410.0","619060.0","-350.0","0.1028","0.10305","0.00025","23.02","-8057.0","SELL","1","NSA-PA",18657,0.0,25.0,-7.92,0.0
"2026-05-05","US37959E3009","37959E300","GL","GL","GLOBE LIFE INC","Financial Institutions","891039.0","890534.0","-505.0","0.10268","0.10269","1e-05","15.95","-8054.75","SELL","1","GL",525593,0.0,25.0,-36.2,0.0
"2026-05-05","US6378703044","637870304","NSA-B","NSA PR B","NATIONAL STORAGE AFFILIATES    CUM","Financial Institutions","389344.0","389094.0","-250.0","0.08889","0.09013","0.00124","32.04","-8010.0","SELL","1","NSA-PB",34612,0.0,25.0,28.16,0.0
"2026-05-05","US35243J2006","35243J200","FBRT-E","FBRT","FRANKLIN BSP REALTY TRUST   CUMULA","Financial Institutions","707963.0","707563.0","-400.0","0.10257","0.10236","-0.00021","20.01","-8004.0","SELL","1","FBRT-PE",23560,0.0,25.0,-19.96,0.0
"2026-05-05","US8606308620","860630862","SF-D","SF","STIFEL FINANCIAL CORP","Financial Institutions","822538.0","822073.0","-465.0","0.10072","0.10151","0.00079","17.08","-7942.2","SELL","1","SF-PD",22512,0.0,25.0,-31.68,0.0
"2026-05-05","US72348N2080","72348N208","PNFP-A","PNFP","PINNACLE FINANCIAL PARTNERS NON CU","Financial Institutions","548342.0","548032.0","-310.0","0.10162","0.10143","-0.00019","25.6","-7936.0","SELL","1","PNFP-PA",21604,0.0,25.0,2.4,0.0
"2026-05-05","US8805914095","880591409","TVA-A","TVA","TENN VALLEY AUTH","Agency","571250.0","570925.0","-325.0","0.09862","0.0984","-0.00022","23.84","-7748.0","SELL","1","","","",25.0,-4.64,""
"2026-05-05","US84857L7055","84857L705","SR","SR","SPIRE INC","Utility","548353.0","548043.0","-310.0","0.09908","0.09901","-7e-05","24.99","-7746.9","SELL","1","SR",357430,0.0,25.0,-0.04,0.0
"2026-05-05","US04621X3061","04621X306","AIZ","AIZ","ASSURANT INC","Financial Institutions","685422.0","685032.0","-390.0","0.09662","0.09737","0.00075","19.66","-7667.4","SELL","1","AIZ",343357,0.0,25.0,-21.36,0.0
"2026-05-05","US05554M1009","05554M100","BIP","BIP","BIP BERMUDA HOLDINGS I LTD","Financial Institutions","822538.0","822073.0","-465.0","0.09896","0.09759","-0.00137","16.42","-7635.3","SELL","1","BIP",961400,0.0,25.0,-34.32,0.0
"2026-05-05","US78440X5077","78440X507","SLG-I","SLG","SL GREEN REALTY CORP","Financial Institutions","630580.0","630225.0","-355.0","0.09757","0.0976","3e-05","21.42","-7604.1","SELL","1","SLG-PI",27288,0.0,25.0,-14.32,0.0
"2026-05-05","US16934Q6044","16934Q604","CIM-D","CIM","CHIMERA INVESTMENT CORP","Financial Institutions","548353.0","548043.0","-310.0","0.09717","0.09703","-0.00014","24.49","-7591.9","SELL","1","CIM-PD",21076,0.0,25.0,-2.04,0.0
"2026-05-05","US11259P1093","11259P109","BRBRPH","BEPUCN","BROOKFIELD BRP HOLDINGS (CANADA) I","Utility","968444.0","967944.0","-500.0","0.10546","0.10525","-0.00021","15.04","-7520.0","SELL","1","","","",25.0,-39.84,""
"2026-05-05","US6740014096","674001409","OAK-B","OAK","OAKTREE CAPITAL GROUP LLC","Financial Institutions","644308.0","643943.0","-365.0","0.09554","0.09559","5e-05","20.53","-7493.45","SELL","1","OAK-PB",9219,0.0,25.0,-17.88,0.0
"2026-05-05","US2333318184","233331818","DTE","DTE","DTE ENERGY CO","Utility","767716.0","767281.0","-435.0","0.09548","0.09538","-0.0001","17.2","-7482.0","SELL","1","DTE",1223670,0.0,25.0,-31.2,0.0
"2026-05-05","US3167738604","316773860","FITB-K","FITB","FIFTH THIRD BANCORP","Financial Institutions","685422.0","685032.0","-390.0","0.09488","0.09459","-0.00029","19.1","-7449.0","SELL","1","","","",25.0,-23.6,""
"2026-05-05","US25525P3055","25525P305","DHC","DHC","DIVERSIFIED HEALTHCARE .25% SENIOR","Financial Institutions","685423.0","685033.0","-390.0","0.09483","0.09452","-0.00031","19.09","-7445.1","SELL","1","DHC",1428720,0.0,25.0,-23.64,0.0
"2026-05-05","US6496048736","649604873","ADAM-E","ADAM","NEW YORK MORTGAGE TRUST INC","Financial Institutions","511094.0","510804.0","-290.0","0.09442","0.09428","-0.00014","25.53","-7403.7","SELL","1","","","",25.0,2.12,""
"2026-05-05","US2538688308","253868830","DLR-K","DLR","DIGITAL REALTY TRUST INC","Financial Institutions","575740.0","575415.0","-325.0","0.0957","0.09468","-0.00102","22.76","-7397.0","SELL","1","DLR-PK",23451,0.0,25.0,-8.96,0.0
"2026-05-05","US74460W5940","74460W594","PSA-J","PSA","PUBLIC STORAGE DEP SHS REPSTG  TH","Financial Institutions","709424.0","709024.0","-400.0","0.09516","0.09473","-0.00043","18.48","-7392.0","SELL","1","PSA-PJ",12177,0.0,25.0,-26.08,0.0
"2026-05-05","US0844238701","084423870","WRB","WRB","WR BERKLEY CORPORATION","Financial Institutions","822538.0","822073.0","-465.0","0.09407","0.09417","0.0001","15.85","-7370.25","SELL","1","WRB",2370783,0.0,25.0,-36.6,0.0
"2026-05-05","US3167738869","316773886","FITB-A","FITB","FIFTH THIRD BANCORP  DEPOSITORY SH","Financial Institutions","548353.0","548043.0","-310.0","0.09335","0.09339","4e-05","23.57","-7306.7","SELL","1","","","",25.0,-5.72,""
"2026-05-05","US3793785086","379378508","GNL-D","GNL","GLOBAL NET LEASE   CUMULATIVE REDE","Financial Institutions","543797.0","543487.0","-310.0","0.09301","0.09238","-0.00063","23.51","-7288.1","SELL","1","GNL-PD",13075,0.0,25.0,-5.96,0.0
"2026-05-05","US64828T8053","64828T805","RITM-E","RITM","RITHM CAPITAL CORP","Financial Institutions","520918.0","520623.0","-295.0","0.09257","0.09229","-0.00028","24.52","-7233.4","SELL","1","RITM-PE",43287,0.0,25.0,-1.92,0.0
"2026-05-05","US70931T5092","70931T509","PMT-C","PMT","PENNYMAC MORTGAGE INVESTMENT TRUST","Financial Institutions","685423.0","685033.0","-390.0","0.09185","0.09167","-0.00018","18.51","-7218.9","SELL","1","PMT-PC",27101,0.0,25.0,-25.96,0.0
"2026-05-05","US05580M7939","05580M793","RILYZ","RILY","B. RILEY FINANCIAL INC","Financial Institutions","530907.0","530607.0","-300.0","0.09208","0.09172","-0.00036","23.91","-7173.0","SELL","1","RILYZ",40323,0.0,25.0,-4.36,0.0
"2026-05-05","BMG053841620","-","AHL","AHL","ASPEN INSURANCE HOLDINGS LTD","Financial Institutions","595095.0","594760.0","-335.0","0.09204","0.09202","-2e-05","21.4","-7169.0","SELL","1","","","",25.0,-14.4,""
"2026-05-05","US70931T4004","70931T400","PMT-B","PMT","PENNYMAC MORTGAGE INVESTMENT TRUST","Financial Institutions","534646.0","534341.0","-305.0","0.09207","0.09001","-0.00206","23.3","-7106.5","SELL","1","PMT-PB",11835,0.0,25.0,-6.8,0.0
"2026-05-05","US0082528433","008252843","AMG","AMG","AFFILIATED MANAGERS GROUP INC.","Financial Institutions","753970.0","753545.0","-425.0","0.09169","0.09109","-0.0006","16.72","-7106.0","SELL","1","AMG",367317,0.0,25.0,-33.12,0.0
"2026-05-05","US8606306079","860630607","SF","SF","STIFEL FINANCIAL CORP","Financial Institutions","616922.0","616572.0","-350.0","0.08996","0.08973","-0.00023","20.13","-7045.5","SELL","1","SF",1428997,0.0,25.0,-19.48,0.0
"2026-05-05","US70509V8037","70509V803","PEB-G","PEB","PEBBLEBROOK HOTEL TRUST","Financial Institutions","622756.0","622406.0","-350.0","0.08964","0.0904","0.00076","20.09","-7031.5","SELL","1","PEB-PG",9887,0.0,25.0,-19.64,0.0
"2026-05-05","US9290427940","929042794","VNO-O","VNO","VORNADO REALTY TRUST","Financial Institutions","822539.0","822074.0","-465.0","0.0893","0.08891","-0.00039","14.96","-6956.4","SELL","1","VNO-PO",24018,0.0,25.0,-40.16,0.0
"2026-05-05","US05580M8010","05580M801","RILYK","RILY","B. RILEY FINANCIAL INC","Financial Institutions","494943.0","494663.0","-280.0","0.08878","0.08837","-0.00041","24.71","-6918.8","SELL","1","RILYK",25450,0.0,25.0,-1.16,0.0
"2026-05-05","US05580M8358","05580M835","RILYM","RILY","B. RILEY FINANCIAL INC","Financial Institutions","602148.0","601808.0","-340.0","0.08794","0.0885","0.00056","20.34","-6915.6","SELL","1","","","",25.0,-18.64,""
"2026-05-05","US49446R7373","49446R737","KIM-L","KIM","KIMCO REALTY CORPORATION","Financial Institutions","610192.0","609847.0","-345.0","0.08721","0.0873","9e-05","19.8","-6831.0","SELL","1","KIM-PL",13652,0.0,25.0,-20.8,0.0
"2026-05-05","US70931T7072","70931T707","PMT","PMT","PENNYMAC MORTGAGE INVESTMENT TRUST","Financial Institutions","472942.0","472672.0","-270.0","0.08634","0.08625","-9e-05","25.24","-6814.8","SELL","1","PMT",1148207,0.0,25.0,0.96,0.0
"2026-05-05","US1258968601","125896860","CMS","CMS","CMS ENERGY CORPORATION","Utility","548366.0","548056.0","-310.0","0.08747","0.08701","-0.00046","21.96","-6807.6","SELL","1","CMS",2960153,0.0,25.0,-12.16,0.0
"2026-05-05","US17259U3032","17259U303","CIONI","CIONI","CION INVESTMENT CORP","Financial Institutions","474721.0","474451.0","-270.0","0.08636","0.08613","-0.00023","25.11","-6779.7","SELL","1","","","",25.0,0.44,""
"2026-05-05","BMG9078F1499","-","TRTN-C","TRTN","TRITON INTERNATIONAL LTD","Industrial","479802.0","479532.0","-270.0","0.08693","0.08688","-5e-05","25.06","-6766.2","SELL","1","TRTN-PC",8106,0.0,25.0,0.24,0.0
"2026-05-05","US04911A2069","04911A206","AUB-A","AUB","ATLANTIC UNION BANKSHARES CORP","Financial Institutions","472942.0","472672.0","-270.0","0.08538","0.08513","-0.00025","24.91","-6725.7","SELL","1","AUB-PA",6982,0.0,25.0,-0.36,0.0
"2026-05-05","US20451Q4010","20451Q401","CODI-C","CODI","COMPASS DIVERSIFIED HOLDINGS","Financial Institutions","541960.0","541655.0","-305.0","0.08508","0.08615","0.00107","22.0","-6710.0","SELL","1","CODI-PC",34377,0.0,25.0,-12.0,0.0
"2026-05-05","US74460W5114","74460W511","PSA-N","PSA","PUBLIC STORAGE DEP SHS REPSTG   PF","Financial Institutions","774580.0","774140.0","-440.0","0.08533","0.0853","-3e-05","15.24","-6705.6","SELL","1","PSA-PN",37845,0.0,25.0,-39.04,0.0
"2026-05-05","US74460W5783","74460W578","PSA-K","PSA","PUBLIC STORAGE","Financial Institutions","630579.0","630224.0","-355.0","0.08569","0.08552","-0.00017","18.77","-6663.35","SELL","1","PSA-PK",17758,0.0,25.0,-24.92,0.0
"2026-05-05","US31959X2027","31959X202","FCNCA","FCNCA","FIRST CITIZENS BANCSHARES   NON CU","Financial Institutions","548353.0","548043.0","-310.0","0.08517","0.08495","-0.00022","21.44","-6646.4","SELL","1","FCNCA",80883,0.0,25.0,-14.24,0.0
"2026-05-05","BMG9078F3057","-","TRTGV","TRTN","TRITON INTL CUM RED PERP PREF SER","Industrial","479796.0","479526.0","-270.0","0.08464","0.08434","-0.0003","24.33","-6569.1","SELL","1","","","",25.0,-2.68,""
"2026-05-05","MHY8564M2048","-","TGP-B","TGP","TEEKAY LNG PARTNERS LP","Industrial","452147.0","451892.0","-255.0","0.08378","0.08369","-9e-05","25.62","-6533.1","SELL","1","","","",25.0,2.48,""
"2026-05-05","US55272X4097","55272X409","MFA-B","MFA","MFA FINANCIAL INC","Financial Institutions","548353.0","548043.0","-310.0","0.08294","0.08313","0.00019","20.98","-6503.8","SELL","1","MFA-PB",10812,0.0,25.0,-16.08,0.0
"2026-05-05","US20451Q3020","20451Q302","CODI-B","CODI","COMPASS DIVERSIFIED HOLDINGS FIXED","Financial Institutions","515681.0","515391.0","-290.0","0.0817","0.08347","0.00177","22.4","-6496.0","SELL","1","CODI-PB",19953,0.0,25.0,-10.4,0.0
"2026-05-05","US11276B1098","11276B109","BIP","BIP","BROOKFIELD INFRASTRUCTURE FINANCE","Utility","685422.0","685032.0","-390.0","0.08257","0.08157","-0.001","16.47","-6423.3","SELL","1","BIP",961400,0.0,25.0,-34.12,0.0
"2026-05-05","US0844238883","084423888","WRB","WRB","WR BERKLEY CORPORATION","Financial Institutions","685422.0","685032.0","-390.0","0.08192","0.08127","-0.00065","16.41","-6399.9","SELL","1","WRB",2370783,0.0,25.0,-34.36,0.0
"2026-05-05","US05614L4077","05614L407","BW-A","BW","BABCOCK & WILCOX ENTERPRISES INC","Industrial","525675.0","525380.0","-295.0","0.08142","0.08204","0.00062","21.6","-6372.0","SELL","1","BW-PA",22971,0.0,25.0,-13.6,0.0
"2026-05-05","US04914Y4098","04914Y409","ATLC","ATLC","ATLANTICUS HOLDINGS CORP","Financial Institutions","458360.0","458110.0","-250.0","0.08425","0.08413","-0.00012","25.4","-6350.0","SELL","1","ATLC",65787,0.0,25.0,1.6,0.0
"2026-05-05","US38741L3050","38741L305","GPMT-A","GPMT","GRANITE POINT MORTGAGE TRUST INC","Financial Institutions","564118.0","563798.0","-320.0","0.08075","0.08058","-0.00017","19.77","-6326.4","SELL","1","GPMT-PA",8205,0.0,25.0,-20.92,0.0
"2026-05-05","US2538688555","253868855","DLR-J","DLR","DIGITAL REALTY TRUST INC","Financial Institutions","548353.0","548043.0","-310.0","0.08155","0.08081","-0.00074","20.4","-6324.0","SELL","1","DLR-PJ",18355,0.0,25.0,-18.4,0.0
"2026-05-05","US58844R7026","58844R702","MBIN-C","MBIN","MERCHANTS BANCORP","Financial Institutions","537874.0","537569.0","-305.0","0.08011","0.08053","0.00042","20.72","-6319.6","SELL","1","","","",25.0,-17.12,""
"2026-05-05","US46131B5066","46131B506","IVR-C","IVR","INVESCO MORTGAGE CAPITAL INC","Financial Institutions","466934.0","466669.0","-265.0","0.07966","0.0802","0.00054","23.77","-6299.05","SELL","1","IVR-PC",18653,0.0,25.0,-4.92,0.0
"2026-05-05","US11259P2083","11259P208","BRBRPH","BEPUCN","BROOKFIELD BRP HOLDINGS (CANADA) I","Utility","712876.0","712471.0","-405.0","0.08034","0.0801","-0.00024","15.55","-6297.75","SELL","1","","","",25.0,-37.8,""
"2026-05-05","US78407R2040","78407R204","SCE-J","EIX","SCE TRUST II CUM TRUST SECS P","Utility","603193.0","602853.0","-340.0","0.08105","0.08059","-0.00046","18.49","-6286.6","SELL","1","","","",25.0,-26.04,""
"2026-05-05","US16934Q8693","16934Q869","CIM","CIM","CHIMERA INVESTMENT CORP","Financial Institutions","340614.0","340364.0","-250.0","0.06221","0.06186","-0.00035","25.14","-6285.0","SELL","1","CIM",806707,0.0,25.0,0.56,0.0
"2026-05-05","US10922N8891","10922N889","BHF-D","BHF","BRIGHTHOUSE FINANCIAL INC","Financial Institutions","959608.0","959063.0","-545.0","0.08033","0.07974","-0.00059","11.5","-6267.5","SELL","1","","","",25.0,-54.0,""
"2026-05-05","BMG162491648","-","BPY-A","BPY","BROOKFIELD PROPERTY PARTNERS LP","Industrial","788221.0","787776.0","-445.0","0.07981","0.07954","-0.00027","13.97","-6216.65","SELL","1","","","",25.0,-44.12,""
"2026-05-05","BMG9078F1648","-","TRTN-D","TRTN","TRITON INTERNATIONAL LTD","Industrial","411275.0","411025.0","-250.0","0.07392","0.07362","-0.0003","24.77","-6192.5","SELL","1","TRTN-PD",4913,0.1,25.0,-0.92,0.09
"2026-05-05","US0844237067","084423706","WRB","WRB","WR BERKLEY CORPORATION","Financial Institutions","507238.0","506953.0","-285.0","0.07963","0.07931","-0.00032","21.64","-6167.4","SELL","1","WRB",2370783,0.0,25.0,-13.44,0.0
"2026-05-05","US0605058157","060505815","BAC-E","BAC","BANK OF AMERICA CORP PREF STOCK","Financial Institutions","562549.0","562229.0","-320.0","0.07845","0.07806","-0.00039","19.2","-6144.0","SELL","1","BAC-PE",24148,0.0,25.0,-23.2,0.0
"2026-05-05","US9197944047","919794404","VLY-C","VLY","VALLEY NATIONAL BANCORP","Financial Institutions","411255.0","411020.0","-235.0","0.07812","0.07759","-0.00053","26.11","-6135.85","SELL","1","","","",25.0,4.44,""
"2026-05-05","US1258968379","125896837","CMS-C","CMS","CMS ENERGY CORPORATION","Utility","630579.0","630224.0","-355.0","0.07833","0.07837","4e-05","17.2","-6106.0","SELL","1","CMS-PC",27880,0.0,25.0,-31.2,0.0
"2026-05-05","US5303075031","530307503","LBRDA","LBRDA","LIBERTY BROADBAND CUM REDEEMABLE P","Industrial","492387.0","492107.0","-280.0","0.07722","0.07745","0.00023","21.77","-6095.6","SELL","1","LBRDA",178770,0.0,25.0,-12.92,0.0
"2026-05-05","US11276B2088","11276B208","BIP","BIP","BROOKFIELD INFRASTRUCTURE FINANCE","Utility","433172.0","432927.0","-245.0","0.07754","0.07747","-7e-05","24.75","-6063.75","SELL","1","BIP",1021527,0.0,25.0,-1.0,0.0
"2026-05-05","US2333318267","233331826","DTE-G","DTE","DTE ENERGY COMPANY","Utility","630525.0","630170.0","-355.0","0.0777","0.07752","-0.00018","17.02","-6042.1","SELL","1","","","",25.0,-31.92,""
"2026-05-05","US74460W3960","74460W396","PSA-S","PSA","PUBLIC STORAGE DEPOSITARY SHS EACH","Financial Institutions","685569.0","685194.0","-375.0","0.0803","0.07971","-0.00059","16.09","-6033.75","SELL","1","PSA-PS",28520,0.0,25.0,-35.64,0.0
"2026-05-05","US3793783008","379378300","GNL-A","GNL","GLOBAL NET LEASE PREF SERIES A INC","Financial Institutions","466078.0","465813.0","-265.0","0.07634","0.07658","0.00024","22.74","-6026.1","SELL","1","GNL-PA",7345,0.0,25.0,-9.04,0.0
"2026-05-05","US4101204067","410120406","HWC","HWC","HANCOCK WHITNEY CORP","Financial Institutions","472941.0","472671.0","-270.0","0.07623","0.07593","-0.0003","22.22","-5999.4","SELL","1","HWC",892910,0.0,25.0,-11.12,0.0
"2026-05-05","US0423156068","042315606","ARR-C","ARR","ARMOUR RESIDENTIAL REIT INC","Financial Institutions","506049.0","505764.0","-285.0","0.07702","0.07684","-0.00018","21.02","-5990.7","SELL","1","ARR-PC",17193,0.0,25.0,-15.92,0.0
"2026-05-05","US4461507810","446150781","HBAN-C","HBAN","HUNTINGTON BANCSHARES INC","Financial Institutions","479731.0","479461.0","-270.0","0.07698","0.07688","-0.0001","22.18","-5988.6","SELL","1","","","",25.0,-11.28,""
"2026-05-05","US38144X6094","38144X609","GS-C","GS","GOLDMAN SACHS GROUP INC","Financial Institutions","548353.0","548043.0","-310.0","0.07666","0.07635","-0.00031","19.27","-5973.7","SELL","1","GS-PC",28771,0.0,25.0,-22.92,0.0
"2026-05-05","BMG162491564","-","BPY-A2","BPY","BROOKFIELD PROPERTY PARTNERS LP","Industrial","685423.0","685033.0","-390.0","0.07613","0.07568","-0.00045","15.28","-5959.2","SELL","1","","","",25.0,-38.88,""
"2026-05-05","US0605056250","060505625","BAC-02","BAC","BANK OF AMERICA CORP","Financial Institutions","543429.0","543119.0","-310.0","0.0757","0.07547","-0.00023","19.22","-5958.2","SELL","1","","","",25.0,-23.12,""
"2026-05-05","US6740013007","674001300","OAK-A","OAK","OAKTREE CAPITAL GROUP LLC","Financial Institutions","493531.0","493251.0","-280.0","0.07422","0.07514","0.00092","21.07","-5899.6","SELL","1","OAK-PA",10804,0.0,25.0,-15.72,0.0
"2026-05-05","US8606307069","860630706","SF-B","SF","STIFEL FINANCIAL CORP","Financial Institutions","438691.0","438441.0","-250.0","0.07523","0.07471","-0.00052","23.57","-5892.5","SELL","1","SF-PB",9700,0.0,25.0,-5.72,0.0
"2026-05-05","US00123Q8565","00123Q856","AGNCL","AGNC","AGNC INVESTMENT CORP","Financial Institutions","411219.0","410984.0","-235.0","0.07451","0.0744","-0.00011","25.04","-5884.4","SELL","1","AGNCL",20350,0.0,25.0,0.16,0.0
"2026-05-05","US11259P3073","11259P307","BRBRPH","BEPUCN","BROOKFIELD BRP HOLDINGS (CANADA) I","Utility","411255.0","411020.0","-235.0","0.07475","0.07429","-0.00046","25.0","-5875.0","SELL","1","","","",25.0,0.0,""
"2026-05-05","US3205174028","320517402","FHN-E","FHN","FIRST HORIZON NATIONAL CORP","Financial Institutions","411254.0","411019.0","-235.0","0.07341","0.07334","-7e-05","24.68","-5799.8","SELL","1","FHN-PE",6285,0.0,25.0,-1.28,0.0
"2026-05-05","US87266M2061","87266M206","TRTX-C","TRTX","TPG RE FIN TR PREF SERIES C INC TR","Financial Institutions","551784.0","551474.0","-310.0","0.07368","0.0744","0.00072","18.66","-5784.6","SELL","1","TRTX-PC",12220,0.0,25.0,-25.36,0.0
"2026-05-05","US0259328807","025932880","AFG","AFG","AMERICAN FINANCIAL GROUP INC","Financial Institutions","548353.0","548043.0","-310.0","0.07432","0.07393","-0.00039","18.66","-5784.6","SELL","1","AFG",559630,0.0,25.0,-25.36,0.0
"2026-05-05","US74460W5379","74460W537","PSA-M","PSA","PUBLIC STORAGE","Financial Institutions","630525.0","630170.0","-355.0","0.07394","0.07381","-0.00013","16.2","-5751.0","SELL","1","PSA-PM",14460,0.0,25.0,-35.2,0.0
"2026-05-05","US04914Y3009","04914Y300","ATLC","ATLC","ATLANTICUS HOLDINGS CORP","Financial Institutions","406324.0","406094.0","-230.0","0.07362","0.0734","-0.00022","25.0","-5750.0","SELL","1","ATLC",65787,0.0,25.0,0.0,0.0
"2026-05-05","BMG9078F1317","-","TRTN-B","TRTN","TRITON INTERNATIONAL LTD","Industrial","394163.0","393938.0","-225.0","0.07243","0.07231","-0.00012","25.39","-5712.75","SELL","1","TRTN-PB",6364,0.0,25.0,1.56,0.0
"2026-05-05","US4461507570","446150757","HBANZ","HBAN","HUNTINGTON BANCSHARES DEPOSITARY S","Financial Institutions","474770.0","474500.0","-270.0","0.07226","0.07194","-0.00032","20.97","-5661.9","SELL","1","HBANZ",13597,0.0,25.0,-16.12,0.0
"2026-05-05","US04208T2078","04208T207","AHH-A","AHH","ARMADA HOFFLER PROPERTIES INC","Financial Institutions","469105.0","468840.0","-265.0","0.07215","0.07233","0.00018","21.34","-5655.1","SELL","1","","","",25.0,-14.64,""
"2026-05-05","BMG9078F2067","-","TRTN","TRTN","TRITON INTERNATIONAL LTD","Industrial","427921.0","427681.0","-240.0","0.07285","0.07266","-0.00019","23.5","-5640.0","SELL","1","","","",25.0,-6.0,""
"2026-05-05","US4884013081","488401308","KMPR","KMPR","KEMPER CORP","Financial Institutions","411255.0","411020.0","-235.0","0.07118","0.07099","-0.00019","23.89","-5614.15","SELL","1","KMPR",1056787,0.0,25.0,-4.44,0.0
"2026-05-05","US6496048819","649604881","ADAM-D","ADAM","NEW YORK MORTGAGE TRUST INC","Financial Institutions","421312.0","421072.0","-240.0","0.07206","0.07099","-0.00107","23.32","-5596.8","SELL","1","","","",25.0,-6.72,""
"2026-05-05","US58844R8842","58844R884","MBIN","MBIN","MERCHANTS BANCORP","Financial Institutions","390676.0","390456.0","-220.0","0.07178","0.07166","-0.00012","25.39","-5585.8","SELL","1","MBIN",196253,0.0,25.0,1.56,0.0
"2026-05-05","US70509V8862","70509V886","PEB-H","PEB","PEBBLEBROOK HOTEL TRUST","Financial Institutions","536511.0","536206.0","-305.0","0.06917","0.06978","0.00061","18.0","-5490.0","SELL","1","PEB-PH",13865,0.0,25.0,-28.0,0.0
"2026-05-05","US25401T5048","25401T504","DBRG-H","DBRG","DIGITALBRIDGE GROUP .125 CUMULATIV","Financial Institutions","580764.0","580434.0","-330.0","0.07105","0.06945","-0.0016","16.55","-5461.5","SELL","1","DBRG-PH",16370,0.0,25.0,-33.8,0.0
"2026-05-05","US26884U2087","26884U208","EPR-C","EPR","EPR PROPERTIES 5.75% CUM CONV PREF","Financial Institutions","384437.0","384217.0","-220.0","0.06868","0.06847","-0.00021","24.65","-5423.0","SELL","1","EPR-PC",4501,0.0,25.0,-1.4,0.0
"2026-05-05","US6496048652","649604865","ADAM-F","ADAM","NEW YORK MORTGAGE TRUST INC","Financial Institutions","397809.0","397584.0","-225.0","0.0696","0.0687","-0.0009","23.9","-5377.5","SELL","1","","","",25.0,-4.4,""
"2026-05-05","US11272B1035","11272B103","BNCN","BNCN","BROOKFIELD FINANCE I UK PLC","Financial Institutions","630579.0","630224.0","-355.0","0.0696","0.06898","-0.00062","15.14","-5374.7","SELL","1","","","",25.0,-39.44,""
"2026-05-05","USG162522670","-","BIP-13","BIP","BROOKFIELD INFRASTRUCTURE   CLASS","Utility","548353.0","548043.0","-310.0","0.06736","0.06698","-0.00038","16.91","-5242.1","SELL","1","","","",25.0,-32.36,""
"2026-05-05","BMG9078F1564","-","TRTN-E","TRTN","TRITON INTERNATIONAL LTD","Industrial","479765.0","479495.0","-270.0","0.06784","0.06696","-0.00088","19.32","-5216.4","SELL","1","TRTN-PE",7562,0.0,25.0,-22.72,0.0
"2026-05-05","US89832Q8107","89832Q810","TFC-I","TFC","TRUIST FINANCIAL DS REPRESENTING","Financial Institutions","472990.0","472720.0","-270.0","0.06599","0.06599","0.0","19.31","-5213.7","SELL","1","TFC-PI",17855,0.0,25.0,-22.76,0.0
"2026-05-05","US0259328641","025932864","AFG","AFG","AMERICAN FINANCIAL GROUP INC","Financial Institutions","548349.0","548039.0","-310.0","0.06637","0.06633","-4e-05","16.74","-5189.4","SELL","1","AFG",559630,0.0,25.0,-33.04,0.0
"2026-05-05","US8163005031","816300503","SIGI-B","SIGI","SELECTIVE INS GROUP DS REPSTG   IN","Financial Institutions","548353.0","548043.0","-310.0","0.06583","0.06605","0.00022","16.67","-5167.7","SELL","1","","","",25.0,-33.32,""
"2026-05-05","US9478907036","947890703","WBS-G","WBS","WEBSTER FINANCIAL CORPORATION","Financial Institutions","370105.0","369895.0","-210.0","0.06521","0.0651","-0.00011","24.34","-5111.4","SELL","1","WBS-PG",10702,0.0,25.0,-2.64,0.0
"2026-05-05","US3765468836","376546883","GAIN","GAIN","GLADSTONE INVESTMENT CORP","Financial Institutions","368893.0","368683.0","-210.0","0.06457","0.06426","-0.00031","24.11","-5063.1","SELL","1","GAIN",368400,0.0,25.0,-3.56,0.0
"2026-05-05","BMG162522756","-","BIP-14","BIP","BROOKFIELD INFRASTRUCTURE PARTNERS","Utility","548353.0","548043.0","-310.0","0.0645","0.06466","0.00016","16.32","-5059.2","SELL","1","","","",25.0,-34.72,""
"2026-05-05","US16934Q3074","16934Q307","CIM-A","CIM","CHIMERA INVESTMENT CORP","Financial Institutions","413563.0","413328.0","-235.0","0.0642","0.06356","-0.00064","21.27","-4998.45","SELL","1","CIM-PA",9263,0.0,25.0,-14.92,0.0
"2026-05-05","US9478905055","947890505","WBS-F","WBS","WEBSTER FINANCIAL DRC CORP","Financial Institutions","411255.0","411020.0","-235.0","0.06325","0.06312","-0.00013","21.24","-4991.4","SELL","1","WBS-PF",12296,0.0,25.0,-15.04,0.0
"2026-05-05","US3765468679","376546867","GAIN","GAIN","GLADSTONE INVESTMENT CORP","Financial Institutions","346821.0","346626.0","-195.0","0.06387","0.0638","-7e-05","25.46","-4964.7","SELL","1","GAIN",368400,0.0,25.0,1.84,0.0
"2026-05-05","US0082528359","008252835","AMG","AMG","AFFILIATED MANAGERS GROUP INC.","Financial Institutions","570387.0","570062.0","-325.0","0.06238","0.0619","-0.00048","15.02","-4881.5","SELL","1","AMG",367317,0.0,25.0,-39.92,0.0
"2026-05-05","MHY8564M1131","-","TGP","TGP","TEEKAY LNG PARTNERS LP","Industrial","338091.0","337901.0","-190.0","0.06275","0.06266","-9e-05","25.65","-4873.5","SELL","1","","","",25.0,2.6,""
"2026-05-05","US90187B2007","90187B200","TWO-A","TWO","TWO HARBORS INVESTMENT CORP","Financial Institutions","346149.0","345954.0","-195.0","0.06194","0.0619","-4e-05","24.75","-4826.25","SELL","1","TWO-PA",39007,0.0,25.0,-1.0,0.0
"2026-05-05","US0259328724","025932872","AFG","AFG","AMERICAN FINANCIAL GROUP INC","Financial Institutions","411219.0","410984.0","-235.0","0.06077","0.06073","-4e-05","20.44","-4803.4","SELL","1","AFG",559630,0.0,25.0,-18.24,0.0
"2026-05-05","US26884U5056","26884U505","EPR-G","EPR","EPR PROPERTIES","Financial Institutions","427921.0","427681.0","-240.0","0.06212","0.06184","-0.00028","20.0","-4800.0","SELL","1","EPR-PG",9472,0.0,25.0,-20.0,0.0
"2026-05-05","US68003D3035","68003D303","ONB-C","ONB","OLD NATIONAL BANCORP DEP SHS EACH","Financial Institutions","335854.0","335664.0","-190.0","0.06129","0.06033","-0.00096","24.86","-4723.4","SELL","1","","","",25.0,-0.56,""
"2026-05-05","US8964427046","896442704","TRIN","TRIN","TRINITY CAPITAL INC","Financial Institutions","326770.0","326585.0","-185.0","0.06004","0.05988","-0.00016","25.36","-4691.6","SELL","1","TRIN",1185413,0.0,25.0,1.44,0.0
"2026-05-05","US9197942066","919794206","VLY-A","VLY","VALLEY NATIONAL BANCORP","Financial Institutions","327998.0","327813.0","-185.0","0.05974","0.05994","0.0002","25.29","-4678.65","SELL","1","","","",25.0,1.16,""
"2026-05-05","BMG162491499","-","BPY-A-1","BPY","BROOKFIELD PROPERTY PARTNERS LP","Industrial","524856.0","524561.0","-295.0","0.06071","0.05981","-0.0009","15.77","-4652.15","SELL","1","","","",25.0,-36.92,""
"2026-05-05","US8660826053","866082605","INN-E","INN","SUMMIT HOTEL PROPERTIES INC","Financial Institutions","438691.0","438441.0","-250.0","0.05868","0.05871","3e-05","18.52","-4630.0","SELL","1","INN-PE",7448,0.0,25.0,-25.92,0.0
"2026-05-05","US6496048165","649604816","ADAM","ADAM","NEW YORK MORTGAGE TRUST INC","Financial Institutions","315265.0","315085.0","-180.0","0.05854","0.05843","-0.00011","25.65","-4617.0","SELL","1","ADAM",877870,0.0,25.0,2.6,0.0
"2026-05-05","US70509V7047","70509V704","PEB-F","PEB","PEBBLEBROOK HOTEL TRUST","Financial Institutions","403768.0","403538.0","-230.0","0.05791","0.0585","0.00059","20.05","-4611.5","SELL","1","PEB-PF",9035,0.0,25.0,-19.8,0.0
"2026-05-05","US0084922097","008492209","ADC-A","ADC","AGREE REALTY CORP","Financial Institutions","479803.0","479533.0","-270.0","0.05929","0.059","-0.00029","17.02","-4595.4","SELL","1","ADC-PA",18242,0.0,25.0,-31.92,0.0
"2026-05-05","US3137452005","313745200","FRT-C","FRT","FEDERAL REALTY INVESTMENT DEPOSITA","Financial Institutions","411255.0","411020.0","-235.0","0.05805","0.05806","1e-05","19.54","-4591.9","SELL","1","FRT-PC",12348,0.0,25.0,-21.84,0.0
"2026-05-05","US8964426055","896442605","TRIN","TRIN","TRINITY CAPITAL INC","Financial Institutions","319771.0","319591.0","-180.0","0.05894","0.05867","-0.00027","25.39","-4570.2","SELL","1","TRIN",1185413,0.0,25.0,1.56,0.0
"2026-05-05","US64944P3073","64944P307","FLG","NYCB","NEW YORK COMMUNITY CAPITAL TRUST V","Financial Institutions","198753.0","198643.0","-110.0","0.05923","0.0596","0.00037","41.5","-4565.0","SELL","1","FLG",5255807,0.0,25.0,66.0,0.0
"2026-05-05","MHY271831213","-","GSL","GSL","GLOBAL SHIP LEASE INC","Industrial","298810.0","298640.0","-170.0","0.05782","0.05786","4e-05","26.8","-4556.0","SELL","1","GSL",295750,0.0,25.0,7.2,0.0
"2026-05-05","US90187B8871","90187B887","TWO","TWO","TWO HARBORS INVESTMENT CORP","Financial Institutions","315283.0","315103.0","-180.0","0.05797","0.05761","-0.00036","25.29","-4552.2","SELL","1","TWO",3490967,0.0,25.0,1.16,0.0
"2026-05-05","US28852N3070","28852N307","EFC-B","EFC","ELLINGTON FINANCIAL INC","Financial Institutions","330403.0","330218.0","-185.0","0.05874","0.05868","-6e-05","24.58","-4547.3","SELL","1","EFC-PB",7787,0.0,25.0,-1.68,0.0
"2026-05-05","US5977423038","597742303","MSBI","MSBI","MIDLAND STATES BANCORP INC","Financial Institutions","315301.0","315121.0","-180.0","0.05731","0.05755","0.00024","25.26","-4546.8","SELL","1","MSBI",160287,0.0,25.0,1.04,0.0
"2026-05-05","US6475513080","647551308","NMFC","NMFC","NEW MOUNTAIN FINANCE CORP","Financial Institutions","315282.0","315102.0","-180.0","0.05763","0.0575","-0.00013","25.24","-4543.2","SELL","1","NMFC",898090,0.0,25.0,0.96,0.0
"2026-05-05","BMG162582313","-","BEPUCN","BEPUCN","BROOKFIELD RENEWABLE PARTNERS LP","Utility","547925.0","547675.0","-250.0","0.07315","0.07163","-0.00152","18.09","-4522.5","SELL","1","","","",25.0,-27.64,""
"2026-05-05","US26817Q8785","26817Q878","DX-C","DX","DYNEX CAPITAL INC","Financial Institutions","305728.0","305553.0","-175.0","0.05691","0.05695","4e-05","25.78","-4511.5","SELL","1","DX-PC",11975,0.0,25.0,3.12,0.0
"2026-05-05","US26884U3077","26884U307","EPR-E","EPR","EPR PROPERTIES","Financial Institutions","245707.0","245567.0","-140.0","0.05693","0.0571","0.00017","32.16","-4502.4","SELL","1","EPR-PE",2093,0.1,25.0,28.64,0.0
"2026-05-05","US20786W5031","20786W503","CNOB-A","CNOB","CONNECTONE BANCORP INC","Financial Institutions","315300.0","315120.0","-180.0","0.05717","0.05668","-0.00049","24.88","-4478.4","SELL","1","","","",25.0,-0.48,""
"2026-05-05","US2635343070","263534307","CTVA","CTVA","E I DU PONT DE NEMOURS AND CO","Industrial","114660.0","114595.0","-65.0","0.05681","0.05698","0.00017","68.77","-4470.05","SELL","1","CTVA",3800497,0.0,25.0,175.08,0.0
"2026-05-05","US75574U8383","75574U838","RC","RC","READY CAPITAL CORP","Financial Institutions","356394.0","356194.0","-200.0","0.05752","0.05736","-0.00016","22.27","-4454.0","SELL","1","RC",1612657,0.0,25.0,-10.92,0.0
"2026-05-05","US2256552082","225655208","CCABDC","FCRX","CRESCENT CAPITAL BDC   NOTES DUE I","Financial Institutions","306014.0","305839.0","-175.0","0.0556","0.05546","-0.00014","25.08","-4389.0","SELL","1","","","",25.0,0.32,""
"2026-05-05","US70931T3014","70931T301","PMT-A","PMT","PENNYMAC MORTGAGE INVESTMENT TRUST","Financial Institutions","328007.0","327822.0","-185.0","0.0567","0.05522","-0.00148","23.3","-4310.5","SELL","1","PMT-PA",5607,0.0,25.0,-6.8,0.0
"2026-05-05","US64828T3005","64828T300","RITM-A","RITM","NEW RESIDENTIAL INVESTMENT CORP","Financial Institutions","300217.0","300047.0","-170.0","0.05498","0.05487","-0.00011","25.3","-4301.0","SELL","1","RITM-PA",19009,0.0,25.0,1.2,0.0
"2026-05-05","US02665T8687","02665T868","AMH-H","AMH","AMERICAN HOMES 4 RENT","Financial Institutions","315303.0","315123.0","-180.0","0.05425","0.05418","-7e-05","23.78","-4280.4","SELL","1","AMH-PH",7551,0.0,25.0,-4.88,0.0
"2026-05-05","US0605055914","060505591","BAC","BAC","BANK OF AMERICA DEPOSITORY SHARES","Financial Institutions","371261.0","371051.0","-210.0","0.054","0.05392","-8e-05","20.1","-4221.0","SELL","1","BAC",35519640,0.0,25.0,-19.6,0.0
"2026-05-05","US70931T8062","70931T806","PMT","PMT","PENNYMAC MORTGAGE INVESTMENT TRUST","Financial Institutions","287878.0","287713.0","-165.0","0.05352","0.05321","-0.00031","25.58","-4220.7","SELL","1","PMT",1148207,0.0,25.0,2.32,0.0
"2026-05-05","US74460W4877","74460W487","PSA-O","PSA","PUBLIC STORAGE","Financial Institutions","484830.0","484555.0","-275.0","0.05362","0.05363","1e-05","15.31","-4210.25","SELL","1","PSA-PO",17356,0.0,25.0,-38.76,0.0
"2026-05-05","US68003D2045","68003D204","ONB-A","ONB","OLD NATIONAL BANCORP","Financial Institutions","296106.0","295936.0","-170.0","0.05395","0.05287","-0.00108","24.71","-4200.7","SELL","1","","","",25.0,-1.16,""
"2026-05-05","US25432X2018","25432X201","DCOM","DCOM","DIME COMMUNITY BANCSHARES CUMULATI","Financial Institutions","377854.0","377639.0","-215.0","0.05299","0.05324","0.00025","19.5","-4192.5","SELL","1","DCOM",302640,0.0,25.0,-22.0,0.0
"2026-05-05","US3205178656","320517865","FHN-F","FHN","FIRST HORIZON CORP (TENNESSEE)","Financial Institutions","411219.0","410984.0","-235.0","0.05305","0.05297","-8e-05","17.83","-4190.05","SELL","1","FHN-PF",9266,0.0,25.0,-28.68,0.0
"2026-05-05","US12621E3018","12621E301","CNO","CNO","CNO FINANCIAL GROUP INC","Financial Institutions","411219.0","410984.0","-235.0","0.05335","0.05292","-0.00043","17.81","-4185.35","SELL","1","CNO",670407,0.0,25.0,-28.76,0.0
"2026-05-05","KYG3730V1398","-","FTAI-C","FTAI","FTAI AVIATION   FIXED RATE RESET C","Industrial","287914.0","287749.0","-165.0","0.05302","0.05276","-0.00026","25.36","-4184.4","SELL","1","","","",25.0,1.44,""
"2026-05-05","US7588498896","758849889","REG-A","REG","REGENCY CENTERS   SERIES A CUMULAT","Financial Institutions","315301.0","315121.0","-180.0","0.05279","0.05286","7e-05","23.2","-4176.0","SELL","1","","","",25.0,-7.2,""
"2026-05-05","US0259328070","025932807","AFG","AFG","AMERICAN FINANCIAL GROUP INC","Financial Institutions","342718.0","342523.0","-195.0","0.05298","0.05288","-0.0001","21.36","-4165.2","SELL","1","AFG",559630,0.0,25.0,-14.56,0.0
"2026-05-05","US80349A8027","80349A802","SAR","SAR","SARATOGA INVESTMENT CORP","Financial Institutions","289241.0","289076.0","-165.0","0.05262","0.0525","-0.00012","25.12","-4144.8","SELL","1","SAR",108740,0.0,25.0,0.48,0.0
"2026-05-05","US3793784097","379378409","GNL-B","GNL","GLOBAL NET LEASE INC","Financial Institutions","334793.0","334603.0","-190.0","0.05275","0.05276","1e-05","21.81","-4143.9","SELL","1","GNL-PB",7732,0.0,25.0,-12.76,0.0
"2026-05-05","US7588498714","758849871","REG-B","REG","REGENCY CENTERS   SERIES B CUMULAT","Financial Institutions","328007.0","327822.0","-185.0","0.05289","0.05269","-0.0002","22.23","-4112.55","SELL","1","","","",25.0,-11.08,""
"2026-05-05","US02665T8760","02665T876","AMH-G","AMH","AMERICAN HOMES 4 RENT","Financial Institutions","315301.0","315121.0","-180.0","0.05194","0.0516","-0.00034","22.65","-4077.0","SELL","1","AMH-PG",3955,0.0,25.0,-9.4,0.0
"2026-05-05","US53803X4025","53803X402","LOB-A","LOB","LIVE OAK BANCSHARES INC","Financial Institutions","285228.0","285068.0","-160.0","0.05216","0.05216","0.0","25.31","-4049.6","SELL","1","LOB-PA",12093,0.0,25.0,1.24,0.0
"2026-05-05","US16208T2015","16208T201","CLDT-A","CLDT","CHATHAM LODGING TRUST","Financial Institutions","342225.0","342030.0","-195.0","0.05095","0.05131","0.00036","20.75","-4046.25","SELL","1","CLDT-PA",9524,0.0,25.0,-17.0,0.0
"2026-05-05","US22948Q2003","22948Q200","CTO-A","CTO","CTO REALTY GROWTH INC","Financial Institutions","336067.0","335877.0","-190.0","0.05117","0.05129","0.00012","21.12","-4012.8","SELL","1","CTO-PA",2243,0.1,25.0,-15.52,1.55
"2026-05-05","US9197943056","919794305","VLY-B","VLY","VALLEY NATL NON CUM PERP PREF SERI","Financial Institutions","285228.0","285068.0","-160.0","0.05168","0.05157","-0.00011","25.02","-4003.2","SELL","1","","","",25.0,0.08,""
"2026-05-05","US2298993070","229899307","CFR-B","CFR","CULLEN FROST BANKERS DRC INC","Financial Institutions","411219.0","410984.0","-235.0","0.0507","0.0506","-0.0001","17.03","-4002.05","SELL","1","CFR-PB",11718,0.0,25.0,-31.88,0.0
"2026-05-05","US7580758578","758075857","RWT","RWT","REDWOOD TRUST INC","Financial Institutions","274150.0","273995.0","-155.0","0.05031","0.05051","0.0002","25.5","-3952.5","SELL","1","RWT",1552307,0.0,25.0,2.0,0.0
"2026-05-05","US73317H2067","73317H206","BPOP","BPOP","POPULAR CAPITAL TRUST II","Financial Institutions","276975.0","276820.0","-155.0","0.05065","0.05077","0.00012","25.37","-3932.35","SELL","1","BPOP",524953,0.0,25.0,1.48,0.0
"2026-05-05","US28852N4060","28852N406","EFC-C","EFC","ELLINGTON FINANCIAL INC","Financial Institutions","274168.0","274013.0","-155.0","0.05062","0.05024","-0.00038","25.36","-3930.8","SELL","1","EFC-PC",4219,0.0,25.0,1.44,0.0
"2026-05-05","US8043958797","804395879","BFS-E","BFS","SAUL CENTERS INC","Financial Institutions","313664.0","313489.0","-175.0","0.05049","0.05066","0.00017","22.35","-3911.25","SELL","1","BFS-PE",4733,0.0,25.0,-10.6,0.0
"2026-05-05","US3131488278","313148827","AGMPP","FAMCA","FEDERAL AGRIC MTG NON CUMULATIVE P","Agency","285228.0","285068.0","-160.0","0.05024","0.04977","-0.00047","24.15","-3864.0","SELL","1","","","",25.0,-3.4,""
"2026-05-05","US29364P1030","29364P103","ETR","ETR","ENTERGY NEW ORLEANS INC","Utility","313663.0","313488.0","-175.0","0.05003","0.04988","-0.00015","22.01","-3851.75","SELL","1","ETR",3129613,0.0,25.0,-11.96,0.0
"2026-05-05","US00489Q3002","00489Q300","ACR-D","ACR","ACRES COMMERCIAL REALTY CORP","Financial Institutions","308939.0","308764.0","-175.0","0.04868","0.04884","0.00016","21.88","-3829.0","SELL","1","ACR-PD",5204,0.0,25.0,-12.48,0.0
"2026-05-05","US6943082064","694308206","PCG-A","PCG","PACIFIC GAS & ELEC CO","Utility","300295.0","300125.0","-170.0","0.04875","0.04882","7e-05","22.5","-3825.0","SELL","1","PCG-PA",6282,0.0,25.0,-10.0,0.0
"2026-05-05","US20451Q2030","20451Q203","CODI-A","CODI","COMPASS DIVERSIFIED HOLDINGS","Financial Institutions","320560.0","320380.0","-180.0","0.04821","0.04802","-0.00019","20.73","-3731.4","SELL","1","CODI-PA",8344,0.0,25.0,-17.08,0.0
"2026-05-05","US74348T5653","74348T565","PSEC-A","PSEC","PROSPECT CAPITAL CORP","Financial Institutions","359877.0","359672.0","-205.0","0.04695","0.04709","0.00014","18.11","-3712.55","SELL","1","PSEC-PA",7780,0.0,25.0,-27.56,0.0
"2026-05-05","US5290433094","529043309","LXP-C","LXP","LXP INDUSTRIAL TRUST","Financial Institutions","137952.0","137872.0","-80.0","0.04651","0.04591","-0.0006","46.06","-3684.8","SELL","1","LXP-PC",1887,0.0,25.0,84.24,0.0
"2026-05-05","US3131488435","313148843","FAMCA","FAMCA","FEDERAL AGRICULTURAL MORTGAGE CORP","Agency","328965.0","328780.0","-185.0","0.04579","0.04557","-0.00022","19.17","-3546.45","SELL","1","","","",25.0,-23.32,""
"2026-05-05","US74460W4463","74460W446","PSA-Q","PSA","PUBLIC STORAGE","Financial Institutions","394109.0","393884.0","-225.0","0.04436","0.04405","-0.00031","15.47","-3480.75","SELL","1","PSA-PQ",14970,0.0,25.0,-38.12,0.0
"2026-05-05","US3131488351","313148835","FAMCA","FAMCA","FEDERAL AGRICULTURAL MORTGAGE   NO","Agency","342718.0","342523.0","-195.0","0.04367","0.04371","4e-05","17.65","-3441.75","SELL","1","","","",25.0,-29.4,""
"2026-05-05","US14040H7742","14040H774","COF-K","COF","CAPITAL ONE FINANCIAL CORPORATION","Financial Institutions","342718.0","342523.0","-195.0","0.04357","0.04353","-4e-05","17.58","-3428.1","SELL","1","COF-PK",9812,0.0,25.0,-29.68,0.0
"2026-05-05","US9116847024","911684702","UZA","AD","UNITED STATES CELLULAR CORPORATION","Industrial","301852.0","301682.0","-170.0","0.04395","0.04375","-0.0002","20.06","-3410.2","SELL","1","","","",25.0,-19.76,""
"2026-05-05","US0454872047","045487204","ASB-E","ASB","ASSOCIATED BANC DEPOSITARY SHARES","Financial Institutions","285220.0","285060.0","-160.0","0.04349","0.04307","-0.00042","20.9","-3344.0","SELL","1","ASB-PE",3193,0.1,25.0,-16.4,1.64
"2026-05-05","US70509V6056","70509V605","PEB-E","PEB","PEBBLEBROOK HOTEL TRUST","Financial Institutions","292300.0","292135.0","-165.0","0.04195","0.04224","0.00029","20.0","-3300.0","SELL","1","PEB-PE",15100,0.0,25.0,-20.0,0.0
"2026-05-05","US3765468596","376546859","GAIN","GAIN","GLADSTONE INVESTMENT CORP","Financial Institutions","285900.0","285775.0","-125.0","0.05259","0.05258","-1e-05","25.45","-3181.25","SELL","1","GAIN",368400,0.0,25.0,1.8,0.0
"2026-05-05","US80349A8514","80349A851","SAR","SAR","SARATOGA INVESTMENT CORP","Financial Institutions","274175.0","274050.0","-125.0","0.05033","0.05042","9e-05","25.45","-3181.25","SELL","1","SAR",108740,0.0,25.0,1.8,0.0
"2026-05-05","US3131488682","313148868","FAMCA","FAMCA","FEDERAL AGRICULTURAL MORTGAGE CORP","Agency","274149.0","273994.0","-155.0","0.04095","0.04061","-0.00034","20.5","-3177.5","SELL","1","","","",25.0,-18.0,""
"2026-05-05","US0454874027","045487402","ASB-F","ASB","ASSOCIATED BANC-CORP","Financial Institutions","274150.0","273995.0","-155.0","0.04053","0.04049","-4e-05","20.44","-3168.2","SELL","1","ASB-PF",6753,0.0,25.0,-18.24,0.0
"2026-05-05","US78163D4079","78163D407","RWAY","RWAY","RUNWAY GROWTH FINANCE","Financial Institutions","274175.0","274050.0","-125.0","0.05035","0.04993","-0.00042","25.2","-3150.0","SELL","1","RWAY",681813,0.0,25.0,0.8,0.0
"2026-05-05","US55272X7066","55272X706","MFA","MFA","MFA FINANCIAL INC","Financial Institutions","329600.0","329475.0","-125.0","0.05974","0.05976","2e-05","25.09","-3136.25","SELL","1","MFA",1400333,0.0,25.0,0.36,0.0
"2026-05-05","US00489Q2012","00489Q201","ACR-C","ACR","ACRES COMMERCIAL REALTY .625 FIXED","Financial Institutions","328575.0","328450.0","-125.0","0.05972","0.05944","-0.00028","25.03","-3128.75","SELL","1","ACR-PC",8276,0.0,25.0,0.12,0.0
"2026-05-05","US56029Q4082","56029Q408","MHLD","MHLD","MAIDEN HOLDINGS NORTH AMERICA LTD","Financial Institutions","418062.0","417827.0","-235.0","0.04015","0.04003","-0.00012","13.25","-3113.75","SELL","1","","","",25.0,-47.0,""
"2026-05-05","US9116848840","911684884","UZC","AD","UNITED STATES CELLULAR CORPORATION","Industrial","298172.0","298002.0","-170.0","0.03886","0.03889","3e-05","18.05","-3068.5","SELL","1","","","",25.0,-27.8,""
"2026-05-05","US8660827044","866082704","INN-F","INN","SUMMIT HOTEL PROPERTIES INC","Financial Institutions","285236.0","285076.0","-160.0","0.03618","0.03599","-0.00019","17.46","-2793.6","SELL","1","INN-PF",3463,0.0,25.0,-30.16,0.0
"2026-05-05","US8678928040","867892804","SHO-H","SHO","SUNSTONE HOTEL INVESTORS INC","Financial Institutions","311586.0","311461.0","-125.0","0.04706","0.04722","0.00016","20.97","-2621.25","SELL","1","SHO-PH",9868,0.0,25.0,-16.12,0.0
"2026-05-05","US75574U8870","75574U887","RC-E","RC","READY CAPITAL CORP","Financial Institutions","315265.0","315085.0","-180.0","0.02905","0.02903","-2e-05","12.74","-2293.2","SELL","1","RC-PE",10190,0.0,25.0,-49.04,0.0
"2026-05-05","US5835432023","583543202","SLNH-A","SLNH","SOLUNA HOLDINGS INC","Industrial","374038.0","373788.0","-250.0","0.02448","0.02467","0.00019","9.13","-2282.5","SELL","1","","","",25.0,-63.48,""
"2026-05-05","US5602923022","560292302","MHLD","MHLD","MAIDEN HOLDINGS LTD","Financial Institutions","323715.0","323530.0","-185.0","0.02909","0.0287","-0.00039","12.27","-2269.95","SELL","1","","","",25.0,-50.92,""
"2026-05-05","US10482B2007","10482B200","BHR-B","BHR","BRAEMAR HOTEL & RESORTS INC","Financial Institutions","225057.0","224932.0","-125.0","0.02425","0.02444","0.00019","15.03","-1878.75","SELL","1","BHR-PB",10321,0.0,25.0,-39.88,0.0
"2026-05-05","US9388243076","938824307","WAFD-A","WAFD","WASHINGTON FEDERAL INC","Financial Institutions","822331.0","822331.0","0.0","0.09858","0.09833","-0.00025","16.54","0.0","UNCHANGED","1","","","","","",""
"2026-05-05","US7443208050","744320805","PRU","PRU","PRUDENTIAL FINANCIAL INC","Financial Institutions","1560818.0","1560818.0","0.0","0.25882","0.25824","-0.00058","22.89","0.0","UNCHANGED","1","","","","","",""
"2026-05-05","US06417N2027","06417N202","OZK-A","OZK","BANK OZK","Financial Institutions","959353.0","959353.0","0.0","0.11514","0.11486","-0.00028","16.56","0.0","UNCHANGED","1","","","","","",""
"2026-05-05","US0389238504","038923850","ABR-F","ABR","ARBOR REALTY TRUST INC","Financial Institutions","777196.0","777196.0","0.0","0.13102","0.13078","-0.00024","23.27","0.0","UNCHANGED","1","","","","","",""
"2026-05-05","US0625403078","062540307","BOH","BOH","BANK OF HAWAII CORP","Financial Institutions","452299.0","452299.0","0.0","0.08674","0.08669","-5e-05","26.51","0.0","UNCHANGED","1","","","","","",""
"2026-05-05","US7244795065","724479506","PBI","PBI","PITNEY BOWES INC","Industrial","957402.0","957402.0","0.0","0.14606","0.14508","-0.00098","20.96","0.0","UNCHANGED","1","","","","","",""
"2026-05-05","US0625452075","062545207","BOH-A","BOH","BANK OF HAWAII CORP","Financial Institutions","493399.0","493399.0","0.0","0.05786","0.05736","-0.0005","16.08","0.0","UNCHANGED","1","","","","","",""
"2026-05-05","US29452E4089","29452E408","EQH-C","EQH","EQUITABLE HOLDINGS INC","Financial Institutions","822331.0","822331.0","0.0","0.09715","0.0975","0.00035","16.4","0.0","UNCHANGED","1","","","","","",""
"2026-05-05","US29452E2000","29452E200","EQH-A","EQH","EQUITABLE HLDNGS  DRC REPRESENTING","Financial Institutions","2192816.0","2192816.0","0.0","0.3134","0.3158","0.0024","19.92","0.0","UNCHANGED","1","","","","","",""
"2026-05-05","US0389238769","038923876","ABR-D","ABR","ARBOR REALTY TRUST INC","Financial Institutions","630421.0","630421.0","0.0","0.07717","0.07707","-0.0001","16.91","0.0","UNCHANGED","1","","","","","",""
"2026-05-05","US3602713089","360271308","FULT-A","FULT","FULTON FINANCIAL CORPORATION","Financial Institutions","548221.0","548221.0","0.0","0.07339","0.07281","-0.00058","18.37","0.0","UNCHANGED","1","","","","","",""
"2026-05-05","US46817M2061","46817M206","JXN","JXN","JACKSON FINANCIAL INC","Financial Institutions","1507574.0","1507574.0","0.0","0.28572","0.28437","-0.00135","26.09","0.0","UNCHANGED","1","","","","","",""
"2026-05-05","US5341878859","534187885","LNC-D","LNC","LINCOLN NATIONAL CORPORATION","Financial Institutions","1370485.0","1370485.0","0.0","0.26461","0.26361","-0.001","26.61","0.0","UNCHANGED","1","","","","","",""
"2026-05-05","US7443208886","744320888","PRU","PRU","PRUDENTIAL FINANCIAL INC","Financial Institutions","1381235.0","1381235.0","0.0","0.16938","0.16816","-0.00122","16.84","0.0","UNCHANGED","1","","","","","",""
"2026-05-05","US78442P5026","78442P502","SLM-B","SLM","SLM CORP","Financial Institutions","172068.0","172068.0","0.0","0.09351","0.09274","-0.00077","74.55","0.0","UNCHANGED","1","","","","","",""
"2026-05-05","US0389238686","038923868","ABR-E","ABR","ARBOR REALTY TRUST INC","Financial Institutions","394047.0","394047.0","0.0","0.04798","0.0479","-8e-05","16.82","0.0","UNCHANGED","1","","","","","",""
"2026-05-05","US7443208704","744320870","PRU","PRU","PRUDENTIAL FINANCIAL INC","Financial Institutions","828782.0","828782.0","0.0","0.14338","0.14243","-0.00095","23.77","0.0","UNCHANGED","1","","","","","",""
"2026-05-05","US34988VAF31","34988VAF3","FOSL","FOSL","FOSSIL GROUP INC","Industrial","1174925.0","1174925.0","0.0","0.00808","0.00811","3e-05","94.39","0.0","UNCHANGED","1","","","","","",""
"2026-05-05","US3765493099","376549309","LAND-B","LAND","GLADSTONE LAND CORP","Financial Institutions","400235.0","400235.0","0.0","0.0615","0.06134","-0.00016","21.2","0.0","UNCHANGED","1","","","","","",""
"2026-05-05","US17259U4022","17259U402","CION","CICC","CION INVESTMENT   NOTES DUE CORP","Financial Institutions","342655.0","342655.0","0.0","0.06258","0.06198","-0.0006","25.02","0.0","UNCHANGED","1","","","","","",""
"2026-05-05","US05461T3059","05461T305","AXS-E","AXS","AXIS CAPITAL HOLDINGS LTD","Financial Institutions","1507574.0","1507574.0","0.0","0.21547","0.21417","-0.0013","19.65","0.0","UNCHANGED","1","","","","","",""
