"date","isin","cusip","ticker","ticker_raw","name","sector","prior_shares","today_shares","shares_delta","prior_weight","today_weight","weight_delta","price","dollar_flow","flow_type","gap_days","yahoo_ticker","adv_30d","overhang_days","par_value","price_vs_par_pct","signal_score"
"2026-05-01","-","-","USD","USD","USD CASH","Cash and/or Derivatives","-31128031.0","-62932676.0","-31804645.0","-0.22356","-0.4534","-0.22984","100.0","-3180464500.0","UNCHANGED","1","","","","","",""
"2026-05-01","US0669224778","066922477","XTSLA","XTSLA","BLK CSH FND TREASURY SL AGENCY","Cash and/or Derivatives","121218659.0","101960773.0","-19257886.0","0.87059","0.73458","-0.13601","1.0","-19257886.0","UNCHANGED","1","","","","","",""
"2026-05-01","US3765468000","376546800","GAIN","GAIN","GLADSTONE INVESTMENT CORP","Financial Institutions","366066.0","0.0","-366066.0","0.06617","0.0","-0.06617","25.17","-9213881.22","REMOVED","1","GAIN",368400,1.0,25.0,0.68,0.0
"2026-05-01","US0970232049","097023204","BA","BA","BOEING CO","Industrial","7935161.0","7933371.0","-1790.0","4.11469","4.12156","0.00687","72.11","-129076.9","SELL","1","BA",6828637,0.0,25.0,188.44,0.0
"2026-05-01","US68389X2045","68389X204","ORCL-D","ORCL","ORACLE CORPORATION","Industrial","6899900.0","6898300.0","-1600.0","2.41184","2.54659","0.13475","51.24","-81984.0","SELL","1","ORCL-PD",1305149,0.0,25.0,104.96,0.0
"2026-05-01","US5949728530","594972853","STRC","MSTR","STRATEGY INC","Industrial","3467034.0","3466252.0","-782.0","2.48379","2.49379","0.01","99.86","-78090.52","SELL","1","STRC",3226277,0.0,25.0,299.44,0.0
"2026-05-01","US9497468044","949746804","WFC-L","WFC","WELLS FARGO & COMPANY SERIES L","Financial Institutions","270407.0","270345.0","-62.0","2.31262","2.32363","0.01101","1193.0","-73966.0","SELL","1","WFC-PL",11024,0.0,1000.0,19.3,0.0
"2026-05-01","US0126532003","012653200","ALB","ALB","ALBEMARLE CORP","Industrial","3174076.0","3173360.0","-716.0","1.77673","1.7714","-0.00533","77.48","-55475.68","SELL","1","ALB",2029817,0.0,25.0,209.92,0.0
"2026-05-01","US0605056821","060505682","BAC-L","BAC","BANK OF AMERICA CORP","Financial Institutions","151551.0","151517.0","-34.0","1.33091","1.33614","0.00523","1224.0","-41616.0","SELL","1","BAC-PL",10575,0.0,1000.0,22.4,0.0
"2026-05-01","US1730802014","173080201","C","C","CITIGROUP CAPITAL XIII","Financial Institutions","6199032.0","6197632.0","-1400.0","1.30848","1.31319","0.00471","29.41","-41174.0","SELL","1","C",13090230,0.0,25.0,17.64,0.0
"2026-05-01","US65339F6557","65339F655","NEE-V","NEE","NEXTERA ENERGY INC","Utility","3174066.0","3173350.0","-716.0","1.19725","1.18497","-0.01228","51.83","-37110.28","SELL","1","NEE-PV",688275,0.0,25.0,107.32,0.0
"2026-05-01","US5950173022","595017302","MCHP","MCHP","MICROCHIP TECHNOLOGY INCORPORATED","Industrial","2049357.0","2048895.0","-462.0","1.1579","1.17501","0.01711","79.6","-36775.2","SELL","1","MCHP",8956007,0.0,25.0,218.4,0.0
"2026-05-01","US65339F6631","65339F663","NEE-S","NEE","NEXTERA ENERGY UNITS INC","Utility","2760061.0","2759439.0","-622.0","1.17033","1.15745","-0.01288","58.22","-36212.84","SELL","1","NEE-PS",84221,0.0,25.0,132.88,0.0
"2026-05-01","US48251W5004","48251W500","KKR-D","KKR","KKR & CO INC","Financial Institutions","3570817.0","3570011.0","-806.0","1.13815","1.14481","0.00666","44.51","-35875.06","SELL","1","KKR-PD",402144,0.0,25.0,78.04,0.0
"2026-05-01","US42824C2089","42824C208","HPE-A","HPE","HEWLETT PACKARD ENTERPRISE CONV PR","Industrial","2070025.0","2069557.0","-468.0","1.1391","1.13855","-0.00055","76.36","-35736.48","SELL","1","","","",25.0,205.44,""
"2026-05-01","US8425878423","842587842","SO-A","SO","SOUTHERN COMPANY (THE)","Utility","2760061.0","2759439.0","-622.0","1.03137","1.0322","0.00083","51.92","-32294.24","SELL","1","SOPA",2400640,0.0,25.0,107.68,0.0
"2026-05-01","US03769M3043","03769M304","APO","APO","APOLLO GLOBAL MANAGEMENT INC","Financial Institutions","1983740.0","1983292.0","-448.0","0.93647","0.95077","0.0143","66.54","-29809.92","SELL","1","APO",4684990,0.0,25.0,166.16,0.0
"2026-05-01","US48128B6487","48128B648","JPM-EE","JPM","JPMORGAN CHASE & CO","Financial Institutions","5106098.0","5104946.0","-1152.0","0.92853","0.93345","0.00492","25.38","-29237.76","SELL","1","","","",25.0,1.52,""
"2026-05-01","US48128B6552","48128B655","JPM-DD","JPM","JPMORGAN CHASE & CO","Financial Institutions","4681711.0","4680655.0","-1056.0","0.83421","0.83799","0.00378","24.85","-26241.6","SELL","1","","","",25.0,-0.6,""
"2026-05-01","US65339F1194","65339F119","NEE-T","NEE","NEXTERA ENERGY UNITS INC","Utility","2070025.0","2069557.0","-468.0","0.80088","0.79695","-0.00393","53.45","-25014.6","SELL","1","NEE-PT",95719,0.0,25.0,113.8,0.0
"2026-05-01","US94988U1512","94988U151","WFC-Z","WFC","WELLS FARGO & COMPANY","Financial Institutions","5534779.0","5533529.0","-1250.0","0.75725","0.75866","0.00141","19.03","-23787.5","SELL","1","WFC-PZ",140854,0.0,25.0,-23.88,0.0
"2026-05-01","US48128B5232","48128B523","JPM-MM","JPM","JPMORGAN CHASE AND CO DS REPSTG  T","Financial Institutions","5520114.0","5518868.0","-1246.0","0.7152","0.7153","0.0001","17.99","-22415.54","SELL","1","","","",25.0,-28.04,""
"2026-05-01","US48128B5497","48128B549","JPM-LL","JPM","JPMORGAN CHASE NON-CUMULATIVE PREF","Financial Institutions","5106099.0","5104947.0","-1152.0","0.71437","0.71498","0.00061","19.44","-22394.88","SELL","1","","","",25.0,-22.24,""
"2026-05-01","US10950A2050","10950A205","BTSG","BTSG","BRIGHTSPRING HEALTH SERVICES UNITS","Industrial","552025.0","551901.0","-124.0","0.62657","0.69439","0.06782","174.63","-21654.12","SELL","1","BTSG",2445020,0.0,1000.0,-82.54,0.0
"2026-05-01","US69331C3060","69331C306","PCG-A","PCG","PG&E CORPORATION","Utility","2221860.0","2221358.0","-502.0","0.67117","0.66608","-0.00509","41.62","-20893.24","SELL","1","PCG-PA",5781,0.1,25.0,66.48,0.0
"2026-05-01","US00206R7061","00206R706","T-C","T","AT&T INC","Industrial","4830086.0","4828996.0","-1090.0","0.65078","0.65407","0.00329","18.8","-20492.0","SELL","1","T-PC",185140,0.0,25.0,-24.8,0.0
"2026-05-01","US5949728795","594972879","STRF","MSTR","STRATEGY INC","Industrial","885955.0","885755.0","-200.0","0.64234","0.64453","0.00219","101.0","-20200.0","SELL","1","STRF",111483,0.0,1000.0,-89.9,0.0
"2026-05-01","US03990B3096","03990B309","ARES-B","ARES","ARES MANAGEMENT CORP","Financial Institutions","2070025.0","2069557.0","-468.0","0.58338","0.59283","0.00945","39.76","-18607.68","SELL","1","ARES-PB",311328,0.0,25.0,59.04,0.0
"2026-05-01","US48128B5802","48128B580","JPM-JJ","JPM","JPMORGAN CHASE DRC","Financial Institutions","4140058.0","4139124.0","-934.0","0.5697","0.57136","0.00166","19.16","-17895.44","SELL","1","","","",25.0,-23.36,""
"2026-05-01","US14040H8245","14040H824","COF-I","COF","CAPITAL ONE FINANCIAL CORPORATION","Financial Institutions","4140124.0","4139190.0","-934.0","0.56465","0.56839","0.00374","19.06","-17802.04","SELL","1","COF-PI",97888,0.0,25.0,-23.76,0.0
"2026-05-01","US00206R3003","00206R300","T","T","AT&T INC","Industrial","3650190.0","3649366.0","-824.0","0.56416","0.56765","0.00349","21.59","-17790.16","SELL","1","T",41953437,0.0,25.0,-13.64,0.0
"2026-05-01","US69351T8669","69351T866","PPL","PPL","PPL CORPORATION","Utility","1587202.0","1586844.0","-358.0","0.57498","0.56568","-0.0093","49.48","-17713.84","SELL","1","PPL",6732340,0.0,25.0,97.92,0.0
"2026-05-01","US5949728613","594972861","STRD","MSTR","STRATEGY INC","Industrial","967669.0","967451.0","-218.0","0.53409","0.53802","0.00393","77.19","-16827.42","SELL","1","STRD",83947,0.0,25.0,208.76,0.0
"2026-05-01","US38144G8042","38144G804","GS-D","GS","GOLDMAN SACHS GROUP INC","Financial Institutions","3725965.0","3725125.0","-840.0","0.51138","0.51099","-0.00039","19.04","-15993.6","SELL","1","GS-PD",176557,0.0,25.0,-23.84,0.0
"2026-05-01","US5949728878","594972887","STRK","MSTR","STRATEGY INC","Industrial","967548.0","967348.0","-200.0","0.54368","0.55539","0.01171","79.69","-15938.0","SELL","1","STRK",144153,0.0,25.0,218.76,0.0
"2026-05-01","US61762V8384","61762V838","MS-Q","MS","MORGAN STANLEY","Financial Institutions","2760061.0","2759439.0","-622.0","0.50667","0.50795","0.00128","25.55","-15892.1","SELL","1","MS-PQ",62503,0.0,25.0,2.2,0.0
"2026-05-01","US61762V8533","61762V853","MS-P","MS","MORGAN STANLEY","Financial Institutions","2760061.0","2759439.0","-622.0","0.50092","0.50119","0.00027","25.21","-15680.62","SELL","1","MS-PP",69023,0.0,25.0,0.84,0.0
"2026-05-01","US61761J4067","61761J406","MS-I","MS","MORGAN STANLEY DS REPRESENTING   F","Financial Institutions","2760060.0","2759438.0","-622.0","0.49775","0.4988","0.00105","25.09","-15605.98","SELL","1","MS-PI",67305,0.0,25.0,0.36,0.0
"2026-05-01","US26441C5013","26441C501","DUK-A","DUK","DUKE ENERGY CORP","Utility","2760061.0","2759439.0","-622.0","0.49557","0.49602","0.00045","24.95","-15518.9","SELL","1","DUK-PA",78960,0.0,25.0,-0.2,0.0
"2026-05-01","US61762V6065","61762V606","MS-K","MS","MORGAN STANLEY","Financial Institutions","2760060.0","2759438.0","-622.0","0.47971","0.4823","0.00259","24.26","-15089.72","SELL","1","MS-PK",58256,0.0,25.0,-2.96,0.0
"2026-05-01","US00206R5081","00206R508","T-A","T","AT&T INC","Industrial","3312088.0","3311340.0","-748.0","0.47408","0.4769","0.00282","19.99","-14952.52","SELL","1","T-PA",92354,0.0,25.0,-20.04,0.0
"2026-05-01","US0200028381","020002838","ALL-H","ALL","ALLSTATE CORPORATION (THE)","Financial Institutions","3174076.0","3173360.0","-716.0","0.4753","0.476","0.0007","20.82","-14907.12","SELL","1","ALL-PH",83869,0.0,25.0,-16.72,0.0
"2026-05-01","US0605052291","060505229","BAC-GG","BAC","BANK OF AMERICA CORP","Financial Institutions","2638514.0","2637918.0","-596.0","0.47943","0.47494","-0.00449","24.99","-14894.04","SELL","1","","","",25.0,-0.04,""
"2026-05-01","US14040H7825","14040H782","COF-J","COF","CAPITAL ONE FINANCIAL CORPORATION","Financial Institutions","3450089.0","3449311.0","-778.0","0.45221","0.45328","0.00107","18.24","-14190.72","SELL","1","COF-PJ",94793,0.0,25.0,-27.04,0.0
"2026-05-01","US61762V8616","61762V861","MS-O","MS","MORGAN STANLEY","Financial Institutions","3588033.0","3587223.0","-810.0","0.4489","0.44866","-0.00024","17.36","-14061.6","SELL","1","MS-PO",79433,0.0,25.0,-30.56,0.0
"2026-05-01","US65339K8374","65339K837","NEE-U","NEE","NEXTERA ENERGY CAPITAL HOLDINGS IN","Utility","2415025.0","2414475.0","-550.0","0.44402","0.44427","0.00025","25.54","-14047.0","SELL","1","","","",25.0,2.16,""
"2026-05-01","US94988U1280","94988U128","WFC-AA","WFC","WELLS FARGO & COMPANY","Financial Institutions","3217806.0","3217080.0","-726.0","0.44002","0.43922","-0.0008","18.95","-13757.7","SELL","1","","","",25.0,-24.2,""
"2026-05-01","US06053U6010","06053U601","BAC-KK","BAC","BANK AMER DS REPRESENTING   NON CU","Financial Institutions","2767110.0","2766486.0","-624.0","0.43801","0.43909","0.00108","22.03","-13746.72","SELL","1","","","",25.0,-11.88,""
"2026-05-01","US61762V2007","61762V200","MS-E","MS","MORGAN STANLEY","Financial Institutions","2380491.0","2379953.0","-538.0","0.43391","0.43535","0.00144","25.39","-13659.82","SELL","1","MS-PE",68446,0.0,25.0,1.56,0.0
"2026-05-01","US95002Y4008","95002Y400","WFC-DD","WFC","WELLS FARGO & COMPANY","Financial Institutions","3437837.0","3437061.0","-776.0","0.42912","0.42889","-0.00023","17.32","-13440.32","SELL","1","","","",25.0,-30.72,""
"2026-05-01","US98389B8789","98389B878","XEL","XEL","XCEL ENERGY INC","Utility","2484075.0","2483525.0","-550.0","0.43567","0.43658","0.00091","24.4","-13420.0","SELL","1","XEL",4424173,0.0,25.0,-2.4,0.0
"2026-05-01","US61763E2072","61763E207","MS-F","MS","MORGAN STANLEY DS","Financial Institutions","2346037.0","2345507.0","-530.0","0.42544","0.42668","0.00124","25.25","-13382.5","SELL","1","MS-PF",76907,0.0,25.0,1.0,0.0
"2026-05-01","US61747S5047","61747S504","MS","MS","MORGAN STANLEY","Financial Institutions","3036075.0","3035389.0","-686.0","0.42367","0.42469","0.00102","19.42","-13322.12","SELL","1","MS",6361427,0.0,25.0,-22.32,0.0
"2026-05-01","US04686J8615","04686J861","ATH-A","ATH","ATHENE HOLDING DS REPRESENTING   P","Financial Institutions","2380538.0","2380000.0","-538.0","0.41631","0.4177","0.00139","24.36","-13105.68","SELL","1","ATH-PA",51044,0.0,25.0,-2.56,0.0
"2026-05-01","US1729672428","172967242","C-II","C","CITIGROUP INC","Financial Institutions","2208035.0","2207537.0","-498.0","0.402","0.40445","0.00245","25.43","-12664.14","SELL","1","CPII",323,1.5,25.0,1.72,0.0
"2026-05-01","US8425878001","842587800","SO","SO","SOUTHERN COMPANY (THE)","Utility","2760061.0","2759439.0","-622.0","0.39586","0.3994","0.00354","20.09","-12495.98","SELL","1","SO",4535447,0.0,25.0,-19.64,0.0
"2026-05-01","US55261F8648","55261F864","MTB-J","MTB","M T BK DEP INT PERP PFD STK SER J","Financial Institutions","2070025.0","2069557.0","-468.0","0.39531","0.39691","0.0016","26.62","-12458.16","SELL","1","MTB-PJ",48067,0.0,25.0,6.48,0.0
"2026-05-01","US1167942077","116794207","BRKR","BRKR","BRUKER CORPORATION","Industrial","190474.0","190432.0","-42.0","0.40105","0.40129","0.00024","292.49","-12284.58","SELL","1","BRKR",1988337,0.0,1000.0,-70.75,0.0
"2026-05-01","US0605051798","060505179","BAC-K","BAC","BANK OF AMERICA CORP","Financial Institutions","2099684.0","2099210.0","-474.0","0.38921","0.38974","0.00053","25.77","-12214.98","SELL","1","BAC-PK",43066,0.0,25.0,3.08,0.0
"2026-05-01","US59156R8503","59156R850","MET-F","MET","METLIFE INC","Financial Institutions","2760061.0","2759439.0","-622.0","0.3804","0.37972","-0.00068","19.1","-11880.2","SELL","1","MET-PF",101329,0.0,25.0,-23.6,0.0
"2026-05-01","US06055H2022","06055H202","BAC-LL","BAC","BANK OF AMERICA CORPORATION DEPOSI","Financial Institutions","2536278.0","2535706.0","-572.0","0.37396","0.37471","0.00075","20.51","-11731.72","SELL","1","","","",25.0,-17.96,""
"2026-05-01","US9029731554","902973155","USB-B","USB","US BANCORP","Financial Institutions","2760060.0","2759438.0","-622.0","0.37306","0.37336","0.0003","18.78","-11681.16","SELL","1","","","",25.0,-24.88,""
"2026-05-01","US0357108705","035710870","NLY-F","NLY","ANNALY CAPITAL MANAGEMENT INC","Financial Institutions","1987267.0","1986819.0","-448.0","0.37051","0.37188","0.00137","25.98","-11639.04","SELL","1","NLY-PF",56567,0.0,25.0,3.92,0.0
"2026-05-01","US8085136005","808513600","SCHW-D","SCHW","CHARLES SCHWAB CORPORATION (THE)","Financial Institutions","2070025.0","2069557.0","-468.0","0.37078","0.37022","-0.00056","24.83","-11620.44","SELL","1","SCHW-PD",63778,0.0,25.0,-0.68,0.0
"2026-05-01","US95002Y2028","95002Y202","WFC-CC","WFC","WELLS FARGO & COMPANY","Financial Institutions","2887818.0","2887166.0","-652.0","0.36586","0.36661","0.00075","17.63","-11494.76","SELL","1","","","",25.0,-29.48,""
"2026-05-01","US7593518852","759351885","RGA","RGA","REINSURANCE GROUP OF AMERICA INCOR","Financial Institutions","1931958.0","1931508.0","-450.0","0.35257","0.35485","0.00228","25.5","-11475.0","SELL","1","RGA",299527,0.0,25.0,2.0,0.0
"2026-05-01","US59156R8768","59156R876","MET-E","MET","METLIFE INC","Financial Institutions","2221860.0","2221358.0","-502.0","0.36383","0.36393","0.0001","22.74","-11415.48","SELL","1","MET-PE",59181,0.0,25.0,-9.04,0.0
"2026-05-01","US00775V1044","00775V104","AEGON","AEGON","AEGON FUNDING CORPORATION II","Financial Institutions","2553049.0","2552473.0","-576.0","0.35682","0.36172","0.0049","19.67","-11329.92","SELL","1","","","",25.0,-21.32,""
"2026-05-01","US48128B6222","48128B622","JPM-GG","JPM","JPMORGAN CHASE & CO","Financial Institutions","2484048.0","2483488.0","-560.0","0.35823","0.35803","-0.0002","20.01","-11205.6","SELL","1","","","",25.0,-19.96,""
"2026-05-01","US74913G8814","74913G881","CTL","CTL","QWEST CORP","Industrial","2697972.0","2697364.0","-608.0","0.35556","0.35349","-0.00207","18.19","-11059.52","SELL","1","","","",25.0,-27.24,""
"2026-05-01","CA67000B2030","67000B203","NOVTV","NOVT","NOVANTA TANGIBLE EQUITY UNITS INC","Industrial","872843.0","872647.0","-196.0","0.35907","0.35346","-0.00561","56.22","-11019.12","SELL","1","","","",25.0,124.88,""
"2026-05-01","US89832Q6952","89832Q695","TFC-R","TFC","TRUIST FINANCIAL DRC CORP","Financial Institutions","2553049.0","2552473.0","-576.0","0.34435","0.34443","8e-05","18.73","-10788.48","SELL","1","TFC-PR",73356,0.0,25.0,-25.08,0.0
"2026-05-01","US3453708378","345370837","F","F","FORD MOTOR COMPANY","Industrial","2208036.0","2207538.0","-498.0","0.32794","0.3289","0.00096","20.68","-10298.64","SELL","1","F",41825443,0.0,25.0,-17.28,0.0
"2026-05-01","US65339K8606","65339K860","NEE-N","NEE","NEXTERA ENERGY CAPITAL HOLDINGS IN","Utility","1897522.0","1897094.0","-428.0","0.32666","0.32748","0.00082","23.96","-10254.88","SELL","1","","","",25.0,-4.16,""
"2026-05-01","US94988U6560","94988U656","WFC-Y","WFC","WELLS FARGO & COMPANY","Financial Institutions","1897750.0","1897322.0","-428.0","0.32656","0.32725","0.00069","23.94","-10246.32","SELL","1","WFC-PY",40117,0.0,25.0,-4.24,0.0
"2026-05-01","US8168516040","816851604","SRE","SRE","SEMPRA ENERGY","Utility","2090769.0","2090297.0","-472.0","0.32389","0.32529","0.0014","21.6","-10195.2","SELL","1","SRE",3415987,0.0,25.0,-13.6,0.0
"2026-05-01","US82846H5046","82846H504","QXO","QXO","QXO INC","Industrial","793537.0","793357.0","-180.0","0.32246","0.31477","-0.00769","55.07","-9912.6","SELL","1","QXO",12391757,0.0,25.0,120.28,0.0
"2026-05-01","US3453708451","345370845","F","F","FORD MOTOR COMPANY","Industrial","2070025.0","2069557.0","-468.0","0.31429","0.3158","0.00151","21.18","-9912.24","SELL","1","F",41825443,0.0,25.0,-15.28,0.0
"2026-05-01","US0200027888","020002788","ALL-J","ALL","ALLSTATE DEP REPSTG  TH NON CUM PE","Financial Institutions","1656010.0","1655636.0","-374.0","0.31149","0.3118","0.00031","26.14","-9776.36","SELL","1","ALL-PJ",44972,0.0,25.0,4.56,0.0
"2026-05-01","US06055H8060","06055H806","BAC-QQ","BAC","BANK OF AMERICA CORP","Financial Institutions","2521700.0","2521130.0","-570.0","0.31368","0.31024","-0.00344","17.08","-9735.6","SELL","1","","","",25.0,-31.68,""
"2026-05-01","US03769M2052","03769M205","APO","APO","APOLLO GLOBAL MANAGEMENT INC","Financial Institutions","1656010.0","1655636.0","-374.0","0.30566","0.30751","0.00185","25.78","-9641.72","SELL","1","APO",4684990,0.0,25.0,3.12,0.0
"2026-05-01","US65339K8291","65339K829","NEE-Z","NEE","NEXTERA ENERGY CAPITAL HOLDINGS IN","Utility","1658881.0","1658507.0","-374.0","0.30011","0.30087","0.00076","25.18","-9417.32","SELL","1","","","",25.0,0.72,""
"2026-05-01","US4932678430","493267843","KEY","KEY","KEYCORP","Financial Institutions","1656010.0","1655636.0","-374.0","0.2996","0.29963","3e-05","25.12","-9394.88","SELL","1","KEY",13424617,0.0,25.0,0.48,0.0
"2026-05-01","US0605051954","060505195","BAC-HH","BAC","BANK OF AMERICA DEP REPRESENTING","Financial Institutions","1653317.0","1652943.0","-374.0","0.29566","0.29653","0.00087","24.9","-9312.6","SELL","1","","","",25.0,-0.4,""
"2026-05-01","US48251W6093","48251W609","KKR-T","KKR","KKR & CO INC","Financial Institutions","1628422.0","1628054.0","-368.0","0.29343","0.29593","0.0025","25.23","-9284.64","SELL","1","","","",25.0,0.92,""
"2026-05-01","US2333317921","233331792","DTE-H","DTE","DTE ENERGY COMPANY","Utility","1656010.0","1655636.0","-374.0","0.29448","0.29451","3e-05","24.69","-9234.06","SELL","1","","","",25.0,-1.24,""
"2026-05-01","US87165B2025","87165B202","SYF-A","SYF","SYNCHRONY FINANCIAL","Financial Institutions","2070087.0","2069637.0","-450.0","0.30463","0.30582","0.00119","20.51","-9229.5","SELL","1","SYF-PA",64295,0.0,25.0,-17.96,0.0
"2026-05-01","US1258968452","125896845","CMS","CMS","CMS ENERGY CORPORATION","Utility","1738844.0","1738452.0","-392.0","0.28886","0.29158","0.00272","23.28","-9125.76","SELL","1","CMS",2741643,0.0,25.0,-6.88,0.0
"2026-05-01","US38143Y6656","38143Y665","GS-A","GS","GOLDMAN SACHS GROUP INC","Financial Institutions","2069957.0","2069489.0","-468.0","0.28633","0.28701","0.00068","19.25","-9009.0","SELL","1","GS-PA",78570,0.0,25.0,-23.0,0.0
"2026-05-01","US04686J8383","04686J838","ATH","ATH","ATHENE HOLDING LTD","Financial Institutions","1587009.0","1586651.0","-358.0","0.28552","0.28749","0.00197","25.15","-9003.7","SELL","1","","","",25.0,0.6,""
"2026-05-01","US8425878670","842587867","SO","SO","SOUTHERN COMPANY (THE)","Utility","1559421.0","1559069.0","-352.0","0.28559","0.28654","0.00095","25.51","-8979.52","SELL","1","SO",4535447,0.0,25.0,2.04,0.0
"2026-05-01","US00123Q8722","00123Q872","AGNC-F","AGNC","AGNC INVESTMENT CORP","Financial Institutions","1587009.0","1586651.0","-358.0","0.28381","0.28464","0.00083","24.9","-8914.2","SELL","1","","","",25.0,-0.4,""
"2026-05-01","US21871X2080","21871X208","CRBG","CRBG","COREBRIDGE FINANCIAL INC","Financial Institutions","1656010.0","1655636.0","-374.0","0.28485","0.28413","-0.00072","23.82","-8908.68","SELL","1","CRBG",5904710,0.0,25.0,-4.72,0.0
"2026-05-01","US82452J3077","82452J307","FOUR","FOUR","SHIFT4 PAYMENTS INC","Industrial","690028.0","689872.0","-156.0","0.27742","0.28166","0.00424","56.67","-8840.52","SELL","1","FOUR",1969967,0.0,25.0,126.68,0.0
"2026-05-01","US12542R3084","12542R308","CHSINC","CHSINC","CHS CUMULATIVE REDEEMABLE PREF CLA","Industrial","1480726.0","1480392.0","-334.0","0.27788","0.27901","0.00113","26.16","-8737.44","SELL","1","","","",25.0,4.64,""
"2026-05-01","US7838922018","783892201","EIX-M","EIX","SCE TRUST VII","Utility","1517998.0","1517656.0","-342.0","0.27506","0.27477","-0.00029","25.13","-8594.46","SELL","1","","","",25.0,0.52,""
"2026-05-01","US8794337613","879433761","TDS-VV","TDS","TELEPHONE AND DATA SYSTEMS INC","Industrial","1904445.0","1904015.0","-430.0","0.26931","0.27067","0.00136","19.73","-8483.9","SELL","1","","","",25.0,-21.08,""
"2026-05-01","US12542R8034","12542R803","CHSINC","CHSINC","CHS INC","Industrial","1428477.0","1428155.0","-322.0","0.26366","0.26464","0.00098","25.72","-8281.84","SELL","1","","","",25.0,2.88,""
"2026-05-01","US06055H4002","06055H400","BAC-NN","BAC","BANK OF AMERICA CORP","Financial Institutions","2084454.0","2083984.0","-470.0","0.26378","0.26433","0.00055","17.61","-8276.7","SELL","1","","","",25.0,-29.56,""
"2026-05-01","US3453708113","345370811","F","F","FORD MOTOR COMPANY","Industrial","1656025.0","1655651.0","-374.0","0.26237","0.2635","0.00113","22.09","-8261.66","SELL","1","F",41825443,0.0,25.0,-11.64,0.0
"2026-05-01","US87165B4005","87165B400","SYF-B","SYF","SYNCHRONY FINANCIAL","Financial Institutions","1380151.0","1379839.0","-312.0","0.26069","0.26165","0.00096","26.32","-8211.84","SELL","1","SYF-PB",53129,0.0,25.0,5.28,0.0
"2026-05-01","US05990K8412","05990K841","BANC-F","BANC","BANC OF CALIFORNIA INC","Financial Institutions","1411294.0","1410976.0","-318.0","0.25988","0.26115","0.00127","25.69","-8169.42","SELL","1","BANC-PF",54268,0.0,25.0,2.76,0.0
"2026-05-01","US0200023093","020002309","ALL","ALL","ALLSTATE CORPORATION (THE)","Financial Institutions","1380200.0","1379888.0","-312.0","0.25733","0.25848","0.00115","26.0","-8112.0","SELL","1","ALL",1366547,0.0,25.0,4.0,0.0
"2026-05-01","US8425878837","842587883","SO-C","SO","SOUTHERN COMPANY (THE)","Utility","2070337.0","2069869.0","-468.0","0.25709","0.25828","0.00119","17.32","-8105.76","SELL","1","","","",25.0,-30.72,""
"2026-05-01","US7591EP8604","7591EP860","RF","RF","REGIONS FINANCIAL CORPORATION","Financial Institutions","1380277.0","1379965.0","-312.0","0.25516","0.25531","0.00015","25.68","-8012.16","SELL","1","RF",11794747,0.0,25.0,2.72,0.0
"2026-05-01","US59156R5046","59156R504","MET-A","MET","METLIFE INC","Financial Institutions","1656433.0","1656059.0","-374.0","0.25185","0.25509","0.00324","21.38","-7996.12","SELL","1","MET-PA",155988,0.0,25.0,-14.48,0.0
"2026-05-01","US04686J5074","04686J507","ATH-E","ATH","ATHENE HLDG LTD DEP SHR REPSTG   I","Financial Institutions","1380345.0","1380033.0","-312.0","0.25329","0.25393","0.00064","25.54","-7968.48","SELL","1","ATH-PE",69141,0.0,25.0,2.16,0.0
"2026-05-01","US0640588457","64058845","BK-K","BK","BANK OF NEW YORK MELLON CORP/THE","Financial Institutions","1380333.0","1380021.0","-312.0","0.25309","0.25343","0.00034","25.49","-7952.88","SELL","1","BK-PK",32317,0.0,25.0,1.96,0.0
"2026-05-01","US9029737593","902973759","USB-K","USB","US BANCORP","Financial Institutions","1581137.0","1580781.0","-356.0","0.25096","0.25267","0.00171","22.19","-7899.64","SELL","1","","","",25.0,-11.24,""
"2026-05-01","US4932677028","493267702","KEY-E","KEY","KEYCORP","Financial Institutions","1374872.0","1374562.0","-310.0","0.24705","0.24788","0.00083","25.03","-7759.3","SELL","1","","","",25.0,0.12,""
"2026-05-01","US89832Q7455","89832Q745","TFC-O","TFC","TRUIST FINANCIAL PERPETUAL PREF SE","Financial Institutions","1587544.0","1587186.0","-358.0","0.24502","0.24608","0.00106","21.52","-7704.16","SELL","1","TFC-PO",41715,0.0,25.0,-13.92,0.0
"2026-05-01","US74913G8731","74913G873","CTL","CTL","QWEST CORP","Industrial","1822574.0","1822162.0","-412.0","0.24334","0.24405","0.00071","18.59","-7659.08","SELL","1","","","",25.0,-25.64,""
"2026-05-01","US7591EP7044","7591EP704","RF-C","RF","REGIONS FINANCIAL CORPORATION","Financial Institutions","1380460.0","1380148.0","-312.0","0.24627","0.24371","-0.00256","24.51","-7647.12","SELL","1","RF-PC",41097,0.0,25.0,-1.96,0.0
"2026-05-01","US26441C4024","26441C402","DUK","DUK","DUKE ENERGY CORP","Utility","1380627.0","1380315.0","-312.0","0.23827","0.23927","0.001","24.06","-7506.72","SELL","1","DUK",3650833,0.0,25.0,-3.76,0.0
"2026-05-01","US55261F8499","55261F849","MTB-K","MTB","M&T BANK CORPORATION","Financial Institutions","1243350.0","1243050.0","-300.0","0.22387","0.22407","0.0002","25.02","-7506.0","SELL","1","MTB-PK",49771,0.0,25.0,0.08,0.0
"2026-05-01","US12542R7044","12542R704","CHSINC","CHSINC","CHS RESET RATE CUMULATIVE REDEEMAB","Industrial","1359832.0","1359532.0","-300.0","0.24367","0.24409","0.00042","24.92","-7476.0","SELL","1","","","",25.0,-0.32,""
"2026-05-01","US9029737189","902973718","USB-M","USB","US BANCORP","Financial Institutions","2071064.0","2070596.0","-468.0","0.2371","0.23719","9e-05","15.9","-7441.2","SELL","1","","","",25.0,-36.4,""
"2026-05-01","US9633202059","963320205","WHR-A","WHR","WHIRLPOOL CORPORATION","Industrial","793609.0","793429.0","-180.0","0.23796","0.23608","-0.00188","41.3","-7434.0","SELL","1","WHR-PA",281465,0.0,25.0,65.2,0.0
"2026-05-01","US6494452021","649445202","FLG-A","FLG","NEW YORK COMMUNITY BANCORP INT FXD","Financial Institutions","1422216.0","1421896.0","-320.0","0.23493","0.23449","-0.00044","22.89","-7324.8","SELL","1","FLG-PA",141498,0.0,25.0,-8.44,0.0
"2026-05-01","US64828T7063","64828T706","RITM-D","RITM","NEW RESIDENTIAL INVESTMENT CORP","Financial Institutions","1278631.0","1278343.0","-288.0","0.23095","0.22859","-0.00236","24.82","-7148.16","SELL","1","RITM-PD",57606,0.0,25.0,-0.72,0.0
"2026-05-01","US3167736053","316773605","FITB-I","FITB","FIFTH THIRD BANCORP DEPOSITARY SHA","Financial Institutions","1237434.0","1237154.0","-280.0","0.22591","0.22639","0.00048","25.4","-7112.0","SELL","1","","","",25.0,1.6,""
"2026-05-01","US0357108473","035710847","NLY-I","NLY","ANNALY CAPITAL MANAGEMENT INC","Financial Institutions","1216759.0","1216485.0","-274.0","0.2238","0.22489","0.00109","25.66","-7030.84","SELL","1","NLY-PI",101929,0.0,25.0,2.64,0.0
"2026-05-01","US14040H7585","14040H758","COF-L","COF","CAPITAL ONE FINANCIAL CORPORATION","Financial Institutions","1864472.0","1864052.0","-420.0","0.22335","0.22428","0.00093","16.7","-7014.0","SELL","1","COF-PL",41344,0.0,25.0,-33.2,0.0
"2026-05-01","BMG1624R1079","-","BPY","BPY","BROOKFIELD PROPERTY PREFERRED PREF","Industrial","1845404.0","1844988.0","-416.0","0.22187","0.22251","0.00064","16.74","-6963.84","SELL","1","","","",25.0,-33.04,""
"2026-05-01","US8574778556","857477855","STT-G","STT","STATE STREET CORP","Financial Institutions","1374872.0","1374562.0","-310.0","0.2198","0.22074","0.00094","22.29","-6909.9","SELL","1","STT-PG",44638,0.0,25.0,-10.84,0.0
"2026-05-01","US8085138654","808513865","SCHW-J","SCHW","CHARLES SCHWAB CORPORATION (THE)","Financial Institutions","1657389.0","1657015.0","-374.0","0.21819","0.21847","0.00028","18.3","-6844.2","SELL","1","SCHW-PJ",74852,0.0,25.0,-26.8,0.0
"2026-05-01","US0082528276","008252827","AMG","AMG","AFFILIATED MANAGERS GROUP INC.","Financial Institutions","1243215.0","1242935.0","-280.0","0.21393","0.21501","0.00108","24.01","-6722.8","SELL","1","AMG",367317,0.0,25.0,-3.96,0.0
"2026-05-01","US06055H6080","06055H608","BAC-PP","BAC","BANK OF AMERICA DRC CORP","Financial Institutions","1761470.0","1761072.0","-398.0","0.21241","0.21265","0.00024","16.76","-6670.48","SELL","1","BAC-PP",45090,0.0,25.0,-32.96,0.0
"2026-05-01","US0357108622","035710862","NLY-G","NLY","ANNALY CAPITAL MANAGEMENT INC","Financial Institutions","1168657.0","1168393.0","-264.0","0.21034","0.21238","0.00204","25.23","-6660.72","SELL","1","NLY-PG",27968,0.0,25.0,0.92,0.0
"2026-05-01","US9182842099","918284209","VSEC","VSEC","VSE CORP","Industrial","636056.0","635912.0","-144.0","0.21114","0.21157","0.00043","46.18","-6649.92","SELL","1","VSEC",780763,0.0,25.0,84.72,0.0
"2026-05-01","US12542R5063","12542R506","CHSINC","CHSINC","CHS INC","Industrial","1160373.0","1160111.0","-262.0","0.21093","0.21113","0.0002","25.26","-6618.12","SELL","1","","","",25.0,1.04,""
"2026-05-01","US97650W7020","97650W702","WTFC-F","WTFC","WINTRUST FINANCIAL CORPORATION","Financial Institutions","1173800.0","1173550.0","-250.0","0.22332","0.22346","0.00014","26.43","-6607.5","SELL","1","","","",25.0,5.72,""
"2026-05-01","US74460W5528","74460W552","PSA-L","PSA","PUBLIC STORAGE","Financial Institutions","1561133.0","1560781.0","-352.0","0.20697","0.20702","5e-05","18.41","-6480.32","SELL","1","PSA-PL",42097,0.0,25.0,-26.36,0.0
"2026-05-01","US1746106004","174610600","CFG-H","CFG","CITIZENS FINANCIAL GROUP INC","Financial Institutions","1105298.0","1105048.0","-250.0","0.206","0.20636","0.00036","25.92","-6480.0","SELL","1","CFG-PH",25129,0.0,25.0,3.68,0.0
"2026-05-01","US3167738372","316773837","FITBM","FITB","FIFTH THIRD BANCORP DEPOSITARY SHA","Financial Institutions","1105321.0","1105071.0","-250.0","0.20489","0.20549","0.0006","25.81","-6452.5","SELL","1","FITBM",56703,0.0,25.0,3.24,0.0
"2026-05-01","US61762V8046","61762V804","MS-L","MS","MORGAN STANLEY","Financial Institutions","1381624.0","1381312.0","-312.0","0.20362","0.20361","-1e-05","20.46","-6383.52","SELL","1","MS-PL",23839,0.0,25.0,-18.16,0.0
"2026-05-01","US00123Q8078","00123Q807","AGNC-E","AGNC","AGNC INVESTMENT CORP","Financial Institutions","1106771.0","1106521.0","-250.0","0.20254","0.20321","0.00067","25.49","-6372.5","SELL","1","","","",25.0,1.96,""
"2026-05-01","US31959X4007","31959X400","FCNCA","FCNCA","FIRST CITIZENS BANCSHARES INC (DEL","Financial Institutions","1105456.0","1105206.0","-250.0","0.19999","0.20065","0.00066","25.2","-6300.0","SELL","1","FCNCA",80883,0.0,25.0,0.8,0.0
"2026-05-01","US7593518027","759351802","RGA","RGA","REINSURANCE GROUP OF AMERICA INCOR","Financial Institutions","1105440.0","1105190.0","-250.0","0.20039","0.20049","0.0001","25.18","-6295.0","SELL","1","RGA",299527,0.0,25.0,0.72,0.0
"2026-05-01","US1746108083","174610808","CFG-I","CFG","CITIZENS FINANCIAL GROUP INC","Financial Institutions","1105434.0","1105184.0","-250.0","0.20015","0.20041","0.00026","25.17","-6292.5","SELL","1","CFG-PI",28845,0.0,25.0,0.68,0.0
"2026-05-01","US9029738666","902973866","USB-A","USB","US BANCORP","Financial Institutions","39657.0","39649.0","-8.0","0.22384","0.22446","0.00062","785.78","-6286.24","SELL","1","USB-PA",1322,0.0,1000.0,-21.42,0.0
"2026-05-01","US8726521029","872652102","TPG","TPG","TPG OPERATING GROUP II LP","Financial Institutions","1105502.0","1105252.0","-250.0","0.1981","0.19883","0.00073","24.97","-6242.5","SELL","1","TPG",2972470,0.0,25.0,-0.12,0.0
"2026-05-01","US3205178409","320517840","FHN-H","FHN","FIRST HORIZON CORP","Financial Institutions","1102270.0","1102022.0","-248.0","0.19831","0.1992","0.00089","25.09","-6222.32","SELL","1","FHN-PH",194808,0.0,25.0,0.36,0.0
"2026-05-01","US87264A1051","87264A105","TMUS","TMUS","T-MOBILE USA INC","Industrial","1087542.0","1087296.0","-246.0","0.19488","0.19545","0.00057","24.95","-6137.7","SELL","1","TMUS",6279287,0.0,25.0,-0.2,0.0
"2026-05-01","US8425874042","842587404","SO","SO","SOUTHERN COMPANY (THE)","Utility","1243775.0","1243495.0","-280.0","0.19438","0.19459","0.00021","21.72","-6081.6","SELL","1","SO",4535447,0.0,25.0,-13.12,0.0
"2026-05-01","US64828T5083","64828T508","RITM-C","RITM","NEW RESIDENTIAL INVESTMENT CORP","Financial Institutions","1093260.0","1093014.0","-246.0","0.19677","0.1945","-0.00227","24.7","-6076.2","SELL","1","RITM-PC",44619,0.0,25.0,-1.2,0.0
"2026-05-01","US4932678687","493267868","KEY-G","KEY","KEYCORP","Financial Institutions","1237434.0","1237154.0","-280.0","0.19001","0.19095","0.00094","21.42","-5997.6","SELL","1","","","",25.0,-14.32,""
"2026-05-01","US04686J4085","04686J408","ATH-D","ATH","ATHENE HOLDING DS REPRESENTING A","Financial Institutions","1589517.0","1589159.0","-358.0","0.19087","0.1912","0.00033","16.7","-5978.6","SELL","1","ATH-PD",41428,0.0,25.0,-33.2,0.0
"2026-05-01","US74460W4612","74460W461","PSA-P","PSA","PUBLIC STORAGE","Financial Institutions","1668874.0","1668498.0","-376.0","0.19069","0.19065","-4e-05","15.86","-5963.36","SELL","1","PSA-PP",76407,0.0,25.0,-36.56,0.0
"2026-05-01","US06055H8714","06055H871","BAC-SS","BAC","BANK OF AMERICA CORP","Financial Institutions","1320593.0","1320295.0","-298.0","0.18476","0.18254","-0.00222","19.19","-5718.62","SELL","1","","","",25.0,-23.24,""
"2026-05-01","US72348N3070","72348N307","PNFP-B","PNFP","PINNACLE FINANCIAL PARTNERS NON CU","Financial Institutions","967731.0","967513.0","-218.0","0.1821","0.18277","0.00067","26.22","-5715.96","SELL","1","PNFP-PB",15665,0.0,25.0,4.88,0.0
"2026-05-01","US0158578080","015857808","AQNCN","AQNCN","ALGONQUIN POWER & UTILITIES CORP","Utility","967768.0","967550.0","-218.0","0.18162","0.1818","0.00018","26.08","-5685.44","SELL","1","","","",25.0,4.32,""
"2026-05-01","US4932678760","493267876","KEY-F","KEY","KEYCORP","Financial Institutions","1168657.0","1168393.0","-264.0","0.18037","0.1809","0.00053","21.49","-5673.36","SELL","1","","","",25.0,-14.04,""
"2026-05-01","US8794337878","879433787","TDS-UU","TDS","TELEPHONE DATA SYS DRC INC","Industrial","1161370.0","1161108.0","-262.0","0.17875","0.17935","0.0006","21.44","-5617.28","SELL","1","","","",25.0,-14.24,""
"2026-05-01","US87264A2042","87264A204","TMUS","TMUS","T-MOBILE USA INC","Industrial","1108386.0","1108136.0","-250.0","0.17672","0.17684","0.00012","22.15","-5537.5","SELL","1","TMUS",6279287,0.0,25.0,-11.4,0.0
"2026-05-01","US8935266812","893526681","TRPCN","TRPCN","TRANSCANADA PIPELINES LTD","Industrial","1023210.0","1022980.0","-230.0","0.17585","0.17674","0.00089","23.98","-5515.4","SELL","1","","","",25.0,-4.08,""
"2026-05-01","US00123Q8318","00123Q831","AGNC-H","AGNC","AGNC INVESTMENT CORP","Financial Institutions","948662.0","948448.0","-214.0","0.17408","0.17445","0.00037","25.53","-5463.42","SELL","1","","","",25.0,2.12,""
"2026-05-01","US87264A3032","87264A303","TMUS","TMUS","T-MOBILE USA INC","Industrial","1091750.0","1091504.0","-246.0","0.17399","0.17379","-0.0002","22.1","-5436.6","SELL","1","TMUS",6279287,0.0,25.0,-11.6,0.0
"2026-05-01","US2333318598","233331859","DTE-E","DTE","DTE ENERGY COMPANY","Utility","1106324.0","1106074.0","-250.0","0.17258","0.173","0.00042","21.71","-5427.5","SELL","1","","","",25.0,-13.16,""
"2026-05-01","US1746104025","174610402","CFG-E","CFG","CITIZENS FINANCIAL GROUP INC","Financial Institutions","1244585.0","1244305.0","-280.0","0.17278","0.17338","0.0006","19.34","-5415.2","SELL","1","CFG-PE",28852,0.0,25.0,-22.64,0.0
"2026-05-01","US4165186036","416518603","HIG-G","HIG","HARTFORD FINANCIAL SERVICES GROUP","Financial Institutions","954183.0","953967.0","-216.0","0.17242","0.17093","-0.00149","24.87","-5371.92","SELL","1","HIG-PG",20903,0.0,25.0,-0.52,0.0
"2026-05-01","US03939A4040","03939A404","ACGL-G","ACGL","ARCH CAPITAL GROUP LTD.","Financial Institutions","1382888.0","1382576.0","-312.0","0.17152","0.17083","-0.00069","17.15","-5350.8","SELL","1","","","",25.0,-31.4,""
"2026-05-01","US14314C1053","14314C105","CG","CG","CARLYLE FINANCE LLC","Financial Institutions","1382833.0","1382521.0","-312.0","0.1738","0.17052","-0.00328","17.12","-5341.44","SELL","1","CG",3159290,0.0,25.0,-31.52,0.0
"2026-05-01","US30190A2033","30190A203","FG","FG","F&G ANNUITIES & LIFE INC","Financial Institutions","948662.0","948448.0","-214.0","0.16999","0.17049","0.0005","24.95","-5339.3","SELL","1","FG",596330,0.0,25.0,-0.2,0.0
"2026-05-01","US78410V2007","78410V200","SCE-L","EIX","SCE TRUST VI","Financial Institutions","1313797.0","1313501.0","-296.0","0.16946","0.17034","0.00088","18.0","-5328.0","SELL","1","SCE-PL",17855,0.0,25.0,-28.0,0.0
"2026-05-01","US4461508230","446150823","HBAN-H","HBAN","HUNTINGTON BANCSHARES DRC INC","Financial Institutions","1382898.0","1382586.0","-312.0","0.16864","0.16944","0.0008","17.01","-5307.12","SELL","1","","","",25.0,-31.96,""
"2026-05-01","US62913M2061","62913M206","NGL-B","NGL","NGL ENERGY PARTNERS LP","Industrial","931232.0","931022.0","-210.0","0.16867","0.16937","0.0007","25.25","-5302.5","SELL","1","NGL-PB",20350,0.0,25.0,1.0,0.0
"2026-05-01","US12542R2094","12542R209","CHSINC","CHSINC","CHS INC. (8% CUMULATIVE REDEEMABLE","Industrial","848615.0","848423.0","-192.0","0.16864","0.16877","0.00013","27.61","-5301.12","SELL","1","","","",25.0,10.44,""
"2026-05-01","US29364D1000","29364D100","ETR","ETR","ENTERGY ARKANSAS LLC","Utility","1134086.0","1133830.0","-256.0","0.16844","0.16852","8e-05","20.63","-5281.28","SELL","1","ETR",3005220,0.0,25.0,-17.48,0.0
"2026-05-01","US80620A2087","80620A208","EIX-N","EIX","SCE TRUST VIII","Utility","962442.0","962224.0","-218.0","0.16541","0.16568","0.00027","23.9","-5210.2","SELL","1","","","",25.0,-4.4,""
"2026-05-01","US00123Q5009","00123Q500","AGNC-C","AGNC","AGNC INVESTMENT CORP","Financial Institutions","893666.0","893464.0","-202.0","0.16566","0.16591","0.00025","25.77","-5205.54","SELL","1","","","",25.0,3.08,""
"2026-05-01","US8629452017","862945201","ASSE-A","ASSE","STRIVE INC","Industrial","228231.0","228179.0","-52.0","0.16383","0.16316","-0.00067","99.25","-5161.0","SELL","1","","","",25.0,297.0,""
"2026-05-01","US4461507737","446150773","HBAN-J","HBAN","HUNTINGTON BANCSHARES INC","Financial Institutions","899146.0","898946.0","-200.0","0.16532","0.16548","0.00016","25.55","-5110.0","SELL","1","","","",25.0,2.2,""
"2026-05-01","US48253M1045","48253M104","KKR","KKR","KKR GROUP FINANCE CO IX LLC","Financial Institutions","1383029.0","1382729.0","-300.0","0.16866","0.16826","-0.0004","16.89","-5067.0","SELL","1","KKR",5519143,0.0,25.0,-32.44,0.0
"2026-05-01","US74965L2007","74965L200","RLJ-A","RLJ","RLJ LODGING .95 CUMULATIVE CONVERT","Financial Institutions","885430.0","885230.0","-200.0","0.15987","0.16065","0.00078","25.19","-5038.0","SELL","1","RLJ-PA",36467,0.0,25.0,0.76,0.0
"2026-05-01","US9029736686","902973668","USB-O","USB","US BANCORP","Financial Institutions","1245124.0","1244842.0","-282.0","0.15953","0.16009","0.00056","17.85","-5033.7","SELL","1","","","",25.0,-28.6,""
"2026-05-01","US30190A6091","30190A609","FG","FG","F&G ANNUITIES & LIFE INC","Financial Institutions","1031172.0","1030940.0","-232.0","0.15915","0.15977","0.00062","21.51","-4990.32","SELL","1","FG",596330,0.0,25.0,-13.96,0.0
"2026-05-01","US16934Q4064","16934Q406","CIM-B","CIM","CHIMERA INVESTMENT CORP","Financial Institutions","893662.0","893460.0","-202.0","0.15661","0.15803","0.00142","24.55","-4959.1","SELL","1","CIM-PB",42873,0.0,25.0,-1.8,0.0
"2026-05-01","US9027884058","902788405","UMBF","UMBF","UMB FINANCIAL CORPORATION","Financial Institutions","824956.0","824770.0","-186.0","0.15677","0.15747","0.0007","26.5","-4929.0","SELL","1","UMBF",692223,0.0,25.0,6.0,0.0
"2026-05-01","BMG7498P1279","-","RNR-G","RNR","RENAISSANCERE HOLDINGS LTD","Financial Institutions","1383759.0","1383447.0","-312.0","0.15474","0.15449","-0.00025","15.5","-4836.0","SELL","1","RNR-PG",28714,0.0,25.0,-38.0,0.0
"2026-05-01","US6658598569","665859856","NTRS-E","NTRS","NORTHERN TRUST CORPORATION","Financial Institutions","1099948.0","1099700.0","-248.0","0.15097","0.15161","0.00064","19.14","-4746.72","SELL","1","","","",25.0,-23.44,""
"2026-05-01","US0454876006","045487600","ASB","ASB","ASSOCIATED BANC-CORP","Financial Institutions","830510.0","830322.0","-188.0","0.14936","0.15003","0.00067","25.08","-4715.04","SELL","1","ASB",2359007,0.0,25.0,0.32,0.0
"2026-05-01","US9029737346","902973734","USB-L","USB","US BANCORP","Financial Institutions","1384035.0","1383723.0","-312.0","0.1495","0.14994","0.00044","15.04","-4692.48","SELL","1","","","",25.0,-39.84,""
"2026-05-01","US10922N7075","10922N707","BHF-C","BHF","BRIGHTHOUSE FINANCIAL INC","Financial Institutions","1591742.0","1591382.0","-360.0","0.15124","0.14939","-0.00185","13.03","-4690.8","SELL","1","","","",25.0,-47.88,""
"2026-05-01","US0256768591","025676859","ANGINC","ANGINC","AMERICAN NATIONAL GROUP INC","Financial Institutions","824956.0","824770.0","-186.0","0.14688","0.1482","0.00132","24.94","-4638.84","SELL","1","","","",25.0,-0.24,""
"2026-05-01","US3196263053","319626305","FCNCA","FCNCA","FIRST CITIZENS BANCSHARES INC.","Financial Institutions","955037.0","954821.0","-216.0","0.14699","0.14618","-0.00081","21.25","-4590.0","SELL","1","FCNCA",80883,0.0,25.0,-15.0,0.0
"2026-05-01","US9290892093","929089209","VOYA-B","VOYA","VOYA FINANCIAL INC","Financial Institutions","824956.0","824770.0","-186.0","0.14202","0.14231","0.00029","23.95","-4454.7","SELL","1","VOYA-PB",20141,0.0,25.0,-4.2,0.0
"2026-05-01","US05580M8192","05580M819","RILYI","RILY","B. RILEY FINANCIAL INC","Financial Institutions","1059398.0","1059158.0","-240.0","0.14144","0.14163","0.00019","18.56","-4454.4","SELL","1","","","",25.0,-25.76,""
"2026-05-01","US9030025095","903002509","UMH-D","UMH","UMH PROPERTIES INC","Financial Institutions","892473.0","892271.0","-202.0","0.14018","0.14168","0.0015","22.04","-4452.08","SELL","1","UMH-PD",17508,0.0,25.0,-11.84,0.0
"2026-05-01","US0357108218","035710821","NLY-J","NLY","ANNALY CAPITAL MANAGEMENT INC","Financial Institutions","756180.0","756010.0","-170.0","0.14213","0.14232","0.00019","26.13","-4442.1","SELL","1","NLY-PJ",37811,0.0,25.0,4.52,0.0
"2026-05-01","US9576384062","957638406","WAL-A","WAL","WESTERN ALLIANCE BANCORP","Financial Institutions","824956.0","824770.0","-186.0","0.1406","0.14184","0.00124","23.87","-4439.82","SELL","1","WAL-PA",13983,0.0,25.0,-4.52,0.0
"2026-05-01","US64828T4094","64828T409","RITM-B","RITM","NEW RESIDENTIAL INVESTMENT CORP","Financial Institutions","774131.0","773957.0","-174.0","0.14233","0.13996","-0.00237","25.1","-4367.4","SELL","1","RITM-PB",47737,0.0,25.0,0.4,0.0
"2026-05-01","US91529Y6014","91529Y601","UNM","UNM","UNUM GROUP","Financial Institutions","824956.0","824770.0","-186.0","0.13959","0.13952","-7e-05","23.48","-4367.28","SELL","1","UNM",1680053,0.0,25.0,-6.08,0.0
"2026-05-01","US2538688225","253868822","DLR-L","DLR","DIGITAL REALTY TRUST INC","Financial Institutions","948662.0","948448.0","-214.0","0.13633","0.13769","0.00136","20.15","-4312.1","SELL","1","DLR-PL",27500,0.0,25.0,-19.4,0.0
"2026-05-01","US14040H7338","14040H733","COF-N","COF","CAPITAL ONE FINL DS REPSTG  TH PRF","Financial Institutions","1177219.0","1176953.0","-266.0","0.13671","0.13737","0.00066","16.2","-4309.2","SELL","1","COF-PN",26058,0.0,25.0,-35.2,0.0
"2026-05-01","US74460W4208","74460W420","PSA-R","PSA","PUBLIC STORAGE","Financial Institutions","1204934.0","1204662.0","-272.0","0.13612","0.1367","0.00058","15.75","-4284.0","SELL","1","PSA-PR",32182,0.0,25.0,-37.0,0.0
"2026-05-01","US10922N3017","10922N301","BHF-A","BHF","BRIGHTHOUSE FINANCIAL INC","Financial Institutions","1177214.0","1176948.0","-266.0","0.13697","0.13567","-0.0013","16.0","-4256.0","SELL","1","","","",25.0,-36.0,""
"2026-05-01","US10922N5095","10922N509","BHF-B","BHF","BRIGHTHOUSE FINANCIAL INC","Financial Institutions","1115007.0","1114755.0","-252.0","0.13485","0.1342","-0.00065","16.71","-4210.92","SELL","1","","","",25.0,-33.16,""
"2026-05-01","US7591EP8869","7591EP886","RF-E","RF","REGIONS FINL DRC CORP","Financial Institutions","1108194.0","1107944.0","-250.0","0.13307","0.13386","0.00079","16.77","-4192.5","SELL","1","RF-PE",29677,0.0,25.0,-32.92,0.0
"2026-05-01","US04686J2006","04686J200","ATH-B","ATH","ATHENE HLDG DRC LTD","Financial Institutions","948661.0","948447.0","-214.0","0.13184","0.1329","0.00106","19.45","-4162.3","SELL","1","ATH-PB",31260,0.0,25.0,-22.2,0.0
"2026-05-01","US03939A1079","03939A107","ACGL-F","ACGL","ARCH CAPITAL GROUP LTD.","Financial Institutions","907399.0","907195.0","-204.0","0.13301","0.13307","6e-05","20.36","-4153.44","SELL","1","","","",25.0,-18.56,""
"2026-05-01","US55272X5086","55272X508","MFA-C","MFA","MFA FINANCIAL INC","Financial Institutions","756180.0","756010.0","-170.0","0.12953","0.13004","0.00051","23.88","-4059.6","SELL","1","MFA-PC",25056,0.0,25.0,-4.48,0.0
"2026-05-01","US88224Q3056","88224Q305","TCBI-B","TCBI","TEXAS CAP BANCSHARES DRC INC","Financial Institutions","824956.0","824770.0","-186.0","0.12806","0.12823","0.00017","21.58","-4013.88","SELL","1","","","",25.0,-13.68,""
"2026-05-01","US74460W6443","74460W644","PSA-H","PSA","PUBLIC STORAGE","Financial Institutions","789777.0","789599.0","-178.0","0.12683","0.12771","0.00088","22.45","-3996.1","SELL","1","PSA-PH",22991,0.0,25.0,-10.2,0.0
"2026-05-01","US10922N2027","10922N202","BHF","BHF","BRIGHTHOUSE FINANCIAL INC","Financial Institutions","1039363.0","1039129.0","-234.0","0.12787","0.12742","-0.00045","17.02","-3982.68","SELL","1","BHF",531260,0.0,25.0,-31.92,0.0
"2026-05-01","US1258968528","125896852","CMS","CMS","CMS ENERGY CORPORATION","Utility","769978.0","769804.0","-174.0","0.12619","0.12689","0.0007","22.88","-3981.12","SELL","1","CMS",2741643,0.0,25.0,-8.48,0.0
"2026-05-01","BMG053842040","-","AHL","AHL","ASPEN INSURANCE HOLDINGS LTD","Financial Institutions","827774.0","827588.0","-186.0","0.12734","0.1273","-4e-05","21.35","-3971.1","SELL","1","","","",25.0,-14.6,""
"2026-05-01","US11271L1026","11271L102","BNCN","BNCN","BROOKFIELD FINANCE INC","Financial Institutions","1099948.0","1099700.0","-248.0","0.12221","0.12526","0.00305","15.81","-3920.88","SELL","1","","","",25.0,-36.76,""
"2026-05-01","US55261F8721","55261F872","MTB-H","MTB","M AND T BANK PERPETUAL FIXED TO FL","Financial Institutions","687451.0","687295.0","-156.0","0.12383","0.12414","0.00031","25.07","-3910.92","SELL","1","MTB-PH",20158,0.0,25.0,0.28,0.0
"2026-05-01","US25525P2065","25525P206","DHC","DHC","DIVERSIFIED HEALTHCARE .625% SENIO","Financial Institutions","962442.0","962224.0","-218.0","0.12338","0.12381","0.00043","17.86","-3893.48","SELL","1","DHC",1735110,0.0,25.0,-28.56,0.0
"2026-05-01","US90187B3096","90187B309","TWO-B","TWO","TWO HARBORS INVESTMENT CORP","Financial Institutions","698377.0","698219.0","-158.0","0.12414","0.12345","-0.00069","24.54","-3877.32","SELL","1","TWO-PB",36638,0.0,25.0,-1.84,0.0
"2026-05-01","US8805913006","880591300","TVA-D","TVA","TENN VALLEY AUTHORITY","Agency","705267.0","705107.0","-160.0","0.12283","0.12294","0.00011","24.2","-3872.0","SELL","1","","","",25.0,-3.2,""
"2026-05-01","US64828T8889","64828T888","RITM-F","RITM","RITHM CAPITAL CORP","Financial Institutions","687451.0","687295.0","-156.0","0.12462","0.12265","-0.00197","24.77","-3864.12","SELL","1","RITM-PF",31313,0.0,25.0,-0.92,0.0
"2026-05-01","US0082528508","008252850","AMG","AMG","AFFILIATED MANAGERS GROUP INC.","Financial Institutions","831738.0","831550.0","-188.0","0.12072","0.12228","0.00156","20.41","-3837.08","SELL","1","AMG",367317,0.0,25.0,-18.36,0.0
"2026-05-01","US74460W6690","74460W669","PSA-G","PSA","PUBLIC STORAGE","Financial Institutions","824956.0","824770.0","-186.0","0.12063","0.12122","0.00059","20.4","-3794.4","SELL","1","PSA-PG",28458,0.0,25.0,-18.4,0.0
"2026-05-01","US74460W6286","74460W628","PSA-I","PSA","PUBLIC STORAGE REPSTG  TH BEN INT","Financial Institutions","869632.0","869436.0","-196.0","0.1201","0.12083","0.00073","19.29","-3780.84","SELL","1","PSA-PI",29504,0.0,25.0,-22.84,0.0
"2026-05-01","US4440973075","444097307","HPP-C","HPP","HUDSON PACIFIC PROPERTIES INC","Financial Institutions","1168657.0","1168393.0","-264.0","0.1191","0.11953","0.00043","14.2","-3748.8","SELL","1","HPP-PC",11895,0.0,25.0,-43.2,0.0
"2026-05-01","US3733344408","373334440","SO","SO","GEORGIA POWER COMPANY","Utility","742446.0","742278.0","-168.0","0.11848","0.11911","0.00063","22.27","-3741.36","SELL","1","SO",4535447,0.0,25.0,-10.92,0.0
"2026-05-01","US6374321056","637432105","NRUC-US","NRUC","NATIONAL RURAL UTILITIES COOPERATI","Utility","687450.0","687294.0","-156.0","0.11884","0.1182","-0.00064","23.87","-3723.72","SELL","1","","","",25.0,-4.52,""
"2026-05-01","US16934Q5053","16934Q505","CIM-C","CIM","CHIMERA INVESTMENT CORP","Financial Institutions","714983.0","714821.0","-162.0","0.11749","0.11835","0.00086","22.98","-3722.76","SELL","1","CIM-PC",43164,0.0,25.0,-8.08,0.0
"2026-05-01","US90187B5075","90187B507","TWO-C","TWO","TWO HARBORS INVESTMENT CORP","Financial Institutions","664157.0","664007.0","-150.0","0.11872","0.11845","-0.00027","24.76","-3714.0","SELL","1","TWO-PC",63666,0.0,25.0,-0.96,0.0
"2026-05-01","US48251K2096","48251K209","KREF-A","KREF","KKR REAL ESTATE FINANCE TRUST INC","Financial Institutions","901229.0","901025.0","-204.0","0.11735","0.11814","0.00079","18.2","-3712.8","SELL","1","KREF-PA",25117,0.0,25.0,-27.2,0.0
"2026-05-01","US9508108878","950810887","WSBC-B","WSBC","WESBANCO INC","Financial Institutions","632425.0","632283.0","-142.0","0.11682","0.11826","0.00144","25.96","-3686.32","SELL","1","","","",25.0,3.84,""
"2026-05-01","US00123Q6098","00123Q609","AGNC-D","AGNC","AGNC INVESTMENT CORP","Financial Institutions","646206.0","646060.0","-146.0","0.11593","0.11669","0.00076","25.07","-3660.22","SELL","1","","","",25.0,0.28,""
"2026-05-01","US0844238057","084423805","WRB","WRB","WR BERKLEY CORPORATION","Financial Institutions","832010.0","831822.0","-188.0","0.11634","0.11659","0.00025","19.45","-3656.6","SELL","1","WRB",2370783,0.0,25.0,-22.2,0.0
"2026-05-01","US74460W6856","74460W685","PSA-F","PSA","PUBLIC STORAGE DS REPRESENTING  TH","Financial Institutions","769978.0","769804.0","-174.0","0.11347","0.11444","0.00097","20.64","-3591.36","SELL","1","PSA-PF",24323,0.0,25.0,-17.44,0.0
"2026-05-01","US0200028126","020002812","ALL-I","ALL","ALLSTATE CORPORATION (THE)","Financial Institutions","824956.0","824770.0","-186.0","0.11346","0.11421","0.00075","19.22","-3574.92","SELL","1","ALL-PI",23706,0.0,25.0,-23.12,0.0
"2026-05-01","US72348N5059","72348N505","PNFP-C","PNFP","PINNACLE FINANCIAL PARTNERS DEPOSI","Financial Institutions","624282.0","624142.0","-140.0","0.11299","0.11291","-8e-05","25.11","-3515.4","SELL","1","PNFP-PC",36633,0.0,25.0,0.44,0.0
"2026-05-01","US3193836000","319383600","BUSE-B","BUSE","FIRST BUSEY CORPORATION","Financial Institutions","591228.0","591094.0","-134.0","0.10981","0.11047","0.00066","25.94","-3475.96","SELL","1","","","",25.0,3.76,""
"2026-05-01","BMG053841703","-","AHL","AHL","ASPEN INSURANCE HOLDINGS LTD","Financial Institutions","618741.0","618601.0","-140.0","0.10981","0.1103","0.00049","24.75","-3465.0","SELL","1","","","",25.0,-1.0,""
"2026-05-01","US9290428286","929042828","VNO-M","VNO","VORNADO REALTY TRUST","Financial Institutions","878540.0","878342.0","-198.0","0.10853","0.11049","0.00196","17.46","-3457.08","SELL","1","VNO-PM",26074,0.0,25.0,-30.16,0.0
"2026-05-01","US25401T3068","25401T306","DBRG-J","DBRG","DIGITALBRIDGE GROUP INC","Financial Institutions","802810.0","802610.0","-200.0","0.1005","0.09975","-0.00075","17.25","-3450.0","SELL","1","DBRG-PJ",27289,0.0,25.0,-31.0,0.0
"2026-05-01","US2836782092","283678209","KMI","KMI","EL PASO ENERGY CAPITAL TRUST I","Industrial","303178.0","303110.0","-68.0","0.11046","0.11078","0.00032","50.73","-3449.64","SELL","1","KMI",13535960,0.0,25.0,102.92,0.0
"2026-05-01","US29364W1080","29364W108","ETR","ETR","ENTERGY LOUISIANA LLC","Utility","742446.0","742278.0","-168.0","0.10915","0.10979","0.00064","20.53","-3449.04","SELL","1","ETR",3005220,0.0,25.0,-17.88,0.0
"2026-05-01","US58844R8503","58844R850","MBIN","MBIN","MERCHANTS BANCORP","Financial Institutions","632425.0","632283.0","-142.0","0.10937","0.11033","0.00096","24.22","-3439.24","SELL","1","MBIN",196253,0.0,25.0,-3.12,0.0
"2026-05-01","US63938C4050","63938C405","NAVI","NAVI","NAVIENT  PRCNT SENIOR NOTES EXP  D","Financial Institutions","824956.0","824770.0","-186.0","0.10931","0.10942","0.00011","18.41","-3424.26","SELL","1","NAVI",1038537,0.0,25.0,-26.36,0.0
"2026-05-01","US25401T4058","25401T405","DBRG-I","DBRG","DIGITALBRIDGE GROUP .15 CUMULATIVE","Financial Institutions","888409.0","888209.0","-200.0","0.10994","0.10943","-0.00051","17.1","-3420.0","SELL","1","DBRG-PI",31738,0.0,25.0,-31.6,0.0
"2026-05-01","US29364N1081","29364N108","ETR","ETR","ENTERGY MISSISSIPPI INC","Utility","714982.0","714820.0","-162.0","0.10783","0.10841","0.00058","21.05","-3410.1","SELL","1","ETR",3005220,0.0,25.0,-15.8,0.0
"2026-05-01","US75968N3098","75968N309","RNR-F","RNR","RENAISSANCERE HOLDINGS LTD","Financial Institutions","687450.0","687294.0","-156.0","0.1066","0.1072","0.0006","21.65","-3377.4","SELL","1","RNR-PF",14725,0.0,25.0,-13.4,0.0
"2026-05-01","US9290428443","929042844","VNO-L","VNO","VORNADO REALTY TRUST 5.4% CUM RED","Financial Institutions","824957.0","824771.0","-186.0","0.10428","0.10577","0.00149","17.8","-3310.8","SELL","1","VNO-PL",21285,0.0,25.0,-28.8,0.0
"2026-05-01","US6378703044","637870304","NSA-B","NSA PR B","NATIONAL STORAGE AFFILIATES    CUM","Financial Institutions","390644.0","390544.0","-100.0","0.09093","0.09282","0.00189","32.99","-3299.0","SELL","1","NSA-PB",34612,0.0,25.0,31.96,0.0
"2026-05-01","US0605055831","060505583","BAC-1","BAC","BANK OF AMERICA CORPORATION PFD 1","Financial Institutions","740821.0","740653.0","-168.0","0.10418","0.10389","-0.00029","19.47","-3270.96","SELL","1","","","",25.0,-22.12,""
"2026-05-01","US1170436042","117043604","BC","BC","BRUNSWICK CORPORATION","Industrial","591230.0","591096.0","-134.0","0.10297","0.10382","0.00085","24.38","-3266.92","SELL","1","BC",856733,0.0,25.0,-2.48,0.0
"2026-05-01","US49446R7118","49446R711","KIM-M","KIM","KIMCO RLTY DS REPRESENTING   CLASS","Financial Institutions","719422.0","719260.0","-162.0","0.10416","0.10442","0.00026","20.15","-3264.3","SELL","1","KIM-PM",27484,0.0,25.0,-19.4,0.0
"2026-05-01","US9290428104","929042810","VNO-N","VNO","VORNADO REALTY TRUST","Financial Institutions","824957.0","824771.0","-186.0","0.10114","0.10399","0.00285","17.5","-3255.0","SELL","1","VNO-PN",27067,0.0,25.0,-30.0,0.0
"2026-05-01","US8606308703","860630870","SF-C","SF","STIFEL FINANCIAL CORP","Financial Institutions","618741.0","618601.0","-140.0","0.10336","0.10344","8e-05","23.21","-3249.4","SELL","1","SF-PC",16926,0.0,25.0,-7.16,0.0
"2026-05-01","US25406P2002","25406P200","DDS","DDS","DILLARDS CAP TR I CAP SECS 7.5%","Industrial","549965.0","549841.0","-124.0","0.10313","0.10319","6e-05","26.05","-3230.2","SELL","1","DDS",94397,0.0,25.0,4.2,0.0
"2026-05-01","US6378702053","637870205","NSA-A","NSA","NATIONAL STORAGE AFFILIATES REDEEM","Financial Institutions","621230.0","621090.0","-140.0","0.10302","0.1031","8e-05","23.04","-3225.6","SELL","1","NSA-PA",18657,0.0,25.0,-7.84,0.0
"2026-05-01","US37959E3009","37959E300","GL","GL","GLOBE LIFE INC","Financial Institutions","893665.0","893463.0","-202.0","0.10256","0.10222","-0.00034","15.88","-3207.76","SELL","1","GL",525593,0.0,25.0,-36.48,0.0
"2026-05-01","US72348N2080","72348N208","PNFP-A","PNFP","PINNACLE FINANCIAL PARTNERS NON CU","Financial Institutions","549954.0","549830.0","-124.0","0.10143","0.10177","0.00034","25.69","-3185.56","SELL","1","PNFP-PA",21604,0.0,25.0,2.76,0.0
"2026-05-01","US35243J2006","35243J200","FBRT-E","FBRT","FRANKLIN BSP REALTY TRUST   CUMULA","Financial Institutions","710043.0","709883.0","-160.0","0.10107","0.10167","0.0006","19.88","-3180.8","SELL","1","FBRT-PE",21451,0.0,25.0,-20.48,0.0
"2026-05-01","US8606308620","860630862","SF-D","SF","STIFEL FINANCIAL CORP","Financial Institutions","824956.0","824770.0","-186.0","0.10007","0.10102","0.00095","17.0","-3162.0","SELL","1","SF-PD",22512,0.0,25.0,-32.0,0.0
"2026-05-01","US8805914095","880591409","TVA-A","TVA","TENN VALLEY AUTH","Agency","572940.0","572810.0","-130.0","0.09851","0.09838","-0.00013","23.84","-3099.2","SELL","1","","","",25.0,-4.64,""
"2026-05-01","US05554M1009","05554M100","BIP","BIP","BIP BERMUDA HOLDINGS I LTD","Financial Institutions","824956.0","824770.0","-186.0","0.09687","0.09858","0.00171","16.59","-3085.74","SELL","1","BIP",944337,0.0,25.0,-33.64,0.0
"2026-05-01","US84857L7055","84857L705","SR","SR","SPIRE INC","Utility","549965.0","549841.0","-124.0","0.09811","0.09856","0.00045","24.88","-3085.12","SELL","1","SR",357430,0.0,25.0,-0.48,0.0
"2026-05-01","US04621X3061","04621X306","AIZ","AIZ","ASSURANT INC","Financial Institutions","687450.0","687294.0","-156.0","0.09667","0.09745","0.00078","19.68","-3070.08","SELL","1","AIZ",343357,0.0,25.0,-21.28,0.0
"2026-05-01","US78440X5077","78440X507","SLG-I","SLG","SL GREEN REALTY CORP","Financial Institutions","632426.0","632284.0","-142.0","0.09725","0.09726","1e-05","21.35","-3031.7","SELL","1","SLG-PI",27288,0.0,25.0,-14.6,0.0
"2026-05-01","US16934Q6044","16934Q604","CIM-D","CIM","CHIMERA INVESTMENT CORP","Financial Institutions","549965.0","549841.0","-124.0","0.09638","0.09682","0.00044","24.44","-3030.56","SELL","1","CIM-PD",21076,0.0,25.0,-2.24,0.0
"2026-05-01","US11259P1093","11259P109","BRBRPH","BEPUCN","BROOKFIELD BRP HOLDINGS (CANADA) I","Utility","971044.0","970844.0","-200.0","0.10552","0.10548","-4e-05","15.08","-3016.0","SELL","1","","","",25.0,-39.68,""
"2026-05-01","US6740014096","674001409","OAK-B","OAK","OAKTREE CAPITAL GROUP LLC","Financial Institutions","646206.0","646060.0","-146.0","0.09537","0.09584","0.00047","20.59","-3006.14","SELL","1","OAK-PB",9219,0.0,25.0,-17.64,0.0
"2026-05-01","US3167738604","316773860","FITB-K","FITB","FIFTH THIRD BANCORP","Financial Institutions","687450.0","687294.0","-156.0","0.09539","0.09502","-0.00037","19.19","-2993.64","SELL","1","","","",25.0,-23.24,""
"2026-05-01","US2333318184","233331818","DTE","DTE","DTE ENERGY CO","Utility","769978.0","769804.0","-174.0","0.095","0.09534","0.00034","17.19","-2991.06","SELL","1","DTE",1085900,0.0,25.0,-31.24,0.0
"2026-05-01","US2538688308","253868830","DLR-K","DLR","DIGITAL REALTY TRUST INC","Financial Institutions","577430.0","577300.0","-130.0","0.09509","0.09553","0.00044","22.97","-2986.1","SELL","1","DLR-PK",23451,0.0,25.0,-8.12,0.0
"2026-05-01","US74460W5940","74460W594","PSA-J","PSA","PUBLIC STORAGE DEP SHS REPSTG  TH","Financial Institutions","711504.0","711344.0","-160.0","0.09469","0.09504","0.00035","18.55","-2968.0","SELL","1","PSA-PJ",15795,0.0,25.0,-25.8,0.0
"2026-05-01","US25525P3055","25525P305","DHC","DHC","DIVERSIFIED HEALTHCARE .25% SENIOR","Financial Institutions","687451.0","687295.0","-156.0","0.09312","0.09413","0.00101","19.01","-2965.56","SELL","1","DHC",1735110,0.0,25.0,-23.96,0.0
"2026-05-01","US6496048736","649604873","ADAM-E","ADAM","NEW YORK MORTGAGE TRUST INC","Financial Institutions","512602.0","512486.0","-116.0","0.09358","0.09388","0.0003","25.43","-2949.88","SELL","1","","","",25.0,1.72,""
"2026-05-01","US0844238701","084423870","WRB","WRB","WR BERKLEY CORPORATION","Financial Institutions","824956.0","824770.0","-186.0","0.09426","0.09365","-0.00061","15.76","-2931.36","SELL","1","WRB",2370783,0.0,25.0,-36.96,0.0
"2026-05-01","US3167738869","316773886","FITB-A","FITB","FIFTH THIRD BANCORP  DEPOSITORY SH","Financial Institutions","549965.0","549841.0","-124.0","0.09326","0.09345","0.00019","23.59","-2925.16","SELL","1","","","",25.0,-5.64,""
"2026-05-01","US3793785086","379378508","GNL-D","GNL","GLOBAL NET LEASE   CUMULATIVE REDE","Financial Institutions","545409.0","545285.0","-124.0","0.09096","0.09252","0.00156","23.55","-2920.2","SELL","1","GNL-PD",13075,0.0,25.0,-5.8,0.0
"2026-05-01","US70931T4004","70931T400","PMT-B","PMT","PENNYMAC MORTGAGE INVESTMENT TRUST","Financial Institutions","536232.0","536110.0","-122.0","0.09143","0.09189","0.00046","23.79","-2902.38","SELL","1","PMT-PB",11835,0.0,25.0,-4.84,0.0
"2026-05-01","US64828T8053","64828T805","RITM-E","RITM","RITHM CAPITAL CORP","Financial Institutions","522452.0","522334.0","-118.0","0.09381","0.09246","-0.00135","24.57","-2899.26","SELL","1","RITM-PE",43287,0.0,25.0,-1.72,0.0
"2026-05-01","BMG053841620","-","AHL","AHL","ASPEN INSURANCE HOLDINGS LTD","Financial Institutions","596837.0","596703.0","-134.0","0.09297","0.09264","-0.00033","21.55","-2887.7","SELL","1","","","",25.0,-13.8,""
"2026-05-01","US05580M7939","05580M793","RILYZ","RILY","B. RILEY FINANCIAL INC","Financial Institutions","532467.0","532347.0","-120.0","0.09163","0.09186","0.00023","23.95","-2874.0","SELL","1","RILYZ",40323,0.0,25.0,-4.2,0.0
"2026-05-01","US70931T5092","70931T509","PMT-C","PMT","PENNYMAC MORTGAGE INVESTMENT TRUST","Financial Institutions","687451.0","687295.0","-156.0","0.0905","0.09101","0.00051","18.38","-2867.28","SELL","1","PMT-PC",26263,0.0,25.0,-26.48,0.0
"2026-05-01","US0082528433","008252843","AMG","AMG","AFFILIATED MANAGERS GROUP INC.","Financial Institutions","756180.0","756010.0","-170.0","0.08977","0.09161","0.00184","16.82","-2859.4","SELL","1","AMG",367317,0.0,25.0,-32.72,0.0
"2026-05-01","US8606306079","860630607","SF","SF","STIFEL FINANCIAL CORP","Financial Institutions","618742.0","618602.0","-140.0","0.08963","0.08968","5e-05","20.12","-2816.8","SELL","1","SF",1428997,0.0,25.0,-19.52,0.0
"2026-05-01","US9290427940","929042794","VNO-O","VNO","VORNADO REALTY TRUST","Financial Institutions","824957.0","824771.0","-186.0","0.08858","0.08973","0.00115","15.1","-2808.6","SELL","1","VNO-PO",24130,0.0,25.0,-39.6,0.0
"2026-05-01","US70509V8037","70509V803","PEB-G","PEB","PEBBLEBROOK HOTEL TRUST","Financial Institutions","624576.0","624436.0","-140.0","0.08967","0.08971","4e-05","19.94","-2791.6","SELL","1","PEB-PG",9887,0.0,25.0,-20.24,0.0
"2026-05-01","US05580M8010","05580M801","RILYK","RILY","B. RILEY FINANCIAL INC","Financial Institutions","496399.0","496287.0","-112.0","0.08827","0.08832","5e-05","24.7","-2766.4","SELL","1","RILYK",25450,0.0,25.0,-1.2,0.0
"2026-05-01","US05580M8358","05580M835","RILYM","RILY","B. RILEY FINANCIAL INC","Financial Institutions","603916.0","603780.0","-136.0","0.08852","0.08809","-0.00043","20.25","-2754.0","SELL","1","","","",25.0,-19.0,""
"2026-05-01","US1258968601","125896860","CMS","CMS","CMS ENERGY CORPORATION","Utility","549978.0","549854.0","-124.0","0.0869","0.08723","0.00033","22.02","-2730.48","SELL","1","CMS",2960153,0.0,25.0,-11.92,0.0
"2026-05-01","US70931T7072","70931T707","PMT","PMT","PENNYMAC MORTGAGE INVESTMENT TRUST","Financial Institutions","474346.0","474238.0","-108.0","0.08749","0.08627","-0.00122","25.25","-2727.0","SELL","1","PMT",1148207,0.0,25.0,1.0,0.0
"2026-05-01","US49446R7373","49446R737","KIM-L","KIM","KIMCO REALTY CORPORATION","Financial Institutions","611986.0","611848.0","-138.0","0.08698","0.08702","4e-05","19.74","-2724.12","SELL","1","KIM-PL",13652,0.0,25.0,-21.04,0.0
"2026-05-01","US17259U3032","17259U303","CIONI","CIONI","CION INVESTMENT CORP","Financial Institutions","476125.0","476017.0","-108.0","0.08627","0.08639","0.00012","25.19","-2720.52","SELL","1","","","",25.0,0.76,""
"2026-05-01","BMG9078F1499","-","TRTN-C","TRTN","TRITON INTERNATIONAL LTD","Industrial","481206.0","481098.0","-108.0","0.08723","0.08665","-0.00058","25.0","-2700.0","SELL","1","TRTN-PC",8106,0.0,25.0,0.0,0.0
"2026-05-01","US04911A2069","04911A206","AUB-A","AUB","ATLANTIC UNION BANKSHARES CORP","Financial Institutions","474346.0","474238.0","-108.0","0.08449","0.08508","0.00059","24.9","-2689.2","SELL","1","AUB-PA",6982,0.0,25.0,-0.4,0.0
"2026-05-01","US31959X2027","31959X202","FCNCA","FCNCA","FIRST CITIZENS BANCSHARES   NON CU","Financial Institutions","549965.0","549841.0","-124.0","0.08575","0.08572","-3e-05","21.64","-2683.36","SELL","1","FCNCA",80883,0.0,25.0,-13.44,0.0
"2026-05-01","US74460W5114","74460W511","PSA-N","PSA","PUBLIC STORAGE DEP SHS REPSTG   PF","Financial Institutions","776868.0","776692.0","-176.0","0.08475","0.08506","0.00031","15.2","-2675.2","SELL","1","PSA-PN",43732,0.0,25.0,-39.2,0.0
"2026-05-01","US74460W5783","74460W578","PSA-K","PSA","PUBLIC STORAGE","Financial Institutions","632425.0","632283.0","-142.0","0.0848","0.08564","0.00084","18.8","-2669.6","SELL","1","PSA-PK",17758,0.0,25.0,-24.8,0.0
"2026-05-01","BMG9078F3057","-","TRTGV","TRTN","TRITON INTL CUM RED PERP PREF SER","Industrial","481200.0","481092.0","-108.0","0.08474","0.08475","1e-05","24.45","-2640.6","SELL","1","","","",25.0,-2.2,""
"2026-05-01","US20451Q4010","20451Q401","CODI-C","CODI","COMPASS DIVERSIFIED HOLDINGS","Financial Institutions","543546.0","543424.0","-122.0","0.0844","0.08441","1e-05","21.56","-2630.32","SELL","1","CODI-PC",34377,0.0,25.0,-13.76,0.0
"2026-05-01","MHY8564M2048","-","TGP-B","TGP","TEEKAY LNG PARTNERS LP","Industrial","453473.0","453371.0","-102.0","0.08318","0.08338","0.0002","25.53","-2604.06","SELL","1","","","",25.0,2.12,""
"2026-05-01","US11276B1098","11276B109","BIP","BIP","BROOKFIELD INFRASTRUCTURE FINANCE","Utility","687450.0","687294.0","-156.0","0.08117","0.08245","0.00128","16.65","-2597.4","SELL","1","BIP",944337,0.0,25.0,-33.4,0.0
"2026-05-01","US55272X4097","55272X409","MFA-B","MFA","MFA FINANCIAL INC","Financial Institutions","549965.0","549841.0","-124.0","0.08247","0.08295","0.00048","20.94","-2596.56","SELL","1","MFA-PB",10812,0.0,25.0,-16.24,0.0
"2026-05-01","US0844238883","084423888","WRB","WRB","WR BERKLEY CORPORATION","Financial Institutions","687450.0","687294.0","-156.0","0.08127","0.082","0.00073","16.56","-2583.36","SELL","1","WRB",2370783,0.0,25.0,-33.76,0.0
"2026-05-01","US10922N8891","10922N889","BHF-D","BHF","BRIGHTHOUSE FINANCIAL INC","Financial Institutions","962442.0","962224.0","-218.0","0.08156","0.08146","-0.0001","11.75","-2561.5","SELL","1","","","",25.0,-53.0,""
"2026-05-01","US38741L3050","38741L305","GPMT-A","GPMT","GRANITE POINT MORTGAGE TRUST INC","Financial Institutions","565782.0","565654.0","-128.0","0.08115","0.0813","0.00015","19.95","-2553.6","SELL","1","GPMT-PA",8205,0.0,25.0,-20.2,0.0
"2026-05-01","US20451Q3020","20451Q302","CODI-B","CODI","COMPASS DIVERSIFIED HOLDINGS FIXED","Financial Institutions","517189.0","517073.0","-116.0","0.08146","0.08177","0.00031","21.95","-2546.2","SELL","1","CODI-PB",19953,0.0,25.0,-12.2,0.0
"2026-05-01","US2538688555","253868855","DLR-J","DLR","DIGITAL REALTY TRUST INC","Financial Institutions","549965.0","549841.0","-124.0","0.08054","0.08133","0.00079","20.53","-2545.72","SELL","1","DLR-PJ",18355,0.0,25.0,-17.88,0.0
"2026-05-01","US11259P2083","11259P208","BRBRPH","BEPUCN","BROOKFIELD BRP HOLDINGS (CANADA) I","Utility","714982.0","714820.0","-162.0","0.07934","0.0808","0.00146","15.69","-2541.78","SELL","1","","","",25.0,-37.24,""
"2026-05-01","US78407R2040","78407R204","SCE-J","EIX","SCE TRUST II CUM TRUST SECS P","Utility","604961.0","604825.0","-136.0","0.08077","0.08133","0.00056","18.67","-2539.12","SELL","1","","","",25.0,-25.32,""
"2026-05-01","US04914Y4098","04914Y409","ATLC","ATLC","ATLANTICUS HOLDINGS CORP","Financial Institutions","459660.0","459560.0","-100.0","0.08352","0.0839","0.00038","25.34","-2534.0","SELL","1","ATLC",65787,0.0,25.0,1.36,0.0
"2026-05-01","US05614L4077","05614L407","BW-A","BW","BABCOCK & WILCOX ENTERPRISES INC","Industrial","527209.0","527091.0","-118.0","0.08148","0.08134","-0.00014","21.42","-2527.56","SELL","1","BW-PA",22971,0.0,25.0,-14.32,0.0
"2026-05-01","US46131B5066","46131B506","IVR-C","IVR","INVESCO MORTGAGE CAPITAL INC","Financial Institutions","468312.0","468206.0","-106.0","0.07938","0.08001","0.00063","23.72","-2514.32","SELL","1","IVR-PC",18653,0.0,25.0,-5.12,0.0
"2026-05-01","US16934Q8693","16934Q869","CIM","CIM","CHIMERA INVESTMENT CORP","Financial Institutions","341914.0","341814.0","-100.0","0.06267","0.06171","-0.00096","25.06","-2506.0","SELL","1","CIM",806707,0.0,25.0,0.24,0.0
"2026-05-01","US58844R7026","58844R702","MBIN-C","MBIN","MERCHANTS BANCORP","Financial Institutions","539460.0","539338.0","-122.0","0.07904","0.07966","0.00062","20.5","-2501.0","SELL","1","","","",25.0,-18.0,""
"2026-05-01","BMG162491648","-","BPY-A","BPY","BROOKFIELD PROPERTY PARTNERS LP","Industrial","790535.0","790357.0","-178.0","0.07943","0.0796","0.00017","13.98","-2488.44","SELL","1","","","",25.0,-44.08,""
"2026-05-01","BMG9078F1648","-","TRTN-D","TRTN","TRITON INTERNATIONAL LTD","Industrial","412575.0","412475.0","-100.0","0.07319","0.07352","0.00033","24.74","-2474.0","SELL","1","TRTN-PD",4913,0.0,25.0,-1.04,0.0
"2026-05-01","US0605058157","060505815","BAC-E","BAC","BANK OF AMERICA CORP PREF STOCK","Financial Institutions","564213.0","564085.0","-128.0","0.07821","0.07847","0.00026","19.31","-2471.68","SELL","1","BAC-PE",24148,0.0,25.0,-22.76,0.0
"2026-05-01","US0844237067","084423706","WRB","WRB","WR BERKLEY CORPORATION","Financial Institutions","508720.0","508606.0","-114.0","0.07961","0.07919","-0.00042","21.61","-2463.54","SELL","1","WRB",2370783,0.0,25.0,-13.56,0.0
"2026-05-01","US9197944047","919794404","VLY-C","VLY","VALLEY NATIONAL BANCORP","Financial Institutions","412477.0","412383.0","-94.0","0.0772","0.07769","0.00049","26.15","-2458.1","SELL","1","","","",25.0,4.6,""
"2026-05-01","US1258968379","125896837","CMS-C","CMS","CMS ENERGY CORPORATION","Utility","632425.0","632283.0","-142.0","0.07871","0.07881","0.0001","17.3","-2456.6","SELL","1","CMS-PC",27880,0.0,25.0,-30.8,0.0
"2026-05-01","US5303075031","530307503","LBRDA","LBRDA","LIBERTY BROADBAND CUM REDEEMABLE P","Industrial","493843.0","493731.0","-112.0","0.07778","0.07776","-2e-05","21.86","-2448.32","SELL","1","LBRDA",178770,0.0,25.0,-12.56,0.0
"2026-05-01","US2333318267","233331826","DTE-G","DTE","DTE ENERGY COMPANY","Utility","632371.0","632229.0","-142.0","0.07766","0.07793","0.00027","17.11","-2429.62","SELL","1","","","",25.0,-31.56,""
"2026-05-01","US11276B2088","11276B208","BIP","BIP","BROOKFIELD INFRASTRUCTURE FINANCE","Utility","434446.0","434348.0","-98.0","0.07738","0.07748","0.0001","24.76","-2426.48","SELL","1","BIP",1021527,0.0,25.0,-0.96,0.0
"2026-05-01","US74460W3960","74460W396","PSA-S","PSA","PUBLIC STORAGE DEPOSITARY SHS EACH","Financial Institutions","687519.0","687369.0","-150.0","0.07994","0.07993","-1e-05","16.14","-2421.0","SELL","1","PSA-PS",31579,0.0,25.0,-35.44,0.0
"2026-05-01","US4101204067","410120406","HWC","HWC","HANCOCK WHITNEY CORP","Financial Institutions","474345.0","474237.0","-108.0","0.0759","0.07626","0.00036","22.32","-2410.56","SELL","1","HWC",892910,0.0,25.0,-10.72,0.0
"2026-05-01","US38144X6094","38144X609","GS-C","GS","GOLDMAN SACHS GROUP INC","Financial Institutions","549965.0","549841.0","-124.0","0.07639","0.07677","0.00038","19.38","-2403.12","SELL","1","GS-PC",28771,0.0,25.0,-22.48,0.0
"2026-05-01","US3793783008","379378300","GNL-A","GNL","GLOBAL NET LEASE PREF SERIES A INC","Financial Institutions","467456.0","467350.0","-106.0","0.07587","0.0761","0.00023","22.6","-2395.6","SELL","1","GNL-PA",7345,0.0,25.0,-9.6,0.0
"2026-05-01","US4461507810","446150781","HBAN-C","HBAN","HUNTINGTON BANCSHARES INC","Financial Institutions","481135.0","481027.0","-108.0","0.07682","0.07687","5e-05","22.18","-2395.44","SELL","1","","","",25.0,-11.28,""
"2026-05-01","US0423156068","042315606","ARR-C","ARR","ARMOUR RESIDENTIAL REIT INC","Financial Institutions","507531.0","507417.0","-114.0","0.07655","0.07677","0.00022","21.0","-2394.0","SELL","1","ARR-PC",17193,0.0,25.0,-16.0,0.0
"2026-05-01","US0605056250","060505625","BAC-02","BAC","BANK OF AMERICA CORP","Financial Institutions","545041.0","544917.0","-124.0","0.07535","0.07569","0.00034","19.28","-2390.72","SELL","1","","","",25.0,-22.88,""
"2026-05-01","BMG162491564","-","BPY-A2","BPY","BROOKFIELD PROPERTY PARTNERS LP","Industrial","687451.0","687295.0","-156.0","0.07559","0.07581","0.00022","15.31","-2388.36","SELL","1","","","",25.0,-38.76,""
"2026-05-01","US11259P3073","11259P307","BRBRPH","BEPUCN","BROOKFIELD BRP HOLDINGS (CANADA) I","Utility","412477.0","412383.0","-94.0","0.07373","0.07451","0.00078","25.08","-2357.52","SELL","1","","","",25.0,0.32,""
"2026-05-01","US00123Q8565","00123Q856","AGNCL","AGNC","AGNC INVESTMENT CORP","Financial Institutions","412441.0","412347.0","-94.0","0.07405","0.07446","0.00041","25.07","-2356.58","SELL","1","AGNCL",20350,0.0,25.0,0.28,0.0
"2026-05-01","US8606307069","860630706","SF-B","SF","STIFEL FINANCIAL CORP","Financial Institutions","439991.0","439891.0","-100.0","0.07473","0.07467","-6e-05","23.56","-2356.0","SELL","1","SF-PB",9700,0.0,25.0,-5.76,0.0
"2026-05-01","US6740013007","674001300","OAK-A","OAK","OAKTREE CAPITAL GROUP LLC","Financial Institutions","494987.0","494875.0","-112.0","0.07414","0.07416","2e-05","20.8","-2329.6","SELL","1","OAK-PA",10804,0.0,25.0,-16.8,0.0
"2026-05-01","US3205174028","320517402","FHN-E","FHN","FIRST HORIZON NATIONAL CORP","Financial Institutions","412476.0","412382.0","-94.0","0.07305","0.07362","0.00057","24.78","-2329.32","SELL","1","FHN-PE",6285,0.0,25.0,-0.88,0.0
"2026-05-01","US0259328807","025932880","AFG","AFG","AMERICAN FINANCIAL GROUP INC","Financial Institutions","549965.0","549841.0","-124.0","0.07434","0.07428","-6e-05","18.75","-2325.0","SELL","1","AFG",559630,0.0,25.0,-25.0,0.0
"2026-05-01","US74460W5379","74460W537","PSA-M","PSA","PUBLIC STORAGE","Financial Institutions","632371.0","632229.0","-142.0","0.07371","0.07406","0.00035","16.26","-2308.92","SELL","1","PSA-PM",14460,0.0,25.0,-34.96,0.0
"2026-05-01","US04914Y3009","04914Y300","ATLC","ATLC","ATLANTICUS HOLDINGS CORP","Financial Institutions","407520.0","407428.0","-92.0","0.07314","0.07335","0.00021","24.99","-2299.08","SELL","1","ATLC",65787,0.0,25.0,-0.04,0.0
"2026-05-01","US04208T2078","04208T207","AHH-A","AHH","ARMADA HOFFLER PROPERTIES INC","Financial Institutions","470483.0","470377.0","-106.0","0.07302","0.07323","0.00021","21.61","-2290.66","SELL","1","","","",25.0,-13.56,""
"2026-05-01","BMG9078F1317","-","TRTN-B","TRTN","TRITON INTERNATIONAL LTD","Industrial","395333.0","395243.0","-90.0","0.07195","0.07236","0.00041","25.41","-2286.9","SELL","1","TRTN-PB",6364,0.0,25.0,1.64,0.0
"2026-05-01","US4461507570","446150757","HBANZ","HBAN","HUNTINGTON BANCSHARES DEPOSITARY S","Financial Institutions","476174.0","476066.0","-108.0","0.0725","0.07251","1e-05","21.14","-2283.12","SELL","1","HBANZ",13597,0.0,25.0,-15.44,0.0
"2026-05-01","US6496048819","649604881","ADAM-D","ADAM","NEW YORK MORTGAGE TRUST INC","Financial Institutions","422560.0","422464.0","-96.0","0.07174","0.07229","0.00055","23.75","-2280.0","SELL","1","","","",25.0,-5.0,""
"2026-05-01","US25401T5048","25401T504","DBRG-H","DBRG","DIGITALBRIDGE GROUP .125 CUMULATIV","Financial Institutions","582480.0","582348.0","-132.0","0.07271","0.07229","-0.00042","17.23","-2274.36","SELL","1","DBRG-PH",16286,0.0,25.0,-31.08,0.0
"2026-05-01","US87266M2061","87266M206","TRTX-C","TRTX","TPG RE FIN TR PREF SERIES C INC TR","Financial Institutions","553396.0","553272.0","-124.0","0.07325","0.07308","-0.00017","18.34","-2274.16","SELL","1","TRTX-PC",12220,0.0,25.0,-26.64,0.0
"2026-05-01","BMG9078F2067","-","TRTN","TRTN","TRITON INTERNATIONAL LTD","Industrial","429169.0","429073.0","-96.0","0.07228","0.07286","0.00058","23.57","-2262.72","SELL","1","","","",25.0,-5.72,""
"2026-05-01","US4884013081","488401308","KMPR","KMPR","KEMPER CORP","Financial Institutions","412477.0","412383.0","-94.0","0.07059","0.07086","0.00027","23.85","-2241.9","SELL","1","KMPR",1056787,0.0,25.0,-4.6,0.0
"2026-05-01","US58844R8842","58844R884","MBIN","MBIN","MERCHANTS BANCORP","Financial Institutions","391820.0","391732.0","-88.0","0.07128","0.07174","0.00046","25.42","-2236.96","SELL","1","MBIN",196253,0.0,25.0,1.68,0.0
"2026-05-01","US26884U2087","26884U208","EPR-C","EPR","EPR PROPERTIES 5.75% CUM CONV PREF","Financial Institutions","385581.0","385493.0","-88.0","0.06898","0.06896","-2e-05","24.83","-2185.04","SELL","1","EPR-PC",4501,0.0,25.0,-0.68,0.0
"2026-05-01","US70509V8862","70509V886","PEB-H","PEB","PEBBLEBROOK HOTEL TRUST","Financial Institutions","538097.0","537975.0","-122.0","0.06918","0.06938","0.0002","17.9","-2183.8","SELL","1","PEB-PH",13865,0.0,25.0,-28.4,0.0
"2026-05-01","US6496048652","649604865","ADAM-F","ADAM","NEW YORK MORTGAGE TRUST INC","Financial Institutions","398979.0","398889.0","-90.0","0.0692","0.06953","0.00033","24.2","-2178.0","SELL","1","","","",25.0,-3.2,""
"2026-05-01","US11272B1035","11272B103","BNCN","BNCN","BROOKFIELD FINANCE I UK PLC","Financial Institutions","632425.0","632283.0","-142.0","0.06799","0.06965","0.00166","15.29","-2171.18","SELL","1","","","",25.0,-38.84,""
"2026-05-01","USG162522670","-","BIP-13","BIP","BROOKFIELD INFRASTRUCTURE   CLASS","Utility","549965.0","549841.0","-124.0","0.06711","0.06754","0.00043","17.05","-2114.2","SELL","1","","","",25.0,-31.8,""
"2026-05-01","BMG9078F1564","-","TRTN-E","TRTN","TRITON INTERNATIONAL LTD","Industrial","481169.0","481061.0","-108.0","0.06687","0.06774","0.00087","19.55","-2111.4","SELL","1","TRTN-PE",7562,0.0,25.0,-21.8,0.0
"2026-05-01","US0259328641","025932864","AFG","AFG","AMERICAN FINANCIAL GROUP INC","Financial Institutions","549961.0","549837.0","-124.0","0.06569","0.06639","0.0007","16.76","-2078.24","SELL","1","AFG",559630,0.0,25.0,-32.96,0.0
"2026-05-01","US89832Q8107","89832Q810","TFC-I","TFC","TRUIST FINANCIAL DS REPRESENTING","Financial Institutions","474394.0","474286.0","-108.0","0.06548","0.06557","9e-05","19.19","-2072.52","SELL","1","TFC-PI",17855,0.0,25.0,-23.24,0.0
"2026-05-01","US8163005031","816300503","SIGI-B","SIGI","SELECTIVE INS GROUP DS REPSTG   IN","Financial Institutions","549965.0","549841.0","-124.0","0.06565","0.06584","0.00019","16.62","-2060.88","SELL","1","","","",25.0,-33.52,""
"2026-05-01","US9478907036","947890703","WBS-G","WBS","WEBSTER FINANCIAL CORPORATION","Financial Institutions","371197.0","371113.0","-84.0","0.06373","0.06545","0.00172","24.48","-2056.32","SELL","1","WBS-PG",10702,0.0,25.0,-2.08,0.0
"2026-05-01","US16934Q3074","16934Q307","CIM-A","CIM","CHIMERA INVESTMENT CORP","Financial Institutions","414785.0","414691.0","-94.0","0.06435","0.06468","0.00033","21.65","-2035.1","SELL","1","CIM-PA",9263,0.0,25.0,-13.4,0.0
"2026-05-01","BMG162522756","-","BIP-14","BIP","BROOKFIELD INFRASTRUCTURE PARTNERS","Utility","549965.0","549841.0","-124.0","0.06418","0.06491","0.00073","16.39","-2032.36","SELL","1","","","",25.0,-34.44,""
"2026-05-01","US3765468836","376546883","GAIN","GAIN","GLADSTONE INVESTMENT CORP","Financial Institutions","369985.0","369901.0","-84.0","0.06407","0.06412","5e-05","24.06","-2021.04","SELL","1","GAIN",368400,0.0,25.0,-3.76,0.0
"2026-05-01","US9478905055","947890505","WBS-F","WBS","WEBSTER FINANCIAL DRC CORP","Financial Institutions","412477.0","412383.0","-94.0","0.06268","0.06293","0.00025","21.18","-1990.92","SELL","1","WBS-PF",12296,0.0,25.0,-15.28,0.0
"2026-05-01","US3765468679","376546867","GAIN","GAIN","GLADSTONE INVESTMENT CORP","Financial Institutions","347835.0","347757.0","-78.0","0.06353","0.06364","0.00011","25.4","-1981.2","SELL","1","GAIN",368400,0.0,25.0,1.6,0.0
"2026-05-01","US0082528359","008252835","AMG","AMG","AFFILIATED MANAGERS GROUP INC.","Financial Institutions","572077.0","571947.0","-130.0","0.06188","0.06247","0.00059","15.16","-1970.8","SELL","1","AMG",367317,0.0,25.0,-39.36,0.0
"2026-05-01","MHY8564M1131","-","TGP","TGP","TEEKAY LNG PARTNERS LP","Industrial","339079.0","339003.0","-76.0","0.06249","0.06252","3e-05","25.6","-1945.6","SELL","1","","","",25.0,2.4,""
"2026-05-01","US90187B2007","90187B200","TWO-A","TWO","TWO HARBORS INVESTMENT CORP","Financial Institutions","347163.0","347085.0","-78.0","0.06158","0.06151","-7e-05","24.6","-1918.8","SELL","1","TWO-PA",39007,0.0,25.0,-1.6,0.0
"2026-05-01","US0259328724","025932872","AFG","AFG","AMERICAN FINANCIAL GROUP INC","Financial Institutions","412441.0","412347.0","-94.0","0.0601","0.0606","0.0005","20.4","-1917.6","SELL","1","AFG",559630,0.0,25.0,-18.4,0.0
"2026-05-01","US68003D3035","68003D303","ONB-C","ONB","OLD NATIONAL BANCORP DEP SHS EACH","Financial Institutions","336842.0","336766.0","-76.0","0.06041","0.06087","0.00046","25.09","-1906.84","SELL","1","","","",25.0,0.36,""
"2026-05-01","US26884U5056","26884U505","EPR-G","EPR","EPR PROPERTIES","Financial Institutions","429169.0","429073.0","-96.0","0.06094","0.06108","0.00014","19.76","-1896.96","SELL","1","EPR-PG",9472,0.0,25.0,-20.96,0.0
"2026-05-01","BMG162491499","-","BPY-A-1","BPY","BROOKFIELD PROPERTY PARTNERS LP","Industrial","526390.0","526272.0","-118.0","0.06049","0.0607","0.00021","16.01","-1889.18","SELL","1","","","",25.0,-35.96,""
"2026-05-01","US8964427046","896442704","TRIN","TRIN","TRINITY CAPITAL INC","Financial Institutions","327732.0","327658.0","-74.0","0.05957","0.05979","0.00022","25.33","-1874.42","SELL","1","TRIN",1185413,0.0,25.0,1.32,0.0
"2026-05-01","US9197942066","919794206","VLY-A","VLY","VALLEY NATIONAL BANCORP","Financial Institutions","328960.0","328886.0","-74.0","0.05977","0.05976","-1e-05","25.22","-1866.28","SELL","1","","","",25.0,0.88,""
"2026-05-01","US3137452005","313745200","FRT-C","FRT","FEDERAL REALTY INVESTMENT DEPOSITA","Financial Institutions","412477.0","412383.0","-94.0","0.05791","0.05878","0.00087","19.79","-1860.26","SELL","1","FRT-PC",12348,0.0,25.0,-20.84,0.0
"2026-05-01","US6496048165","649604816","ADAM","ADAM","NEW YORK MORTGAGE TRUST INC","Financial Institutions","316201.0","316129.0","-72.0","0.05802","0.05844","0.00042","25.66","-1847.52","SELL","1","ADAM",877870,0.0,25.0,2.64,0.0
"2026-05-01","BMG162582313","-","BEPUCN","BEPUCN","BROOKFIELD RENEWABLE PARTNERS LP","Utility","549225.0","549125.0","-100.0","0.0727","0.07299","0.00029","18.45","-1845.0","SELL","1","","","",25.0,-26.2,""
"2026-05-01","US0084922097","008492209","ADC-A","ADC","AGREE REALTY CORP","Financial Institutions","481207.0","481099.0","-108.0","0.05927","0.0592","-7e-05","17.08","-1844.64","SELL","1","ADC-PA",18242,0.0,25.0,-31.68,0.0
"2026-05-01","US8660826053","866082605","INN-E","INN","SUMMIT HOTEL PROPERTIES INC","Financial Institutions","439991.0","439891.0","-100.0","0.05811","0.05838","0.00027","18.42","-1842.0","SELL","1","INN-PE",7448,0.0,25.0,-26.32,0.0
"2026-05-01","US70509V7047","70509V704","PEB-F","PEB","PEBBLEBROOK HOTEL TRUST","Financial Institutions","404964.0","404872.0","-92.0","0.05782","0.05808","0.00026","19.91","-1831.72","SELL","1","PEB-PF",9035,0.0,25.0,-20.36,0.0
"2026-05-01","US90187B8871","90187B887","TWO","TWO","TWO HARBORS INVESTMENT CORP","Financial Institutions","316219.0","316147.0","-72.0","0.05868","0.05776","-0.00092","25.36","-1825.92","SELL","1","TWO",3490967,0.0,25.0,1.44,0.0
"2026-05-01","US8964426055","896442605","TRIN","TRIN","TRINITY CAPITAL INC","Financial Institutions","320707.0","320635.0","-72.0","0.05848","0.05856","8e-05","25.35","-1825.2","SELL","1","TRIN",1185413,0.0,25.0,1.4,0.0
"2026-05-01","MHY271831213","-","GSL","GSL","GLOBAL SHIP LEASE INC","Industrial","299694.0","299626.0","-68.0","0.05758","0.05783","0.00025","26.79","-1821.72","SELL","1","GSL",295750,0.0,25.0,7.16,0.0
"2026-05-01","US5977423038","597742303","MSBI","MSBI","MIDLAND STATES BANCORP INC","Financial Institutions","316237.0","316165.0","-72.0","0.05767","0.05754","-0.00013","25.26","-1818.72","SELL","1","MSBI",160287,0.0,25.0,1.04,0.0
"2026-05-01","US6475513080","647551308","NMFC","NMFC","NEW MOUNTAIN FINANCE CORP","Financial Institutions","316218.0","316146.0","-72.0","0.05832","0.05747","-0.00085","25.23","-1816.56","SELL","1","NMFC",898090,0.0,25.0,0.92,0.0
"2026-05-01","US26884U3077","26884U307","EPR-E","EPR","EPR PROPERTIES","Financial Institutions","246435.0","246379.0","-56.0","0.05692","0.05753","0.00061","32.41","-1814.96","SELL","1","EPR-PE",2093,0.0,25.0,29.64,0.0
"2026-05-01","US28852N3070","28852N307","EFC-B","EFC","ELLINGTON FINANCIAL INC","Financial Institutions","331365.0","331291.0","-74.0","0.05824","0.05841","0.00017","24.47","-1810.78","SELL","1","EFC-PB",7787,0.0,25.0,-2.12,0.0
"2026-05-01","US26817Q8785","26817Q878","DX-C","DX","DYNEX CAPITAL INC","Financial Institutions","306638.0","306568.0","-70.0","0.05691","0.05709","0.00018","25.85","-1809.5","SELL","1","DX-PC",11975,0.0,25.0,3.4,0.0
"2026-05-01","US64944P3073","64944P307","FLG","NYCB","NEW YORK COMMUNITY CAPITAL TRUST V","Financial Institutions","199325.0","199281.0","-44.0","0.05799","0.05888","0.00089","41.01","-1804.44","SELL","1","FLG",5255807,0.0,25.0,64.04,0.0
"2026-05-01","US2635343070","263534307","CTVA","CTVA","E I DU PONT DE NEMOURS AND CO","Industrial","114998.0","114972.0","-26.0","0.05695","0.05712","0.00017","68.96","-1792.96","SELL","1","CTVA",3800497,0.0,25.0,175.84,0.0
"2026-05-01","US75574U8383","75574U838","RC","RC","READY CAPITAL CORP","Financial Institutions","357434.0","357354.0","-80.0","0.0565","0.05764","0.00114","22.39","-1791.2","SELL","1","RC",1612657,0.0,25.0,-10.44,0.0
"2026-05-01","US20786W5031","20786W503","CNOB-A","CNOB","CONNECTONE BANCORP INC","Financial Institutions","316236.0","316164.0","-72.0","0.05633","0.05656","0.00023","24.83","-1787.76","SELL","1","","","",25.0,-0.68,""
"2026-05-01","US70931T3014","70931T301","PMT-A","PMT","PENNYMAC MORTGAGE INVESTMENT TRUST","Financial Institutions","328969.0","328895.0","-74.0","0.0563","0.0567","0.0004","23.93","-1770.82","SELL","1","PMT-PA",5607,0.0,25.0,-4.28,0.0
"2026-05-01","US2256552082","225655208","CCABDC","FCRX","CRESCENT CAPITAL BDC   NOTES DUE I","Financial Institutions","306924.0","306854.0","-70.0","0.05526","0.05542","0.00016","25.07","-1754.9","SELL","1","","","",25.0,0.28,""
"2026-05-01","US64828T3005","64828T300","RITM-A","RITM","NEW RESIDENTIAL INVESTMENT CORP","Financial Institutions","301101.0","301033.0","-68.0","0.05573","0.05481","-0.00092","25.27","-1718.36","SELL","1","RITM-PA",19009,0.0,25.0,1.08,0.0
"2026-05-01","US02665T8687","02665T868","AMH-H","AMH","AMERICAN HOMES 4 RENT","Financial Institutions","316239.0","316167.0","-72.0","0.05387","0.0541","0.00023","23.75","-1710.0","SELL","1","AMH-PH",7551,0.0,25.0,-5.0,0.0
"2026-05-01","US68003D2045","68003D204","ONB-A","ONB","OLD NATIONAL BANCORP","Financial Institutions","296990.0","296922.0","-68.0","0.05326","0.05337","0.00011","24.95","-1696.6","SELL","1","","","",25.0,-0.2,""
"2026-05-01","US70931T8062","70931T806","PMT","PMT","PENNYMAC MORTGAGE INVESTMENT TRUST","Financial Institutions","288736.0","288670.0","-66.0","0.05298","0.05341","0.00043","25.68","-1694.88","SELL","1","PMT",1148207,0.0,25.0,2.72,0.0
"2026-05-01","US74460W4877","74460W487","PSA-O","PSA","PUBLIC STORAGE","Financial Institutions","486260.0","486150.0","-110.0","0.05354","0.05362","8e-05","15.31","-1684.1","SELL","1","PSA-PO",17356,0.0,25.0,-38.76,0.0
"2026-05-01","US0605055914","060505591","BAC","BAC","BANK OF AMERICA DEPOSITORY SHARES","Financial Institutions","372353.0","372269.0","-84.0","0.05359","0.05361","2e-05","19.99","-1679.16","SELL","1","BAC",35519640,0.0,25.0,-20.04,0.0
"2026-05-01","US12621E3018","12621E301","CNO","CNO","CNO FINANCIAL GROUP INC","Financial Institutions","412441.0","412347.0","-94.0","0.05287","0.05303","0.00016","17.85","-1677.9","SELL","1","CNO",670407,0.0,25.0,-28.6,0.0
"2026-05-01","KYG3730V1398","-","FTAI-C","FTAI","FTAI AVIATION   FIXED RATE RESET C","Industrial","288772.0","288706.0","-66.0","0.05253","0.05275","0.00022","25.36","-1673.76","SELL","1","","","",25.0,1.44,""
"2026-05-01","US3205178656","320517865","FHN-F","FHN","FIRST HORIZON CORP (TENNESSEE)","Financial Institutions","412441.0","412347.0","-94.0","0.05267","0.05288","0.00021","17.8","-1673.2","SELL","1","FHN-PF",9266,0.0,25.0,-28.8,0.0
"2026-05-01","US7588498896","758849889","REG-A","REG","REGENCY CENTERS   SERIES A CUMULAT","Financial Institutions","316237.0","316165.0","-72.0","0.05237","0.05266","0.00029","23.12","-1664.64","SELL","1","","","",25.0,-7.52,""
"2026-05-01","US0259328070","025932807","AFG","AFG","AMERICAN FINANCIAL GROUP INC","Financial Institutions","343732.0","343654.0","-78.0","0.05236","0.05276","0.0004","21.31","-1662.18","SELL","1","AFG",559630,0.0,25.0,-14.76,0.0
"2026-05-01","US25432X2018","25432X201","DCOM","DCOM","DIME COMMUNITY BANCSHARES CUMULATI","Financial Institutions","378972.0","378886.0","-86.0","0.05318","0.0526","-0.00058","19.27","-1657.22","SELL","1","DCOM",302640,0.0,25.0,-22.92,0.0
"2026-05-01","US80349A8027","80349A802","SAR","SAR","SARATOGA INVESTMENT CORP","Financial Institutions","290099.0","290033.0","-66.0","0.05209","0.05232","0.00023","25.04","-1652.64","SELL","1","SAR",108740,0.0,25.0,0.16,0.0
"2026-05-01","US3793784097","379378409","GNL-B","GNL","GLOBAL NET LEASE INC","Financial Institutions","335781.0","335705.0","-76.0","0.05233","0.05248","0.00015","21.7","-1649.2","SELL","1","GNL-PB",7732,0.0,25.0,-13.2,0.0
"2026-05-01","US02665T8760","02665T876","AMH-G","AMH","AMERICAN HOMES 4 RENT","Financial Institutions","316237.0","316165.0","-72.0","0.05162","0.05196","0.00034","22.81","-1642.32","SELL","1","AMH-PG",3955,0.0,25.0,-8.76,0.0
"2026-05-01","US7588498714","758849871","REG-B","REG","REGENCY CENTERS   SERIES B CUMULAT","Financial Institutions","328969.0","328895.0","-74.0","0.05302","0.05232","-0.0007","22.08","-1633.92","SELL","1","","","",25.0,-11.68,""
"2026-05-01","US22948Q2003","22948Q200","CTO-A","CTO","CTO REALTY GROWTH INC","Financial Institutions","337055.0","336979.0","-76.0","0.05064","0.05195","0.00131","21.4","-1626.4","SELL","1","CTO-PA",2243,0.0,25.0,-14.4,0.0
"2026-05-01","US53803X4025","53803X402","LOB-A","LOB","LIVE OAK BANCSHARES INC","Financial Institutions","286060.0","285996.0","-64.0","0.05202","0.05221","0.00019","25.34","-1621.76","SELL","1","LOB-PA",12093,0.0,25.0,1.36,0.0
"2026-05-01","US2298993070","229899307","CFR-B","CFR","CULLEN FROST BANKERS DRC INC","Financial Institutions","412441.0","412347.0","-94.0","0.05068","0.05071","3e-05","17.07","-1604.58","SELL","1","CFR-PB",11718,0.0,25.0,-31.72,0.0
"2026-05-01","US9197943056","919794305","VLY-B","VLY","VALLEY NATL NON CUM PERP PREF SERI","Financial Institutions","286060.0","285996.0","-64.0","0.05136","0.05145","9e-05","24.97","-1598.08","SELL","1","","","",25.0,-0.12,""
"2026-05-01","US16208T2015","16208T201","CLDT-A","CLDT","CHATHAM LODGING TRUST","Financial Institutions","343239.0","343161.0","-78.0","0.05017","0.05027","0.0001","20.34","-1586.52","SELL","1","CLDT-PA",9524,0.0,25.0,-18.64,0.0
"2026-05-01","US28852N4060","28852N406","EFC-C","EFC","ELLINGTON FINANCIAL INC","Financial Institutions","274974.0","274912.0","-62.0","0.04996","0.0506","0.00064","25.55","-1584.1","SELL","1","EFC-PC",4219,0.0,25.0,2.2,0.0
"2026-05-01","US7580758578","758075857","RWT","RWT","REDWOOD TRUST INC","Financial Institutions","274956.0","274894.0","-62.0","0.04957","0.04997","0.0004","25.23","-1564.26","SELL","1","RWT",1552307,0.0,25.0,0.92,0.0
"2026-05-01","US73317H2067","73317H206","BPOP","BPOP","POPULAR CAPITAL TRUST II","Financial Institutions","277781.0","277719.0","-62.0","0.05059","0.05042","-0.00017","25.2","-1562.4","SELL","1","BPOP",524953,0.0,25.0,0.8,0.0
"2026-05-01","US8043958797","804395879","BFS-E","BFS","SAUL CENTERS INC","Financial Institutions","314574.0","314504.0","-70.0","0.05025","0.05039","0.00014","22.24","-1556.8","SELL","1","BFS-PE",4733,0.0,25.0,-11.04,0.0
"2026-05-01","US3131488278","313148827","AGMPP","FAMCA","FEDERAL AGRIC MTG NON CUMULATIVE P","Agency","286060.0","285996.0","-64.0","0.04955","0.05009","0.00054","24.31","-1555.84","SELL","1","","","",25.0,-2.76,""
"2026-05-01","US6943082064","694308206","PCG-A","PCG","PACIFIC GAS & ELEC CO","Utility","301179.0","301111.0","-68.0","0.0492","0.04939","0.00019","22.77","-1548.36","SELL","1","PCG-PA",6282,0.0,25.0,-8.92,0.0
"2026-05-01","US29364P1030","29364P103","ETR","ETR","ENTERGY NEW ORLEANS INC","Utility","314573.0","314503.0","-70.0","0.05011","0.05005","-6e-05","22.09","-1546.3","SELL","1","ETR",3129613,0.0,25.0,-11.64,0.0
"2026-05-01","US00489Q3002","00489Q300","ACR-D","ACR","ACRES COMMERCIAL REALTY CORP","Financial Institutions","309849.0","309779.0","-70.0","0.04865","0.04838","-0.00027","21.68","-1517.6","SELL","1","ACR-PD",5204,0.0,25.0,-13.28,0.0
"2026-05-01","US5290433094","529043309","LXP-C","LXP","LXP INDUSTRIAL TRUST","Financial Institutions","138368.0","138336.0","-32.0","0.04528","0.04663","0.00135","46.79","-1497.28","SELL","1","LXP-PC",1887,0.0,25.0,87.16,0.0
"2026-05-01","US20451Q2030","20451Q203","CODI-A","CODI","COMPASS DIVERSIFIED HOLDINGS","Financial Institutions","321496.0","321424.0","-72.0","0.0471","0.04777","0.00067","20.63","-1485.36","SELL","1","CODI-PA",8344,0.0,25.0,-17.48,0.0
"2026-05-01","US74348T5653","74348T565","PSEC-A","PSEC","PROSPECT CAPITAL CORP","Financial Institutions","360943.0","360861.0","-82.0","0.04597","0.04643","0.00046","17.86","-1464.52","SELL","1","PSEC-PA",7780,0.0,25.0,-28.56,0.0
"2026-05-01","US3131488435","313148843","FAMCA","FAMCA","FEDERAL AGRICULTURAL MORTGAGE CORP","Agency","329927.0","329853.0","-74.0","0.04547","0.04558","0.00011","19.18","-1419.32","SELL","1","","","",25.0,-23.28,""
"2026-05-01","US74460W4463","74460W446","PSA-Q","PSA","PUBLIC STORAGE","Financial Institutions","395279.0","395189.0","-90.0","0.04392","0.0442","0.00028","15.53","-1397.7","SELL","1","PSA-PQ",14970,0.0,25.0,-37.88,0.0
"2026-05-01","US3131488351","313148835","FAMCA","FAMCA","FEDERAL AGRICULTURAL MORTGAGE   NO","Agency","343732.0","343654.0","-78.0","0.0435","0.04388","0.00038","17.73","-1382.94","SELL","1","","","",25.0,-29.08,""
"2026-05-01","US14040H7742","14040H774","COF-K","COF","CAPITAL ONE FINANCIAL CORPORATION","Financial Institutions","343732.0","343654.0","-78.0","0.04355","0.0438","0.00025","17.69","-1379.82","SELL","1","COF-PK",9812,0.0,25.0,-29.24,0.0
"2026-05-01","US9116847024","911684702","UZA","AD","UNITED STATES CELLULAR CORPORATION","Industrial","302736.0","302668.0","-68.0","0.04362","0.04416","0.00054","20.25","-1377.0","SELL","1","","","",25.0,-19.0,""
"2026-05-01","US0454872047","045487204","ASB-E","ASB","ASSOCIATED BANC DEPOSITARY SHARES","Financial Institutions","286052.0","285988.0","-64.0","0.04314","0.04337","0.00023","21.05","-1347.2","SELL","1","ASB-PE",3193,0.0,25.0,-15.8,0.0
"2026-05-01","US70509V6056","70509V605","PEB-E","PEB","PEBBLEBROOK HOTEL TRUST","Financial Institutions","293158.0","293092.0","-66.0","0.04187","0.04206","0.00019","19.92","-1314.72","SELL","1","PEB-PE",15100,0.0,25.0,-20.32,0.0
"2026-05-01","US3131488682","313148868","FAMCA","FAMCA","FEDERAL AGRICULTURAL MORTGAGE CORP","Agency","274955.0","274893.0","-62.0","0.04072","0.04095","0.00023","20.68","-1282.16","SELL","1","","","",25.0,-17.28,""
"2026-05-01","US56029Q4082","56029Q408","MHLD","MHLD","MAIDEN HOLDINGS NORTH AMERICA LTD","Financial Institutions","419284.0","419190.0","-94.0","0.04089","0.04118","0.00029","13.64","-1282.16","SELL","1","","","",25.0,-45.44,""
"2026-05-01","US3765468596","376546859","GAIN","GAIN","GLADSTONE INVESTMENT CORP","Financial Institutions","286550.0","286500.0","-50.0","0.05238","0.05253","0.00015","25.45","-1272.5","SELL","1","GAIN",368400,0.0,25.0,1.8,0.0
"2026-05-01","US80349A8514","80349A851","SAR","SAR","SARATOGA INVESTMENT CORP","Financial Institutions","274825.0","274775.0","-50.0","0.05006","0.05038","0.00032","25.45","-1272.5","SELL","1","SAR",108740,0.0,25.0,1.8,0.0
"2026-05-01","US0454874027","045487402","ASB-F","ASB","ASSOCIATED BANC-CORP","Financial Institutions","274956.0","274894.0","-62.0","0.04032","0.0405","0.00018","20.45","-1267.9","SELL","1","ASB-PF",6753,0.0,25.0,-18.2,0.0
"2026-05-01","US78163D4079","78163D407","RWAY","RWAY","RUNWAY GROWTH FINANCE","Financial Institutions","274825.0","274775.0","-50.0","0.05","0.04997","-3e-05","25.24","-1262.0","SELL","1","RWAY",681813,0.0,25.0,0.96,0.0
"2026-05-01","US00489Q2012","00489Q201","ACR-C","ACR","ACRES COMMERCIAL REALTY .625 FIXED","Financial Institutions","329225.0","329175.0","-50.0","0.0594","0.05972","0.00032","25.18","-1259.0","SELL","1","ACR-PC",8276,0.0,25.0,0.72,0.0
"2026-05-01","US55272X7066","55272X706","MFA","MFA","MFA FINANCIAL INC","Financial Institutions","330250.0","330200.0","-50.0","0.06065","0.05959","-0.00106","25.05","-1252.5","SELL","1","MFA",1400333,0.0,25.0,0.2,0.0
"2026-05-01","US9116848840","911684884","UZC","AD","UNITED STATES CELLULAR CORPORATION","Industrial","299056.0","298988.0","-68.0","0.039","0.03895","-5e-05","18.08","-1229.44","SELL","1","","","",25.0,-27.68,""
"2026-05-01","US8660827044","866082704","INN-F","INN","SUMMIT HOTEL PROPERTIES INC","Financial Institutions","286068.0","286004.0","-64.0","0.03651","0.03637","-0.00014","17.65","-1129.6","SELL","1","INN-PF",3463,0.0,25.0,-29.4,0.0
"2026-05-01","US8678928040","867892804","SHO-H","SHO","SUNSTONE HOTEL INVESTORS INC","Financial Institutions","312236.0","312186.0","-50.0","0.04655","0.04708","0.00053","20.93","-1046.5","SELL","1","SHO-PH",9868,0.0,25.0,-16.28,0.0
"2026-05-01","US5602923022","560292302","MHLD","MHLD","MAIDEN HOLDINGS LTD","Financial Institutions","324677.0","324603.0","-74.0","0.0288","0.02923","0.00043","12.5","-925.0","SELL","1","","","",25.0,-50.0,""
"2026-05-01","US75574U8870","75574U887","RC-E","RC","READY CAPITAL CORP","Financial Institutions","316201.0","316129.0","-72.0","0.0285","0.02894","0.00044","12.71","-915.12","SELL","1","RC-PE",10190,0.0,25.0,-49.16,0.0
"2026-05-01","US5835432023","583543202","SLNH-A","SLNH","SOLUNA HOLDINGS INC","Industrial","375338.0","375238.0","-100.0","0.02224","0.02438","0.00214","9.02","-902.0","SELL","1","","","",25.0,-63.92,""
"2026-05-01","US10482B2007","10482B200","BHR-B","BHR","BRAEMAR HOTEL & RESORTS INC","Financial Institutions","225707.0","225657.0","-50.0","0.02448","0.02435","-0.00013","14.98","-749.0","SELL","1","BHR-PB",10321,0.0,25.0,-40.08,0.0
"2026-05-01","US7443208704","744320870","PRU","PRU","PRUDENTIAL FINANCIAL INC","Financial Institutions","828782.0","828782.0","0.0","0.14256","0.14307","0.00051","23.96","0.0","UNCHANGED","1","","","","","",""
"2026-05-01","US0625403078","062540307","BOH","BOH","BANK OF HAWAII CORP","Financial Institutions","452299.0","452299.0","0.0","0.08592","0.08626","0.00034","26.47","0.0","UNCHANGED","1","","","","","",""
"2026-05-01","US05461T3059","05461T305","AXS-E","AXS","AXIS CAPITAL HOLDINGS LTD","Financial Institutions","1507574.0","1507574.0","0.0","0.21254","0.21354","0.001","19.66","0.0","UNCHANGED","1","","","","","",""
"2026-05-01","US29452E2000","29452E200","EQH-A","EQH","EQUITABLE HLDNGS  DRC REPRESENTING","Financial Institutions","2192816.0","2192816.0","0.0","0.31135","0.31281","0.00146","19.8","0.0","UNCHANGED","1","","","","","",""
"2026-05-01","US78442P5026","78442P502","SLM-B","SLM","SLM CORP","Financial Institutions","172068.0","172068.0","0.0","0.09256","0.09294","0.00038","74.97","0.0","UNCHANGED","1","","","","","",""
"2026-05-01","US34988VAF31","34988VAF3","FOSL","FOSL","FOSSIL GROUP INC","Industrial","1174925.0","1174925.0","0.0","0.00802","0.00804","2e-05","93.97","0.0","UNCHANGED","1","","","","","",""
"2026-05-01","US7244795065","724479506","PBI","PBI","PITNEY BOWES INC","Industrial","957402.0","957402.0","0.0","0.14447","0.14602","0.00155","21.17","0.0","UNCHANGED","1","","","","","",""
"2026-05-01","US0389238504","038923850","ABR-F","ABR","ARBOR REALTY TRUST INC","Financial Institutions","777196.0","777196.0","0.0","0.12978","0.13103","0.00125","23.4","0.0","UNCHANGED","1","","","","","",""
"2026-05-01","US0389238769","038923876","ABR-D","ABR","ARBOR REALTY TRUST INC","Financial Institutions","630421.0","630421.0","0.0","0.07652","0.07676","0.00024","16.9","0.0","UNCHANGED","1","","","","","",""
"2026-05-01","US3602713089","360271308","FULT-A","FULT","FULTON FINANCIAL CORPORATION","Financial Institutions","548221.0","548221.0","0.0","0.07284","0.07327","0.00043","18.55","0.0","UNCHANGED","1","","","","","",""
"2026-05-01","US5341878859","534187885","LNC-D","LNC","LINCOLN NATIONAL CORPORATION","Financial Institutions","1370485.0","1370485.0","0.0","0.26054","0.26274","0.0022","26.61","0.0","UNCHANGED","1","","","","","",""
"2026-05-01","US9388243076","938824307","WAFD-A","WAFD","WASHINGTON FEDERAL INC","Financial Institutions","822331.0","822331.0","0.0","0.09715","0.09775","0.0006","16.5","0.0","UNCHANGED","1","","","","","",""
"2026-05-01","US0625452075","062545207","BOH-A","BOH","BANK OF HAWAII CORP","Financial Institutions","493399.0","493399.0","0.0","0.05709","0.05752","0.00043","16.18","0.0","UNCHANGED","1","","","","","",""
"2026-05-01","US0389238686","038923868","ABR-E","ABR","ARBOR REALTY TRUST INC","Financial Institutions","394047.0","394047.0","0.0","0.04786","0.04794","8e-05","16.89","0.0","UNCHANGED","1","","","","","",""
"2026-05-01","US46817M2061","46817M206","JXN","JXN","JACKSON FINANCIAL INC","Financial Institutions","1507574.0","1507574.0","0.0","0.28227","0.28544","0.00317","26.28","0.0","UNCHANGED","1","","","","","",""
"2026-05-01","US7443208050","744320805","PRU","PRU","PRUDENTIAL FINANCIAL INC","Financial Institutions","1560818.0","1560818.0","0.0","0.26141","0.25819","-0.00322","22.96","0.0","UNCHANGED","1","","","","","",""
"2026-05-01","US06417N2027","06417N202","OZK-A","OZK","BANK OZK","Financial Institutions","959353.0","959353.0","0.0","0.11575","0.11432","-0.00143","16.54","0.0","UNCHANGED","1","","","","","",""
"2026-05-01","US3765493099","376549309","LAND-B","LAND","GLADSTONE LAND CORP","Financial Institutions","400235.0","400235.0","0.0","0.0608","0.06084","4e-05","21.1","0.0","UNCHANGED","1","","","","","",""
"2026-05-01","US29452E4089","29452E408","EQH-C","EQH","EQUITABLE HOLDINGS INC","Financial Institutions","822331.0","822331.0","0.0","0.09639","0.09669","0.0003","16.32","0.0","UNCHANGED","1","","","","","",""
"2026-05-01","US17259U4022","17259U402","CION","CICC","CION INVESTMENT   NOTES DUE CORP","Financial Institutions","342655.0","342655.0","0.0","0.06197","0.06219","0.00022","25.19","0.0","UNCHANGED","1","","","","","",""
"2026-05-01","US7443208886","744320888","PRU","PRU","PRUDENTIAL FINANCIAL INC","Financial Institutions","1381235.0","1381235.0","0.0","0.16715","0.16818","0.00103","16.9","0.0","UNCHANGED","1","","","","","",""
