"date","isin","cusip","ticker","ticker_raw","name","sector","prior_shares","today_shares","shares_delta","prior_weight","today_weight","weight_delta","price","dollar_flow","flow_type","gap_days","yahoo_ticker","adv_30d","overhang_days","par_value","price_vs_par_pct","signal_score"
"2026-06-10","-","-","USD","USD","USD CASH","Cash and/or Derivatives","-8594175.0","-9356743.0","-762568.0","-0.0006","-0.0007","-0.0001","100.0","-76256800.0","UNCHANGED","1","","","","","",""
"2026-06-10","US0970232049","097023204","BA","BA","BOEING CO","Industrial","7768011.0","7751063.0","-16948.0","0.0388","0.0383","-0.0005","65.98","-1118229.04","SELL","1","BA",6729392,0.0,25.0,163.92,0.0
"2026-06-10","US5949728530","594972853","STRC","MSTR","STRATEGY INC","Industrial","4613124.0","4603054.0","-10070.0","0.033","0.0331","0.0001","95.81","-964806.7","SELL","1","STRC",3301747,0.0,25.0,283.24,0.0
"2026-06-10","US68389X2045","68389X204","ORCL-D","ORCL","ORACLE CORPORATION","Industrial","6755850.0","6740650.0","-15200.0","0.0298","0.0297","-0.0001","58.74","-892848.0","SELL","1","ORCL-PD",1159455,0.0,25.0,134.96,0.0
"2026-06-10","US9497468044","949746804","WFC-L","WFC","WELLS FARGO & COMPANY SERIES L","Financial Institutions","268114.0","267525.0","-589.0","0.0233","0.0233","0.0","1160.98","-683817.22","SELL","1","WFC-PL",5438,0.1,1000.0,16.1,0.0
"2026-06-10","US42824C2089","42824C208","HPE-A","HPE","HEWLETT PACKARD ENTERPRISE CONV PR","Industrial","2027244.0","2022817.0","-4427.0","0.0186","0.0177","-0.0009","116.65","-516409.55","SELL","1","","","",1000.0,-88.33,""
"2026-06-10","US0669224778","066922477","XTSLA","XTSLA","BLK CSH FND TREASURY SL AGENCY","Cash and/or Derivatives","41217577.0","40721041.0","-496536.0","0.0031","0.0031","0.0","1.0","-496536.0","UNCHANGED","1","","","","","",""
"2026-06-10","US0605056821","060505682","BAC-L","BAC","BANK OF AMERICA CORP","Financial Institutions","153280.0","152938.0","-342.0","0.0139","0.014","0.0001","1223.47","-418426.74","SELL","1","BAC-PL",8165,0.0,1000.0,22.35,0.0
"2026-06-10","US0126532003","012653200","ALB","ALB","ALBEMARLE CORP","Industrial","3108440.0","3101657.0","-6783.0","0.0142","0.0139","-0.0003","59.7","-404945.1","SELL","1","ALB",2015715,0.0,25.0,138.8,0.0
"2026-06-10","US1730802014","173080201","C","C","CITIGROUP CAPITAL XIII","Financial Institutions","6070946.0","6057703.0","-13243.0","0.0129","0.013","0.0001","28.69","-379941.67","SELL","1","C",10577477,0.0,25.0,14.76,0.0
"2026-06-10","US5950173022","595017302","MCHP","MCHP","MICROCHIP TECHNOLOGY INCORPORATED","Industrial","2005316.0","2000946.0","-4370.0","0.0115","0.0111","-0.0004","74.26","-324516.2","SELL","1","MCHP",11325955,0.0,25.0,197.04,0.0
"2026-06-10","US65339F6557","65339F655","NEE-V","NEE","NEXTERA ENERGY INC","Utility","3108440.0","3101657.0","-6783.0","0.0108","0.0109","0.0001","46.85","-317783.55","SELL","1","NEE-PV",543641,0.0,25.0,87.4,0.0
"2026-06-10","US48251W5004","48251W500","KKR-D","KKR","KKR & CO INC","Financial Institutions","3493681.0","3486062.0","-7619.0","0.0107","0.0107","0.0","40.86","-311312.34","SELL","1","KKR-PD",170803,0.0,25.0,63.44,0.0
"2026-06-10","US65339F6631","65339F663","NEE-S","NEECU","NEXTERA ENERGY UNITS INC","Utility","2702992.0","2697102.0","-5890.0","0.0106","0.0106","0.0","52.63","-309990.7","SELL","1","NEE-PS",330208,0.0,25.0,110.52,0.0
"2026-06-10","US8425878423","842587842","SO-A","SO","SOUTHERN COMPANY (THE)","Utility","2700294.0","2694404.0","-5890.0","0.0102","0.0103","0.0001","50.96","-300154.4","SELL","1","SOPA",2899873,0.0,25.0,103.84,0.0
"2026-06-10","US03769M3043","03769M304","APO","APO","APOLLO GLOBAL MANAGEMENT INC","Financial Institutions","1940701.0","1936464.0","-4237.0","0.0098","0.0098","0.0","67.26","-284980.62","SELL","1","APO",3372152,0.0,25.0,169.04,0.0
"2026-06-10","US48128B6487","48128B648","JPM-EE","JPM","JPMORGAN CHASE & CO","Financial Institutions","5000536.0","4989630.0","-10906.0","0.0094","0.0094","0.0","25.23","-275158.38","SELL","1","","","",25.0,0.92,""
"2026-06-10","US48128B6552","48128B655","JPM-DD","JPM","JPMORGAN CHASE & CO","Financial Institutions","4584962.0","4574968.0","-9994.0","0.0081","0.0082","0.0001","23.87","-238556.78","SELL","1","","","",25.0,-4.52,""
"2026-06-10","US10950A2050","10950A205","BTSG","BTSG","BRIGHTSPRING HEALTH SERVICES UNITS","Industrial","539913.0","538735.0","-1178.0","0.0082","0.0081","-0.0001","201.64","-237531.92","SELL","1","BTSG",2852979,0.0,1000.0,-79.84,0.0
"2026-06-10","US65339F1194","65339F119","NEE-T","NEECV","NEXTERA ENERGY UNITS INC","Utility","2024566.0","2020158.0","-4408.0","0.0074","0.0075","0.0001","49.2","-216873.6","SELL","1","NEE-PT",159625,0.0,25.0,96.8,0.0
"2026-06-10","US94988U1512","94988U151","WFC-Z","WFC","WELLS FARGO & COMPANY","Financial Institutions","5392656.0","5380895.0","-11761.0","0.0074","0.0074","0.0","18.39","-216284.79","SELL","1","WFC-PZ",181022,0.1,25.0,-26.44,2.64
"2026-06-10","US48128B5497","48128B549","JPM-LL","JPM","JPMORGAN CHASE NON-CUMULATIVE PREF","Financial Institutions","4981225.0","4970357.0","-10868.0","0.0069","0.0069","0.0","18.5","-201058.0","SELL","1","","","",25.0,-26.0,""
"2026-06-10","US48128B5232","48128B523","JPM-MM","JPM","JPMORGAN CHASE AND CO DS REPSTG T","Financial Institutions","5385142.0","5373400.0","-11742.0","0.0068","0.0068","0.0","17.0","-199614.0","SELL","1","","","",25.0,-32.0,""
"2026-06-10","US69331C3060","69331C306","PCG-A","PCG","PG&E CORPORATION","Utility","2172596.0","2167865.0","-4731.0","0.0066","0.0067","0.0001","41.3","-195390.3","SELL","1","PCG-PA",6087,0.8,25.0,65.2,0.0
"2026-06-10","US03990B3096","03990B309","ARES-B","ARES","ARES MANAGEMENT CORP","Financial Institutions","2024017.0","2019609.0","-4408.0","0.0064","0.0064","0.0","42.21","-186061.68","SELL","1","ARES-PB",123582,0.0,25.0,68.84,0.0
"2026-06-10","US00206R7061","00206R706","T-C","T","AT&T INC","Industrial","4722919.0","4712621.0","-10298.0","0.0063","0.0063","0.0","17.77","-182995.46","SELL","1","T-PC",108280,0.1,25.0,-28.92,2.89
"2026-06-10","US5949728795","594972879","STRF","MSTR","STRATEGY INC","Industrial","680855.0","678955.0","-1900.0","0.0047","0.0048","0.0001","93.6","-177840.0","SELL","1","STRF",85079,0.0,25.0,274.4,0.0
"2026-06-10","US1167942077","116794207","BRKR","BRKR","BRUKER CORPORATION","Industrial","186510.0","186111.0","-399.0","0.0058","0.0057","-0.0001","410.89","-163945.11","SELL","1","BRKR",2615138,0.0,1000.0,-58.91,0.0
"2026-06-10","US69351T8669","69351T866","PPL","PPL","PPL CORPORATION","Utility","1551433.0","1548051.0","-3382.0","0.0056","0.0056","0.0","48.06","-162538.92","SELL","1","PPL",8671482,0.0,25.0,92.24,0.0
"2026-06-10","US48128B5802","48128B580","JPM-JJ","JPM","JPMORGAN CHASE DRC","Financial Institutions","4032396.0","4023599.0","-8797.0","0.0055","0.0055","0.0","18.21","-160193.37","SELL","1","","","",25.0,-27.16,""
"2026-06-10","US00206R3003","00206R300","T","T","AT&T INC","Industrial","3568204.0","3560414.0","-7790.0","0.0054","0.0054","0.0","20.4","-158916.0","SELL","1","T",35773551,0.0,25.0,-18.4,0.0
"2026-06-10","US14040H8245","14040H824","COF-I","COF","CAPITAL ONE FINANCIAL CORPORATION","Financial Institutions","4039697.0","4030881.0","-8816.0","0.0054","0.0054","0.0","17.88","-157630.08","SELL","1","COF-PI",107030,0.1,25.0,-28.48,2.85
"2026-06-10","US38144G8042","38144G804","GS-D","GS","GOLDMAN SACHS GROUP INC","Financial Institutions","3648972.0","3641011.0","-7961.0","0.0052","0.0052","0.0","19.1","-152055.1","SELL","1","GS-PD",105318,0.1,25.0,-23.6,2.36
"2026-06-10","US61762V8384","61762V838","MS-Q","MS","MORGAN STANLEY","Financial Institutions","2687086.0","2681234.0","-5852.0","0.0051","0.0051","0.0","25.38","-148523.76","SELL","1","MS-PQ",56020,0.1,25.0,1.52,0.0
"2026-06-10","US61761J4067","61761J406","MS-I","MS","MORGAN STANLEY","Financial Institutions","2686846.0","2680994.0","-5852.0","0.0051","0.0051","0.0","25.27","-147880.04","SELL","1","MS-PI",50583,0.1,25.0,1.08,0.0
"2026-06-10","US61762V8533","61762V853","MS-P","MS","MORGAN STANLEY DS REPRESENTING F","Financial Institutions","2702993.0","2697103.0","-5890.0","0.005","0.0051","0.0001","24.99","-147191.1","SELL","1","MS-PP",58304,0.1,25.0,-0.04,0.0
"2026-06-10","US0605052291","060505229","BAC-GG","BAC","BANK OF AMERICA CORP","Financial Institutions","2687207.0","2681355.0","-5852.0","0.005","0.005","0.0","24.93","-145890.36","SELL","1","","","",25.0,-0.28,""
"2026-06-10","US26441C5013","26441C501","DUK-A","DUK","DUKE ENERGY CORP","Utility","2697485.0","2691595.0","-5890.0","0.0049","0.005","0.0001","24.56","-144658.4","SELL","1","DUK-PA",63894,0.1,25.0,-1.76,0.18
"2026-06-10","US61762V6065","61762V606","MS-K","MS","MORGAN STANLEY","Financial Institutions","2702993.0","2697103.0","-5890.0","0.0047","0.0048","0.0001","23.5","-138415.0","SELL","1","MS-PK",45723,0.1,25.0,-6.0,0.6
"2026-06-10","US0200028381","020002838","ALL-H","ALL","ALLSTATE CORPORATION (THE)","Financial Institutions","3101736.0","3094972.0","-6764.0","0.0046","0.0046","0.0","20.0","-135280.0","SELL","1","ALL-PH",68375,0.1,25.0,-20.0,2.0
"2026-06-10","US00206R5081","00206R508","T-A","T","AT&T INC","Industrial","3236695.0","3229627.0","-7068.0","0.0046","0.0046","0.0","18.94","-133867.92","SELL","1","T-PA",82618,0.1,25.0,-24.24,2.42
"2026-06-10","US61763E2072","61763E207","MS-F","MS","MORGAN STANLEY","Financial Institutions","2313162.0","2308108.0","-5054.0","0.0044","0.0044","0.0","25.57","-129230.78","SELL","1","MS-PF",75923,0.1,25.0,2.28,0.0
"2026-06-10","US65339K8374","65339K837","NEE-U","NEE","NEXTERA ENERGY CAPITAL HOLDINGS IN","Utility","2354025.0","2348800.0","-5225.0","0.0043","0.0043","0.0","24.69","-129005.25","SELL","1","","","",25.0,-1.24,""
"2026-06-10","US61762V8616","61762V861","MS-O","MS","MORGAN STANLEY","Financial Institutions","3487311.0","3479711.0","-7600.0","0.0044","0.0044","0.0","16.81","-127756.0","SELL","1","MS-PO",103606,0.1,25.0,-32.76,3.28
"2026-06-10","US5949728613","594972861","STRD","MSTR","STRATEGY INC","Industrial","737448.0","735548.0","-1900.0","0.0036","0.0037","0.0001","66.87","-127053.0","SELL","1","STRD",102450,0.0,25.0,167.48,0.0
"2026-06-10","US61762V2007","61762V200","MS-E","MS","MORGAN STANLEY DS","Financial Institutions","2280941.0","2275963.0","-4978.0","0.0043","0.0043","0.0","25.35","-126192.3","SELL","1","MS-PE",41895,0.1,25.0,1.4,0.0
"2026-06-10","US14040H7825","14040H782","COF-J","COF","CAPITAL ONE FINANCIAL CORPORATION","Financial Institutions","3360822.0","3353488.0","-7334.0","0.0043","0.0043","0.0","17.19","-126071.46","SELL","1","COF-PJ",92023,0.1,25.0,-31.24,3.12
"2026-06-10","US06053U6010","06053U601","BAC-KK","BAC","BANK AMER DS REPRESENTING NON CU","Financial Institutions","2719998.0","2714070.0","-5928.0","0.0043","0.0043","0.0","21.14","-125317.92","SELL","1","","","",25.0,-15.44,""
"2026-06-10","US61747S5047","61747S504","MS","MS","MORGAN STANLEY","Financial Institutions","2949861.0","2943420.0","-6441.0","0.0043","0.0043","0.0","19.43","-125148.63","SELL","1","MS",5346127,0.0,25.0,-22.28,0.0
"2026-06-10","US04686J8615","04686J861","ATH-A","ATH","ATHENE HOLDING DS REPRESENTING P","Financial Institutions","2318458.0","2313404.0","-5054.0","0.0042","0.0042","0.0","24.46","-123620.84","SELL","1","ATH-PA",30814,0.2,25.0,-2.16,0.43
"2026-06-10","US94988U1280","94988U128","WFC-AA","WFC","WELLS FARGO & COMPANY","Financial Institutions","3112184.0","3105401.0","-6783.0","0.0042","0.0042","0.0","18.21","-123518.43","SELL","1","","","",25.0,-27.16,""
"2026-06-10","US98389B8789","98389B878","XEL","XEL","XCEL ENERGY INC","Utility","2427250.0","2422025.0","-5225.0","0.0043","0.0043","0.0","23.62","-123414.5","SELL","1","XEL",5375022,0.0,25.0,-5.52,0.0
"2026-06-10","CA67000B2030","67000B203","NOVTV","NOVT","NOVANTA TANGIBLE EQUITY UNITS INC","Industrial","852805.0","850943.0","-1862.0","0.0043","0.0041","-0.0002","64.92","-120881.04","SELL","1","","","",25.0,159.68,""
"2026-06-10","US95002Y4008","95002Y400","WFC-DD","WFC","WELLS FARGO & COMPANY","Financial Institutions","3323487.0","3316229.0","-7258.0","0.0041","0.0041","0.0","16.52","-119902.16","SELL","1","","","",25.0,-33.92,""
"2026-06-10","US1729672428","172967242","C-II","C","CITIGROUP INC","Financial Institutions","2162395.0","2157683.0","-4712.0","0.004","0.004","0.0","24.89","-117281.68","SELL","1","CPII",2207,2.1,25.0,-0.44,0.92
"2026-06-10","US0605051798","060505179","BAC-K","BAC","BANK OF AMERICA CORP","Financial Institutions","2063897.0","2059394.0","-4503.0","0.0039","0.0039","0.0","25.56","-115096.68","SELL","1","BAC-PK",46877,0.1,25.0,2.24,0.0
"2026-06-10","US8425878001","842587800","SO","SO","SOUTHERN COMPANY (THE)","Utility","2692304.0","2686433.0","-5871.0","0.0039","0.0039","0.0","19.35","-113603.85","SELL","1","SO",5417430,0.0,25.0,-22.6,0.0
"2026-06-10","US55261F8648","55261F864","MTB-J","MTB","M T BK DEP INT PERP PFD STK SER J","Financial Institutions","2022098.0","2017690.0","-4408.0","0.0039","0.0039","0.0","25.77","-113594.16","SELL","1","MTB-PJ",40258,0.1,25.0,3.08,0.0
"2026-06-10","US9029731554","902973155","USB-B","USB","US BANCORP","Financial Institutions","2702993.0","2697103.0","-5890.0","0.0038","0.0038","0.0","18.75","-110437.5","SELL","1","","","",25.0,-25.0,""
"2026-06-10","US5949728878","594972887","STRK","MSTR","STRATEGY INC","Industrial","737914.0","736299.0","-1615.0","0.0037","0.0038","0.0001","68.09","-109965.35","SELL","1","STRK",143981,0.0,25.0,172.36,0.0
"2026-06-10","US7593518852","759351885","RGA","RGA","REINSURANCE GROUP OF AMERICA INCOR","Financial Institutions","1886158.0","1881883.0","-4275.0","0.0036","0.0036","0.0","25.49","-108969.75","SELL","1","RGA",363570,0.0,25.0,1.96,0.0
"2026-06-10","US0357108705","035710870","NLY-F","NLY","ANNALY CAPITAL MANAGEMENT INC","Financial Institutions","1946169.0","1941932.0","-4237.0","0.0037","0.0037","0.0","25.56","-108297.72","SELL","1","NLY-PF",36452,0.1,25.0,2.24,0.0
"2026-06-10","US59156R8503","59156R850","MET-F","MET","METLIFE INC","Financial Institutions","2688514.0","2682643.0","-5871.0","0.0037","0.0037","0.0","18.41","-108085.11","SELL","1","MET-PF",93336,0.1,25.0,-26.36,2.64
"2026-06-10","US8085136005","808513600","SCHW-D","SCHW","CHARLES SCHWAB CORPORATION (THE)","Financial Institutions","2027245.0","2022818.0","-4427.0","0.0037","0.0037","0.0","24.19","-107089.13","SELL","1","SCHW-PD",50440,0.1,25.0,-3.24,0.32
"2026-06-10","US06055H2022","06055H202","BAC-LL","BAC","BANK OF AMERICA CORPORATION DEPOSI","Financial Institutions","2493092.0","2487658.0","-5434.0","0.0036","0.0037","0.0001","19.66","-106832.44","SELL","1","","","",25.0,-21.36,""
"2026-06-10","US59156R8768","59156R876","MET-E","MET","METLIFE INC","Financial Institutions","2164035.0","2159323.0","-4712.0","0.0036","0.0036","0.0","22.08","-104040.96","SELL","1","MET-PE",57019,0.1,25.0,-11.68,1.17
"2026-06-10","US95002Y2028","95002Y202","WFC-CC","WFC","WELLS FARGO & COMPANY","Financial Institutions","2781831.0","2775770.0","-6061.0","0.0035","0.0035","0.0","17.01","-103097.61","SELL","1","","","",25.0,-31.96,""
"2026-06-10","US00775V1044","00775V104","AEGON","AEGON","AEGON FUNDING CORPORATION II","Financial Institutions","2500268.0","2494815.0","-5453.0","0.0035","0.0035","0.0","18.85","-102789.05","SELL","1","","","",25.0,-24.6,""
"2026-06-10","US48128B6222","48128B622","JPM-GG","JPM","JPMORGAN CHASE & CO","Financial Institutions","2408819.0","2403556.0","-5263.0","0.0034","0.0034","0.0","19.01","-100049.63","SELL","1","","","",25.0,-23.96,""
"2026-06-10","US89832Q6952","89832Q695","TFC-R","TFC","TRUIST FINANCIAL DRC CORP","Financial Institutions","2492875.0","2487441.0","-5434.0","0.0034","0.0034","0.0","18.11","-98409.74","SELL","1","TFC-PR",59397,0.1,25.0,-27.56,2.76
"2026-06-10","US3453708378","345370837","F","F","FORD MOTOR COMPANY","Industrial","2148406.0","2143713.0","-4693.0","0.0033","0.0033","0.0","20.41","-95784.13","SELL","1","F",71835587,0.0,25.0,-18.36,0.0
"2026-06-10","US8168516040","816851604","SRE","SRE","SEMPRA ENERGY","Utility","2041125.0","2036679.0","-4446.0","0.0032","0.0032","0.0","21.12","-93899.52","SELL","1","SRE",3491992,0.0,25.0,-15.52,0.0
"2026-06-10","US94988U6560","94988U656","WFC-Y","WFC","WELLS FARGO & COMPANY","Financial Institutions","1865436.0","1861370.0","-4066.0","0.0032","0.0032","0.0","22.86","-92948.76","SELL","1","WFC-PY",33983,0.1,25.0,-8.56,0.86
"2026-06-10","US3453708451","345370845","F","F","FORD MOTOR COMPANY","Industrial","2013370.0","2008981.0","-4389.0","0.0031","0.0032","0.0001","20.93","-91861.77","SELL","1","F",71835587,0.0,25.0,-16.28,0.0
"2026-06-10","US0200027888","020002788","ALL-J","ALL","ALLSTATE DEP REPSTG TH NON CUM PE","Financial Institutions","1610459.0","1606944.0","-3515.0","0.0031","0.0031","0.0","25.94","-91179.1","SELL","1","ALL-PJ",31492,0.1,25.0,3.76,0.0
"2026-06-10","US65339K8606","65339K860","NEE-N","NEE","NEXTERA ENERGY CAPITAL HOLDINGS IN","Utility","1846102.0","1842074.0","-4028.0","0.0031","0.0031","0.0","22.54","-90791.12","SELL","1","","","",25.0,-9.84,""
"2026-06-10","US06055H8060","06055H806","BAC-QQ","BAC","BANK OF AMERICA CORP","Financial Institutions","2478665.0","2473250.0","-5415.0","0.0031","0.0031","0.0","16.72","-90538.8","SELL","1","","","",25.0,-33.12,""
"2026-06-10","US03769M2052","03769M205","APO","APO","APOLLO GLOBAL MANAGEMENT INC","Financial Institutions","1608660.0","1605145.0","-3515.0","0.003","0.0031","0.0001","25.37","-89175.55","SELL","1","APO",3372355,0.0,25.0,1.48,0.0
"2026-06-10","US65339K8291","65339K829","NEE-Z","NEE","NEXTERA ENERGY CAPITAL HOLDINGS IN","Utility","1610898.0","1607383.0","-3515.0","0.003","0.003","0.0","24.98","-87804.7","SELL","1","","","",25.0,-0.08,""
"2026-06-10","US4932678430","493267843","KEY","KEY","KEYCORP","Financial Institutions","1615300.0","1611785.0","-3515.0","0.003","0.003","0.0","24.8","-87172.0","SELL","1","KEY",10362974,0.0,25.0,-0.8,0.0
"2026-06-10","US0605051954","060505195","BAC-HH","BAC","BANK OF AMERICA DEP REPRESENTING","Financial Institutions","1625080.0","1621527.0","-3553.0","0.0029","0.003","0.0001","24.33","-86444.49","SELL","1","","","",25.0,-2.68,""
"2026-06-10","US38143Y6656","38143Y665","GS-A","GS","GOLDMAN SACHS GROUP INC","Financial Institutions","2018643.0","2014235.0","-4408.0","0.0029","0.0029","0.0","19.36","-85338.88","SELL","1","GS-PA",51745,0.1,25.0,-22.56,2.26
"2026-06-10","US00123Q8722","00123Q872","AGNC-F","AGNC","AGNC INVESTMENT CORP","Financial Institutions","1547371.0","1543989.0","-3382.0","0.0029","0.0029","0.0","25.22","-85294.04","SELL","1","","","",25.0,0.88,""
"2026-06-10","US2333317921","233331792","DTE-H","DTE","DTE ENERGY COMPANY","Utility","1616215.0","1612681.0","-3534.0","0.0029","0.0029","0.0","24.04","-84957.36","SELL","1","","","",25.0,-3.84,""
"2026-06-10","US48251W6093","48251W609","KKR-T","KKR","KKR & CO INC","Financial Institutions","1580331.0","1576892.0","-3439.0","0.0029","0.0029","0.0","24.54","-84393.06","SELL","1","","","",25.0,-1.84,""
"2026-06-10","US8425878670","842587867","SO","SO","SOUTHERN COMPANY (THE)","Utility","1516711.0","1513405.0","-3306.0","0.0029","0.0029","0.0","25.28","-83575.68","SELL","1","SO",5417434,0.0,25.0,1.12,0.0
"2026-06-10","US04686J8383","04686J838","ATH","ATH","ATHENE HOLDING LTD","Financial Institutions","1540075.0","1536712.0","-3363.0","0.0029","0.0029","0.0","24.8","-83402.4","SELL","1","","","",25.0,-0.8,""
"2026-06-10","US12542R3084","12542R308","CHSINC","CHSINC","CHS CUMULATIVE REDEEMABLE PREF CLA","Industrial","1443407.0","1440253.0","-3154.0","0.0028","0.0028","0.0","26.21","-82666.34","SELL","1","","","",25.0,4.84,""
"2026-06-10","US1258968452","125896845","CMS","CMS","CMS ENERGY CORPORATION","Utility","1696946.0","1693241.0","-3705.0","0.0028","0.0028","0.0","22.29","-82584.45","SELL","1","CMS",2930592,0.0,25.0,-10.84,0.0
"2026-06-10","US87165B2025","87165B202","SYF-A","SYF","SYNCHRONY FINANCIAL","Financial Institutions","2020821.0","2016546.0","-4275.0","0.0029","0.0029","0.0","18.94","-80968.5","SELL","1","SYF-PA",55023,0.1,25.0,-24.24,2.42
"2026-06-10","US7838922018","783892201","EIX-M","EIX","SCE TRUST VII","Utility","1486694.0","1483445.0","-3249.0","0.0028","0.0028","0.0","24.89","-80867.61","SELL","1","","","",25.0,-0.44,""
"2026-06-10","US21871X2080","21871X208","CRBG","CRBG","COREBRIDGE FINANCIAL INC","Financial Institutions","1621879.0","1618345.0","-3534.0","0.0027","0.0027","0.0","22.49","-79479.66","SELL","1","CRBG",7234740,0.0,25.0,-10.04,0.0
"2026-06-10","US12542R8034","12542R803","CHSINC","CHSINC","CHS INC","Industrial","1391847.0","1388807.0","-3040.0","0.0027","0.0027","0.0","25.78","-78371.2","SELL","1","","","",25.0,3.12,""
"2026-06-10","US06055H4002","06055H400","BAC-NN","BAC","BANK OF AMERICA CORP","Financial Institutions","2048969.0","2044504.0","-4465.0","0.0026","0.0026","0.0","17.28","-77155.2","SELL","1","","","",25.0,-30.88,""
"2026-06-10","US3453708113","345370811","F","F","FORD MOTOR COMPANY","Industrial","1613567.0","1610052.0","-3515.0","0.0026","0.0026","0.0","21.88","-76908.2","SELL","1","F",71836512,0.0,25.0,-12.48,0.0
"2026-06-10","US59156R5046","59156R504","MET-A","MET","METLIFE INC","Financial Institutions","1614142.0","1610627.0","-3515.0","0.0026","0.0026","0.0","21.81","-76662.15","SELL","1","MET-PA",66592,0.1,25.0,-12.76,1.28
"2026-06-10","US8794337613","879433761","TDS-VV","TDS","TELEPHONE AND DATA SYSTEMS INC","Industrial","1856059.0","1852012.0","-4047.0","0.0026","0.0026","0.0","18.85","-76285.95","SELL","1","","","",25.0,-24.6,""
"2026-06-10","US05990K8412","05990K841","BANC-F","BANC","BANC OF CALIFORNIA INC","Financial Institutions","1387285.0","1384264.0","-3021.0","0.0026","0.0026","0.0","25.15","-75978.15","SELL","1","BANC-PF",39402,0.1,25.0,0.6,0.0
"2026-06-10","US0200023093","020002309","ALL","ALL","ALLSTATE CORPORATION (THE)","Financial Institutions","1344472.0","1341546.0","-2926.0","0.0026","0.0026","0.0","25.83","-75578.58","SELL","1","ALL",1663913,0.0,25.0,3.32,0.0
"2026-06-10","US87165B4005","87165B400","SYF-B","SYF","SYNCHRONY FINANCIAL","Financial Institutions","1347865.0","1344920.0","-2945.0","0.0026","0.0026","0.0","25.6","-75392.0","SELL","1","SYF-PB",30151,0.1,25.0,2.4,0.0
"2026-06-10","US04686J5074","04686J507","ATH-E","ATH","ATHENE HLDG LTD DEP SHR REPSTG I","Financial Institutions","1337238.0","1334312.0","-2926.0","0.0025","0.0026","0.0001","25.55","-74759.3","SELL","1","ATH-PE",47562,0.1,25.0,2.2,0.0
"2026-06-10","US82846H5046","82846H504","QXO","QXO","QXO INC","Industrial","774504.0","772813.0","-1691.0","0.0027","0.0025","-0.0002","43.87","-74184.17","SELL","1","QXO",15852942,0.0,25.0,75.48,0.0
"2026-06-10","US7591EP8604","7591EP860","RF","RF","REGIONS FINANCIAL CORPORATION","Financial Institutions","1347903.0","1344958.0","-2945.0","0.0025","0.0025","0.0","25.16","-74096.2","SELL","1","RF",9878538,0.0,25.0,0.64,0.0
"2026-06-10","US4932677028","493267702","KEY-E","KEY","KEYCORP","Financial Institutions","1351467.0","1348522.0","-2945.0","0.0025","0.0025","0.0","24.98","-73566.1","SELL","1","","","",25.0,-0.08,""
"2026-06-10","US8425878837","842587883","SO-C","SO","SOUTHERN COMPANY (THE)","Utility","2011097.0","2006708.0","-4389.0","0.0025","0.0025","0.0","16.74","-73471.86","SELL","1","","","",25.0,-33.04,""
"2026-06-10","US7443208050","744320805","PRU","PRU","PRUDENTIAL FINANCIAL INC","Financial Institutions","1526698.0","1523373.0","-3325.0","0.0025","0.0025","0.0","22.04","-73283.0","SELL","1","PRU",1942757,0.0,25.0,-11.84,0.0
"2026-06-10","US9029737593","902973759","USB-K","USB","US BANCORP","Financial Institutions","1554259.0","1550877.0","-3382.0","0.0025","0.0025","0.0","21.6","-73051.2","SELL","1","","","",25.0,-13.6,""
"2026-06-10","US82452J3077","82452J307","FOUR","FOUR","SHIFT4 PAYMENTS INC","Industrial","675814.0","674332.0","-1482.0","0.0026","0.0025","-0.0001","49.12","-72795.84","SELL","1","FOUR",1579633,0.0,25.0,96.48,0.0
"2026-06-10","US7591EP7044","7591EP704","RF-C","RF","REGIONS FINANCIAL CORPORATION","Financial Institutions","1347650.0","1344705.0","-2945.0","0.0024","0.0024","0.0","24.14","-71092.3","SELL","1","RF-PC",31067,0.1,25.0,-3.44,0.34
"2026-06-10","US12542R7044","12542R704","CHSINC","CHSINC","CHS RESET RATE CUMULATIVE REDEEMAB","Industrial","1318957.0","1316107.0","-2850.0","0.0025","0.0025","0.0","24.89","-70936.5","SELL","1","","","",25.0,-0.44,""
"2026-06-10","US26441C4024","26441C402","DUK","DUK","DUKE ENERGY CORP","Utility","1347591.0","1344646.0","-2945.0","0.0024","0.0024","0.0","23.79","-70061.55","SELL","1","DUK",3068492,0.0,25.0,-4.84,0.0
"2026-06-10","US89832Q7455","89832Q745","TFC-O","TFC","TRUIST FINANCIAL PERPETUAL PREF SE","Financial Institutions","1549790.0","1546408.0","-3382.0","0.0024","0.0024","0.0","20.71","-70041.22","SELL","1","TFC-PO",38022,0.1,25.0,-17.16,1.72
"2026-06-10","US55261F8499","55261F849","MTB-K","MTB","M&T BANK CORPORATION","Financial Institutions","1211575.0","1208725.0","-2850.0","0.0022","0.0022","0.0","24.31","-69283.5","SELL","1","MTB-PK",30101,0.1,25.0,-2.76,0.28
"2026-06-10","US64828T7063","64828T706","RITM-D","RITM","NEW RESIDENTIAL INVESTMENT CORP","Financial Institutions","1256887.0","1254151.0","-2736.0","0.0023","0.0023","0.0","24.96","-68290.56","SELL","1","RITM-PD",38375,0.1,25.0,-0.16,0.02
"2026-06-10","US3167736053","316773605","FITB-I","FITB","FIFTH THIRD BANCORP DEPOSITARY SHA","Financial Institutions","1216294.0","1213634.0","-2660.0","0.0023","0.0023","0.0","25.66","-68255.6","SELL","1","","","",25.0,2.64,""
"2026-06-10","US6494452021","649445202","FLG-A","FLG","NEW YORK COMMUNITY BANCORP INT FXD","Financial Institutions","1386391.0","1383370.0","-3021.0","0.0023","0.0023","0.0","22.45","-67821.45","SELL","1","FLG-PA",23013,0.1,25.0,-10.2,1.02
"2026-06-10","US9029737189","902973718","USB-M","USB","US BANCORP","Financial Institutions","2003980.0","1999610.0","-4370.0","0.0023","0.0023","0.0","15.4","-67298.0","SELL","1","","","",25.0,-38.4,""
"2026-06-10","BMG1624R1079","-","BPY","BPY","BROOKFIELD PROPERTY PREFERRED PREF","Industrial","1813996.0","1810044.0","-3952.0","0.0023","0.0023","0.0","16.86","-66630.72","SELL","1","","","",25.0,-32.56,""
"2026-06-10","US0357108473","035710847","NLY-I","NLY","ANNALY CAPITAL MANAGEMENT INC","Financial Institutions","1196072.0","1193469.0","-2603.0","0.0023","0.0023","0.0","25.36","-66012.08","SELL","1","NLY-PI",34285,0.1,25.0,1.44,0.0
"2026-06-10","US8574778556","857477855","STT-G","STT","STATE STREET CORP","Financial Institutions","1351467.0","1348522.0","-2945.0","0.0021","0.0021","0.0","21.25","-62581.25","SELL","1","STT-PG",34062,0.1,25.0,-15.0,1.5
"2026-06-10","US0357108622","035710862","NLY-G","NLY","ANNALY CAPITAL MANAGEMENT INC","Financial Institutions","1148725.0","1146217.0","-2508.0","0.0021","0.0021","0.0","24.94","-62549.52","SELL","1","NLY-PG",17687,0.1,25.0,-0.24,0.02
"2026-06-10","US9182842099","918284209","VSEC","VSEC","VSE CORP","Industrial","618814.0","617465.0","-1349.0","0.0022","0.0021","-0.0001","46.2","-62323.8","SELL","1","VSEC",462028,0.0,25.0,84.8,0.0
"2026-06-10","US97650W7020","97650W702","WTFC-F","WTFC","WINTRUST FINANCIAL CORPORATION","Financial Institutions","1144450.0","1142075.0","-2375.0","0.0022","0.0022","0.0","26.21","-62248.75","SELL","1","","","",25.0,4.84,""
"2026-06-10","US06055H6080","06055H608","BAC-PP","BAC","BANK OF AMERICA DRC CORP","Financial Institutions","1731421.0","1727640.0","-3781.0","0.0021","0.0021","0.0","16.37","-61894.97","SELL","1","BAC-PP",53347,0.1,25.0,-34.52,3.45
"2026-06-10","US0082528276","008252827","AMG","AMG","AFFILIATED MANAGERS GROUP INC.","Financial Institutions","1208829.0","1206188.0","-2641.0","0.0021","0.0021","0.0","23.32","-61588.12","SELL","1","AMG",315301,0.0,25.0,-6.72,0.0
"2026-06-10","US12542R5063","12542R506","CHSINC","CHSINC","CHS INC","Industrial","1122630.0","1120179.0","-2451.0","0.0021","0.0021","0.0","25.06","-61422.06","SELL","1","","","",25.0,0.24,""
"2026-06-10","US14040H7585","14040H758","COF-L","COF","CAPITAL ONE FINANCIAL CORPORATION","Financial Institutions","1807477.0","1803544.0","-3933.0","0.0021","0.0021","0.0","15.6","-61354.8","SELL","1","COF-PL",44952,0.1,25.0,-37.6,3.76
"2026-06-10","US8085138654","808513865","SCHW-J","SCHW","CHARLES SCHWAB CORPORATION (THE)","Financial Institutions","1608586.0","1605071.0","-3515.0","0.0021","0.0021","0.0","17.28","-60739.2","SELL","1","SCHW-PJ",60775,0.1,25.0,-30.88,3.09
"2026-06-10","US00123Q8078","00123Q807","AGNC-E","AGNC","AGNC INVESTMENT CORP","Financial Institutions","1087896.0","1085521.0","-2375.0","0.0021","0.0021","0.0","25.54","-60657.5","SELL","1","","","",25.0,2.16,""
"2026-06-10","US3167738372","316773837","FITBM","FITB","FIFTH THIRD BANCORP DEPOSITARY SHA","Financial Institutions","1072729.0","1070392.0","-2337.0","0.0021","0.0021","0.0","25.91","-60551.67","SELL","1","FITBM",24124,0.1,25.0,3.64,0.0
"2026-06-10","US1746106004","174610600","CFG-H","CFG","CITIZENS FINANCIAL GROUP INC","Financial Institutions","1072521.0","1070184.0","-2337.0","0.0021","0.0021","0.0","25.7","-60060.9","SELL","1","CFG-PH",24348,0.1,25.0,2.8,0.0
"2026-06-10","US9633202059","963320205","WHR-A","WHR","WHIRLPOOL CORPORATION","Industrial","776433.0","774742.0","-1691.0","0.0021","0.0021","0.0","35.36","-59793.76","SELL","1","WHR-PA",233318,0.0,25.0,41.44,0.0
"2026-06-10","US74460W5528","74460W552","PSA-L","PSA","PUBLIC STORAGE","Financial Institutions","1512131.0","1508825.0","-3306.0","0.002","0.002","0.0","18.05","-59673.3","SELL","1","PSA-PL",36781,0.1,25.0,-27.8,2.78
"2026-06-10","US7593518027","759351802","RGA","RGA","REINSURANCE GROUP OF AMERICA INCOR","Financial Institutions","1072247.0","1069910.0","-2337.0","0.002","0.002","0.0","25.33","-59196.21","SELL","1","RGA",363583,0.0,25.0,1.32,0.0
"2026-06-10","US1746108083","174610808","CFG-I","CFG","CITIZENS FINANCIAL GROUP INC","Financial Institutions","1072331.0","1069994.0","-2337.0","0.002","0.002","0.0","25.05","-58541.85","SELL","1","CFG-PI",78697,0.0,25.0,0.2,0.0
"2026-06-10","US3205178409","320517840","FHN-H","FHN","FIRST HORIZON CORP","Financial Institutions","1078060.0","1075704.0","-2356.0","0.002","0.002","0.0","24.83","-58499.48","SELL","1","FHN-PH",72409,0.0,25.0,-0.68,0.0
"2026-06-10","US9029738666","902973866","USB-A","USB","US BANCORP","Financial Institutions","38522.0","38446.0","-76.0","0.0022","0.0022","0.0","768.0","-58368.0","SELL","1","USB-PA",713,0.1,1000.0,-23.2,2.32
"2026-06-10","US31959X4007","31959X400","FCNCA","FCNCA","FIRST CITIZENS BANCSHARES INC (DEL","Financial Institutions","1073985.0","1071648.0","-2337.0","0.002","0.002","0.0","24.92","-58238.04","SELL","1","FCNCA",61016,0.0,25.0,-0.32,0.0
"2026-06-10","US64828T5083","64828T508","RITM-C","RITM","NEW RESIDENTIAL INVESTMENT CORP","Financial Institutions","1074687.0","1072350.0","-2337.0","0.002","0.002","0.0","24.49","-57233.13","SELL","1","RITM-PC",25169,0.1,25.0,-2.04,0.2
"2026-06-10","US61762V8046","61762V804","MS-L","MS","MORGAN STANLEY","Financial Institutions","1326351.0","1323463.0","-2888.0","0.0019","0.0019","0.0","19.53","-56402.64","SELL","1","MS-PL",26621,0.1,25.0,-21.88,2.19
"2026-06-10","US74460W4612","74460W461","PSA-P","PSA","PUBLIC STORAGE","Financial Institutions","1620292.0","1616758.0","-3534.0","0.0019","0.0019","0.0","15.68","-55413.12","SELL","1","PSA-PP",35732,0.1,25.0,-37.28,3.73
"2026-06-10","US87264A1051","87264A105","TMUS","TMUS","T-MOBILE USA INC","Industrial","1056265.0","1053966.0","-2299.0","0.0019","0.0019","0.0","23.97","-55107.03","SELL","1","TMUS",5137369,0.0,25.0,-4.12,0.0
"2026-06-10","US8425874042","842587404","SO","SO","SOUTHERN COMPANY (THE)","Utility","1203729.0","1201107.0","-2622.0","0.0019","0.0019","0.0","20.78","-54485.16","SELL","1","SO",5417588,0.0,25.0,-16.88,0.0
"2026-06-10","US72348N3070","72348N307","PNFP-B","PNFP","PINNACLE FINANCIAL PARTNERS NON CU","Financial Institutions","942782.0","940730.0","-2052.0","0.0019","0.0019","0.0","26.49","-54357.48","SELL","1","PNFP-PB",40046,0.1,25.0,5.96,0.0
"2026-06-10","US04686J4085","04686J408","ATH-D","ATH","ATHENE HOLDING DS REPRESENTING A","Financial Institutions","1537655.0","1534292.0","-3363.0","0.0019","0.0019","0.0","16.16","-54346.08","SELL","1","ATH-PD",34450,0.1,25.0,-35.36,3.54
"2026-06-10","US0158578080","015857808","AQNCN","AQNCN","ALGONQUIN POWER & UTILITIES CORP","Utility","946040.0","943969.0","-2071.0","0.0018","0.0018","0.0","26.05","-53949.55","SELL","1","","","",25.0,4.2,""
"2026-06-10","US4932678687","493267868","KEY-G","KEY","KEYCORP","Financial Institutions","1216294.0","1213634.0","-2660.0","0.0018","0.0018","0.0","20.19","-53705.4","SELL","1","","","",25.0,-19.24,""
"2026-06-10","US06055H8714","06055H871","BAC-SS","BAC","BANK OF AMERICA CORP","Financial Institutions","1298094.0","1295263.0","-2831.0","0.0018","0.0018","0.0","18.72","-52996.32","SELL","1","","","",25.0,-25.12,""
"2026-06-10","US8726521029","872652102","TPG","TPG","TPG OPERATING GROUP II LP","Financial Institutions","1075365.0","1073028.0","-2337.0","0.0018","0.0018","0.0","22.55","-52699.35","SELL","1","TPG",2352096,0.0,25.0,-9.8,0.0
"2026-06-10","US00123Q8318","00123Q831","AGNC-H","AGNC","AGNC INVESTMENT CORP","Financial Institutions","932505.0","930472.0","-2033.0","0.0018","0.0018","0.0","25.37","-51577.21","SELL","1","","","",25.0,1.48,""
"2026-06-10","US62913M2061","62913M206","NGL-B","NGL","NGL ENERGY PARTNERS LP","Industrial","915377.0","913382.0","-1995.0","0.0018","0.0018","0.0","25.72","-51311.4","SELL","1","NGL-PB",17977,0.1,25.0,2.88,0.0
"2026-06-10","US8935266812","893526681","TRPCN","TRPCN","TRANSCANADA PIPELINES LTD","Industrial","1000112.0","997927.0","-2185.0","0.0018","0.0018","0.0","23.44","-51216.4","SELL","1","","","",25.0,-6.24,""
"2026-06-10","US8794337878","879433787","TDS-UU","TDS","TELEPHONE DATA SYS DRC INC","Industrial","1131344.0","1128874.0","-2470.0","0.0017","0.0018","0.0001","20.68","-51079.6","SELL","1","","","",25.0,-17.28,""
"2026-06-10","US4932678760","493267876","KEY-F","KEY","KEYCORP","Financial Institutions","1148725.0","1146217.0","-2508.0","0.0017","0.0017","0.0","20.25","-50787.0","SELL","1","","","",25.0,-19.0,""
"2026-06-10","US4165186036","416518603","HIG-G","HIG","HARTFORD FINANCIAL SERVICES GROUP","Financial Institutions","932471.0","930438.0","-2033.0","0.0017","0.0017","0.0","24.71","-50235.43","SELL","1","HIG-PG",16825,0.1,25.0,-1.16,0.12
"2026-06-10","US00123Q5009","00123Q500","AGNC-C","AGNC","AGNC INVESTMENT CORP","Financial Institutions","878415.0","876496.0","-1919.0","0.0017","0.0017","0.0","25.9","-49702.1","SELL","1","","","",25.0,3.6,""
"2026-06-10","US12542R2094","12542R209","CHSINC","CHSINC","CHS INC. (8% CUMULATIVE REDEEMABLE","Industrial","817715.0","815929.0","-1786.0","0.0017","0.0017","0.0","27.74","-49543.64","SELL","1","","","",25.0,10.96,""
"2026-06-10","US80620A2087","80620A208","EIX-N","EIX","SCE TRUST VIII","Utility","945983.0","943912.0","-2071.0","0.0017","0.0017","0.0","23.8","-49289.8","SELL","1","","","",25.0,-4.8,""
"2026-06-10","US87264A3032","87264A303","TMUS","TMUS","T-MOBILE USA INC","Industrial","1079182.0","1076826.0","-2356.0","0.0017","0.0017","0.0","20.86","-49146.16","SELL","1","TMUS",5137369,0.0,25.0,-16.56,0.0
"2026-06-10","US2333318598","233331859","DTE-E","DTE","DTE ENERGY COMPANY","Utility","1070378.0","1068041.0","-2337.0","0.0017","0.0017","0.0","20.86","-48749.82","SELL","1","","","",25.0,-16.56,""
"2026-06-10","US87264A2042","87264A204","TMUS","TMUS","T-MOBILE USA INC","Industrial","1062758.0","1060440.0","-2318.0","0.0017","0.0017","0.0","20.89","-48423.02","SELL","1","TMUS",5137427,0.0,25.0,-16.44,0.0
"2026-06-10","US29364D1000","29364D100","ETR","ETR","ENTERGY ARKANSAS LLC","Utility","1108151.0","1105738.0","-2413.0","0.0017","0.0017","0.0","20.0","-48260.0","SELL","1","ETR",3785454,0.0,25.0,-20.0,0.0
"2026-06-10","US8629452017","862945201","ASSE-A","ASSE","STRIVE INC","Industrial","224305.0","223811.0","-494.0","0.0016","0.0016","0.0","97.34","-48085.96","SELL","1","","","",25.0,289.36,""
"2026-06-10","US7443208886","744320888","PRU","PRU","PRUDENTIAL FINANCIAL INC","Financial Institutions","1351030.0","1348085.0","-2945.0","0.0016","0.0016","0.0","16.27","-47915.15","SELL","1","PRU",1942757,0.0,25.0,-34.92,0.0
"2026-06-10","US78410V2007","78410V200","SCE-L","EIX","SCE TRUST VI","Financial Institutions","1283667.0","1280874.0","-2793.0","0.0016","0.0016","0.0","17.1","-47760.3","SELL","1","SCE-PL",19041,0.1,25.0,-31.6,3.16
"2026-06-10","US4461507737","446150773","HBAN-J","HBAN","HUNTINGTON BANCSHARES INC","Financial Institutions","875021.0","873121.0","-1900.0","0.0016","0.0016","0.0","25.11","-47709.0","SELL","1","","","",25.0,0.44,""
"2026-06-10","US74965L2007","74965L200","RLJ-A","RLJ","RLJ LODGING .95 CUMULATIVE CONVERT","Financial Institutions","870330.0","868430.0","-1900.0","0.0016","0.0016","0.0","25.0","-47500.0","SELL","1","RLJ-PA",19371,0.1,25.0,0.0,0.0
"2026-06-10","US14314C1053","14314C105","CG","CG","CARLYLE FINANCE LLC","Financial Institutions","1351108.0","1348163.0","-2945.0","0.0016","0.0016","0.0","16.1","-47414.5","SELL","1","CG",3355647,0.0,25.0,-35.6,0.0
"2026-06-10","US1746104025","174610402","CFG-E","CFG","CITIZENS FINANCIAL GROUP INC","Financial Institutions","1203978.0","1201356.0","-2622.0","0.0016","0.0016","0.0","17.99","-47169.78","SELL","1","CFG-PE",34129,0.1,25.0,-28.04,2.8
"2026-06-10","US03939A4040","03939A404","ACGL-G","ACGL","ARCH CAPITAL GROUP LTD.","Financial Institutions","1342992.0","1340066.0","-2926.0","0.0016","0.0016","0.0","16.11","-47137.86","SELL","1","","","",25.0,-35.56,""
"2026-06-10","US4461508230","446150823","HBAN-H","HBAN","HUNTINGTON BANCSHARES DRC INC","Financial Institutions","1340324.0","1337398.0","-2926.0","0.0016","0.0016","0.0","16.06","-46991.56","SELL","1","","","",25.0,-35.76,""
"2026-06-10","US9027884058","902788405","UMBF","UMBF","UMB FINANCIAL CORPORATION","Financial Institutions","810913.0","809146.0","-1767.0","0.0016","0.0016","0.0","26.36","-46578.12","SELL","1","UMBF",715790,0.0,25.0,5.44,0.0
"2026-06-10","US48253M1045","48253M104","KKR","KKR","KKR GROUP FINANCE CO IX LLC","Financial Institutions","1351829.0","1348979.0","-2850.0","0.0016","0.0016","0.0","16.24","-46284.0","SELL","1","KKR",4556483,0.0,25.0,-35.04,0.0
"2026-06-10","US16934Q4064","16934Q406","CIM-B","CIM","CHIMERA INVESTMENT CORP","Financial Institutions","878411.0","876492.0","-1919.0","0.0016","0.0016","0.0","23.84","-45748.96","SELL","1","CIM-PB",27734,0.1,25.0,-4.64,0.46
"2026-06-10","US9029736686","902973668","USB-O","USB","US BANCORP","Financial Institutions","1200783.0","1198161.0","-2622.0","0.0015","0.0016","0.0001","17.3","-45360.6","SELL","1","","","",25.0,-30.8,""
"2026-06-10","US05580M8192","05580M819","RILYI","RILY","B. RILEY FINANCIAL INC","Financial Institutions","1029935.0","1027693.0","-2242.0","0.0015","0.0015","0.0","19.69","-44144.98","SELL","1","","","",25.0,-21.24,""
"2026-06-10","US6658598569","665859856","NTRS-E","NTRS","NORTHERN TRUST CORPORATION","Financial Institutions","1081224.0","1078868.0","-2356.0","0.0015","0.0015","0.0","18.52","-43633.12","SELL","1","","","",25.0,-25.92,""
"2026-06-10","US0454876006","045487600","ASB","ASB","ASSOCIATED BANC-CORP","Financial Institutions","805462.0","803714.0","-1748.0","0.0015","0.0015","0.0","24.73","-43228.04","SELL","1","ASB",1726653,0.0,25.0,-1.08,0.0
"2026-06-10","US9029737346","902973734","USB-L","USB","US BANCORP","Financial Institutions","1333143.0","1330236.0","-2907.0","0.0015","0.0015","0.0","14.68","-42674.76","SELL","1","","","",25.0,-41.28,""
"2026-06-10","US0256768591","025676859","ANGINC","ANGINC","AMERICAN NATIONAL GROUP INC","Financial Institutions","810913.0","809146.0","-1767.0","0.0015","0.0015","0.0","24.13","-42637.71","SELL","1","","","",25.0,-3.48,""
"2026-06-10","US9576384062","957638406","WAL-A","WAL","WESTERN ALLIANCE BANCORP","Financial Institutions","810913.0","809146.0","-1767.0","0.0015","0.0015","0.0","24.03","-42461.01","SELL","1","WAL-PA",21047,0.1,25.0,-3.88,0.39
"2026-06-10","US9030025095","903002509","UMH-D","UMH","UMH PROPERTIES INC","Financial Institutions","877222.0","875303.0","-1919.0","0.0014","0.0014","0.0","21.84","-41910.96","SELL","1","UMH-PD",16620,0.1,25.0,-12.64,1.26
"2026-06-10","US64828T4094","64828T409","RITM-B","RITM","NEW RESIDENTIAL INVESTMENT CORP","Financial Institutions","760994.0","759341.0","-1653.0","0.0014","0.0014","0.0","25.1","-41490.3","SELL","1","RITM-PB",23767,0.1,25.0,0.4,0.0
"2026-06-10","US9290892093","929089209","VOYA-B","VOYA","VOYA FINANCIAL INC","Financial Institutions","805278.0","803530.0","-1748.0","0.0014","0.0014","0.0","23.58","-41217.84","SELL","1","VOYA-PB",15176,0.1,25.0,-5.68,0.57
"2026-06-10","US10922N7075","10922N707","BHF-C","BHF","BRIGHTHOUSE FINANCIAL INC","Financial Institutions","1542982.0","1539619.0","-3363.0","0.0014","0.0014","0.0","12.18","-40961.34","SELL","1","","","",25.0,-51.28,""
"2026-06-10","US0357108218","035710821","NLY-J","NLY","ANNALY CAPITAL MANAGEMENT INC","Financial Institutions","743345.0","741730.0","-1615.0","0.0014","0.0014","0.0","25.35","-40940.25","SELL","1","NLY-PJ",65602,0.0,25.0,1.4,0.0
"2026-06-10","US3196263053","319626305","FCNCA","FCNCA","FIRST CITIZENS BANCSHARES INC.","Financial Institutions","927729.0","925696.0","-2033.0","0.0014","0.0014","0.0","19.99","-40639.67","SELL","1","FCNCA",61020,0.0,25.0,-20.04,0.0
"2026-06-10","US2538688225","253868822","DLR-L","DLR","DIGITAL REALTY TRUST INC","Financial Institutions","932505.0","930472.0","-2033.0","0.0014","0.0014","0.0","19.96","-40578.68","SELL","1","DLR-PL",19262,0.1,25.0,-20.16,2.02
"2026-06-10","US7443208704","744320870","PRU","PRU","PRUDENTIAL FINANCIAL INC","Financial Institutions","810618.0","808851.0","-1767.0","0.0014","0.0014","0.0","22.78","-40252.26","SELL","1","PRU",1942757,0.0,25.0,-8.88,0.0
"2026-06-10","US74460W4208","74460W420","PSA-R","PSA","PUBLIC STORAGE","Financial Institutions","1164085.0","1161539.0","-2546.0","0.0014","0.0014","0.0","15.63","-39793.98","SELL","1","PSA-PR",29393,0.1,25.0,-37.48,3.75
"2026-06-10","US91529Y6014","91529Y601","UNM","UNM","UNUM GROUP","Financial Institutions","805078.0","803330.0","-1748.0","0.0013","0.0013","0.0","22.21","-38823.08","SELL","1","UNM",1175529,0.0,25.0,-11.16,0.0
"2026-06-10","US14040H7338","14040H733","COF-N","COF","CAPITAL ONE FINL DS REPSTG TH PRF","Financial Institutions","1131447.0","1128977.0","-2470.0","0.0013","0.0013","0.0","15.28","-37741.6","SELL","1","COF-PN",42294,0.1,25.0,-38.88,3.89
"2026-06-10","US4440973075","444097307","HPP-C","HPP","HUDSON PACIFIC PROPERTIES INC","Financial Institutions","1148725.0","1146217.0","-2508.0","0.0013","0.0013","0.0","15.04","-37720.32","SELL","1","HPP-PC",6384,0.4,25.0,-39.84,15.94
"2026-06-10","US04686J2006","04686J200","ATH-B","ATH","ATHENE HLDG DRC LTD","Financial Institutions","918384.0","916389.0","-1995.0","0.0013","0.0013","0.0","18.79","-37486.05","SELL","1","ATH-PB",18841,0.1,25.0,-24.84,2.48
"2026-06-10","US03939A1079","03939A107","ACGL-F","ACGL","ARCH CAPITAL GROUP LTD.","Financial Institutions","885099.0","883161.0","-1938.0","0.0013","0.0013","0.0","19.28","-37364.64","SELL","1","","","",25.0,-22.88,""
"2026-06-10","US7591EP8869","7591EP886","RF-E","RF","REGIONS FINL DRC CORP","Financial Institutions","1072762.0","1070425.0","-2337.0","0.0013","0.0013","0.0","15.94","-37251.78","SELL","1","RF-PE",30763,0.1,25.0,-36.24,3.62
"2026-06-10","US10922N3017","10922N301","BHF-A","BHF","BRIGHTHOUSE FINANCIAL INC","Financial Institutions","1139457.0","1136968.0","-2489.0","0.0013","0.0013","0.0","14.93","-37160.77","SELL","1","","","",25.0,-40.28,""
"2026-06-10","US25525P2065","25525P206","DHC","DHC","DIVERSIFIED HEALTHCARE .625% SENIO","Financial Institutions","945983.0","943912.0","-2071.0","0.0013","0.0013","0.0","17.9","-37070.9","SELL","1","DHC",1643710,0.0,25.0,-28.4,0.0
"2026-06-10","US55261F8721","55261F872","MTB-H","MTB","M AND T BANK PERPETUAL FIXED TO FL","Financial Institutions","675673.0","674191.0","-1482.0","0.0013","0.0013","0.0","24.93","-36946.26","SELL","1","MTB-PH",16174,0.1,25.0,-0.28,0.03
"2026-06-10","US55272X5086","55272X508","MFA-C","MFA","MFA FINANCIAL INC","Financial Institutions","743345.0","741730.0","-1615.0","0.0013","0.0013","0.0","22.84","-36886.6","SELL","1","MFA-PC",19586,0.1,25.0,-8.64,0.86
"2026-06-10","US90187B3096","90187B309","TWO-B","TWO","TWO HARBORS INVESTMENT CORP","Financial Institutions","686448.0","684947.0","-1501.0","0.0013","0.0013","0.0","24.41","-36639.41","SELL","1","TWO-PB",14587,0.1,25.0,-2.36,0.24
"2026-06-10","US1258968528","125896852","CMS","CMS","CMS ENERGY CORPORATION","Utility","750905.0","749271.0","-1634.0","0.0012","0.0013","0.0001","22.3","-36438.2","SELL","1","CMS",2930659,0.0,25.0,-10.8,0.0
"2026-06-10","US11271L1026","11271L102","BNCN","BNCN","BROOKFIELD FINANCE INC","Financial Institutions","1081224.0","1078868.0","-2356.0","0.0013","0.0012","-0.0001","15.38","-36235.28","SELL","1","","","",25.0,-38.48,""
"2026-06-10","US10922N5095","10922N509","BHF-B","BHF","BRIGHTHOUSE FINANCIAL INC","Financial Institutions","1078986.0","1076630.0","-2356.0","0.0013","0.0012","-0.0001","15.34","-36141.04","SELL","1","","","",25.0,-38.64,""
"2026-06-10","US74460W6443","74460W644","PSA-H","PSA","PUBLIC STORAGE","Financial Institutions","762087.0","760434.0","-1653.0","0.0012","0.0012","0.0","21.75","-35952.75","SELL","1","PSA-PH",19327,0.1,25.0,-13.0,1.3
"2026-06-10","US8805913006","880591300","TVA-D","TVA","TENN VALLEY AUTHORITY","Agency","687566.0","686065.0","-1501.0","0.0012","0.0012","0.0","23.88","-35843.88","SELL","1","","","",25.0,-4.48,""
"2026-06-10","US64828T8889","64828T888","RITM-F","RITM","RITHM CAPITAL CORP","Financial Institutions","675673.0","674191.0","-1482.0","0.0012","0.0012","0.0","24.18","-35834.76","SELL","1","RITM-PF",53964,0.0,25.0,-3.28,0.0
"2026-06-10","US88224Q3056","88224Q305","TCBI-B","TCBI","TEXAS CAP BANCSHARES DRC INC","Financial Institutions","804540.0","802792.0","-1748.0","0.0012","0.0012","0.0","20.32","-35519.36","SELL","1","","","",25.0,-18.72,""
"2026-06-10","US90187B5075","90187B507","TWO-C","TWO","TWO HARBORS INVESTMENT CORP","Financial Institutions","652832.0","651407.0","-1425.0","0.0012","0.0012","0.0","24.72","-35226.0","SELL","1","TWO-PC",43283,0.0,25.0,-1.12,0.0
"2026-06-10","US0082528508","008252850","AMG","AMG","AFFILIATED MANAGERS GROUP INC.","Financial Institutions","806306.0","804539.0","-1767.0","0.0012","0.0012","0.0","19.79","-34968.93","SELL","1","AMG",315330,0.0,25.0,-20.84,0.0
"2026-06-10","US74460W6690","74460W669","PSA-G","PSA","PUBLIC STORAGE","Financial Institutions","801937.0","800189.0","-1748.0","0.0012","0.0012","0.0","19.98","-34925.04","SELL","1","PSA-PG",17778,0.1,25.0,-20.08,2.01
"2026-06-10","US74460W6286","74460W628","PSA-I","PSA","PUBLIC STORAGE REPSTG TH BEN INT","Financial Institutions","845417.0","843574.0","-1843.0","0.0012","0.0012","0.0","18.93","-34887.99","SELL","1","PSA-PI",12329,0.1,25.0,-24.28,2.43
"2026-06-10","US00123Q6098","00123Q609","AGNC-D","AGNC","AGNC INVESTMENT CORP","Financial Institutions","635183.0","633796.0","-1387.0","0.0012","0.0012","0.0","25.04","-34730.48","SELL","1","","","",25.0,0.16,""
"2026-06-10","US10922N2027","10922N202","BHF","BHF","BRIGHTHOUSE FINANCIAL INC","Financial Institutions","1005270.0","1003085.0","-2185.0","0.0012","0.0012","0.0","15.8","-34523.0","SELL","1","BHF",490614,0.0,25.0,-36.8,0.0
"2026-06-10","BMG053842040","-","AHL","AHL","ASPEN INSURANCE HOLDINGS LTD","Financial Institutions","813731.0","811964.0","-1767.0","0.0012","0.0012","0.0","19.51","-34474.17","SELL","1","","","",25.0,-21.96,""
"2026-06-10","US16934Q5053","16934Q505","CIM-C","CIM","CHIMERA INVESTMENT CORP","Financial Institutions","702752.0","701213.0","-1539.0","0.0012","0.0012","0.0","22.27","-34273.53","SELL","1","CIM-PC",19900,0.1,25.0,-10.92,1.09
"2026-06-10","US48251K2096","48251K209","KREF-A","KREF","KKR REAL ESTATE FINANCE TRUST INC","Financial Institutions","885827.0","883889.0","-1938.0","0.0012","0.0012","0.0","17.62","-34147.56","SELL","1","KREF-PA",20640,0.1,25.0,-29.52,2.95
"2026-06-10","US6374321056","637432105","NRUC-US","NRUC","NATIONAL RURAL UTILITIES COOPERATI","Utility","670037.0","668574.0","-1463.0","0.0012","0.0012","0.0","23.3","-34087.9","SELL","1","","","",25.0,-6.8,""
"2026-06-10","US3733344408","373334440","SO","SO","GEORGIA POWER COMPANY","Utility","723671.0","722094.0","-1577.0","0.0012","0.0012","0.0","21.58","-34031.66","SELL","1","SO",5417615,0.0,25.0,-13.68,0.0
"2026-06-10","US9508108878","950810887","WSBC-B","WSBC","WESBANCO INC","Financial Institutions","616409.0","615060.0","-1349.0","0.0012","0.0012","0.0","25.1","-33859.9","SELL","1","","","",25.0,0.4,""
"2026-06-10","US0844238057","084423805","WRB","WRB","WR BERKLEY CORPORATION","Financial Institutions","806137.0","804370.0","-1767.0","0.0011","0.0011","0.0","19.05","-33661.35","SELL","1","WRB",2094374,0.0,25.0,-23.8,0.0
"2026-06-10","US58844R8503","58844R850","MBIN","MBIN","MERCHANTS BANCORP","Financial Institutions","616207.0","614858.0","-1349.0","0.0011","0.0011","0.0","24.87","-33549.63","SELL","1","MBIN",130785,0.0,25.0,-0.52,0.0
"2026-06-10","US9290428286","929042828","VNO-M","VNO","VORNADO REALTY TRUST","Financial Institutions","863591.0","861710.0","-1881.0","0.0011","0.0011","0.0","17.56","-33030.36","SELL","1","VNO-PM",17211,0.1,25.0,-29.76,2.98
"2026-06-10","US2836782092","283678209","KMI","KMI","EL PASO ENERGY CAPITAL TRUST I","Industrial","295351.0","294705.0","-646.0","0.0011","0.0011","0.0","50.99","-32939.54","SELL","1","KMI",10116853,0.0,25.0,103.96,0.0
"2026-06-10","US74460W6856","74460W685","PSA-F","PSA","PUBLIC STORAGE DS REPRESENTING TH","Financial Institutions","747887.0","746253.0","-1634.0","0.0011","0.0011","0.0","20.07","-32794.38","SELL","1","PSA-PF",15622,0.1,25.0,-19.72,1.97
"2026-06-10","US0200028126","020002812","ALL-I","ALL","ALLSTATE CORPORATION (THE)","Financial Institutions","798828.0","797080.0","-1748.0","0.0011","0.0011","0.0","18.55","-32425.4","SELL","1","ALL-PI",19752,0.1,25.0,-25.8,2.58
"2026-06-10","US63938C4050","63938C405","NAVI","NAVI","NAVIENT PRCNT SENIOR NOTES EXP D","Financial Institutions","803507.0","801759.0","-1748.0","0.0011","0.0011","0.0","18.41","-32180.68","SELL","1","NAVI",1155839,0.0,25.0,-26.36,0.0
"2026-06-10","US3193836000","319383600","BUSE-B","BUSE","FIRST BUSEY CORPORATION","Financial Institutions","575869.0","574615.0","-1254.0","0.0011","0.0011","0.0","25.66","-32177.64","SELL","1","","","",25.0,2.64,""
"2026-06-10","US72348N5059","72348N505","PNFP-C","PNFP","PINNACLE FINANCIAL PARTNERS DEPOSI","Financial Institutions","604573.0","603262.0","-1311.0","0.0011","0.0011","0.0","24.33","-31896.63","SELL","1","PNFP-PC",7208,0.2,25.0,-2.68,0.54
"2026-06-10","BMG053841703","-","AHL","AHL","ASPEN INSURANCE HOLDINGS LTD","Financial Institutions","602683.0","601372.0","-1311.0","0.0011","0.0011","0.0","24.29","-31844.19","SELL","1","","","",25.0,-2.84,""
"2026-06-10","US29364W1080","29364W108","ETR","ETR","ENTERGY LOUISIANA LLC","Utility","723114.0","721537.0","-1577.0","0.0011","0.0011","0.0","19.97","-31492.69","SELL","1","ETR",3785454,0.0,25.0,-20.12,0.0
"2026-06-10","US9290428104","929042810","VNO-N","VNO","VORNADO REALTY TRUST 5.4% CUM RED","Financial Institutions","810914.0","809147.0","-1767.0","0.0011","0.0011","0.0","17.75","-31364.25","SELL","1","VNO-PN",19075,0.1,25.0,-29.0,2.9
"2026-06-10","US29364N1081","29364N108","ETR","ETR","ENTERGY MISSISSIPPI INC","Utility","696270.0","694750.0","-1520.0","0.0011","0.0011","0.0","20.55","-31236.0","SELL","1","ETR",3785454,0.0,25.0,-17.8,0.0
"2026-06-10","US0605055831","060505583","BAC-1","BAC","BANK OF AMERICA CORPORATION PFD 1","Financial Institutions","728137.0","726541.0","-1596.0","0.0011","0.0011","0.0","19.53","-31169.88","SELL","1","","","",25.0,-21.88,""
"2026-06-10","US9290428443","929042844","VNO-L","VNO","VORNADO REALTY TRUST","Financial Institutions","810914.0","809147.0","-1767.0","0.0011","0.0011","0.0","17.31","-30586.77","SELL","1","VNO-PL",24549,0.1,25.0,-30.76,3.08
"2026-06-10","US49446R7118","49446R711","KIM-M","KIM","KIMCO RLTY DS REPRESENTING CLASS","Financial Institutions","707191.0","705652.0","-1539.0","0.0011","0.0011","0.0","19.87","-30579.93","SELL","1","KIM-PM",16087,0.1,25.0,-20.52,2.05
"2026-06-10","US25406P2002","25406P200","DDS","DDS","DILLARDS CAP TR I CAP SECS 7.5%","Industrial","535437.0","534278.0","-1159.0","0.001","0.001","0.0","26.07","-30215.13","SELL","1","DDS",114784,0.0,25.0,4.28,0.0
"2026-06-10","US35243J2006","35243J200","FBRT-E","FBRT","FRANKLIN BSP REALTY TRUST CUMULA","Financial Institutions","697963.0","696443.0","-1520.0","0.001","0.001","0.0","19.68","-29913.6","SELL","1","FBRT-PE",19006,0.1,25.0,-21.28,2.13
"2026-06-10","US6378702053","637870205","NSA-A","NSA","NATIONAL STORAGE AFFILIATES REDEEM","Financial Institutions","604759.0","603448.0","-1311.0","0.001","0.001","0.0","22.81","-29903.91","SELL","1","NSA-PA",7537,0.2,25.0,-8.76,1.75
"2026-06-10","US1170436042","117043604","BC","BC","BRUNSWICK CORPORATION","Industrial","575604.0","574350.0","-1254.0","0.001","0.001","0.0","23.83","-29882.82","SELL","1","BC",621848,0.0,25.0,-4.68,0.0
"2026-06-10","US25401T3068","25401T306","DBRG-J","DBRG","DIGITALBRIDGE GROUP INC","Financial Institutions","778960.0","777060.0","-1900.0","0.0009","0.0009","0.0","15.65","-29735.0","SELL","1","DBRG-PJ",84372,0.0,25.0,-37.4,0.0
"2026-06-10","US6740014096","674001409","OAK-B","OAK","OAKTREE CAPITAL GROUP LLC","Financial Institutions","635183.0","633796.0","-1387.0","0.001","0.001","0.0","21.21","-29418.27","SELL","1","OAK-PB",11015,0.1,25.0,-15.16,1.52
"2026-06-10","US37959E3009","37959E300","GL","GL","GLOBE LIFE INC","Financial Institutions","869802.0","867902.0","-1900.0","0.001","0.001","0.0","15.48","-29412.0","SELL","1","GL",553472,0.0,25.0,-38.08,0.0
"2026-06-10","US72348N2080","72348N208","PNFP-A","PNFP","PINNACLE FINANCIAL PARTNERS NON CU","Financial Institutions","535322.0","534163.0","-1159.0","0.001","0.001","0.0","25.34","-29369.06","SELL","1","PNFP-PA",6341,0.2,25.0,1.36,0.0
"2026-06-10","US05554M1009","05554M100","BIP","BIP","BIP BERMUDA HOLDINGS I LTD","Financial Institutions","810913.0","809146.0","-1767.0","0.001","0.001","0.0","16.38","-28943.46","SELL","1","BIP",873286,0.0,25.0,-34.48,0.0
"2026-06-10","US8606308703","860630870","SF-C","SF","STIFEL FINANCIAL CORP","Financial Institutions","602261.0","600950.0","-1311.0","0.001","0.001","0.0","21.97","-28802.67","SELL","1","SF-PC",10358,0.1,25.0,-12.12,1.21
"2026-06-10","US25401T4058","25401T405","DBRG-I","DBRG","DIGITALBRIDGE GROUP .15 CUMULATIVE","Financial Institutions","864551.0","862670.0","-1881.0","0.001","0.001","0.0","15.23","-28647.63","SELL","1","DBRG-PI",72657,0.0,25.0,-39.08,0.0
"2026-06-10","US8805914095","880591409","TVA-A","TVA","TENN VALLEY AUTH","Agency","557378.0","556162.0","-1216.0","0.001","0.001","0.0","23.5","-28576.0","SELL","1","","","",25.0,-6.0,""
"2026-06-10","US78440X5077","78440X507","SLG-I","SLG","SL GREEN REALTY CORP","Financial Institutions","621705.0","620356.0","-1349.0","0.001","0.001","0.0","21.05","-28396.45","SELL","1","SLG-PI",10079,0.1,25.0,-15.8,1.58
"2026-06-10","US11259P1093","11259P109","BRBRPH","BEPUCN","BROOKFIELD BRP HOLDINGS (CANADA) I","Utility","946669.0","944769.0","-1900.0","0.0011","0.0011","0.0","14.92","-28348.0","SELL","1","","","",25.0,-40.32,""
"2026-06-10","US8606308620","860630862","SF-D","SF","STIFEL FINANCIAL CORP","Financial Institutions","802754.0","801006.0","-1748.0","0.001","0.001","0.0","16.06","-28072.88","SELL","1","SF-PD",15147,0.1,25.0,-35.76,3.58
"2026-06-10","US16934Q6044","16934Q604","CIM-D","CIM","CHIMERA INVESTMENT CORP","Financial Institutions","540603.0","539425.0","-1178.0","0.001","0.001","0.0","23.66","-27871.48","SELL","1","CIM-PD",10728,0.1,25.0,-5.36,0.54
"2026-06-10","US6496048736","649604873","ADAM-E","ADAM","NEW YORK MORTGAGE TRUST INC","Financial Institutions","503844.0","502742.0","-1102.0","0.0009","0.001","0.0001","25.26","-27836.52","SELL","1","","","",25.0,1.04,""
"2026-06-10","US3793785086","379378508","GNL-D","GNL","GLOBAL NET LEASE CUMULATIVE REDE","Financial Institutions","536047.0","534869.0","-1178.0","0.0009","0.0009","0.0","23.61","-27812.58","SELL","1","GNL-PD",12328,0.1,25.0,-5.56,0.56
"2026-06-10","US2538688308","253868830","DLR-K","DLR","DIGITAL REALTY TRUST INC","Financial Institutions","567615.0","566380.0","-1235.0","0.001","0.001","0.0","22.5","-27787.5","SELL","1","DLR-PK",14226,0.1,25.0,-10.0,1.0
"2026-06-10","US2333318184","233331818","DTE","DTE","DTE ENERGY CO","Utility","748765.0","747131.0","-1634.0","0.0009","0.0009","0.0","16.8","-27451.2","SELL","1","DTE",1635029,0.0,25.0,-32.8,0.0
"2026-06-10","US74460W5940","74460W594","PSA-J","PSA","PUBLIC STORAGE DEP SHS REPSTG TH","Financial Institutions","689537.0","688036.0","-1501.0","0.0009","0.0009","0.0","18.22","-27348.22","SELL","1","PSA-PJ",9498,0.2,25.0,-27.12,5.42
"2026-06-10","US05580M7939","05580M793","RILYZ","RILY","B. RILEY FINANCIAL INC","Financial Institutions","517876.0","516755.0","-1121.0","0.0009","0.0009","0.0","24.36","-27307.56","SELL","1","RILYZ",58344,0.0,25.0,-2.56,0.0
"2026-06-10","US84857L7055","84857L705","SR","SR","SPIRE INC","Utility","535101.0","533942.0","-1159.0","0.0009","0.0009","0.0","23.56","-27306.04","SELL","1","SR",403397,0.0,25.0,-5.76,0.0
"2026-06-10","US25525P3055","25525P305","DHC","DHC","DIVERSIFIED HEALTHCARE .25% SENIOR","Financial Institutions","675673.0","674191.0","-1482.0","0.0009","0.0009","0.0","18.42","-27298.44","SELL","1","DHC",1643710,0.0,25.0,-26.32,0.0
"2026-06-10","US3167738869","316773886","FITB-A","FITB","FIFTH THIRD BANCORP DEPOSITORY SH","Financial Institutions","534945.0","533786.0","-1159.0","0.0009","0.0009","0.0","23.55","-27294.45","SELL","1","","","",25.0,-5.8,""
"2026-06-10","US64828T8053","64828T805","RITM-E","RITM","RITHM CAPITAL CORP","Financial Institutions","513543.0","512422.0","-1121.0","0.0009","0.0009","0.0","24.19","-27116.99","SELL","1","RITM-PE",33912,0.0,25.0,-3.24,0.0
"2026-06-10","US0844238701","084423870","WRB","WRB","WR BERKLEY CORPORATION","Financial Institutions","802323.0","800575.0","-1748.0","0.0009","0.0009","0.0","15.34","-26814.32","SELL","1","WRB",2094381,0.0,25.0,-38.64,0.0
"2026-06-10","US70509V8037","70509V803","PEB-G","PEB","PEBBLEBROOK HOTEL TRUST","Financial Institutions","614006.0","612676.0","-1330.0","0.0009","0.0009","0.0","20.12","-26759.6","SELL","1","PEB-PG",43967,0.0,25.0,-19.52,0.0
"2026-06-10","US3167738604","316773860","FITB-K","FITB","FIFTH THIRD BANCORP","Financial Institutions","668402.0","666939.0","-1463.0","0.0009","0.0009","0.0","18.28","-26743.64","SELL","1","","","",25.0,-26.88,""
"2026-06-10","US05580M8358","05580M835","RILYM","RILY","B. RILEY FINANCIAL INC","Financial Institutions","587290.0","586017.0","-1273.0","0.0009","0.0009","0.0","20.99","-26720.27","SELL","1","","","",25.0,-16.04,""
"2026-06-10","US0082528433","008252843","AMG","AMG","AFFILIATED MANAGERS GROUP INC.","Financial Institutions","735232.0","733636.0","-1596.0","0.0009","0.0009","0.0","16.66","-26589.36","SELL","1","AMG",315336,0.0,25.0,-33.36,0.0
"2026-06-10","US70931T5092","70931T509","PMT-C","PMT","PENNYMAC MORTGAGE INVESTMENT TRUST","Financial Institutions","675673.0","674191.0","-1482.0","0.0009","0.0009","0.0","17.86","-26468.52","SELL","1","PMT-PC",31406,0.0,25.0,-28.56,0.0
"2026-06-10","US9290427940","929042794","VNO-O","VNO","VORNADO REALTY TRUST","Financial Institutions","810914.0","809147.0","-1767.0","0.0009","0.0009","0.0","14.84","-26222.28","SELL","1","VNO-PO",19698,0.1,25.0,-40.64,4.06
"2026-06-10","US8606306079","860630607","SF","SF","STIFEL FINANCIAL CORP","Financial Institutions","608172.0","606842.0","-1330.0","0.0009","0.0009","0.0","19.65","-26134.5","SELL","1","SF",1317884,0.0,25.0,-21.4,0.0
"2026-06-10","US05580M8010","05580M801","RILYK","RILY","B. RILEY FINANCIAL INC","Financial Institutions","482526.0","481481.0","-1045.0","0.0009","0.0009","0.0","24.93","-26051.85","SELL","1","","","",25.0,-0.28,""
"2026-06-10","US6378703044","637870304","NSA-B","NSA PR B","NATIONAL STORAGE AFFILIATES CUM","Financial Institutions","378244.0","377294.0","-950.0","0.0008","0.0008","0.0","27.26","-25897.0","SELL","1","NSA-PB",3150,0.3,25.0,9.04,0.0
"2026-06-10","US70931T4004","70931T400","PMT-B","PMT","PENNYMAC MORTGAGE INVESTMENT TRUST","Financial Institutions","527021.0","525862.0","-1159.0","0.0009","0.0009","0.0","22.29","-25834.11","SELL","1","PMT-PB",11682,0.1,25.0,-10.84,1.08
"2026-06-10","US05614L4077","05614L407","BW-A","BW","BABCOCK & WILCOX ENTERPRISES INC","Industrial","512380.0","511259.0","-1121.0","0.0009","0.0009","0.0","23.02","-25805.42","SELL","1","BW-PA",24096,0.0,25.0,-7.92,0.0
"2026-06-10","US70931T7072","70931T707","PMT","PMT","PENNYMAC MORTGAGE INVESTMENT TRUST","Financial Institutions","466192.0","465166.0","-1026.0","0.0009","0.0009","0.0","25.09","-25742.34","SELL","1","PMT",972161,0.0,25.0,0.36,0.0
"2026-06-10","US49446R7373","49446R737","KIM-L","KIM","KIMCO REALTY CORPORATION","Financial Institutions","601567.0","600256.0","-1311.0","0.0009","0.0009","0.0","19.58","-25669.38","SELL","1","KIM-PL",13758,0.1,25.0,-21.68,2.17
"2026-06-10","US20451Q4010","20451Q401","CODI-C","CODI","COMPASS DIVERSIFIED HOLDINGS","Financial Institutions","528127.0","526968.0","-1159.0","0.0009","0.0009","0.0","22.09","-25602.31","SELL","1","CODI-PC",21079,0.1,25.0,-11.64,1.16
"2026-06-10","US17259U3032","17259U303","CIONI","CIONI","CION INVESTMENT CORP","Financial Institutions","462567.0","461560.0","-1007.0","0.0009","0.0009","0.0","25.13","-25305.91","SELL","1","","","",25.0,0.52,""
"2026-06-10","US04911A2069","04911A206","AUB-A","AUB","ATLANTIC UNION BANKSHARES CORP","Financial Institutions","466192.0","465166.0","-1026.0","0.0009","0.0009","0.0","24.63","-25270.38","SELL","1","AUB-PA",7361,0.1,25.0,-1.48,0.15
"2026-06-10","BMG9078F1499","-","TRTN-C","TRTN","TRITON INTERNATIONAL LTD","Industrial","467513.0","466487.0","-1026.0","0.0009","0.0009","0.0","24.42","-25054.92","SELL","1","TRTN-PC",10258,0.1,25.0,-2.32,0.23
"2026-06-10","US20451Q3020","20451Q302","CODI-B","CODI","COMPASS DIVERSIFIED HOLDINGS FIXED","Financial Institutions","502403.0","501301.0","-1102.0","0.0008","0.0008","0.0","22.55","-24850.1","SELL","1","CODI-PB",6668,0.2,25.0,-9.8,1.96
"2026-06-10","MHY8564M2048","-","TGP-B","TGP","TEEKAY LNG PARTNERS LP","Industrial","445772.0","444803.0","-969.0","0.0008","0.0009","0.0001","25.6","-24806.4","SELL","1","","","",25.0,2.4,""
"2026-06-10","US1258968601","125896860","CMS","CMS","CMS ENERGY CORPORATION","Utility","534445.0","533286.0","-1159.0","0.0008","0.0008","0.0","21.03","-24373.77","SELL","1","CMS",2962954,0.0,25.0,-15.88,0.0
"2026-06-10","US74460W5783","74460W578","PSA-K","PSA","PUBLIC STORAGE","Financial Institutions","604852.0","603541.0","-1311.0","0.0008","0.0008","0.0","18.53","-24292.83","SELL","1","PSA-PK",13706,0.1,25.0,-25.88,2.59
"2026-06-10","US04914Y4098","04914Y409","ATLC","ATLC","ATLANTICUS HOLDINGS CORP","Financial Institutions","446735.0","445785.0","-950.0","0.0009","0.0009","0.0","25.57","-24291.5","SELL","1","ATLC",92350,0.0,25.0,2.28,0.0
"2026-06-10","US74460W5114","74460W511","PSA-N","PSA","PUBLIC STORAGE DEP SHS REPSTG PF","Financial Institutions","742693.0","741078.0","-1615.0","0.0008","0.0008","0.0","15.0","-24225.0","SELL","1","PSA-PN",18693,0.1,25.0,-40.0,4.0
"2026-06-10","US11276B1098","11276B109","BIP","BIP","BROOKFIELD INFRASTRUCTURE FINANCE","Utility","675672.0","674190.0","-1482.0","0.0008","0.0008","0.0","16.27","-24112.14","SELL","1","BIP",873286,0.0,25.0,-34.92,0.0
"2026-06-10","US31959X2027","31959X202","FCNCA","FCNCA","FIRST CITIZENS BANCSHARES NON CU","Financial Institutions","540603.0","539425.0","-1178.0","0.0008","0.0008","0.0","20.42","-24054.76","SELL","1","FCNCA",61022,0.0,25.0,-18.32,0.0
"2026-06-10","US46131B5066","46131B506","IVR-C","IVR","INVESCO MORTGAGE CAPITAL INC","Financial Institutions","460309.0","459302.0","-1007.0","0.0008","0.0008","0.0","23.83","-23996.81","SELL","1","IVR-PC",14574,0.1,25.0,-4.68,0.47
"2026-06-10","BMG9078F3057","-","TRTGV","TRTN","TRITON INTL CUM RED PERP PREF SER","Industrial","467346.0","466320.0","-1026.0","0.0008","0.0008","0.0","23.36","-23967.36","SELL","1","","","",25.0,-6.56,""
"2026-06-10","US2538688555","253868855","DLR-J","DLR","DIGITAL REALTY TRUST INC","Financial Institutions","540603.0","539425.0","-1178.0","0.0008","0.0008","0.0","20.31","-23925.18","SELL","1","DLR-PJ",10144,0.1,25.0,-18.76,1.88
"2026-06-10","US11259P2083","11259P208","BRBRPH","BEPUCN","BROOKFIELD BRP HOLDINGS (CANADA) I","Utility","702751.0","701212.0","-1539.0","0.0008","0.0008","0.0","15.46","-23792.94","SELL","1","","","",25.0,-38.16,""
"2026-06-10","US0844238883","084423888","WRB","WRB","WR BERKLEY CORPORATION","Financial Institutions","667433.0","665970.0","-1463.0","0.0008","0.0008","0.0","16.07","-23510.41","SELL","1","WRB",2094387,0.0,25.0,-35.72,0.0
"2026-06-10","US55272X4097","55272X409","MFA-B","MFA","MFA FINANCIAL INC","Financial Institutions","540603.0","539425.0","-1178.0","0.0008","0.0008","0.0","19.9","-23442.2","SELL","1","MFA-PB",12355,0.1,25.0,-20.4,2.04
"2026-06-10","US11276B2088","11276B208","BIP","BIP","BROOKFIELD INFRASTRUCTURE FINANCE","Utility","427047.0","426116.0","-931.0","0.0008","0.0008","0.0","25.16","-23423.96","SELL","1","BIP",877538,0.0,25.0,0.64,0.0
"2026-06-10","BMG162491648","-","BPY-A","BPY","BROOKFIELD PROPERTY PARTNERS LP","Industrial","777096.0","775405.0","-1691.0","0.0008","0.0008","0.0","13.76","-23268.16","SELL","1","","","",25.0,-44.96,""
"2026-06-10","US0844237067","084423706","WRB","WRB","WR BERKLEY CORPORATION","Financial Institutions","493819.0","492736.0","-1083.0","0.0008","0.0008","0.0","21.45","-23230.35","SELL","1","WRB",2094387,0.0,25.0,-14.2,0.0
"2026-06-10","US58844R7026","58844R702","MBIN-C","MBIN","MERCHANTS BANCORP","Financial Institutions","523727.0","522587.0","-1140.0","0.0008","0.0008","0.0","20.36","-23210.4","SELL","1","","","",25.0,-18.56,""
"2026-06-10","US38741L3050","38741L305","GPMT-A","GPMT","GRANITE POINT MORTGAGE TRUST INC","Financial Institutions","556118.0","554902.0","-1216.0","0.0008","0.0008","0.0","19.06","-23176.96","SELL","1","GPMT-PA",3651,0.3,25.0,-23.76,7.13
"2026-06-10","US38144X6094","38144X609","GS-C","GS","GOLDMAN SACHS GROUP INC","Financial Institutions","540603.0","539425.0","-1178.0","0.0008","0.0008","0.0","19.6","-23088.8","SELL","1","GS-PC",17025,0.1,25.0,-21.6,2.16
"2026-06-10","US5303075031","530307503","LBRDA","LBRDA","LIBERTY BROADBAND CUM REDEEMABLE P","Industrial","479182.0","478137.0","-1045.0","0.0008","0.0008","0.0","21.97","-22958.65","SELL","1","LBRDA",224320,0.0,25.0,-12.12,0.0
"2026-06-10","US3793783008","379378300","GNL-A","GNL","GLOBAL NET LEASE PREF SERIES A INC","Financial Institutions","459453.0","458446.0","-1007.0","0.0008","0.0008","0.0","22.75","-22909.25","SELL","1","GNL-PA",8620,0.1,25.0,-9.0,0.9
"2026-06-10","US9197944047","919794404","VLY-C","VLY","VALLEY NATIONAL BANCORP","Financial Institutions","400168.0","399294.0","-874.0","0.0008","0.0008","0.0","26.05","-22767.7","SELL","1","","","",25.0,4.2,""
"2026-06-10","US0605058157","060505815","BAC-E","BAC","BANK OF AMERICA CORP PREF STOCK","Financial Institutions","554549.0","553333.0","-1216.0","0.0008","0.0008","0.0","18.72","-22763.52","SELL","1","BAC-PE",21071,0.1,25.0,-25.12,2.51
"2026-06-10","US0423156068","042315606","ARR-C","ARR","ARMOUR RESIDENTIAL REIT INC","Financial Institutions","492391.0","491308.0","-1083.0","0.0008","0.0008","0.0","21.01","-22753.83","SELL","1","ARR-PC",19864,0.1,25.0,-15.96,1.6
"2026-06-10","US74460W3960","74460W396","PSA-S","PSA","PUBLIC STORAGE DEPOSITARY SHS EACH","Financial Institutions","656194.0","654769.0","-1425.0","0.0008","0.0008","0.0","15.89","-22643.25","SELL","1","PSA-PS",18859,0.1,25.0,-36.44,3.64
"2026-06-10","BMG9078F1648","-","TRTN-D","TRTN","TRITON INTERNATIONAL LTD","Industrial","399400.0","398450.0","-950.0","0.0007","0.0007","0.0","23.83","-22638.5","SELL","1","TRTN-PD",7274,0.1,25.0,-4.68,0.47
"2026-06-10","BMG053841620","-","AHL","AHL","ASPEN INSURANCE HOLDINGS LTD","Financial Institutions","533312.0","532153.0","-1159.0","0.0008","0.0008","0.0","19.5","-22600.5","SELL","1","","","",25.0,-22.0,""
"2026-06-10","US6740013007","674001300","OAK-A","OAK","OAKTREE CAPITAL GROUP LLC","Financial Institutions","486531.0","485467.0","-1064.0","0.0008","0.0008","0.0","21.23","-22588.72","SELL","1","OAK-PA",9710,0.1,25.0,-15.08,1.51
"2026-06-10","US11259P3073","11259P307","BRBRPH","BEPUCN","BROOKFIELD BRP HOLDINGS (CANADA) I","Utility","405380.0","404487.0","-893.0","0.0008","0.0008","0.0","25.26","-22557.18","SELL","1","","","",25.0,1.04,""
"2026-06-10","US2333318267","233331826","DTE-G","DTE","DTE ENERGY COMPANY","Utility","613627.0","612297.0","-1330.0","0.0008","0.0008","0.0","16.92","-22503.6","SELL","1","","","",25.0,-32.32,""
"2026-06-10","US00123Q8565","00123Q856","AGNCL","AGNC","AGNC INVESTMENT CORP","Financial Institutions","405344.0","404451.0","-893.0","0.0008","0.0008","0.0","25.07","-22387.51","SELL","1","AGNCL",10710,0.1,25.0,0.28,0.0
"2026-06-10","US78407R2040","78407R204","SCE-J","EIX","SCE TRUST II CUM TRUST SECS P","Utility","587030.0","585757.0","-1273.0","0.0008","0.0008","0.0","17.54","-22328.42","SELL","1","","","",25.0,-29.84,""
"2026-06-10","US1258968379","125896837","CMS-C","CMS","CMS ENERGY CORPORATION","Utility","613733.0","612403.0","-1330.0","0.0008","0.0008","0.0","16.78","-22317.4","SELL","1","CMS-PC",13885,0.1,25.0,-32.88,3.29
"2026-06-10","US0605056250","060505625","BAC-02","BAC","BANK OF AMERICA CORP","Financial Institutions","535726.0","534567.0","-1159.0","0.0008","0.0008","0.0","19.23","-22287.57","SELL","1","","","",25.0,-23.08,""
"2026-06-10","BMG162491564","-","BPY-A2","BPY","BROOKFIELD PROPERTY PARTNERS LP","Industrial","675673.0","674191.0","-1482.0","0.0008","0.0008","0.0","15.0","-22230.0","SELL","1","","","",25.0,-40.0,""
"2026-06-10","US04208T2078","04208T207","AHH-A","AHH","ARMADA HOFFLER PROPERTIES INC","Financial Institutions","462480.0","461473.0","-1007.0","0.0007","0.0008","0.0001","21.85","-22002.95","SELL","1","","","",25.0,-12.6,""
"2026-06-10","US4101204067","410120406","HWC","HWC","HANCOCK WHITNEY CORP","Financial Institutions","460123.0","459116.0","-1007.0","0.0007","0.0007","0.0","21.7","-21851.9","SELL","1","HWC",823984,0.0,25.0,-13.2,0.0
"2026-06-10","US8606307069","860630706","SF-B","SF","STIFEL FINANCIAL CORP","Financial Institutions","432441.0","431491.0","-950.0","0.0007","0.0007","0.0","23.0","-21850.0","SELL","1","SF-PB",9317,0.1,25.0,-8.0,0.8
"2026-06-10","US10922N8891","10922N889","BHF-D","BHF","BRIGHTHOUSE FINANCIAL INC","Financial Institutions","933799.0","931766.0","-2033.0","0.0008","0.0007","-0.0001","10.71","-21773.43","SELL","1","","","",25.0,-57.16,""
"2026-06-10","US87266M2061","87266M206","TRTX-C","TRTX","TPG RE FIN TR PREF SERIES C INC TR","Financial Institutions","544034.0","542856.0","-1178.0","0.0008","0.0007","-0.0001","18.4","-21675.2","SELL","1","TRTX-PC",7067,0.2,25.0,-26.4,5.28
"2026-06-10","US3205174028","320517402","FHN-E","FHN","FIRST HORIZON NATIONAL CORP","Financial Institutions","405379.0","404486.0","-893.0","0.0007","0.0007","0.0","24.21","-21619.53","SELL","1","FHN-PE",5879,0.2,25.0,-3.16,0.63
"2026-06-10","US04914Y3009","04914Y300","ATLC","ATLC","ATLANTICUS HOLDINGS CORP","Financial Institutions","395190.0","394335.0","-855.0","0.0007","0.0007","0.0","25.24","-21580.2","SELL","1","ATLC",92352,0.0,25.0,0.96,0.0
"2026-06-10","US58844R8842","58844R884","MBIN","MBIN","MERCHANTS BANCORP","Financial Institutions","379848.0","379012.0","-836.0","0.0007","0.0007","0.0","25.61","-21409.96","SELL","1","MBIN",130786,0.0,25.0,2.44,0.0
"2026-06-10","US6496048819","649604881","ADAM-D","ADAM","NEW YORK MORTGAGE TRUST INC","Financial Institutions","415312.0","414400.0","-912.0","0.0007","0.0007","0.0","23.45","-21386.4","SELL","1","","","",25.0,-6.2,""
"2026-06-10","US70509V8862","70509V886","PEB-H","PEB","PEBBLEBROOK HOTEL TRUST","Financial Institutions","528886.0","527727.0","-1159.0","0.0007","0.0007","0.0","18.4","-21325.6","SELL","1","PEB-PH",35333,0.0,25.0,-26.4,0.0
"2026-06-10","US26884U2087","26884U208","EPR-C","EPR","EPR PROPERTIES 5.75% CUM CONV PREF","Financial Institutions","364419.0","363621.0","-798.0","0.0007","0.0007","0.0","26.45","-21107.1","SELL","1","EPR-PC",4379,0.2,25.0,5.8,0.0
"2026-06-10","US4461507810","446150781","HBAN-C","HBAN","HUNTINGTON BANCSHARES INC","Financial Institutions","472981.0","471955.0","-1026.0","0.0007","0.0007","0.0","20.52","-21053.52","SELL","1","","","",25.0,-17.92,""
"2026-06-10","BMG9078F1317","-","TRTN-B","TRTN","TRITON INTERNATIONAL LTD","Industrial","383207.0","382371.0","-836.0","0.0007","0.0007","0.0","25.05","-20941.8","SELL","1","TRTN-PB",6231,0.1,25.0,0.2,0.0
"2026-06-10","US74460W5379","74460W537","PSA-M","PSA","PUBLIC STORAGE","Financial Institutions","601856.0","600545.0","-1311.0","0.0007","0.0007","0.0","15.93","-20884.23","SELL","1","PSA-PM",9423,0.1,25.0,-36.28,3.63
"2026-06-10","US4884013081","488401308","KMPR","KMPR","KEMPER CORP","Financial Institutions","399756.0","398882.0","-874.0","0.0007","0.0007","0.0","23.75","-20757.5","SELL","1","KMPR",1057589,0.0,25.0,-5.0,0.0
"2026-06-10","US6496048652","649604865","ADAM-F","ADAM","NEW YORK MORTGAGE TRUST INC","Financial Institutions","392184.0","391329.0","-855.0","0.0007","0.0007","0.0","24.13","-20631.15","SELL","1","","","",25.0,-3.48,""
"2026-06-10","US0259328807","025932880","AFG","AFG","AMERICAN FINANCIAL GROUP INC","Financial Institutions","533238.0","532079.0","-1159.0","0.0007","0.0007","0.0","17.71","-20525.89","SELL","1","AFG",436677,0.0,25.0,-29.16,0.0
"2026-06-10","US11272B1035","11272B103","BNCN","BNCN","BROOKFIELD FINANCE I UK PLC","Financial Institutions","621704.0","620355.0","-1349.0","0.0007","0.0007","0.0","15.12","-20396.88","SELL","1","","","",25.0,-39.52,""
"2026-06-10","US4461507570","446150757","HBANZ","HBAN","HUNTINGTON BANCSHARES DEPOSITARY S","Financial Institutions","461447.0","460440.0","-1007.0","0.0007","0.0007","0.0","19.91","-20049.37","SELL","1","HBANZ",12841,0.1,25.0,-20.36,2.04
"2026-06-10","USG162522670","-","BIP-13","BIP","BROOKFIELD INFRASTRUCTURE CLASS","Utility","540603.0","539425.0","-1178.0","0.0007","0.0007","0.0","16.77","-19755.06","SELL","1","","","",25.0,-32.92,""
"2026-06-10","BMG9078F2067","-","TRTN","TRTN","TRITON INTERNATIONAL LTD","Industrial","399595.0","398721.0","-874.0","0.0007","0.0007","0.0","22.55","-19708.7","SELL","1","","","",25.0,-9.8,""
"2026-06-10","US89832Q8107","89832Q810","TFC-I","TFC","TRUIST FINANCIAL DS REPRESENTING","Financial Institutions","466240.0","465214.0","-1026.0","0.0007","0.0007","0.0","18.89","-19381.14","SELL","1","TFC-PI",11345,0.1,25.0,-24.44,2.44
"2026-06-10","US9478907036","947890703","WBS-G","WBS","WEBSTER FINANCIAL CORPORATION","Financial Institutions","364855.0","364057.0","-798.0","0.0007","0.0007","0.0","24.09","-19223.82","SELL","1","WBS-PG",6428,0.1,25.0,-3.64,0.36
"2026-06-10","BMG162522756","-","BIP-14","BIP","BROOKFIELD INFRASTRUCTURE PARTNERS","Utility","540603.0","539425.0","-1178.0","0.0007","0.0007","0.0","16.16","-19036.48","SELL","1","","","",25.0,-35.36,""
"2026-06-10","US25401T5048","25401T504","DBRG-H","DBRG","DIGITALBRIDGE GROUP .125 CUMULATIV","Financial Institutions","563547.0","562312.0","-1235.0","0.0006","0.0006","0.0","15.33","-18932.55","SELL","1","DBRG-PH",27638,0.0,25.0,-38.68,0.0
"2026-06-10","US3765468679","376546867","GAIN","GAIN","GLADSTONE INVESTMENT CORP","Financial Institutions","336568.0","335827.0","-741.0","0.0006","0.0006","0.0","25.52","-18910.32","SELL","1","GAIN",375802,0.0,25.0,2.08,0.0
"2026-06-10","US26884U5056","26884U505","EPR-G","EPR","EPR PROPERTIES","Financial Institutions","405453.0","404560.0","-893.0","0.0006","0.0006","0.0","21.09","-18833.37","SELL","1","EPR-PG",9146,0.1,25.0,-15.64,1.56
"2026-06-10","US3765468836","376546883","GAIN","GAIN","GLADSTONE INVESTMENT CORP","Financial Institutions","358038.0","357259.0","-779.0","0.0006","0.0006","0.0","24.04","-18727.16","SELL","1","GAIN",375802,0.0,25.0,-3.84,0.0
"2026-06-10","BMG9078F1564","-","TRTN-E","TRTN","TRITON INTERNATIONAL LTD","Industrial","465981.0","464974.0","-1007.0","0.0006","0.0006","0.0","18.44","-18569.08","SELL","1","TRTN-PE",4721,0.2,25.0,-26.24,5.25
"2026-06-10","US8163005031","816300503","SIGI-B","SIGI","SELECTIVE INS GROUP DS REPSTG IN","Financial Institutions","532373.0","531214.0","-1159.0","0.0006","0.0006","0.0","15.95","-18486.05","SELL","1","","","",25.0,-36.2,""
"2026-06-10","MHY8564M1131","-","TGP","TGP","TEEKAY LNG PARTNERS LP","Industrial","333341.0","332619.0","-722.0","0.0006","0.0006","0.0","25.6","-18483.2","SELL","1","","","",25.0,2.4,""
"2026-06-10","US0259328641","025932864","AFG","AFG","AMERICAN FINANCIAL GROUP INC","Financial Institutions","532457.0","531298.0","-1159.0","0.0006","0.0006","0.0","15.91","-18439.69","SELL","1","AFG",436677,0.0,25.0,-36.36,0.0
"2026-06-10","US9478905055","947890505","WBS-F","WBS","WEBSTER FINANCIAL DRC CORP","Financial Institutions","405380.0","404487.0","-893.0","0.0006","0.0006","0.0","20.56","-18360.08","SELL","1","WBS-PF",9920,0.1,25.0,-17.76,1.78
"2026-06-10","US90187B2007","90187B200","TWO-A","TWO","TWO HARBORS INVESTMENT CORP","Financial Institutions","341274.0","340533.0","-741.0","0.0006","0.0006","0.0","24.56","-18198.96","SELL","1","TWO-PA",17276,0.0,25.0,-1.76,0.0
"2026-06-10","US16934Q3074","16934Q307","CIM-A","CIM","CHIMERA INVESTMENT CORP","Financial Institutions","391953.0","391098.0","-855.0","0.0006","0.0006","0.0","21.15","-18083.25","SELL","1","CIM-PA",9833,0.1,25.0,-15.4,1.54
"2026-06-10","US68003D3035","68003D303","ONB-C","ONB","OLD NATIONAL BANCORP DEP SHS EACH","Financial Institutions","331104.0","330382.0","-722.0","0.0006","0.0006","0.0","24.85","-17941.7","SELL","1","","","",25.0,-0.6,""
"2026-06-10","US6496048165","649604816","ADAM","ADAM","NEW YORK MORTGAGE TRUST INC","Financial Institutions","310765.0","310081.0","-684.0","0.0006","0.0006","0.0","25.78","-17633.52","SELL","1","ADAM",813808,0.0,25.0,3.12,0.0
"2026-06-10","US0084922097","008492209","ADC-A","ADC","AGREE REALTY CORP","Financial Institutions","473053.0","472027.0","-1026.0","0.0006","0.0006","0.0","17.07","-17513.82","SELL","1","ADC-PA",11912,0.1,25.0,-31.72,3.17
"2026-06-10","US8964427046","896442704","TRIN","TRIN","TRINITY CAPITAL INC","Financial Institutions","309869.0","309185.0","-684.0","0.0006","0.0006","0.0","25.45","-17407.8","SELL","1","TRIN",1013945,0.0,25.0,1.8,0.0
"2026-06-10","US5977423038","597742303","MSBI","MSBI","MIDLAND STATES BANCORP INC","Financial Institutions","310801.0","310117.0","-684.0","0.0006","0.0006","0.0","25.44","-17400.96","SELL","1","MSBI",148388,0.0,25.0,1.76,0.0
"2026-06-10","MHY271831213","-","GSL","GSL","GLOBAL SHIP LEASE INC","Industrial","294560.0","293914.0","-646.0","0.0006","0.0006","0.0","26.93","-17396.78","SELL","1","GSL",361820,0.0,25.0,7.72,0.0
"2026-06-10","US8964426055","896442605","TRIN","TRIN","TRINITY CAPITAL INC","Financial Institutions","316819.0","316135.0","-684.0","0.0006","0.0006","0.0","25.42","-17387.28","SELL","1","TRIN",1013945,0.0,25.0,1.68,0.0
"2026-06-10","US90187B8871","90187B887","TWO","TWO","TWO HARBORS INVESTMENT CORP","Financial Institutions","310783.0","310099.0","-684.0","0.0006","0.0006","0.0","25.39","-17366.76","SELL","1","TWO",2208984,0.0,25.0,1.56,0.0
"2026-06-10","US3137452005","313745200","FRT-C","FRT","FEDERAL REALTY INVESTMENT DEPOSITA","Financial Institutions","405380.0","404487.0","-893.0","0.0006","0.0006","0.0","19.41","-17333.13","SELL","1","FRT-PC",7786,0.1,25.0,-22.36,2.24
"2026-06-10","US28852N3070","28852N307","EFC-B","EFC","ELLINGTON FINANCIAL INC","Financial Institutions","325778.0","325075.0","-703.0","0.0006","0.0006","0.0","24.65","-17328.95","SELL","1","EFC-PB",3342,0.2,25.0,-1.4,0.28
"2026-06-10","US0082528359","008252835","AMG","AMG","AFFILIATED MANAGERS GROUP INC.","Financial Institutions","531544.0","530385.0","-1159.0","0.0006","0.0006","0.0","14.93","-17303.87","SELL","1","AMG",315346,0.0,25.0,-40.28,0.0
"2026-06-10","US26817Q8785","26817Q878","DX-C","DX","DYNEX CAPITAL INC","Financial Institutions","301353.0","300688.0","-665.0","0.0006","0.0006","0.0","26.0","-17290.0","SELL","1","DX-PC",7615,0.1,25.0,4.0,0.0
"2026-06-10","US70509V7047","70509V704","PEB-F","PEB","PEBBLEBROOK HOTEL TRUST","Financial Institutions","398018.0","397144.0","-874.0","0.0006","0.0006","0.0","19.75","-17261.5","SELL","1","PEB-PF",23314,0.0,25.0,-21.0,0.0
"2026-06-10","US64944P3073","64944P307","FLG","NYCB","NEW YORK COMMUNITY CAPITAL TRUST V","Financial Institutions","192667.0","192249.0","-418.0","0.0006","0.0006","0.0","41.1","-17179.8","SELL","1","FLG",4111034,0.0,25.0,64.4,0.0
"2026-06-10","US26884U3077","26884U307","EPR-E","EPR","EPR PROPERTIES","Financial Institutions","232841.0","232328.0","-513.0","0.0006","0.0006","0.0","33.25","-17057.25","SELL","1","EPR-PE",3654,0.1,25.0,33.0,0.0
"2026-06-10","US75574U8383","75574U838","RC","RC","READY CAPITAL CORP","Financial Institutions","351394.0","350634.0","-760.0","0.0006","0.0006","0.0","22.33","-16970.8","SELL","1","RC",1655641,0.0,25.0,-10.68,0.0
"2026-06-10","US0259328724","025932872","AFG","AFG","AMERICAN FINANCIAL GROUP INC","Financial Institutions","398531.0","397657.0","-874.0","0.0006","0.0006","0.0","19.35","-16911.9","SELL","1","AFG",436677,0.0,25.0,-22.6,0.0
"2026-06-10","US6475513080","647551308","NMFC","NMFC","NEW MOUNTAIN FINANCE CORP","Financial Institutions","305430.0","304765.0","-665.0","0.0006","0.0006","0.0","25.43","-16910.95","SELL","1","NMFC",530802,0.0,25.0,1.72,0.0
"2026-06-10","US8660826053","866082605","INN-E","INN","SUMMIT HOTEL PROPERTIES INC","Financial Institutions","432441.0","431491.0","-950.0","0.0006","0.0006","0.0","17.69","-16805.5","SELL","1","INN-PE",7727,0.1,25.0,-29.24,2.92
"2026-06-10","US9197942066","919794206","VLY-A","VLY","VALLEY NATIONAL BANCORP","Financial Institutions","305435.0","304770.0","-665.0","0.0006","0.0006","0.0","25.1","-16691.5","SELL","1","","","",25.0,0.4,""
"2026-06-10","US2635343070","263534307","CTVA","CTVA","E I DU PONT DE NEMOURS AND CO","Industrial","111005.0","110758.0","-247.0","0.0006","0.0006","0.0","67.3","-16623.1","SELL","1","CTVA",3405938,0.0,25.0,169.2,0.0
"2026-06-10","BMG162491499","-","BPY-A-1","BPY","BROOKFIELD PROPERTY PARTNERS LP","Industrial","497386.0","496303.0","-1083.0","0.0006","0.0006","0.0","15.34","-16613.22","SELL","1","","","",25.0,-38.64,""
"2026-06-10","US20786W5031","20786W503","CNOB-A","CNOB","CONNECTONE BANCORP INC","Financial Institutions","305341.0","304676.0","-665.0","0.0006","0.0006","0.0","24.9","-16558.5","SELL","1","","","",25.0,-0.4,""
"2026-06-10","US02665T8760","02665T876","AMH-G","AMH","AMERICAN HOMES 4 RENT","Financial Institutions","310803.0","310119.0","-684.0","0.0006","0.0006","0.0","23.87","-16327.08","SELL","1","AMH-PG",3398,0.2,25.0,-4.52,0.9
"2026-06-10","BMG162582313","-","BEPUCN","BEPUCN","BROOKFIELD RENEWABLE PARTNERS LP","Utility","541675.0","540725.0","-950.0","0.0007","0.0007","0.0","17.13","-16273.5","SELL","1","","","",25.0,-31.48,""
"2026-06-10","US68003D2045","68003D204","ONB-A","ONB","OLD NATIONAL BANCORP","Financial Institutions","291856.0","291210.0","-646.0","0.0005","0.0005","0.0","24.72","-15969.12","SELL","1","","","",25.0,-1.12,""
"2026-06-10","US7588498896","758849889","REG-A","REG","REGENCY CENTERS SERIES A CUMULAT","Financial Institutions","310801.0","310117.0","-684.0","0.0005","0.0005","0.0","23.3","-15937.2","SELL","1","","","",25.0,-6.8,""
"2026-06-10","US02665T8687","02665T868","AMH-H","AMH","AMERICAN HOMES 4 RENT","Financial Institutions","310801.0","310117.0","-684.0","0.0005","0.0005","0.0","23.23","-15889.32","SELL","1","AMH-PH",6500,0.1,25.0,-7.08,0.71
"2026-06-10","US64828T3005","64828T300","RITM-A","RITM","NEW RESIDENTIAL INVESTMENT CORP","Financial Institutions","284465.0","283838.0","-627.0","0.0005","0.0005","0.0","25.29","-15856.83","SELL","1","RITM-PA",13425,0.0,25.0,1.16,0.0
"2026-06-10","US0605055914","060505591","BAC","BAC","BANK OF AMERICA DEPOSITORY SHARES","Financial Institutions","366011.0","365213.0","-798.0","0.0005","0.0005","0.0","19.74","-15752.52","SELL","1","BAC",34806187,0.0,25.0,-21.04,0.0
"2026-06-10","US70931T8062","70931T806","PMT","PMT","PENNYMAC MORTGAGE INVESTMENT TRUST","Financial Institutions","283753.0","283126.0","-627.0","0.0005","0.0005","0.0","25.0","-15675.0","SELL","1","PMT",972179,0.0,25.0,0.0,0.0
"2026-06-10","US3205178656","320517865","FHN-F","FHN","FIRST HORIZON CORP (TENNESSEE)","Financial Institutions","405344.0","404451.0","-893.0","0.0005","0.0005","0.0","17.3","-15448.9","SELL","1","FHN-PF",6766,0.1,25.0,-30.8,3.08
"2026-06-10","US70931T3014","70931T301","PMT-A","PMT","PENNYMAC MORTGAGE INVESTMENT TRUST","Financial Institutions","310803.0","310119.0","-684.0","0.0005","0.0005","0.0","22.34","-15280.56","SELL","1","PMT-PA",6415,0.1,25.0,-10.64,1.06
"2026-06-10","US7588498714","758849871","REG-B","REG","REGENCY CENTERS SERIES B CUMULAT","Financial Institutions","310807.0","310123.0","-684.0","0.0005","0.0005","0.0","22.2","-15184.8","SELL","1","","","",25.0,-11.2,""
"2026-06-10","KYG3730V1398","-","FTAI-C","FTAI","FTAI AVIATION FIXED RATE RESET C","Industrial","278471.0","277863.0","-608.0","0.0005","0.0005","0.0","24.97","-15181.76","SELL","1","","","",25.0,-0.12,""
"2026-06-10","US80349A8027","80349A802","SAR","SAR","SARATOGA INVESTMENT CORP","Financial Institutions","279710.0","279102.0","-608.0","0.0005","0.0005","0.0","24.92","-15151.36","SELL","1","SAR",98072,0.0,25.0,-0.32,0.0
"2026-06-10","US28852N4060","28852N406","EFC-C","EFC","ELLINGTON FINANCIAL INC","Financial Institutions","270293.0","269704.0","-589.0","0.0005","0.0005","0.0","25.53","-15037.17","SELL","1","EFC-PC",1130,0.5,25.0,2.12,0.0
"2026-06-10","US00489Q3002","00489Q300","ACR-D","ACR","ACRES COMMERCIAL REALTY CORP","Financial Institutions","304564.0","303899.0","-665.0","0.0005","0.0005","0.0","22.55","-14995.75","SELL","1","ACR-PD",4523,0.1,25.0,-9.8,0.98
"2026-06-10","US12621E3018","12621E301","CNO","CNO","CNO FINANCIAL GROUP INC","Financial Institutions","405344.0","404451.0","-893.0","0.0005","0.0005","0.0","16.78","-14984.54","SELL","1","CNO",755374,0.0,25.0,-32.88,0.0
"2026-06-10","US73317H2067","73317H206","BPOP","BPOP","POPULAR CAPITAL TRUST II","Financial Institutions","273100.0","272511.0","-589.0","0.0005","0.0005","0.0","25.41","-14966.49","SELL","1","BPOP",435248,0.0,25.0,1.64,0.0
"2026-06-10","US0259328070","025932807","AFG","AFG","AMERICAN FINANCIAL GROUP INC","Financial Institutions","331452.0","330730.0","-722.0","0.0005","0.0005","0.0","20.7","-14945.4","SELL","1","AFG",436677,0.0,25.0,-17.2,0.0
"2026-06-10","US3793784097","379378409","GNL-B","GNL","GLOBAL NET LEASE INC","Financial Institutions","317364.0","316680.0","-684.0","0.0005","0.0005","0.0","21.77","-14890.68","SELL","1","GNL-PB",3586,0.2,25.0,-12.92,2.58
"2026-06-10","US22948Q2003","22948Q200","CTO-A","CTO","CTO REALTY GROWTH INC","Financial Institutions","318484.0","317781.0","-703.0","0.0005","0.0005","0.0","21.0","-14763.0","SELL","1","CTO-PA",4077,0.2,25.0,-16.0,3.2
"2026-06-10","US2298993070","229899307","CFR-B","CFR","CULLEN FROST BANKERS DRC INC","Financial Institutions","405344.0","404451.0","-893.0","0.0005","0.0005","0.0","16.45","-14689.85","SELL","1","CFR-PB",10619,0.1,25.0,-34.2,3.42
"2026-06-10","US74460W4877","74460W487","PSA-O","PSA","PUBLIC STORAGE","Financial Institutions","444635.0","443666.0","-969.0","0.0005","0.0005","0.0","15.13","-14660.97","SELL","1","PSA-PO",19110,0.1,25.0,-39.48,3.95
"2026-06-10","US8043958797","804395879","BFS-E","BFS","SAUL CENTERS INC","Financial Institutions","297377.0","296731.0","-646.0","0.0005","0.0005","0.0","22.21","-14347.66","SELL","1","BFS-PE",3792,0.2,25.0,-11.16,2.23
"2026-06-10","US53803X4025","53803X402","LOB-A","LOB","LIVE OAK BANCSHARES INC","Financial Institutions","264993.0","264423.0","-570.0","0.0005","0.0005","0.0","25.15","-14335.5","SELL","1","LOB-PA",12342,0.0,25.0,0.6,0.0
"2026-06-10","US16208T2015","16208T201","CLDT-A","CLDT","CHATHAM LODGING TRUST","Financial Institutions","324379.0","323676.0","-703.0","0.0005","0.0005","0.0","20.33","-14291.99","SELL","1","CLDT-PA",29908,0.0,25.0,-18.68,0.0
"2026-06-10","US9197943056","919794305","VLY-B","VLY","VALLEY NATL NON CUM PERP PREF SERI","Financial Institutions","264904.0","264334.0","-570.0","0.0005","0.0005","0.0","25.05","-14278.5","SELL","1","","","",25.0,0.2,""
"2026-06-10","US7580758578","758075857","RWT","RWT","REDWOOD TRUST INC","Financial Institutions","270275.0","269686.0","-589.0","0.0005","0.0005","0.0","23.66","-13935.74","SELL","1","RWT",1040490,0.0,25.0,-5.36,0.0
"2026-06-10","US20451Q2030","20451Q203","CODI-A","CODI","COMPASS DIVERSIFIED HOLDINGS","Financial Institutions","309495.0","308811.0","-684.0","0.0005","0.0005","0.0","20.12","-13762.08","SELL","1","CODI-PA",5436,0.1,25.0,-19.52,1.95
"2026-06-10","US25432X2018","25432X201","DCOM","DCOM","DIME COMMUNITY BANCSHARES CUMULATI","Financial Institutions","350827.0","350067.0","-760.0","0.0005","0.0005","0.0","17.81","-13535.6","SELL","1","DCOM",281281,0.0,25.0,-28.76,0.0
"2026-06-10","US29364P1030","29364P103","ETR","ETR","ENTERGY NEW ORLEANS INC","Utility","291199.0","290572.0","-627.0","0.0005","0.0005","0.0","21.47","-13461.69","SELL","1","ETR",3891271,0.0,25.0,-14.12,0.0
"2026-06-10","US3131488278","313148827","AGMPP","FAMCA","FEDERAL AGRIC MTG NON CUMULATIVE P","Agency","264687.0","264117.0","-570.0","0.0005","0.0005","0.0","23.45","-13366.5","SELL","1","","","",25.0,-6.2,""
"2026-06-10","US6943082064","694308206","PCG-A","PCG","PACIFIC GAS & ELEC CO","Utility","278543.0","277935.0","-608.0","0.0005","0.0005","0.0","21.85","-13284.8","SELL","1","PCG-PA",6084,0.1,25.0,-12.6,1.26
"2026-06-10","US5290433094","529043309","LXP-C","LXP","LXP INDUSTRIAL TRUST","Financial Institutions","130785.0","130500.0","-285.0","0.0004","0.0004","0.0","45.73","-13033.05","SELL","1","LXP-PC",2112,0.1,25.0,82.92,0.0
"2026-06-10","US3131488435","313148843","FAMCA","FAMCA","FEDERAL AGRICULTURAL MORTGAGE CORP","Agency","317230.0","316546.0","-684.0","0.0004","0.0004","0.0","18.76","-12831.84","SELL","1","","","",25.0,-24.96,""
"2026-06-10","US3131488351","313148835","FAMCA","FAMCA","FEDERAL AGRICULTURAL MORTGAGE NO","Agency","330198.0","329476.0","-722.0","0.0004","0.0004","0.0","17.6","-12707.2","SELL","1","","","",25.0,-29.6,""
"2026-06-10","US74348T5653","74348T565","PSEC-A","PSEC","PROSPECT CAPITAL CORP","Financial Institutions","346830.0","346070.0","-760.0","0.0004","0.0004","0.0","16.7","-12692.0","SELL","1","PSEC-PA",6465,0.1,25.0,-33.2,3.32
"2026-06-10","US70509V6056","70509V605","PEB-E","PEB","PEBBLEBROOK HOTEL TRUST","Financial Institutions","288175.0","287548.0","-627.0","0.0004","0.0004","0.0","20.14","-12627.78","SELL","1","PEB-PE",11015,0.1,25.0,-19.44,1.94
"2026-06-10","US74460W4463","74460W446","PSA-Q","PSA","PUBLIC STORAGE","Financial Institutions","373787.0","372970.0","-817.0","0.0004","0.0004","0.0","15.27","-12475.59","SELL","1","PSA-PQ",11331,0.1,25.0,-38.92,3.89
"2026-06-10","US00489Q2012","00489Q201","ACR-C","ACR","ACRES COMMERCIAL REALTY .625 FIXED","Financial Institutions","325450.0","324975.0","-475.0","0.0006","0.0006","0.0","25.41","-12069.75","SELL","1","ACR-PC",7215,0.1,25.0,1.64,0.0
"2026-06-10","US55272X7066","55272X706","MFA","MFA","MFA FINANCIAL INC","Financial Institutions","311575.0","311100.0","-475.0","0.0006","0.0006","0.0","25.06","-11903.5","SELL","1","MFA",1346574,0.0,25.0,0.24,0.0
"2026-06-10","US16934Q8693","16934Q869","CIM","CIM","CHIMERA INVESTMENT CORP","Financial Institutions","325264.0","324789.0","-475.0","0.0006","0.0006","0.0","25.01","-11879.75","SELL","1","CIM",568500,0.0,25.0,0.04,0.0
"2026-06-10","US0454874027","045487402","ASB-F","ASB","ASSOCIATED BANC DEPOSITARY SHARES","Financial Institutions","270302.0","269713.0","-589.0","0.0004","0.0004","0.0","20.16","-11874.24","SELL","1","ASB-PF",4316,0.1,25.0,-19.36,1.94
"2026-06-10","US3765468596","376546859","GAIN","GAIN","GLADSTONE INVESTMENT CORP","Financial Institutions","265250.0","264775.0","-475.0","0.0005","0.0005","0.0","24.99","-11870.25","SELL","1","GAIN",375810,0.0,25.0,-0.04,0.0
"2026-06-10","US80349A8514","80349A851","SAR","SAR","SARATOGA INVESTMENT CORP","Financial Institutions","265575.0","265100.0","-475.0","0.0005","0.0005","0.0","24.89","-11822.75","SELL","1","SAR",98072,0.0,25.0,-0.44,0.0
"2026-06-10","US3131488682","313148868","FAMCA","FAMCA","FEDERAL AGRICULTURAL MORTGAGE CORP","Agency","263701.0","263131.0","-570.0","0.0004","0.0004","0.0","20.73","-11816.1","SELL","1","","","",25.0,-17.08,""
"2026-06-10","US78163D4079","78163D407","RWAY","RWAY","RUNWAY GROWTH FINANCE","Financial Institutions","265500.0","265025.0","-475.0","0.0005","0.0005","0.0","24.57","-11670.75","SELL","1","RWAY",639390,0.0,25.0,-1.72,0.0
"2026-06-10","US14040H7742","14040H774","COF-K","COF","CAPITAL ONE FINANCIAL CORPORATION","Financial Institutions","319225.0","318522.0","-703.0","0.0004","0.0004","0.0","16.6","-11669.8","SELL","1","COF-PK",15118,0.0,25.0,-33.6,0.0
"2026-06-10","US0454872047","045487204","ASB-E","ASB","ASSOCIATED BANC-CORP","Financial Institutions","270275.0","269686.0","-589.0","0.0004","0.0004","0.0","19.64","-11567.96","SELL","1","ASB-PE",4245,0.1,25.0,-21.44,2.14
"2026-06-10","US9116847024","911684702","UZA","AD","UNITED STATES CELLULAR CORPORATION","Industrial","279114.0","278506.0","-608.0","0.0004","0.0004","0.0","18.8","-11430.4","SELL","1","","","",25.0,-24.8,""
"2026-06-10","US56029Q4082","56029Q408","MHLD","MHLD","MAIDEN HOLDINGS NORTH AMERICA LTD","Financial Institutions","401745.0","400871.0","-874.0","0.0004","0.0004","0.0","12.55","-10968.7","SELL","1","","","",25.0,-49.8,""
"2026-06-10","US8678928040","867892804","SHO-H","SHO","SUNSTONE HOTEL INVESTORS INC","Financial Institutions","302050.0","301575.0","-475.0","0.0005","0.0005","0.0","21.44","-10184.0","SELL","1","SHO-PH",21603,0.0,25.0,-14.24,0.0
"2026-06-10","US9116848840","911684884","UZC","AD","UNITED STATES CELLULAR CORPORATION","Industrial","274803.0","274195.0","-608.0","0.0003","0.0003","0.0","16.71","-10159.68","SELL","1","","","",25.0,-33.16,""
"2026-06-10","US8660827044","866082704","INN-F","INN","SUMMIT HOTEL PROPERTIES INC","Financial Institutions","270302.0","269713.0","-589.0","0.0003","0.0003","0.0","16.53","-9736.17","SELL","1","INN-PF",11857,0.0,25.0,-33.88,0.0
"2026-06-10","US75574U8870","75574U887","RC-E","RC","READY CAPITAL CORP","Financial Institutions","310765.0","310081.0","-684.0","0.0003","0.0003","0.0","12.61","-8625.24","SELL","1","RC-PE",6461,0.1,25.0,-49.56,4.96
"2026-06-10","US5602923022","560292302","MHLD","MHLD","MAIDEN HOLDINGS LTD","Financial Institutions","286376.0","285749.0","-627.0","0.0003","0.0002","-0.0001","11.5","-7210.5","SELL","1","","","",25.0,-54.0,""
"2026-06-10","US10482B2007","10482B200","BHR-B","BHR","BRAEMAR HOTEL & RESORTS INC","Financial Institutions","208022.0","207566.0","-456.0","0.0002","0.0002","0.0","15.13","-6899.28","SELL","1","BHR-PB",6660,0.1,25.0,-39.48,3.95
"2026-06-10","US5835432023","583543202","SLNH-A","SLNH","SOLUNA HOLDINGS INC","Industrial","324438.0","323963.0","-475.0","0.0003","0.0003","0.0","10.9","-5177.5","SELL","1","","","",25.0,-56.4,""
"2026-06-10","US3602713089","360271308","FULT-A","FULT","FULTON FINANCIAL CORPORATION","Financial Institutions","540817.0","540817.0","0.0","0.0007","0.0007","0.0","18.31","0.0","UNCHANGED","1","","","","","",""
"2026-06-10","BMG7498P1279","-","RNR-G","RNR","RENAISSANCERE HOLDINGS LTD","Financial Institutions","1362026.0","1362026.0","0.0","0.0015","0.0015","0.0","15.07","0.0","UNCHANGED","1","","","","","",""
"2026-06-10","US0625403078","062540307","BOH","BOH","BANK OF HAWAII CORP","Financial Institutions","447100.0","447100.0","0.0","0.0009","0.0009","0.0","26.22","0.0","UNCHANGED","1","","","","","",""
"2026-06-10","US5341878859","534187885","LNC-D","LNC","LINCOLN NATIONAL CORPORATION","Financial Institutions","1362035.0","1362035.0","0.0","0.0027","0.0027","0.0","26.4","0.0","UNCHANGED","1","","","","","",""
"2026-06-10","US29452E2000","29452E200","EQH-A","EQH","EQUITABLE HLDNGS DRC REPRESENTING","Financial Institutions","2172281.0","2172281.0","0.0","0.0031","0.0031","0.0","19.29","0.0","UNCHANGED","1","","","","","",""
"2026-06-10","US0389238686","038923868","ABR-E","ABR","ARBOR REALTY TRUST INC","Financial Institutions","385742.0","385742.0","0.0","0.0005","0.0005","0.0","15.86","0.0","UNCHANGED","1","","","","","",""
"2026-06-10","US06417N2027","06417N202","OZK-A","OZK","BANK OZK","Financial Institutions","951046.0","951046.0","0.0","0.0012","0.0012","0.0","16.29","0.0","UNCHANGED","1","","","","","",""
"2026-06-10","US30190A6091","30190A609","FG","FG","F&G ANNUITIES & LIFE INC","Financial Institutions","1012645.0","1012645.0","0.0","0.0016","0.0016","0.0","21.45","0.0","UNCHANGED","1","","","","","",""
"2026-06-10","US29452E4089","29452E408","EQH-C","EQH","EQUITABLE HOLDINGS INC","Financial Institutions","811206.0","811206.0","0.0","0.001","0.001","0.0","16.0","0.0","UNCHANGED","1","","","","","",""
"2026-06-10","US74913G8731","74913G873","CTL","CTL","QWEST CORP","Industrial","1818042.0","1818042.0","0.0","0.0026","0.0026","0.0","19.4","0.0","UNCHANGED","1","","","","","",""
"2026-06-10","US34988VAF31","34988VAF3","FOSL","FOSL","FOSSIL GROUP INC","Industrial","1174925.0","1174925.0","0.0","0.0001","0.0001","0.0","73.66","0.0","UNCHANGED","1","","","","","",""
"2026-06-10","US3765493099","376549309","LAND-B","LAND","GLADSTONE LAND CORP","Financial Institutions","393650.0","393650.0","0.0","0.0006","0.0006","0.0","20.63","0.0","UNCHANGED","1","","","","","",""
"2026-06-10","US0389238769","038923876","ABR-D","ABR","ARBOR REALTY TRUST INC","Financial Institutions","622146.0","622146.0","0.0","0.0007","0.0008","0.0001","16.12","0.0","UNCHANGED","1","","","","","",""
"2026-06-10","US78442P5026","78442P502","SLM-B","SLM","SLM CORP","Financial Institutions","170236.0","170236.0","0.0","0.001","0.001","0.0","75.05","0.0","UNCHANGED","1","","","","","",""
"2026-06-10","US04621X3061","04621X306","AIZ","AIZ","ASSURANT INC","Financial Institutions","671135.0","671135.0","0.0","0.0009","0.001","0.0001","18.96","0.0","UNCHANGED","1","","","","","",""
"2026-06-10","US9388243076","938824307","WAFD-A","WAFD","WASHINGTON FEDERAL INC","Financial Institutions","813970.0","813970.0","0.0","0.001","0.001","0.0","16.26","0.0","UNCHANGED","1","","","","","",""
"2026-06-10","US05461T3059","05461T305","AXS-E","AXS","AXIS CAPITAL HOLDINGS LTD","Financial Institutions","1498256.0","1498256.0","0.0","0.0022","0.0022","0.0","19.38","0.0","UNCHANGED","1","","","","","",""
"2026-06-10","US0389238504","038923850","ABR-F","ABR","ARBOR REALTY TRUST INC","Financial Institutions","771292.0","771292.0","0.0","0.0013","0.0013","0.0","22.78","0.0","UNCHANGED","1","","","","","",""
"2026-06-10","US74913G8814","74913G881","CTL","CTL","QWEST CORP","Industrial","2691284.0","2691284.0","0.0","0.0039","0.0039","0.0","19.38","0.0","UNCHANGED","1","","","","","",""
"2026-06-10","US0625452075","062545207","BOH-A","BOH","BANK OF HAWAII CORP","Financial Institutions","484757.0","484757.0","0.0","0.0006","0.0006","0.0","15.85","0.0","UNCHANGED","1","","","","","",""
"2026-06-10","US17259U4022","17259U402","CION","CICC","CION INVESTMENT NOTES DUE CORP","Financial Institutions","337169.0","337169.0","0.0","0.0006","0.0006","0.0","25.04","0.0","UNCHANGED","1","","","","","",""
"2026-06-10","US46817M2061","46817M206","JXN","JXN","JACKSON FINANCIAL INC","Financial Institutions","1498271.0","1498271.0","0.0","0.0029","0.0029","0.0","25.98","0.0","UNCHANGED","1","","","","","",""
"2026-06-10","US75968N3098","75968N309","RNR-F","RNR","RENAISSANCERE HOLDINGS LTD","Financial Institutions","681600.0","681600.0","0.0","0.0011","0.0011","0.0","21.1","0.0","UNCHANGED","1","","","","","",""
"2026-06-10","US30190A2033","30190A203","FG","FG","F&G ANNUITIES & LIFE INC","Financial Institutions","932154.0","932154.0","0.0","0.0017","0.0017","0.0","24.76","0.0","UNCHANGED","1","","","","","",""
"2026-06-10","US7244795065","724479506","PBI","PBI","PITNEY BOWES INC","Industrial","950906.0","950906.0","0.0","0.0015","0.0015","0.0","20.88","0.0","UNCHANGED","1","","","","","",""
