"date","isin","cusip","ticker","ticker_raw","name","sector","prior_shares","today_shares","shares_delta","prior_weight","today_weight","weight_delta","price","dollar_flow","flow_type","gap_days","yahoo_ticker","adv_30d","overhang_days","par_value","price_vs_par_pct","signal_score"
"2026-05-26","-","-","USD","USD","USD CASH","Cash and/or Derivatives","-462699.0","2749549.0","3212248.0","-0.00332","0.0002","0.00352","100.0","321224800.0","UNCHANGED","12","","","","","",""
"2026-05-26","US0640588457","64058845","BK-K","BK","BANK OF NEW YORK MELLON CORP/THE","Financial Institutions","1375809.0","0.0","-1375809.0","0.25355","0.0","-0.25355","25.68","-35330775.12","REMOVED","12","BK-PK",27465,50.1,25.0,2.72,0.0
"2026-05-26","US0669224778","066922477","XTSLA","XTSLA","BLK CSH FND TREASURY SL AGENCY","Cash and/or Derivatives","46300072.0","60250694.0","13950622.0","0.33227","0.0044","-0.32787","1.0","13950622.0","UNCHANGED","12","","","","","",""
"2026-05-26","US2256552082","225655208","CCABDC","FCRX","CRESCENT CAPITAL BDC   NOTES DUE I","Financial Institutions","305909.0","0.0","-305909.0","0.05519","0.0","-0.05519","25.14","-7690552.26","REMOVED","12","","","",25.0,0.56,""
"2026-05-26","US0970232049","097023204","BA","BA","BOEING CO","Industrial","7909206.0","7860876.0","-48330.0","4.15141","0.04","-4.11141","69.68","-3367634.4","SELL","12","","","",25.0,178.72,""
"2026-05-26","US68389X2045","68389X204","ORCL-D","ORCL","ORACLE CORPORATION","Industrial","6876700.0","6833500.0","-43200.0","2.84553","0.0283","-2.81723","56.8","-2453760.0","SELL","12","","","",25.0,127.2,""
"2026-05-26","US5949728530","594972853","STRC","MSTR","STRATEGY INC","Industrial","3455695.0","3434581.0","-21114.0","2.47995","0.0249","-2.45505","99.47","-2100209.58","SELL","12","","","",25.0,297.88,""
"2026-05-26","US9497468044","949746804","WFC-L","WFC","WELLS FARGO & COMPANY SERIES L","Financial Institutions","269508.0","267834.0","-1674.0","2.3064","0.0231","-2.2833","1182.0","-1978668.0","SELL","12","WFC-PL",4917,0.3,1000.0,18.2,0.0
"2026-05-26","US0126532003","012653200","ALB","ALB","ALBEMARLE CORP","Industrial","3163694.0","3144362.0","-19332.0","1.73686","0.0159","-1.72096","69.22","-1338161.04","SELL","12","","","",25.0,176.88,""
"2026-05-26","US42824C2089","42824C208","HPE-A","HPE","HEWLETT PACKARD ENTERPRISE CONV PR","Industrial","2063239.0","2050603.0","-12636.0","1.32742","0.0148","-1.31262","98.7","-1247173.2","SELL","12","","","",25.0,294.8,""
"2026-05-26","US0605056821","060505682","BAC-L","BAC","BANK OF AMERICA CORP","Financial Institutions","151058.0","150140.0","-918.0","1.31062","0.0132","-1.29742","1201.5","-1102977.0","SELL","12","BAC-PL",8013,0.1,1000.0,20.15,0.0
"2026-05-26","US1730802014","173080201","C","C","CITIGROUP CAPITAL XIII","Financial Institutions","6178732.0","6140932.0","-37800.0","1.29742","0.013","-1.28442","29.04","-1097712.0","SELL","12","C",10226390,0.0,25.0,16.16,0.0
"2026-05-26","US5950173022","595017302","MCHP","MCHP","MICROCHIP TECHNOLOGY INCORPORATED","Industrial","2042658.0","2030184.0","-12474.0","1.20687","0.0124","-1.19447","83.42","-1040581.08","SELL","12","","","",25.0,233.68,""
"2026-05-26","US65339F6557","65339F655","NEE-V","NEE","NEXTERA ENERGY INC","Utility","3163684.0","3144352.0","-19332.0","1.15132","0.011","-1.14032","47.79","-923876.28","SELL","12","","","",25.0,91.16,""
"2026-05-26","US65339F6631","65339F663","NEE-S","NEECU","NEXTERA ENERGY UNITS INC","Utility","2751042.0","2734248.0","-16794.0","1.14201","0.0108","-1.13121","54.2","-910234.8","SELL","12","","","",25.0,116.8,""
"2026-05-26","US48251W5004","48251W500","KKR-D","KKR","KKR & CO INC","Financial Institutions","3559130.0","3537368.0","-21762.0","1.10341","0.0106","-1.09281","40.95","-891153.9","SELL","12","KKR-PD",140835,0.2,25.0,63.8,0.0
"2026-05-26","US8425878423","842587842","SO-A","SO","SOUTHERN COMPANY (THE)","Utility","2751042.0","2734248.0","-16794.0","1.00233","0.0102","-0.99213","51.24","-860524.56","SELL","12","","","",25.0,104.96,""
"2026-05-26","US03769M3043","03769M304","APO","APO","APOLLO GLOBAL MANAGEMENT INC","Financial Institutions","1977244.0","1965148.0","-12096.0","0.98376","0.0096","-0.97416","66.86","-808738.56","SELL","12","APO",3622154,0.0,25.0,167.44,0.0
"2026-05-26","US48128B6487","48128B648","JPM-EE","JPM","JPMORGAN CHASE & CO","Financial Institutions","5089394.0","5058290.0","-31104.0","0.91309","0.0092","-0.90389","25.05","-779155.2","SELL","12","","","",25.0,0.2,""
"2026-05-26","US48128B6552","48128B655","JPM-DD","JPM","JPMORGAN CHASE & CO","Financial Institutions","4666399.0","4637887.0","-28512.0","0.81276","0.0081","-0.80466","24.03","-685143.36","SELL","12","","","",25.0,-3.88,""
"2026-05-26","US10950A2050","10950A205","BTSG","BTSG","BRIGHTSPRING HEALTH SERVICES UNITS","Industrial","550227.0","546879.0","-3348.0","0.7566","0.008","-0.7486","200.02","-669666.96","SELL","12","","","",1000.0,-80.0,""
"2026-05-26","US94988U1512","94988U151","WFC-Z","WFC","WELLS FARGO & COMPANY","Financial Institutions","5516654.0","5482904.0","-33750.0","0.74706","0.0076","-0.73946","18.88","-637200.0","SELL","12","WFC-PZ",145511,0.2,25.0,-24.48,4.9
"2026-05-26","US65339F1194","65339F119","NEE-T","NEECV","NEXTERA ENERGY UNITS INC","Utility","2063239.0","2050603.0","-12636.0","0.78475","0.0075","-0.77725","49.98","-631547.28","SELL","12","","","",25.0,99.92,""
"2026-05-26","US48128B5497","48128B549","JPM-LL","JPM","JPMORGAN CHASE NON-CUMULATIVE PREF","Financial Institutions","5089395.0","5058291.0","-31104.0","0.69431","0.0069","-0.68741","18.76","-583511.04","SELL","12","","","",25.0,-24.96,""
"2026-05-26","US48128B5232","48128B523","JPM-MM","JPM","JPMORGAN CHASE AND CO DS REPSTG T","Financial Institutions","5502047.0","5468405.0","-33642.0","0.69336","0.0069","-0.68646","17.33","-583015.86","SELL","12","","","",25.0,-30.68,""
"2026-05-26","US69331C3060","69331C306","PCG-A","PCG","PG&E CORPORATION","Utility","2214581.0","2201027.0","-13554.0","0.6702","0.0066","-0.6636","41.03","-556120.62","SELL","12","","","",25.0,64.12,""
"2026-05-26","US5949728795","594972879","STRF","MSTR","STRATEGY INC","Industrial","883055.0","877655.0","-5400.0","0.63499","0.0065","-0.62849","101.1","-545940.0","SELL","12","","","",1000.0,-89.89,""
"2026-05-26","US00206R7061","00206R706","T-C","T","AT&T INC","Industrial","4814281.0","4784851.0","-29430.0","0.64158","0.0065","-0.63508","18.54","-545632.2","SELL","12","","","",25.0,-25.84,""
"2026-05-26","US03990B3096","03990B309","ARES-B","ARES","ARES MANAGEMENT CORP","Financial Institutions","2063239.0","2050603.0","-12636.0","0.62928","0.0062","-0.62308","41.41","-523256.76","SELL","12","ARES-PB",184781,0.1,25.0,65.64,0.0
"2026-05-26","US00206R3003","00206R300","T","T","AT&T INC","Industrial","3638242.0","3615994.0","-22248.0","0.56005","0.0056","-0.55445","21.07","-468765.36","SELL","12","","","",25.0,-15.72,""
"2026-05-26","US69351T8669","69351T866","PPL","PPL","PPL CORPORATION","Utility","1582011.0","1572345.0","-9666.0","0.54825","0.0056","-0.54265","48.42","-468027.72","SELL","12","","","",25.0,93.68,""
"2026-05-26","US48128B5802","48128B580","JPM-JJ","JPM","JPMORGAN CHASE DRC","Financial Institutions","4126515.0","4101297.0","-25218.0","0.55496","0.0055","-0.54946","18.43","-464767.74","SELL","12","","","",25.0,-26.28,""
"2026-05-26","US14040H8245","14040H824","COF-I","COF","CAPITAL ONE FINANCIAL CORPORATION","Financial Institutions","4126581.0","4101363.0","-25218.0","0.56563","0.0055","-0.56013","18.36","-463002.48","SELL","12","COF-PI",95066,0.3,25.0,-26.56,7.97
"2026-05-26","US5949728878","594972887","STRK","MSTR","STRATEGY INC","Industrial","964648.0","958622.0","-6026.0","0.52855","0.0051","-0.52345","73.4","-442308.4","SELL","12","","","",25.0,193.6,""
"2026-05-26","US38144G8042","38144G804","GS-D","GS","GOLDMAN SACHS GROUP INC","Financial Institutions","3713785.0","3691105.0","-22680.0","0.51331","0.0052","-0.50811","19.43","-440672.4","SELL","12","GS-PD",152468,0.1,25.0,-22.28,2.23
"2026-05-26","US61762V8384","61762V838","MS-Q","MS","MORGAN STANLEY","Financial Institutions","2751042.0","2734248.0","-16794.0","0.50512","0.0051","-0.50002","25.58","-429590.52","SELL","12","MS-PQ",58925,0.3,25.0,2.32,0.0
"2026-05-26","US61761J4067","61761J406","MS-I","MS","MORGAN STANLEY","Financial Institutions","2751041.0","2734248.0","-16793.0","0.49554","0.005","-0.49054","25.19","-423015.67","SELL","12","MS-PI",56750,0.3,25.0,0.76,0.0
"2026-05-26","US61762V8533","61762V853","MS-P","MS","MORGAN STANLEY DS REPRESENTING F","Financial Institutions","2751042.0","2734247.0","-16795.0","0.49939","0.005","-0.49439","25.15","-422394.25","SELL","12","MS-PP",68402,0.2,25.0,0.6,0.0
"2026-05-26","US26441C5013","26441C501","DUK-A","DUK","DUKE ENERGY CORP","Utility","2751042.0","2734248.0","-16794.0","0.49692","0.0049","-0.49202","24.72","-415147.68","SELL","12","","","",25.0,-1.12,""
"2026-05-26","US1167942077","116794207","BRKR","BRKR","BRUKER CORPORATION","Industrial","189865.0","188731.0","-1134.0","0.46998","0.0049","-0.46508","357.64","-405563.76","SELL","12","","","",1000.0,-64.24,""
"2026-05-26","US61762V6065","61762V606","MS-K","MS","MORGAN STANLEY","Financial Institutions","2751041.0","2734247.0","-16794.0","0.47481","0.0047","-0.47011","23.74","-398689.56","SELL","12","MS-PK",44273,0.4,25.0,-5.04,2.02
"2026-05-26","US0605052291","060505229","BAC-GG","BAC","BANK OF AMERICA CORP","Financial Institutions","2629872.0","2613780.0","-16092.0","0.47126","0.0047","-0.46656","24.75","-398277.0","SELL","12","","","",25.0,-1.0,""
"2026-05-26","US00206R5081","00206R508","T-A","T","AT&T INC","Industrial","3301242.0","3281046.0","-20196.0","0.47287","0.0047","-0.46817","19.7","-397861.2","SELL","12","","","",25.0,-21.2,""
"2026-05-26","US0200028381","020002838","ALL-H","ALL","ALLSTATE CORPORATION (THE)","Financial Institutions","3163694.0","3144362.0","-19332.0","0.466","0.0046","-0.4614","20.13","-389153.16","SELL","12","ALL-PH",63596,0.3,25.0,-19.48,5.84
"2026-05-26","US5949728613","594972861","STRD","MSTR","STRATEGY INC","Industrial","964508.0","959248.0","-5260.0","0.5284","0.0052","-0.5232","73.88","-388608.8","SELL","12","","","",25.0,195.52,""
"2026-05-26","US65339K8374","65339K837","NEE-U","NEE","NEXTERA ENERGY CAPITAL HOLDINGS IN","Utility","2407050.0","2392200.0","-14850.0","0.43565","0.0044","-0.43125","25.26","-375111.0","SELL","12","","","",25.0,1.04,""
"2026-05-26","US61762V8616","61762V861","MS-O","MS","MORGAN STANLEY","Financial Institutions","3576288.0","3554418.0","-21870.0","0.44093","0.0044","-0.43653","17.13","-374633.1","SELL","12","MS-PO",103450,0.2,25.0,-31.48,6.3
"2026-05-26","US14040H7825","14040H782","COF-J","COF","CAPITAL ONE FINANCIAL CORPORATION","Financial Institutions","3438808.0","3417802.0","-21006.0","0.44841","0.0044","-0.44401","17.73","-372436.38","SELL","12","COF-PJ",78433,0.3,25.0,-29.08,8.72
"2026-05-26","US61762V2007","61762V200","MS-E","MS","MORGAN STANLEY","Financial Institutions","2372690.0","2358164.0","-14526.0","0.43233","0.0044","-0.42793","25.43","-369396.18","SELL","12","MS-PE",43998,0.3,25.0,1.72,0.0
"2026-05-26","CA67000B2030","67000B203","NOVTV","NOVT","NOVANTA TANGIBLE EQUITY UNITS INC","Industrial","870001.0","864709.0","-5292.0","0.41476","0.0044","-0.41036","69.22","-366312.24","SELL","12","","","",25.0,176.88,""
"2026-05-26","US94988U1280","94988U128","WFC-AA","WFC","WELLS FARGO & COMPANY","Financial Institutions","3207279.0","3187677.0","-19602.0","0.4311","0.0043","-0.4268","18.67","-365969.34","SELL","12","","","",25.0,-25.32,""
"2026-05-26","US06053U6010","06053U601","BAC-KK","BAC","BANK AMER DS REPRESENTING NON CU","Financial Institutions","2758062.0","2741214.0","-16848.0","0.43367","0.0043","-0.42937","21.71","-365770.08","SELL","12","","","",25.0,-13.16,""
"2026-05-26","US61747S5047","61747S504","MS","MS","MORGAN STANLEY","Financial Institutions","3026128.0","3007606.0","-18522.0","0.42869","0.0043","-0.42439","19.65","-363957.3","SELL","12","MS",5172634,0.0,25.0,-21.4,0.0
"2026-05-26","US61763E2072","61763E207","MS-F","MS","MORGAN STANLEY DS","Financial Institutions","2338352.0","2324042.0","-14310.0","0.42456","0.0043","-0.42026","25.27","-361613.7","SELL","12","MS-PF",87597,0.2,25.0,1.08,0.0
"2026-05-26","US04686J8615","04686J861","ATH-A","ATH","ATHENE HOLDING DS REPRESENTING P","Financial Institutions","2372737.0","2358211.0","-14526.0","0.41922","0.0043","-0.41492","24.69","-358646.94","SELL","12","ATH-PA",31005,0.5,25.0,-1.24,0.62
"2026-05-26","US98389B8789","98389B878","XEL","XEL","XCEL ENERGY INC","Utility","2476100.0","2461250.0","-14850.0","0.43171","0.0043","-0.42741","24.09","-357736.5","SELL","12","","","",25.0,-3.64,""
"2026-05-26","US95002Y4008","95002Y400","WFC-DD","WFC","WELLS FARGO & COMPANY","Financial Institutions","3426585.0","3405633.0","-20952.0","0.42038","0.0042","-0.41618","17.0","-356184.0","SELL","12","","","",25.0,-32.0,""
"2026-05-26","US1729672428","172967242","C-II","C","CITIGROUP INC","Financial Institutions","2200814.0","2187368.0","-13446.0","0.39532","0.004","-0.39132","24.95","-335477.7","SELL","12","CPII",2280,5.9,25.0,-0.2,1.18
"2026-05-26","US55261F8648","55261F864","MTB-J","MTB","M T BK DEP INT PERP PFD STK SER J","Financial Institutions","2063239.0","2050603.0","-12636.0","0.39504","0.0039","-0.39114","26.19","-330936.84","SELL","12","MTB-PJ",37150,0.3,25.0,4.76,0.0
"2026-05-26","US8425878001","842587800","SO","SO","SOUTHERN COMPANY (THE)","Utility","2751042.0","2734248.0","-16794.0","0.39308","0.0039","-0.38918","19.57","-328658.58","SELL","12","","","",25.0,-21.72,""
"2026-05-26","US0605051798","060505179","BAC-K","BAC","BANK OF AMERICA CORP","Financial Institutions","2092811.0","2080013.0","-12798.0","0.38388","0.0039","-0.37998","25.53","-326732.94","SELL","12","BAC-PK",47048,0.3,25.0,2.12,0.0
"2026-05-26","US9029731554","902973155","USB-B","USB","US BANCORP","Financial Institutions","2751041.0","2734247.0","-16794.0","0.37689","0.0038","-0.37309","19.04","-319757.76","SELL","12","","","",25.0,-23.84,""
"2026-05-26","US0357108705","035710870","NLY-F","NLY","ANNALY CAPITAL MANAGEMENT INC","Financial Institutions","1980771.0","1968675.0","-12096.0","0.37008","0.0037","-0.36638","26.08","-315463.68","SELL","12","","","",25.0,4.32,""
"2026-05-26","US59156R8503","59156R850","MET-F","MET","METLIFE INC","Financial Institutions","2751042.0","2734248.0","-16794.0","0.37787","0.0037","-0.37417","18.74","-314719.56","SELL","12","MET-PF",71608,0.2,25.0,-25.04,5.01
"2026-05-26","US06055H2022","06055H202","BAC-LL","BAC","BANK OF AMERICA CORPORATION DEPOSI","Financial Institutions","2527984.0","2512540.0","-15444.0","0.36919","0.0037","-0.36549","20.18","-311659.92","SELL","12","","","",25.0,-19.28,""
"2026-05-26","US7593518852","759351885","RGA","RGA","REINSURANCE GROUP OF AMERICA INCOR","Financial Institutions","1925433.0","1913283.0","-12150.0","0.35152","0.0036","-0.34792","25.42","-308853.0","SELL","12","RGA",346052,0.0,25.0,1.68,0.0
"2026-05-26","US59156R8768","59156R876","MET-E","MET","METLIFE INC","Financial Institutions","2214581.0","2201027.0","-13554.0","0.36649","0.0037","-0.36279","22.78","-308760.12","SELL","12","MET-PE",55329,0.2,25.0,-8.88,1.78
"2026-05-26","US95002Y2028","95002Y202","WFC-CC","WFC","WELLS FARGO & COMPANY","Financial Institutions","2878364.0","2860760.0","-17604.0","0.35994","0.0037","-0.35624","17.51","-308246.04","SELL","12","","","",25.0,-29.96,""
"2026-05-26","US8085136005","808513600","SCHW-D","SCHW","CHARLES SCHWAB CORPORATION (THE)","Financial Institutions","2063239.0","2050603.0","-12636.0","0.36972","0.0036","-0.36612","24.3","-307054.8","SELL","12","SCHW-PD",56794,0.2,25.0,-2.8,0.56
"2026-05-26","US00775V1044","00775V104","AEGON","AEGON","AEGON FUNDING CORPORATION II","Financial Institutions","2544697.0","2529145.0","-15552.0","0.35811","0.0036","-0.35451","19.25","-299376.0","SELL","12","","","",25.0,-23.0,""
"2026-05-26","US48128B6222","48128B622","JPM-GG","JPM","JPMORGAN CHASE & CO","Financial Institutions","2475928.0","2460808.0","-15120.0","0.34719","0.0035","-0.34369","19.25","-291060.0","SELL","12","","","",25.0,-23.0,""
"2026-05-26","US89832Q6952","89832Q695","TFC-R","TFC","TRUIST FINANCIAL DRC CORP","Financial Institutions","2544697.0","2529145.0","-15552.0","0.33821","0.0034","-0.33481","18.3","-284601.6","SELL","12","TFC-PR",53943,0.3,25.0,-26.8,8.04
"2026-05-26","US3453708378","345370837","F","F","FORD MOTOR COMPANY","Industrial","2200815.0","2187369.0","-13446.0","0.33238","0.0033","-0.32908","20.4","-274298.4","SELL","12","","","",25.0,-18.4,""
"2026-05-26","US94988U6560","94988U656","WFC-Y","WFC","WELLS FARGO & COMPANY","Financial Institutions","1891544.0","1879988.0","-11556.0","0.32185","0.0032","-0.31865","23.68","-273646.08","SELL","12","WFC-PY",33909,0.3,25.0,-5.28,1.58
"2026-05-26","US65339K8606","65339K860","NEE-N","NEE","NEXTERA ENERGY CAPITAL HOLDINGS IN","Utility","1891316.0","1879760.0","-11556.0","0.32453","0.0032","-0.32133","23.54","-272028.24","SELL","12","","","",25.0,-5.84,""
"2026-05-26","US8168516040","816851604","SRE","SRE","SEMPRA ENERGY","Utility","2083925.0","2071181.0","-12744.0","0.32228","0.0032","-0.31908","21.29","-271319.76","SELL","12","","","",25.0,-14.84,""
"2026-05-26","US3453708451","345370845","F","F","FORD MOTOR COMPANY","Industrial","2063239.0","2050603.0","-12636.0","0.32079","0.0032","-0.31759","21.07","-266240.52","SELL","12","","","",25.0,-15.72,""
"2026-05-26","US03769M2052","03769M205","APO","APO","APOLLO GLOBAL MANAGEMENT INC","Financial Institutions","1650587.0","1640489.0","-10098.0","0.30869","0.0031","-0.30559","26.2","-264567.6","SELL","12","APO",3622175,0.0,25.0,4.8,0.0
"2026-05-26","US0200027888","020002788","ALL-J","ALL","ALLSTATE DEP REPSTG TH NON CUM PE","Financial Institutions","1650587.0","1640489.0","-10098.0","0.3094","0.0031","-0.3063","26.06","-263153.88","SELL","12","ALL-PJ",30365,0.3,25.0,4.24,0.0
"2026-05-26","US06055H8060","06055H806","BAC-QQ","BAC","BANK OF AMERICA CORP","Financial Institutions","2513435.0","2498045.0","-15390.0","0.30546","0.0031","-0.30236","16.92","-260398.8","SELL","12","","","",25.0,-32.32,""
"2026-05-26","US4932678430","493267843","KEY","KEY","KEYCORP","Financial Institutions","1650587.0","1640489.0","-10098.0","0.29661","0.003","-0.29361","25.22","-254671.56","SELL","12","KEY",10427804,0.0,25.0,0.88,0.0
"2026-05-26","US65339K8291","65339K829","NEE-Z","NEE","NEXTERA ENERGY CAPITAL HOLDINGS IN","Utility","1653458.0","1643360.0","-10098.0","0.29831","0.003","-0.29531","25.01","-252550.98","SELL","12","","","",25.0,0.04,""
"2026-05-26","US2333317921","233331792","DTE-H","DTE","DTE ENERGY COMPANY","Utility","1650587.0","1640489.0","-10098.0","0.29175","0.003","-0.28875","24.76","-250026.48","SELL","12","","","",25.0,-0.96,""
"2026-05-26","US38143Y6656","38143Y665","GS-A","GS","GOLDMAN SACHS GROUP INC","Financial Institutions","2063171.0","2050535.0","-12636.0","0.29213","0.0029","-0.28923","19.63","-248044.68","SELL","12","GS-PA",69831,0.2,25.0,-21.48,4.3
"2026-05-26","US0605051954","060505195","BAC-HH","BAC","BANK OF AMERICA DEP REPRESENTING","Financial Institutions","1647894.0","1637796.0","-10098.0","0.29358","0.0029","-0.29068","24.49","-247300.02","SELL","12","","","",25.0,-2.04,""
"2026-05-26","US48251W6093","48251W609","KKR-T","KKR","KKR & CO INC","Financial Institutions","1623086.0","1613150.0","-9936.0","0.28992","0.0029","-0.28702","24.64","-244823.04","SELL","12","","","",25.0,-1.44,""
"2026-05-26","US04686J8383","04686J838","ATH","ATH","ATHENE HOLDING LTD","Financial Institutions","1581818.0","1572152.0","-9666.0","0.28504","0.0029","-0.28214","25.13","-242906.58","SELL","12","","","",25.0,0.52,""
"2026-05-26","US00123Q8722","00123Q872","AGNC-F","AGNC","AGNC INVESTMENT CORP","Financial Institutions","1581818.0","1572152.0","-9666.0","0.28289","0.0029","-0.27999","25.05","-242133.3","SELL","12","","","",25.0,0.2,""
"2026-05-26","US1258968452","125896845","CMS","CMS","CMS ENERGY CORPORATION","Utility","1733160.0","1722576.0","-10584.0","0.29353","0.0029","-0.29063","22.77","-240997.68","SELL","12","","","",25.0,-8.92,""
"2026-05-26","US87165B2025","87165B202","SYF-A","SYF","SYNCHRONY FINANCIAL","Financial Institutions","2063562.0","2051412.0","-12150.0","0.29736","0.003","-0.29436","19.79","-240448.5","SELL","12","SYF-PA",60151,0.2,25.0,-20.84,4.17
"2026-05-26","US8425878670","842587867","SO","SO","SOUTHERN COMPANY (THE)","Utility","1554317.0","1544813.0","-9504.0","0.28477","0.0028","-0.28197","25.27","-240166.08","SELL","12","","","",25.0,1.08,""
"2026-05-26","US82846H5046","82846H504","QXO","QXO","QXO INC","Industrial","790927.0","786067.0","-4860.0","0.28119","0.0028","-0.27839","49.07","-238480.2","SELL","12","","","",25.0,96.28,""
"2026-05-26","US12542R3084","12542R308","CHSINC","CHSINC","CHS CUMULATIVE REDEEMABLE PREF CLA","Industrial","1475883.0","1466865.0","-9018.0","0.27951","0.0028","-0.27671","26.27","-236902.86","SELL","12","","","",25.0,5.08,""
"2026-05-26","US21871X2080","21871X208","CRBG","CRBG","COREBRIDGE FINANCIAL INC","Financial Institutions","1650587.0","1640489.0","-10098.0","0.27677","0.0028","-0.27397","23.13","-233566.74","SELL","12","CRBG",7180597,0.0,25.0,-7.48,0.0
"2026-05-26","US82452J3077","82452J307","FOUR","FOUR","SHIFT4 PAYMENTS INC","Industrial","687766.0","683554.0","-4212.0","0.26712","0.0028","-0.26432","55.37","-233218.44","SELL","12","FOUR",1581120,0.0,25.0,121.48,0.0
"2026-05-26","US7838922018","783892201","EIX-M","EIX","SCE TRUST VII","Utility","1513039.0","1503805.0","-9234.0","0.26896","0.0027","-0.26626","25.05","-231311.7","SELL","12","","","",25.0,0.2,""
"2026-05-26","US8794337613","879433761","TDS-VV","TDS","TELEPHONE AND DATA SYSTEMS INC","Industrial","1898210.0","1886600.0","-11610.0","0.27681","0.0027","-0.27411","19.75","-229297.5","SELL","12","","","",25.0,-21.0,""
"2026-05-26","US59156R5046","59156R504","MET-A","MET","METLIFE INC","Financial Institutions","1651010.0","1640912.0","-10098.0","0.26463","0.0027","-0.26193","22.45","-226700.1","SELL","12","MET-PA",67992,0.1,25.0,-10.2,1.02
"2026-05-26","US12542R8034","12542R803","CHSINC","CHSINC","CHS INC","Industrial","1423808.0","1415114.0","-8694.0","0.2628","0.0027","-0.2601","25.74","-223783.56","SELL","12","","","",25.0,2.96,""
"2026-05-26","US3453708113","345370811","F","F","FORD MOTOR COMPANY","Industrial","1650602.0","1640504.0","-10098.0","0.26463","0.0027","-0.26193","22.15","-223670.7","SELL","12","","","",25.0,-11.4,""
"2026-05-26","US06055H4002","06055H400","BAC-NN","BAC","BANK OF AMERICA CORP","Financial Institutions","2077639.0","2064949.0","-12690.0","0.26093","0.0026","-0.25833","17.42","-221059.8","SELL","12","","","",25.0,-30.32,""
"2026-05-26","US0200023093","020002309","ALL","ALL","ALLSTATE CORPORATION (THE)","Financial Institutions","1375676.0","1367252.0","-8424.0","0.2556","0.0026","-0.253","26.03","-219276.72","SELL","12","ALL",1548396,0.0,25.0,4.12,0.0
"2026-05-26","US87165B4005","87165B400","SYF-B","SYF","SYNCHRONY FINANCIAL","Financial Institutions","1375627.0","1367203.0","-8424.0","0.25618","0.0026","-0.25358","25.71","-216581.04","SELL","12","SYF-PB",28324,0.3,25.0,2.84,0.0
"2026-05-26","US05990K8412","05990K841","BANC-F","BANC","BANC OF CALIFORNIA INC","Financial Institutions","1406683.0","1398097.0","-8586.0","0.25883","0.0026","-0.25623","25.15","-215937.9","SELL","12","BANC-PF",41202,0.2,25.0,0.6,0.0
"2026-05-26","US04686J5074","04686J507","ATH-E","ATH","ATHENE HLDG LTD DEP SHR REPSTG I","Financial Institutions","1375821.0","1367397.0","-8424.0","0.25158","0.0026","-0.24898","25.59","-215570.16","SELL","12","ATH-PE",58963,0.1,25.0,2.36,0.0
"2026-05-26","US7591EP8604","7591EP860","RF","RF","REGIONS FINANCIAL CORPORATION","Financial Institutions","1375753.0","1367329.0","-8424.0","0.25433","0.0026","-0.25173","25.55","-215233.2","SELL","12","RF",9888869,0.0,25.0,2.2,0.0
"2026-05-26","US8425878837","842587883","SO-C","SO","SOUTHERN COMPANY (THE)","Utility","2063551.0","2050915.0","-12636.0","0.25457","0.0025","-0.25207","16.98","-214559.28","SELL","12","","","",25.0,-32.08,""
"2026-05-26","US4932677028","493267702","KEY-E","KEY","KEYCORP","Financial Institutions","1370377.0","1362007.0","-8370.0","0.24812","0.0025","-0.24562","25.37","-212346.9","SELL","12","","","",25.0,1.48,""
"2026-05-26","US9029737593","902973759","USB-K","USB","US BANCORP","Financial Institutions","1575975.0","1566363.0","-9612.0","0.25266","0.0025","-0.25016","21.9","-210502.8","SELL","12","","","",25.0,-12.4,""
"2026-05-26","US7591EP7044","7591EP704","RF-C","RF","REGIONS FINANCIAL CORPORATION","Financial Institutions","1375936.0","1367512.0","-8424.0","0.24251","0.0024","-0.24011","24.32","-204871.68","SELL","12","RF-PC",31615,0.3,25.0,-2.72,0.82
"2026-05-26","US89832Q7455","89832Q745","TFC-O","TFC","TRUIST FINANCIAL PERPETUAL PREF SE","Financial Institutions","1582353.0","1572687.0","-9666.0","0.23972","0.0024","-0.23732","20.99","-202889.34","SELL","12","TFC-PO",35294,0.3,25.0,-16.04,4.81
"2026-05-26","US12542R7044","12542R704","CHSINC","CHSINC","CHS RESET RATE CUMULATIVE REDEEMAB","Industrial","1355482.0","1347382.0","-8100.0","0.24465","0.0025","-0.24215","24.97","-202257.0","SELL","12","","","",25.0,-0.12,""
"2026-05-26","US55261F8499","55261F849","MTB-K","MTB","M&T BANK CORPORATION","Financial Institutions","1239000.0","1230900.0","-8100.0","0.223","0.0022","-0.2208","24.91","-201771.0","SELL","12","MTB-PK",29839,0.3,25.0,-0.36,0.11
"2026-05-26","US26441C4024","26441C402","DUK","DUK","DUKE ENERGY CORP","Utility","1376103.0","1367679.0","-8424.0","0.23751","0.0024","-0.23511","23.86","-200996.64","SELL","12","","","",25.0,-4.56,""
"2026-05-26","US6494452021","649445202","FLG-A","FLG","NEW YORK COMMUNITY BANCORP INT FXD","Financial Institutions","1417576.0","1408936.0","-8640.0","0.23663","0.0024","-0.23423","23.15","-200016.0","SELL","12","FLG-PA",45669,0.2,25.0,-7.4,1.48
"2026-05-26","US9029737189","902973718","USB-M","USB","US BANCORP","Financial Institutions","2064278.0","2051642.0","-12636.0","0.23421","0.0023","-0.23191","15.62","-197374.32","SELL","12","","","",25.0,-37.52,""
"2026-05-26","BMG1624R1079","-","BPY","BPY","BROOKFIELD PROPERTY PREFERRED PREF","Industrial","1839372.0","1828140.0","-11232.0","0.2242","0.0023","-0.2219","17.36","-194987.52","SELL","12","","","",25.0,-30.56,""
"2026-05-26","US64828T7063","64828T706","RITM-D","RITM","NEW RESIDENTIAL INVESTMENT CORP","Financial Institutions","1274455.0","1266679.0","-7776.0","0.22728","0.0023","-0.22498","24.92","-193777.92","SELL","12","","","",25.0,-0.32,""
"2026-05-26","US3167736053","316773605","FITB-I","FITB","FIFTH THIRD BANCORP DEPOSITARY SHA","Financial Institutions","1233374.0","1225814.0","-7560.0","0.22526","0.0023","-0.22296","25.56","-193233.6","SELL","12","","","",25.0,2.24,""
"2026-05-26","US0357108473","035710847","NLY-I","NLY","ANNALY CAPITAL MANAGEMENT INC","Financial Institutions","1212786.0","1205388.0","-7398.0","0.22316","0.0023","-0.22086","25.68","-189980.64","SELL","12","","","",25.0,2.72,""
"2026-05-26","US8574778556","857477855","STT-G","STT","STATE STREET CORP","Financial Institutions","1370377.0","1362007.0","-8370.0","0.21851","0.0022","-0.21631","21.86","-182968.2","SELL","12","STT-PG",35357,0.2,25.0,-12.56,2.51
"2026-05-26","US14040H7585","14040H758","COF-L","COF","CAPITAL ONE FINANCIAL CORPORATION","Financial Institutions","1858382.0","1847042.0","-11340.0","0.22145","0.0022","-0.21925","16.13","-182914.2","SELL","12","COF-PL",36989,0.3,25.0,-35.48,10.64
"2026-05-26","US9182842099","918284209","VSEC","VSEC","VSE CORP","Industrial","633968.0","630080.0","-3888.0","0.21647","0.0021","-0.21437","46.69","-181530.72","SELL","12","","","",25.0,86.76,""
"2026-05-26","US0082528276","008252827","AMG","AMG","AFFILIATED MANAGERS GROUP INC.","Financial Institutions","1239155.0","1231595.0","-7560.0","0.2144","0.0022","-0.2122","23.97","-181213.2","SELL","12","AMG",315471,0.0,25.0,-4.12,0.0
"2026-05-26","US0357108622","035710862","NLY-G","NLY","ANNALY CAPITAL MANAGEMENT INC","Financial Institutions","1164829.0","1157701.0","-7128.0","0.21049","0.0021","-0.20839","25.32","-180480.96","SELL","12","","","",25.0,1.28,""
"2026-05-26","US9633202059","963320205","WHR-A","WHR","WHIRLPOOL CORPORATION","Industrial","790999.0","786139.0","-4860.0","0.20674","0.0021","-0.20464","36.89","-179285.4","SELL","12","","","",25.0,47.56,""
"2026-05-26","US12542R5063","12542R506","CHSINC","CHSINC","CHS INC","Industrial","1156574.0","1149500.0","-7074.0","0.20999","0.0021","-0.20789","25.23","-178477.02","SELL","12","","","",25.0,0.92,""
"2026-05-26","US06055H6080","06055H608","BAC-PP","BAC","BANK OF AMERICA DRC CORP","Financial Institutions","1755699.0","1744953.0","-10746.0","0.20966","0.0021","-0.20756","16.6","-178383.6","SELL","12","BAC-PP",49081,0.2,25.0,-33.6,6.72
"2026-05-26","US97650W7020","97650W702","WTFC-F","WTFC","WINTRUST FINANCIAL CORPORATION","Financial Institutions","1170175.0","1163425.0","-6750.0","0.22216","0.0022","-0.21996","26.34","-177795.0","SELL","12","","","",25.0,5.36,""
"2026-05-26","US8085138654","808513865","SCHW-J","SCHW","CHARLES SCHWAB CORPORATION (THE)","Financial Institutions","1651966.0","1641868.0","-10098.0","0.21612","0.0021","-0.21402","17.53","-177017.94","SELL","12","SCHW-PJ",66448,0.2,25.0,-29.88,5.98
"2026-05-26","US3167738372","316773837","FITBM","FITB","FIFTH THIRD BANCORP DEPOSITARY SHA","Financial Institutions","1101696.0","1094946.0","-6750.0","0.20604","0.0021","-0.20394","26.14","-176445.0","SELL","12","FITBM",25025,0.3,25.0,4.56,0.0
"2026-05-26","US1746106004","174610600","CFG-H","CFG","CITIZENS FINANCIAL GROUP INC","Financial Institutions","1101673.0","1094923.0","-6750.0","0.20761","0.0021","-0.20551","25.97","-175297.5","SELL","12","CFG-PH",22775,0.3,25.0,3.88,0.0
"2026-05-26","US00123Q8078","00123Q807","AGNC-E","AGNC","AGNC INVESTMENT CORP","Financial Institutions","1103146.0","1096396.0","-6750.0","0.20235","0.002","-0.20035","25.53","-172327.5","SELL","12","","","",25.0,2.12,""
"2026-05-26","US1746108083","174610808","CFG-I","CFG","CITIZENS FINANCIAL GROUP INC","Financial Institutions","1101809.0","1095059.0","-6750.0","0.20203","0.002","-0.20003","25.48","-171990.0","SELL","12","CFG-PI",19990,0.3,25.0,1.92,0.0
"2026-05-26","US74460W5528","74460W552","PSA-L","PSA","PUBLIC STORAGE","Financial Institutions","1556029.0","1546525.0","-9504.0","0.20262","0.002","-0.20062","18.07","-171737.28","SELL","12","","","",25.0,-27.72,""
"2026-05-26","US7593518027","759351802","RGA","RGA","REINSURANCE GROUP OF AMERICA INCOR","Financial Institutions","1101815.0","1095065.0","-6750.0","0.19973","0.002","-0.19773","25.28","-170640.0","SELL","12","RGA",346054,0.0,25.0,1.12,0.0
"2026-05-26","US31959X4007","31959X400","FCNCA","FCNCA","FIRST CITIZENS BANCSHARES INC (DEL","Financial Institutions","1101831.0","1095081.0","-6750.0","0.20013","0.002","-0.19813","25.11","-169492.5","SELL","12","FCNCA",61279,0.1,25.0,0.44,0.0
"2026-05-26","US9029738666","902973866","USB-A","USB","US BANCORP","Financial Institutions","39541.0","39325.0","-216.0","0.22261","0.0022","-0.22041","775.0","-167400.0","SELL","12","USB-PA",846,0.3,1000.0,-22.5,6.75
"2026-05-26","US61762V8046","61762V804","MS-L","MS","MORGAN STANLEY","Financial Institutions","1377100.0","1368676.0","-8424.0","0.20096","0.002","-0.19896","19.87","-167384.88","SELL","12","MS-PL",25204,0.3,25.0,-20.52,6.16
"2026-05-26","US3205178409","320517840","FHN-H","FHN","FIRST HORIZON CORP","Financial Institutions","1098674.0","1091978.0","-6696.0","0.19719","0.002","-0.19519","24.88","-166596.48","SELL","12","FHN-PH",80310,0.1,25.0,-0.48,0.05
"2026-05-26","US87264A1051","87264A105","TMUS","TMUS","T-MOBILE USA INC","Industrial","1083975.0","1077333.0","-6642.0","0.19378","0.002","-0.19178","24.86","-165120.12","SELL","12","","","",25.0,-0.56,""
"2026-05-26","US64828T5083","64828T508","RITM-C","RITM","NEW RESIDENTIAL INVESTMENT CORP","Financial Institutions","1089693.0","1083051.0","-6642.0","0.19183","0.0019","-0.18993","24.56","-163127.52","SELL","12","","","",25.0,-1.76,""
"2026-05-26","US8726521029","872652102","TPG","TPG","TPG OPERATING GROUP II LP","Financial Institutions","1101877.0","1095127.0","-6750.0","0.19334","0.0019","-0.19144","24.02","-162135.0","SELL","12","TPG",2394587,0.0,25.0,-3.92,0.0
"2026-05-26","US8425874042","842587404","SO","SO","SOUTHERN COMPANY (THE)","Utility","1239715.0","1232155.0","-7560.0","0.19359","0.0019","-0.19169","21.42","-161935.2","SELL","12","","","",25.0,-14.32,""
"2026-05-26","US74460W4612","74460W461","PSA-P","PSA","PUBLIC STORAGE","Financial Institutions","1663422.0","1653270.0","-10152.0","0.18909","0.0019","-0.18719","15.68","-159183.36","SELL","12","","","",25.0,-37.28,""
"2026-05-26","US04686J4085","04686J408","ATH-D","ATH","ATHENE HOLDING DS REPRESENTING A","Financial Institutions","1584326.0","1574660.0","-9666.0","0.18817","0.0019","-0.18627","16.33","-157845.78","SELL","12","ATH-PD",35214,0.3,25.0,-34.68,10.4
"2026-05-26","US4932678687","493267868","KEY-G","KEY","KEYCORP","Financial Institutions","1233374.0","1225814.0","-7560.0","0.18916","0.0019","-0.18726","20.78","-157096.8","SELL","12","","","",25.0,-16.88,""
"2026-05-26","US72348N3070","72348N307","PNFP-B","PNFP","PINNACLE FINANCIAL PARTNERS NON CU","Financial Institutions","964570.0","958684.0","-5886.0","0.18517","0.0019","-0.18327","26.67","-156979.62","SELL","12","PNFP-PB",36048,0.2,25.0,6.68,0.0
"2026-05-26","US8794337878","879433787","TDS-UU","TDS","TELEPHONE DATA SYS DRC INC","Industrial","1157571.0","1150497.0","-7074.0","0.18583","0.0019","-0.18393","22.09","-156264.66","SELL","12","","","",25.0,-11.64,""
"2026-05-26","US0158578080","015857808","AQNCN","AQNCN","ALGONQUIN POWER & UTILITIES CORP","Utility","964607.0","958721.0","-5886.0","0.17984","0.0018","-0.17804","26.07","-153448.02","SELL","12","","","",25.0,4.28,""
"2026-05-26","US06055H8714","06055H871","BAC-SS","BAC","BANK OF AMERICA CORP","Financial Institutions","1316272.0","1308226.0","-8046.0","0.18042","0.0018","-0.17862","18.89","-151988.94","SELL","12","","","",25.0,-24.44,""
"2026-05-26","US4932678760","493267876","KEY-F","KEY","KEYCORP","Financial Institutions","1164829.0","1157701.0","-7128.0","0.17855","0.0018","-0.17675","20.95","-149331.6","SELL","12","","","",25.0,-16.2,""
"2026-05-26","US8935266812","893526681","TRPCN","TRPCN","TRANSCANADA PIPELINES LTD","Industrial","1019875.0","1013665.0","-6210.0","0.17595","0.0018","-0.17415","24.0","-149040.0","SELL","12","","","",25.0,-4.0,""
"2026-05-26","US87264A2042","87264A204","TMUS","TMUS","T-MOBILE USA INC","Industrial","1104761.0","1098011.0","-6750.0","0.17728","0.0018","-0.17548","21.87","-147622.5","SELL","12","","","",25.0,-12.52,""
"2026-05-26","US00123Q8318","00123Q831","AGNC-H","AGNC","AGNC INVESTMENT CORP","Financial Institutions","945559.0","939781.0","-5778.0","0.17243","0.0017","-0.17073","25.33","-146356.74","SELL","12","","","",25.0,1.32,""
"2026-05-26","US4165186036","416518603","HIG-G","HIG","HARTFORD FINANCIAL SERVICES GROUP","Financial Institutions","951051.0","945219.0","-5832.0","0.16988","0.0017","-0.16818","24.88","-145100.16","SELL","12","HIG-PG",16085,0.4,25.0,-0.48,0.19
"2026-05-26","US87264A3032","87264A303","TMUS","TMUS","T-MOBILE USA INC","Industrial","1088183.0","1081541.0","-6642.0","0.17469","0.0017","-0.17299","21.83","-144994.86","SELL","12","","","",25.0,-12.68,""
"2026-05-26","US62913M2061","62913M206","NGL-B","NGL","NGL ENERGY PARTNERS LP","Industrial","928187.0","922517.0","-5670.0","0.16906","0.0017","-0.16736","25.55","-144868.5","SELL","12","","","",25.0,2.2,""
"2026-05-26","US12542R2094","12542R209","CHSINC","CHSINC","CHS INC. (8% CUMULATIVE REDEEMABLE","Industrial","845831.0","840647.0","-5184.0","0.1699","0.0017","-0.1682","27.74","-143804.16","SELL","12","","","",25.0,10.96,""
"2026-05-26","US2333318598","233331859","DTE-E","DTE","DTE ENERGY COMPANY","Utility","1102699.0","1095949.0","-6750.0","0.17251","0.0017","-0.17081","21.16","-142830.0","SELL","12","","","",25.0,-15.36,""
"2026-05-26","US29364D1000","29364D100","ETR","ETR","ENTERGY ARKANSAS LLC","Utility","1130374.0","1123462.0","-6912.0","0.16873","0.0017","-0.16703","20.39","-140935.68","SELL","12","","","",25.0,-18.44,""
"2026-05-26","US80620A2087","80620A208","EIX-N","EIX","SCE TRUST VIII","Utility","959281.0","953395.0","-5886.0","0.16378","0.0017","-0.16208","23.89","-140616.54","SELL","12","","","",25.0,-4.44,""
"2026-05-26","US00123Q5009","00123Q500","AGNC-C","AGNC","AGNC INVESTMENT CORP","Financial Institutions","890737.0","885283.0","-5454.0","0.16467","0.0017","-0.16297","25.77","-140549.58","SELL","12","","","",25.0,3.08,""
"2026-05-26","US8629452017","862945201","ASSE-A","ASSE","STRIVE INC","Industrial","227477.0","226073.0","-1404.0","0.16312","0.0017","-0.16142","100.01","-140414.04","SELL","12","","","",1000.0,-90.0,""
"2026-05-26","US1746104025","174610402","CFG-E","CFG","CITIZENS FINANCIAL GROUP INC","Financial Institutions","1240525.0","1232965.0","-7560.0","0.17022","0.0017","-0.16852","18.56","-140313.6","SELL","12","CFG-PE",29322,0.3,25.0,-25.76,7.73
"2026-05-26","US4461508230","446150823","HBAN-H","HBAN","HUNTINGTON BANCSHARES DRC INC","Financial Institutions","1378374.0","1369950.0","-8424.0","0.16727","0.0017","-0.16557","16.65","-140259.6","SELL","12","","","",25.0,-33.4,""
"2026-05-26","US03939A4040","03939A404","ACGL-G","ACGL","ARCH CAPITAL GROUP LTD.","Financial Institutions","1378364.0","1369940.0","-8424.0","0.16618","0.0017","-0.16448","16.63","-140091.12","SELL","12","","","",25.0,-33.48,""
"2026-05-26","US14314C1053","14314C105","CG","CG","CARLYLE FINANCE LLC","Financial Institutions","1378309.0","1369885.0","-8424.0","0.16776","0.0017","-0.16606","16.57","-139585.68","SELL","12","CG",3292538,0.0,25.0,-33.72,0.0
"2026-05-26","US78410V2007","78410V200","SCE-L","EIX","SCE TRUST VI","Financial Institutions","1309505.0","1301513.0","-7992.0","0.16822","0.0017","-0.16652","17.45","-139460.4","SELL","12","","","",25.0,-30.2,""
"2026-05-26","US74965L2007","74965L200","RLJ-A","RLJ","RLJ LODGING .95 CUMULATIVE CONVERT","Financial Institutions","882530.0","877130.0","-5400.0","0.16005","0.0016","-0.15845","25.2","-136080.0","SELL","12","","","",25.0,0.8,""
"2026-05-26","US4461507737","446150773","HBAN-J","HBAN","HUNTINGTON BANCSHARES INC","Financial Institutions","896246.0","890846.0","-5400.0","0.1634","0.0016","-0.1618","25.12","-135648.0","SELL","12","","","",25.0,0.48,""
"2026-05-26","US9027884058","902788405","UMBF","UMBF","UMB FINANCIAL CORPORATION","Financial Institutions","822259.0","817237.0","-5022.0","0.15835","0.0016","-0.15675","26.95","-135342.9","SELL","12","UMBF",707551,0.0,25.0,7.8,0.0
"2026-05-26","US16934Q4064","16934Q406","CIM-B","CIM","CHIMERA INVESTMENT CORP","Financial Institutions","890733.0","885279.0","-5454.0","0.15725","0.0016","-0.15565","24.59","-134113.86","SELL","12","","","",25.0,-1.64,""
"2026-05-26","US9029736686","902973668","USB-O","USB","US BANCORP","Financial Institutions","1241033.0","1233450.0","-7583.0","0.15884","0.0016","-0.15724","17.56","-133157.48","SELL","12","","","",25.0,-29.76,""
"2026-05-26","US48253M1045","48253M104","KKR","KKR","KKR GROUP FINANCE CO IX LLC","Financial Institutions","1378679.0","1370579.0","-8100.0","0.16444","0.0016","-0.16284","16.31","-132111.0","SELL","12","KKR",4482650,0.0,25.0,-34.76,0.0
"2026-05-26","US05580M8192","05580M819","RILYI","RILY","B. RILEY FINANCIAL INC","Financial Institutions","1055918.0","1049438.0","-6480.0","0.1486","0.0015","-0.1471","19.72","-127785.6","SELL","12","","","",25.0,-21.12,""
"2026-05-26","US0454876006","045487600","ASB","ASB","ASSOCIATED BANC-CORP","Financial Institutions","827784.0","822708.0","-5076.0","0.14946","0.0015","-0.14796","24.86","-126189.36","SELL","12","ASB",1825342,0.0,25.0,-0.56,0.0
"2026-05-26","US6658598569","665859856","NTRS-E","NTRS","NORTHERN TRUST CORPORATION","Financial Institutions","1096352.0","1089656.0","-6696.0","0.15122","0.0015","-0.14972","18.82","-126018.72","SELL","12","","","",25.0,-24.72,""
"2026-05-26","US9029737346","902973734","USB-L","USB","US BANCORP","Financial Institutions","1379511.0","1371087.0","-8424.0","0.1486","0.0015","-0.1471","14.78","-124506.72","SELL","12","","","",25.0,-40.88,""
"2026-05-26","US0256768591","025676859","ANGINC","ANGINC","AMERICAN NATIONAL GROUP INC","Financial Institutions","822259.0","817237.0","-5022.0","0.14605","0.0015","-0.14455","24.74","-124244.28","SELL","12","","","",25.0,-1.04,""
"2026-05-26","US10922N7075","10922N707","BHF-C","BHF","BRIGHTHOUSE FINANCIAL INC","Financial Institutions","1586522.0","1576802.0","-9720.0","0.14932","0.0015","-0.14782","12.73","-123735.6","SELL","12","","","",25.0,-49.08,""
"2026-05-26","US9576384062","957638406","WAL-A","WAL","WESTERN ALLIANCE BANCORP","Financial Institutions","822259.0","817237.0","-5022.0","0.14068","0.0014","-0.13928","24.1","-121030.2","SELL","12","WAL-PA",18780,0.3,25.0,-3.6,1.08
"2026-05-26","US3196263053","319626305","FCNCA","FCNCA","FIRST CITIZENS BANCSHARES INC.","Financial Institutions","951905.0","946073.0","-5832.0","0.14277","0.0014","-0.14137","20.57","-119964.24","SELL","12","FCNCA",61279,0.1,25.0,-17.72,1.77
"2026-05-26","US9290892093","929089209","VOYA-B","VOYA","VOYA FINANCIAL INC","Financial Institutions","822259.0","817237.0","-5022.0","0.14248","0.0014","-0.14108","23.86","-119824.92","SELL","12","VOYA-PB",16025,0.3,25.0,-4.56,1.37
"2026-05-26","US0357108218","035710821","NLY-J","NLY","ANNALY CAPITAL MANAGEMENT INC","Financial Institutions","753715.0","749125.0","-4590.0","0.14115","0.0014","-0.13975","25.95","-119110.5","SELL","12","","","",25.0,3.8,""
"2026-05-26","US64828T4094","64828T409","RITM-B","RITM","NEW RESIDENTIAL INVESTMENT CORP","Financial Institutions","771608.0","766910.0","-4698.0","0.1396","0.0014","-0.1382","25.23","-118530.54","SELL","12","","","",25.0,0.92,""
"2026-05-26","US9030025095","903002509","UMH-D","UMH","UMH PROPERTIES INC","Financial Institutions","889544.0","884090.0","-5454.0","0.14083","0.0014","-0.13943","21.7","-118351.8","SELL","12","","","",25.0,-13.2,""
"2026-05-26","US2538688225","253868822","DLR-L","DLR","DIGITAL REALTY TRUST INC","Financial Institutions","945559.0","939781.0","-5778.0","0.13687","0.0014","-0.13547","20.15","-116426.7","SELL","12","","","",25.0,-19.4,""
"2026-05-26","US91529Y6014","91529Y601","UNM","UNM","UNUM GROUP","Financial Institutions","822259.0","817237.0","-5022.0","0.13755","0.0014","-0.13615","23.13","-116158.86","SELL","12","UNM",1274228,0.0,25.0,-7.48,0.0
"2026-05-26","US74460W4208","74460W420","PSA-R","PSA","PUBLIC STORAGE","Financial Institutions","1200990.0","1193646.0","-7344.0","0.13523","0.0014","-0.13383","15.57","-114346.08","SELL","12","","","",25.0,-37.72,""
"2026-05-26","US14040H7338","14040H733","COF-N","COF","CAPITAL ONE FINL DS REPSTG TH PRF","Financial Institutions","1173362.0","1166180.0","-7182.0","0.13675","0.0013","-0.13545","15.84","-113762.88","SELL","12","COF-PN",35780,0.2,25.0,-36.64,7.33
"2026-05-26","US10922N3017","10922N301","BHF-A","BHF","BRIGHTHOUSE FINANCIAL INC","Financial Institutions","1173357.0","1166175.0","-7182.0","0.13464","0.0013","-0.13334","15.63","-112254.66","SELL","12","","","",25.0,-37.48,""
"2026-05-26","US7591EP8869","7591EP886","RF-E","RF","REGIONS FINL DRC CORP","Financial Institutions","1104569.0","1097819.0","-6750.0","0.13135","0.0013","-0.13005","16.42","-110835.0","SELL","12","RF-PE",24448,0.3,25.0,-34.32,10.3
"2026-05-26","BMG7498P1279","-","RNR-G","RNR","RENAISSANCERE HOLDINGS LTD","Financial Institutions","1379235.0","1372059.0","-7176.0","0.15322","0.0015","-0.15172","15.31","-109864.56","SELL","12","RNR-PG",19848,0.4,25.0,-38.76,15.5
"2026-05-26","US04686J2006","04686J200","ATH-B","ATH","ATHENE HLDG DRC LTD","Financial Institutions","945558.0","939780.0","-5778.0","0.1332","0.0013","-0.1319","19.0","-109782.0","SELL","12","ATH-PB",18293,0.3,25.0,-24.0,7.2
"2026-05-26","US10922N5095","10922N509","BHF-B","BHF","BRIGHTHOUSE FINANCIAL INC","Financial Institutions","1111353.0","1104549.0","-6804.0","0.13303","0.0013","-0.13173","16.09","-109476.36","SELL","12","","","",25.0,-35.64,""
"2026-05-26","US03939A1079","03939A107","ACGL-F","ACGL","ARCH CAPITAL GROUP LTD.","Financial Institutions","904441.0","898933.0","-5508.0","0.13144","0.0013","-0.13014","19.82","-109168.56","SELL","12","","","",25.0,-20.72,""
"2026-05-26","US55272X5086","55272X508","MFA-C","MFA","MFA FINANCIAL INC","Financial Institutions","753715.0","749125.0","-4590.0","0.12895","0.0013","-0.12765","23.69","-108737.1","SELL","12","","","",25.0,-5.24,""
"2026-05-26","US25525P2065","25525P206","DHC","DHC","DIVERSIFIED HEALTHCARE .625% SENIO","Financial Institutions","959281.0","953395.0","-5886.0","0.13108","0.0013","-0.12978","18.36","-108066.96","SELL","12","","","",25.0,-26.56,""
"2026-05-26","US74460W6443","74460W644","PSA-H","PSA","PUBLIC STORAGE","Financial Institutions","787196.0","782390.0","-4806.0","0.12803","0.0013","-0.12673","22.27","-107029.62","SELL","12","","","",25.0,-10.92,""
"2026-05-26","US1258968528","125896852","CMS","CMS","CMS ENERGY CORPORATION","Utility","767455.0","762757.0","-4698.0","0.12745","0.0013","-0.12615","22.72","-106738.56","SELL","12","","","",25.0,-9.12,""
"2026-05-26","US55261F8721","55261F872","MTB-H","MTB","M AND T BANK PERPETUAL FIXED TO FL","Financial Institutions","685189.0","680977.0","-4212.0","0.12382","0.0013","-0.12252","25.24","-106310.88","SELL","12","MTB-PH",11876,0.4,25.0,0.96,0.0
"2026-05-26","US88224Q3056","88224Q305","TCBI-B","TCBI","TEXAS CAP BANCSHARES DRC INC","Financial Institutions","822259.0","817237.0","-5022.0","0.12439","0.0012","-0.12319","20.95","-105210.9","SELL","12","","","",25.0,-16.2,""
"2026-05-26","US10922N2027","10922N202","BHF","BHF","BRIGHTHOUSE FINANCIAL INC","Financial Institutions","1035970.0","1029652.0","-6318.0","0.12527","0.0013","-0.12397","16.64","-105131.52","SELL","12","BHF",456488,0.0,25.0,-33.44,0.0
"2026-05-26","US90187B3096","90187B309","TWO-B","TWO","TWO HARBORS INVESTMENT CORP","Financial Institutions","696086.0","691820.0","-4266.0","0.12334","0.0012","-0.12214","24.46","-104346.36","SELL","12","","","",25.0,-2.16,""
"2026-05-26","US8805913006","880591300","TVA-D","TVA","TENN VALLEY AUTHORITY","Agency","702947.0","698627.0","-4320.0","0.12188","0.0012","-0.12068","24.08","-104025.6","SELL","12","","","",25.0,-3.68,""
"2026-05-26","US11271L1026","11271L102","BNCN","BNCN","BROOKFIELD FINANCE INC","Financial Institutions","1096352.0","1089656.0","-6696.0","0.12313","0.0012","-0.12193","15.52","-103921.92","SELL","12","","","",25.0,-37.92,""
"2026-05-26","US0082528508","008252850","AMG","AMG","AFFILIATED MANAGERS GROUP INC.","Financial Institutions","829012.0","823936.0","-5076.0","0.12375","0.0012","-0.12255","20.47","-103905.72","SELL","12","AMG",315511,0.0,25.0,-18.12,0.0
"2026-05-26","US4440973075","444097307","HPP-C","HPP","HUDSON PACIFIC PROPERTIES INC","Financial Institutions","1164829.0","1157701.0","-7128.0","0.12882","0.0012","-0.12762","14.48","-103213.44","SELL","12","","","",25.0,-42.08,""
"2026-05-26","US64828T8889","64828T888","RITM-F","RITM","RITHM CAPITAL CORP","Financial Institutions","685189.0","680977.0","-4212.0","0.11988","0.0012","-0.11868","24.29","-102309.48","SELL","12","","","",25.0,-2.84,""
"2026-05-26","US16934Q5053","16934Q505","CIM-C","CIM","CHIMERA INVESTMENT CORP","Financial Institutions","712634.0","708260.0","-4374.0","0.1208","0.0012","-0.1196","23.36","-102176.64","SELL","12","","","",25.0,-6.56,""
"2026-05-26","US74460W6286","74460W628","PSA-I","PSA","PUBLIC STORAGE REPSTG TH BEN INT","Financial Institutions","866790.0","861498.0","-5292.0","0.12049","0.0012","-0.11929","19.13","-101235.96","SELL","12","","","",25.0,-23.48,""
"2026-05-26","US6374321056","637432105","NRUC-US","NRUC","NATIONAL RURAL UTILITIES COOPERATI","Utility","685188.0","680976.0","-4212.0","0.119","0.0012","-0.1178","24.01","-101130.12","SELL","12","","","",25.0,-3.96,""
"2026-05-26","US74460W6690","74460W669","PSA-G","PSA","PUBLIC STORAGE","Financial Institutions","822259.0","817237.0","-5022.0","0.12026","0.0012","-0.11906","20.13","-101092.86","SELL","12","","","",25.0,-19.48,""
"2026-05-26","BMG053842040","-","AHL","AHL","ASPEN INSURANCE HOLDINGS LTD","Financial Institutions","825077.0","820055.0","-5022.0","0.12357","0.0012","-0.12237","20.08","-100841.76","SELL","12","","","",25.0,-19.68,""
"2026-05-26","US3733344408","373334440","SO","SO","GEORGIA POWER COMPANY","Utility","740010.0","735474.0","-4536.0","0.11938","0.0012","-0.11818","22.15","-100472.4","SELL","12","","","",25.0,-11.4,""
"2026-05-26","US90187B5075","90187B507","TWO-C","TWO","TWO HARBORS INVESTMENT CORP","Financial Institutions","661982.0","657932.0","-4050.0","0.11767","0.0012","-0.11647","24.8","-100440.0","SELL","12","TWO-PC",39834,0.1,25.0,-0.8,0.08
"2026-05-26","US48251K2096","48251K209","KREF-A","KREF","KKR REAL ESTATE FINANCE TRUST INC","Financial Institutions","898271.0","892763.0","-5508.0","0.11681","0.0012","-0.11561","17.98","-99033.84","SELL","12","","","",25.0,-28.08,""
"2026-05-26","US9508108878","950810887","WSBC-B","WSBC","WESBANCO INC","Financial Institutions","630366.0","626532.0","-3834.0","0.11712","0.0012","-0.11592","25.81","-98955.54","SELL","12","","","",25.0,3.24,""
"2026-05-26","US0844238057","084423805","WRB","WRB","WR BERKLEY CORPORATION","Financial Institutions","829284.0","824208.0","-5076.0","0.1151","0.0012","-0.1139","19.33","-98119.08","SELL","12","WRB",1989759,0.0,25.0,-22.68,0.0
"2026-05-26","US00123Q6098","00123Q609","AGNC-D","AGNC","AGNC INVESTMENT CORP","Financial Institutions","644089.0","640147.0","-3942.0","0.115","0.0012","-0.1138","24.85","-97958.7","SELL","12","","","",25.0,-0.6,""
"2026-05-26","US58844R8503","58844R850","MBIN","MBIN","MERCHANTS BANCORP","Financial Institutions","630366.0","626532.0","-3834.0","0.11228","0.0011","-0.11118","24.9","-95466.6","SELL","12","MBIN",138556,0.0,25.0,-0.4,0.0
"2026-05-26","US74460W6856","74460W685","PSA-F","PSA","PUBLIC STORAGE DS REPRESENTING TH","Financial Institutions","767455.0","762757.0","-4698.0","0.11313","0.0011","-0.11203","20.28","-95275.44","SELL","12","","","",25.0,-18.88,""
"2026-05-26","US2836782092","283678209","KMI","KMI","EL PASO ENERGY CAPITAL TRUST I","Industrial","302192.0","300356.0","-1836.0","0.11047","0.0011","-0.10937","51.34","-94260.24","SELL","12","KMI",10875481,0.0,25.0,105.36,0.0
"2026-05-26","US72348N5059","72348N505","PNFP-C","PNFP","PINNACLE FINANCIAL PARTNERS DEPOSI","Financial Institutions","622252.0","618472.0","-3780.0","0.11275","0.0011","-0.11165","24.85","-93933.0","SELL","12","PNFP-PC",9463,0.4,25.0,-0.6,0.24
"2026-05-26","US0200028126","020002812","ALL-I","ALL","ALLSTATE CORPORATION (THE)","Financial Institutions","822259.0","817237.0","-5022.0","0.11273","0.0011","-0.11163","18.67","-93760.74","SELL","12","ALL-PI",19543,0.3,25.0,-25.32,7.6
"2026-05-26","BMG053841703","-","AHL","AHL","ASPEN INSURANCE HOLDINGS LTD","Financial Institutions","616711.0","612931.0","-3780.0","0.11104","0.0011","-0.10994","24.7","-93366.0","SELL","12","","","",25.0,-1.2,""
"2026-05-26","US9290428286","929042828","VNO-M","VNO","VORNADO REALTY TRUST","Financial Institutions","875669.0","870323.0","-5346.0","0.11085","0.0011","-0.10975","17.37","-92860.02","SELL","12","","","",25.0,-30.52,""
"2026-05-26","US29364W1080","29364W108","ETR","ETR","ENTERGY LOUISIANA LLC","Utility","740010.0","735474.0","-4536.0","0.10945","0.0011","-0.10835","20.32","-92171.52","SELL","12","","","",25.0,-18.72,""
"2026-05-26","US3193836000","319383600","BUSE-B","BUSE","FIRST BUSEY CORPORATION","Financial Institutions","589285.0","585667.0","-3618.0","0.10987","0.0011","-0.10877","25.45","-92078.1","SELL","12","","","",25.0,1.8,""
"2026-05-26","US63938C4050","63938C405","NAVI","NAVI","NAVIENT PRCNT SENIOR NOTES EXP D","Financial Institutions","822259.0","817237.0","-5022.0","0.10993","0.0011","-0.10883","18.31","-91952.82","SELL","12","NAVI",1002927,0.0,25.0,-26.76,0.0
"2026-05-26","US29364N1081","29364N108","ETR","ETR","ENTERGY MISSISSIPPI INC","Utility","712633.0","708259.0","-4374.0","0.1075","0.0011","-0.1064","20.78","-90891.72","SELL","12","","","",25.0,-16.88,""
"2026-05-26","US0605055831","060505583","BAC-1","BAC","BANK OF AMERICA CORPORATION PFD 1","Financial Institutions","738385.0","733849.0","-4536.0","0.10465","0.0011","-0.10355","19.64","-89087.04","SELL","12","","","",25.0,-21.44,""
"2026-05-26","US9290428104","929042810","VNO-N","VNO","VORNADO REALTY TRUST 5.4% CUM RED","Financial Institutions","822260.0","817238.0","-5022.0","0.10391","0.001","-0.10291","17.52","-87985.44","SELL","12","","","",25.0,-29.92,""
"2026-05-26","US1170436042","117043604","BC","BC","BRUNSWICK CORPORATION","Industrial","589287.0","585669.0","-3618.0","0.10424","0.001","-0.10324","24.27","-87808.86","SELL","12","BC",694748,0.0,25.0,-2.92,0.0
"2026-05-26","US25406P2002","25406P200","DDS","DDS","DILLARDS CAP TR I CAP SECS 7.5%","Industrial","548167.0","544819.0","-3348.0","0.10315","0.001","-0.10215","26.2","-87717.6","SELL","12","DDS",108500,0.0,25.0,4.8,0.0
"2026-05-26","US49446R7118","49446R711","KIM-M","KIM","KIMCO RLTY DS REPRESENTING CLASS","Financial Institutions","717073.0","712699.0","-4374.0","0.1041","0.001","-0.1031","20.05","-87698.7","SELL","12","","","",25.0,-19.8,""
"2026-05-26","US6378702053","637870205","NSA-A","NSA","NATIONAL STORAGE AFFILIATES REDEEM","Financial Institutions","619200.0","615420.0","-3780.0","0.10247","0.001","-0.10147","22.93","-86675.4","SELL","12","NSA-PA",8858,0.4,25.0,-8.28,3.31
"2026-05-26","US9290428443","929042844","VNO-L","VNO","VORNADO REALTY TRUST","Financial Institutions","822260.0","817238.0","-5022.0","0.10427","0.001","-0.10327","17.21","-86428.62","SELL","12","","","",25.0,-31.16,""
"2026-05-26","US8606308703","860630870","SF-C","SF","STIFEL FINANCIAL CORP","Financial Institutions","616711.0","612931.0","-3780.0","0.1029","0.001","-0.1019","22.84","-86335.2","SELL","12","SF-PC",8668,0.4,25.0,-8.64,3.46
"2026-05-26","US35243J2006","35243J200","FBRT-E","FBRT","FRANKLIN BSP REALTY TRUST CUMULA","Financial Institutions","707723.0","703403.0","-4320.0","0.10145","0.001","-0.10045","19.95","-86184.0","SELL","12","","","",25.0,-20.2,""
"2026-05-26","US72348N2080","72348N208","PNFP-A","PNFP","PINNACLE FINANCIAL PARTNERS NON CU","Financial Institutions","548156.0","544808.0","-3348.0","0.10102","0.001","-0.10002","25.66","-85909.68","SELL","12","PNFP-PA",6101,0.5,25.0,2.64,0.0
"2026-05-26","US37959E3009","37959E300","GL","GL","GLOBE LIFE INC","Financial Institutions","890736.0","885282.0","-5454.0","0.10145","0.001","-0.10045","15.74","-85845.96","SELL","12","GL",552831,0.0,25.0,-37.04,0.0
"2026-05-26","US8606308620","860630862","SF-D","SF","STIFEL FINANCIAL CORP","Financial Institutions","822259.0","817237.0","-5022.0","0.10014","0.001","-0.09914","16.58","-83264.76","SELL","12","SF-PD",13391,0.4,25.0,-33.68,13.47
"2026-05-26","US04621X3061","04621X306","AIZ","AIZ","ASSURANT INC","Financial Institutions","685188.0","680976.0","-4212.0","0.09677","0.001","-0.09577","19.62","-82639.44","SELL","12","AIZ",428256,0.0,25.0,-21.52,0.0
"2026-05-26","US8805914095","880591409","TVA-A","TVA","TENN VALLEY AUTH","Agency","571055.0","567545.0","-3510.0","0.09676","0.001","-0.09576","23.54","-82625.4","SELL","12","","","",25.0,-5.84,""
"2026-05-26","US05554M1009","05554M100","BIP","BIP","BIP BERMUDA HOLDINGS I LTD","Financial Institutions","822259.0","817237.0","-5022.0","0.09695","0.001","-0.09595","16.39","-82310.58","SELL","12","","","",25.0,-34.44,""
"2026-05-26","US84857L7055","84857L705","SR","SR","SPIRE INC","Utility","548167.0","544819.0","-3348.0","0.09744","0.001","-0.09644","24.54","-82159.92","SELL","12","SR",391742,0.0,25.0,-1.84,0.0
"2026-05-26","US6740014096","674001409","OAK-B","OAK","OAKTREE CAPITAL GROUP LLC","Financial Institutions","644089.0","640147.0","-3942.0","0.09613","0.001","-0.09513","20.69","-81559.98","SELL","12","OAK-PB",7323,0.5,25.0,-17.24,8.62
"2026-05-26","US16934Q6044","16934Q604","CIM-D","CIM","CHIMERA INVESTMENT CORP","Financial Institutions","548167.0","544819.0","-3348.0","0.09662","0.001","-0.09562","24.35","-81523.8","SELL","12","CIM-PD",10491,0.3,25.0,-2.6,0.78
"2026-05-26","US78440X5077","78440X507","SLG-I","SLG","SL GREEN REALTY CORP","Financial Institutions","630367.0","626533.0","-3834.0","0.09794","0.001","-0.09694","21.02","-80590.68","SELL","12","SLG-PI",21089,0.2,25.0,-15.92,3.18
"2026-05-26","US25525P3055","25525P305","DHC","DHC","DIVERSIFIED HEALTHCARE .25% SENIOR","Financial Institutions","685189.0","680977.0","-4212.0","0.09746","0.0009","-0.09656","19.06","-80280.72","SELL","12","","","",25.0,-23.76,""
"2026-05-26","US11259P1093","11259P109","BRBRPH","BEPUCN","BROOKFIELD BRP HOLDINGS (CANADA) I","Utility","968144.0","962744.0","-5400.0","0.1047","0.001","-0.1037","14.86","-80244.0","SELL","12","","","",25.0,-40.56,""
"2026-05-26","US2538688308","253868830","DLR-K","DLR","DIGITAL REALTY TRUST INC","Financial Institutions","575545.0","572035.0","-3510.0","0.09326","0.0009","-0.09236","22.7","-79677.0","SELL","12","DLR-PK",16069,0.2,25.0,-9.2,1.84
"2026-05-26","US3167738869","316773886","FITB-A","FITB","FIFTH THIRD BANCORP DEPOSITORY SH","Financial Institutions","548167.0","544819.0","-3348.0","0.09306","0.0009","-0.09216","23.75","-79515.0","SELL","12","","","",25.0,-5.0,""
"2026-05-26","US3793785086","379378508","GNL-D","GNL","GLOBAL NET LEASE CUMULATIVE REDE","Financial Institutions","543611.0","540263.0","-3348.0","0.09218","0.0009","-0.09128","23.71","-79381.08","SELL","12","GNL-PD",11231,0.3,25.0,-5.16,1.55
"2026-05-26","US05580M7939","05580M793","RILYZ","RILY","B. RILEY FINANCIAL INC","Financial Institutions","530727.0","527487.0","-3240.0","0.09289","0.0009","-0.09199","24.45","-79218.0","SELL","12","RILYZ",54812,0.1,25.0,-2.2,0.22
"2026-05-26","US6496048736","649604873","ADAM-E","ADAM","NEW YORK MORTGAGE TRUST INC","Financial Institutions","510920.0","507788.0","-3132.0","0.09356","0.0009","-0.09266","25.29","-79208.28","SELL","12","","","",25.0,1.16,""
"2026-05-26","US2333318184","233331818","DTE","DTE","DTE ENERGY CO","Utility","767455.0","762757.0","-4698.0","0.0944","0.0009","-0.0935","16.82","-79020.36","SELL","12","","","",25.0,-32.72,""
"2026-05-26","US74460W5940","74460W594","PSA-J","PSA","PUBLIC STORAGE DEP SHS REPSTG TH","Financial Institutions","709184.0","704864.0","-4320.0","0.09395","0.0009","-0.09305","18.25","-78840.0","SELL","12","","","",25.0,-27.0,""
"2026-05-26","US3167738604","316773860","FITB-K","FITB","FIFTH THIRD BANCORP","Financial Institutions","685188.0","680976.0","-4212.0","0.09303","0.0009","-0.09213","18.64","-78511.68","SELL","12","","","",25.0,-25.44,""
"2026-05-26","US0844238701","084423870","WRB","WRB","WR BERKLEY CORPORATION","Financial Institutions","822259.0","817237.0","-5022.0","0.09376","0.0009","-0.09286","15.62","-78443.64","SELL","12","WRB",1989769,0.0,25.0,-37.52,0.0
"2026-05-26","US25401T3068","25401T306","DBRG-J","DBRG","DIGITALBRIDGE GROUP INC","Financial Institutions","799910.0","794510.0","-5400.0","0.09167","0.0008","-0.09087","14.5","-78300.0","SELL","12","","","",25.0,-42.0,""
"2026-05-26","US6378703044","637870304","NSA-B","NSA PR B","NATIONAL STORAGE AFFILIATES CUM","Financial Institutions","389194.0","386494.0","-2700.0","0.08339","0.0008","-0.08259","29.0","-78300.0","SELL","12","NSA-PB",2712,1.0,25.0,16.0,0.0
"2026-05-26","US25401T4058","25401T405","DBRG-I","DBRG","DIGITALBRIDGE GROUP .15 CUMULATIVE","Financial Institutions","885509.0","880109.0","-5400.0","0.10231","0.0009","-0.10141","14.49","-78246.0","SELL","12","","","",25.0,-42.04,""
"2026-05-26","US70931T5092","70931T509","PMT-C","PMT","PENNYMAC MORTGAGE INVESTMENT TRUST","Financial Institutions","685189.0","680977.0","-4212.0","0.09028","0.0009","-0.08938","18.4","-77500.8","SELL","12","","","",25.0,-26.4,""
"2026-05-26","US64828T8053","64828T805","RITM-E","RITM","RITHM CAPITAL CORP","Financial Institutions","520741.0","517555.0","-3186.0","0.09115","0.0009","-0.09025","24.29","-77387.94","SELL","12","RITM-PE",31221,0.1,25.0,-2.84,0.28
"2026-05-26","US0082528433","008252843","AMG","AMG","AFFILIATED MANAGERS GROUP INC.","Financial Institutions","753715.0","749125.0","-4590.0","0.09211","0.0009","-0.09121","16.79","-77066.1","SELL","12","AMG",315517,0.0,25.0,-32.84,0.0
"2026-05-26","US75968N3098","75968N309","RNR-F","RNR","RENAISSANCERE HOLDINGS LTD","Financial Institutions","685188.0","681600.0","-3588.0","0.10606","0.0011","-0.10496","21.47","-77034.36","SELL","12","RNR-PF",12445,0.3,25.0,-14.12,4.24
"2026-05-26","US05580M8358","05580M835","RILYM","RILY","B. RILEY FINANCIAL INC","Financial Institutions","601944.0","598272.0","-3672.0","0.09072","0.0009","-0.08982","20.87","-76634.64","SELL","12","","","",25.0,-16.52,""
"2026-05-26","US70931T4004","70931T400","PMT-B","PMT","PENNYMAC MORTGAGE INVESTMENT TRUST","Financial Institutions","534463.0","531169.0","-3294.0","0.08916","0.0009","-0.08826","22.88","-75366.72","SELL","12","PMT-PB",11725,0.3,25.0,-8.48,2.54
"2026-05-26","US05580M8010","05580M801","RILYK","RILY","B. RILEY FINANCIAL INC","Financial Institutions","494775.0","491751.0","-3024.0","0.08824","0.0009","-0.08734","24.92","-75358.08","SELL","12","","","",25.0,-0.32,""
"2026-05-26","US9290427940","929042794","VNO-O","VNO","VORNADO REALTY TRUST","Financial Institutions","822260.0","817238.0","-5022.0","0.08993","0.0009","-0.08903","14.98","-75229.56","SELL","12","","","",25.0,-40.08,""
"2026-05-26","US8606306079","860630607","SF","SF","STIFEL FINANCIAL CORP","Financial Institutions","616712.0","612932.0","-3780.0","0.08925","0.0009","-0.08835","19.84","-74995.2","SELL","12","SF",1366405,0.0,25.0,-20.64,0.0
"2026-05-26","US70509V8037","70509V803","PEB-G","PEB","PEBBLEBROOK HOTEL TRUST","Financial Institutions","622546.0","618766.0","-3780.0","0.08891","0.0009","-0.08801","19.65","-74277.0","SELL","12","PEB-PG",36154,0.1,25.0,-21.4,2.14
"2026-05-26","BMG053841620","-","AHL","AHL","ASPEN INSURANCE HOLDINGS LTD","Financial Institutions","594894.0","591276.0","-3618.0","0.09021","0.0009","-0.08931","20.39","-73771.02","SELL","12","","","",25.0,-18.44,""
"2026-05-26","US70931T7072","70931T707","PMT","PMT","PENNYMAC MORTGAGE INVESTMENT TRUST","Financial Institutions","472780.0","469864.0","-2916.0","0.0856","0.0009","-0.0847","25.26","-73658.16","SELL","12","PMT",1012485,0.0,25.0,1.04,0.0
"2026-05-26","US1258968601","125896860","CMS","CMS","CMS ENERGY CORPORATION","Utility","548180.0","544832.0","-3348.0","0.08745","0.0009","-0.08655","21.82","-73053.36","SELL","12","CMS",2652745,0.0,25.0,-12.72,0.0
"2026-05-26","US17259U3032","17259U303","CIONI","CIONI","CION INVESTMENT CORP","Financial Institutions","474559.0","471643.0","-2916.0","0.08511","0.0009","-0.08421","25.05","-73045.8","SELL","12","","","",25.0,0.2,""
"2026-05-26","US49446R7373","49446R737","KIM-L","KIM","KIMCO REALTY CORPORATION","Financial Institutions","609985.0","606259.0","-3726.0","0.08611","0.0009","-0.08521","19.59","-72992.34","SELL","12","KIM-PL",11651,0.3,25.0,-21.64,6.49
"2026-05-26","US04911A2069","04911A206","AUB-A","AUB","ATLANTIC UNION BANKSHARES CORP","Financial Institutions","472780.0","469864.0","-2916.0","0.08506","0.0008","-0.08426","24.78","-72258.48","SELL","12","AUB-PA",6920,0.4,25.0,-0.88,0.35
"2026-05-26","US20451Q4010","20451Q401","CODI-C","CODI","COMPASS DIVERSIFIED HOLDINGS","Financial Institutions","541777.0","538483.0","-3294.0","0.08524","0.0009","-0.08434","21.89","-72105.66","SELL","12","CODI-PC",30699,0.1,25.0,-12.44,1.24
"2026-05-26","US05614L4077","05614L407","BW-A","BW","BABCOCK & WILCOX ENTERPRISES INC","Industrial","525498.0","522312.0","-3186.0","0.08531","0.0009","-0.08441","22.6","-72003.6","SELL","12","BW-PA",23111,0.1,25.0,-9.6,0.96
"2026-05-26","BMG9078F1499","-","TRTN-C","TRTN","TRITON INTERNATIONAL LTD","Industrial","479640.0","476724.0","-2916.0","0.08622","0.0009","-0.08532","24.67","-71937.72","SELL","12","TRTN-PC",7360,0.4,25.0,-1.32,0.53
"2026-05-26","US74460W5783","74460W578","PSA-K","PSA","PUBLIC STORAGE","Financial Institutions","630366.0","626532.0","-3834.0","0.08534","0.0009","-0.08444","18.73","-71810.82","SELL","12","PSA-PK",12154,0.3,25.0,-25.08,7.52
"2026-05-26","US74460W5114","74460W511","PSA-N","PSA","PUBLIC STORAGE DEP SHS REPSTG PF","Financial Institutions","774316.0","769564.0","-4752.0","0.08463","0.0008","-0.08383","15.09","-71707.68","SELL","12","","","",25.0,-39.64,""
"2026-05-26","US31959X2027","31959X202","FCNCA","FCNCA","FIRST CITIZENS BANCSHARES NON CU","Financial Institutions","548167.0","544819.0","-3348.0","0.08418","0.0008","-0.08338","21.22","-71044.56","SELL","12","FCNCA",61279,0.1,25.0,-15.12,1.51
"2026-05-26","MHY8564M2048","-","TGP-B","TGP","TEEKAY LNG PARTNERS LP","Industrial","451994.0","449240.0","-2754.0","0.08296","0.0008","-0.08216","25.7","-70777.8","SELL","12","","","",25.0,2.8,""
"2026-05-26","US20451Q3020","20451Q302","CODI-B","CODI","COMPASS DIVERSIFIED HOLDINGS FIXED","Financial Institutions","515507.0","512375.0","-3132.0","0.08283","0.0008","-0.08203","22.51","-70501.32","SELL","12","CODI-PB",10849,0.3,25.0,-9.96,2.99
"2026-05-26","BMG9078F3057","-","TRTGV","TRTN","TRITON INTL CUM RED PERP PREF SER","Industrial","479634.0","476718.0","-2916.0","0.08282","0.0008","-0.08202","24.04","-70100.64","SELL","12","","","",25.0,-3.84,""
"2026-05-26","US46131B5066","46131B506","IVR-C","IVR","INVESCO MORTGAGE CAPITAL INC","Financial Institutions","466775.0","463913.0","-2862.0","0.08096","0.0008","-0.08016","24.2","-69260.4","SELL","12","IVR-PC",19780,0.1,25.0,-3.2,0.32
"2026-05-26","US0844238883","084423888","WRB","WRB","WR BERKLEY CORPORATION","Financial Institutions","685188.0","680976.0","-4212.0","0.08131","0.0008","-0.08051","16.41","-69118.92","SELL","12","WRB",1989769,0.0,25.0,-34.36,0.0
"2026-05-26","US04914Y4098","04914Y409","ATLC","ATLC","ATLANTICUS HOLDINGS CORP","Financial Institutions","458210.0","455510.0","-2700.0","0.08402","0.0009","-0.08312","25.58","-69066.0","SELL","12","ATLC",70730,0.0,25.0,2.32,0.0
"2026-05-26","US38741L3050","38741L305","GPMT-A","GPMT","GRANITE POINT MORTGAGE TRUST INC","Financial Institutions","563926.0","560470.0","-3456.0","0.08053","0.0008","-0.07973","19.97","-69016.32","SELL","12","GPMT-PA",3421,1.0,25.0,-20.12,20.12
"2026-05-26","US55272X4097","55272X409","MFA-B","MFA","MFA FINANCIAL INC","Financial Institutions","548167.0","544819.0","-3348.0","0.08247","0.0008","-0.08167","20.56","-68834.88","SELL","12","MFA-PB",11026,0.3,25.0,-17.76,5.33
"2026-05-26","US11276B1098","11276B109","BIP","BIP","BROOKFIELD INFRASTRUCTURE FINANCE","Utility","685188.0","680976.0","-4212.0","0.08143","0.0008","-0.08063","16.32","-68739.84","SELL","12","","","",25.0,-34.72,""
"2026-05-26","US11259P2083","11259P208","BRBRPH","BEPUCN","BROOKFIELD BRP HOLDINGS (CANADA) I","Utility","712633.0","708259.0","-4374.0","0.07978","0.0008","-0.07898","15.62","-68321.88","SELL","12","","","",25.0,-37.52,""
"2026-05-26","US2538688555","253868855","DLR-J","DLR","DIGITAL REALTY TRUST INC","Financial Institutions","548167.0","544819.0","-3348.0","0.08025","0.0008","-0.07945","20.3","-67964.4","SELL","12","DLR-PJ",9994,0.3,25.0,-18.8,5.64
"2026-05-26","US16934Q8693","16934Q869","CIM","CIM","CHIMERA INVESTMENT CORP","Financial Institutions","340464.0","337764.0","-2700.0","0.06133","0.0006","-0.06073","25.05","-67635.0","SELL","12","CIM",592451,0.0,25.0,0.2,0.0
"2026-05-26","US58844R7026","58844R702","MBIN-C","MBIN","MERCHANTS BANCORP","Financial Institutions","537691.0","534397.0","-3294.0","0.08119","0.0008","-0.08039","20.49","-67494.06","SELL","12","","","",25.0,-18.04,""
"2026-05-26","BMG162491648","-","BPY-A","BPY","BROOKFIELD PROPERTY PARTNERS LP","Industrial","787954.0","783148.0","-4806.0","0.079","0.0008","-0.0782","13.95","-67043.7","SELL","12","","","",25.0,-44.2,""
"2026-05-26","US5303075031","530307503","LBRDA","LBRDA","LIBERTY BROADBAND CUM REDEEMABLE P","Industrial","492219.0","489195.0","-3024.0","0.07761","0.0008","-0.07681","22.1","-66830.4","SELL","12","LBRDA",213437,0.0,25.0,-11.6,0.0
"2026-05-26","BMG9078F1648","-","TRTN-D","TRTN","TRITON INTERNATIONAL LTD","Industrial","411125.0","408425.0","-2700.0","0.07276","0.0007","-0.07206","24.65","-66555.0","SELL","12","TRTN-PD",5102,0.5,25.0,-1.4,0.7
"2026-05-26","US0844237067","084423706","WRB","WRB","WR BERKLEY CORPORATION","Financial Institutions","507067.0","503989.0","-3078.0","0.07896","0.0008","-0.07816","21.62","-66546.36","SELL","12","WRB",1989774,0.0,25.0,-13.52,0.0
"2026-05-26","US0605058157","060505815","BAC-E","BAC","BANK OF AMERICA CORP PREF STOCK","Financial Institutions","562357.0","558901.0","-3456.0","0.07825","0.0008","-0.07745","19.23","-66458.88","SELL","12","BAC-PE",18544,0.2,25.0,-23.08,4.62
"2026-05-26","US38144X6094","38144X609","GS-C","GS","GOLDMAN SACHS GROUP INC","Financial Institutions","548167.0","544819.0","-3348.0","0.07785","0.0008","-0.07705","19.84","-66424.32","SELL","12","GS-PC",22366,0.1,25.0,-20.64,2.06
"2026-05-26","US10922N8891","10922N889","BHF-D","BHF","BRIGHTHOUSE FINANCIAL INC","Financial Institutions","959281.0","953395.0","-5886.0","0.07999","0.0008","-0.07919","11.24","-66158.64","SELL","12","","","",25.0,-55.04,""
"2026-05-26","US9197944047","919794404","VLY-C","VLY","VALLEY NATIONAL BANCORP","Financial Institutions","411114.0","408576.0","-2538.0","0.07656","0.0008","-0.07576","25.96","-65886.48","SELL","12","","","",25.0,3.84,""
"2026-05-26","US11276B2088","11276B208","BIP","BIP","BROOKFIELD INFRASTRUCTURE FINANCE","Utility","433025.0","430379.0","-2646.0","0.07722","0.0008","-0.07642","24.86","-65779.56","SELL","12","BIP",856891,0.0,25.0,-0.56,0.0
"2026-05-26","US4101204067","410120406","HWC","HWC","HANCOCK WHITNEY CORP","Financial Institutions","472779.0","469863.0","-2916.0","0.07573","0.0008","-0.07493","22.37","-65230.92","SELL","12","HWC",821467,0.0,25.0,-10.52,0.0
"2026-05-26","US3793783008","379378300","GNL-A","GNL","GLOBAL NET LEASE PREF SERIES A INC","Financial Institutions","465919.0","463057.0","-2862.0","0.07664","0.0008","-0.07584","22.75","-65110.5","SELL","12","GNL-PA",5682,0.5,25.0,-9.0,4.5
"2026-05-26","US78407R2040","78407R204","SCE-J","EIX","SCE TRUST II CUM TRUST SECS P","Utility","602989.0","599317.0","-3672.0","0.08005","0.0008","-0.07925","17.73","-65104.56","SELL","12","","","",25.0,-29.08,""
"2026-05-26","BMG162491564","-","BPY-A2","BPY","BROOKFIELD PROPERTY PARTNERS LP","Industrial","685189.0","680977.0","-4212.0","0.07509","0.0008","-0.07429","15.4","-64864.8","SELL","12","","","",25.0,-38.4,""
"2026-05-26","US1258968379","125896837","CMS-C","CMS","CMS ENERGY CORPORATION","Utility","630366.0","626532.0","-3834.0","0.07781","0.0008","-0.07701","16.91","-64832.94","SELL","12","CMS-PC",13691,0.3,25.0,-32.36,9.71
"2026-05-26","US2333318267","233331826","DTE-G","DTE","DTE ENERGY COMPANY","Utility","630312.0","626478.0","-3834.0","0.07663","0.0008","-0.07583","16.89","-64756.26","SELL","12","","","",25.0,-32.44,""
"2026-05-26","US0605056250","060505625","BAC-02","BAC","BANK OF AMERICA CORP","Financial Institutions","543243.0","539907.0","-3336.0","0.07614","0.0008","-0.07534","19.35","-64551.6","SELL","12","","","",25.0,-22.6,""
"2026-05-26","US0423156068","042315606","ARR-C","ARR","ARMOUR RESIDENTIAL REIT INC","Financial Institutions","505878.0","502800.0","-3078.0","0.07609","0.0008","-0.07529","20.97","-64545.66","SELL","12","ARR-PC",18322,0.2,25.0,-16.12,3.22
"2026-05-26","US74460W3960","74460W396","PSA-S","PSA","PUBLIC STORAGE DEPOSITARY SHS EACH","Financial Institutions","685344.0","681294.0","-4050.0","0.07904","0.0008","-0.07824","15.9","-64395.0","SELL","12","","","",25.0,-36.4,""
"2026-05-26","US8606307069","860630706","SF-B","SF","STIFEL FINANCIAL CORP","Financial Institutions","438541.0","435841.0","-2700.0","0.07522","0.0008","-0.07442","23.66","-63882.0","SELL","12","SF-PB",9032,0.3,25.0,-5.36,1.61
"2026-05-26","US4461507810","446150781","HBAN-C","HBAN","HUNTINGTON BANCSHARES INC","Financial Institutions","479569.0","476653.0","-2916.0","0.078","0.0008","-0.0772","21.86","-63743.76","SELL","12","","","",25.0,-12.56,""
"2026-05-26","US87266M2061","87266M206","TRTX-C","TRTX","TPG RE FIN TR PREF SERIES C INC TR","Financial Institutions","551598.0","548250.0","-3348.0","0.07644","0.0008","-0.07564","19.0","-63612.0","SELL","12","TRTX-PC",8519,0.4,25.0,-24.0,9.6
"2026-05-26","US04208T2078","04208T207","AHH-A","AHH","ARMADA HOFFLER PROPERTIES INC","Financial Institutions","468946.0","466084.0","-2862.0","0.07387","0.0008","-0.07307","22.2","-63536.4","SELL","12","","","",25.0,-11.2,""
"2026-05-26","US11259P3073","11259P307","BRBRPH","BEPUCN","BROOKFIELD BRP HOLDINGS (CANADA) I","Utility","411114.0","408576.0","-2538.0","0.07405","0.0007","-0.07335","25.02","-63500.76","SELL","12","","","",25.0,0.08,""
"2026-05-26","US00123Q8565","00123Q856","AGNCL","AGNC","AGNC INVESTMENT CORP","Financial Institutions","411078.0","408540.0","-2538.0","0.07381","0.0007","-0.07311","24.93","-63272.34","SELL","12","AGNCL",9380,0.3,25.0,-0.28,0.08
"2026-05-26","US6740013007","674001300","OAK-A","OAK","OAKTREE CAPITAL GROUP LLC","Financial Institutions","493363.0","490339.0","-3024.0","0.07329","0.0007","-0.07259","20.83","-62989.92","SELL","12","OAK-PA",9072,0.3,25.0,-16.68,5.0
"2026-05-26","US26884U2087","26884U208","EPR-C","EPR","EPR PROPERTIES 5.75% CUM CONV PREF","Financial Institutions","384305.0","381929.0","-2376.0","0.07156","0.0007","-0.07086","26.3","-62488.8","SELL","12","EPR-PC",3512,0.7,25.0,5.2,0.0
"2026-05-26","US04914Y3009","04914Y300","ATLC","ATLC","ATLANTICUS HOLDINGS CORP","Financial Institutions","406186.0","403702.0","-2484.0","0.07302","0.0007","-0.07232","25.15","-62472.6","SELL","12","ATLC",70731,0.0,25.0,0.6,0.0
"2026-05-26","US0259328807","025932880","AFG","AFG","AMERICAN FINANCIAL GROUP INC","Financial Institutions","548167.0","544819.0","-3348.0","0.07337","0.0007","-0.07267","18.5","-61938.0","SELL","12","AFG",434528,0.0,25.0,-26.0,0.0
"2026-05-26","BMG9078F1317","-","TRTN-B","TRTN","TRITON INTERNATIONAL LTD","Industrial","394028.0","391598.0","-2430.0","0.07182","0.0007","-0.07112","25.46","-61867.8","SELL","12","TRTN-PB",5046,0.5,25.0,1.84,0.0
"2026-05-26","US3205174028","320517402","FHN-E","FHN","FIRST HORIZON NATIONAL CORP","Financial Institutions","411113.0","408575.0","-2538.0","0.07305","0.0007","-0.07235","24.33","-61749.54","SELL","12","FHN-PE",5496,0.5,25.0,-2.68,1.34
"2026-05-26","US30190A2033","30190A203","FG","FG","F&G ANNUITIES & LIFE INC","Financial Institutions","945559.0","943098.0","-2461.0","0.16998","0.0017","-0.16828","25.02","-61574.22","SELL","12","FG",890138,0.0,25.0,0.08,0.0
"2026-05-26","US74460W5379","74460W537","PSA-M","PSA","PUBLIC STORAGE","Financial Institutions","630312.0","626478.0","-3834.0","0.07337","0.0007","-0.07267","16.01","-61382.34","SELL","12","PSA-PM",7003,0.5,25.0,-35.96,17.98
"2026-05-26","US4884013081","488401308","KMPR","KMPR","KEMPER CORP","Financial Institutions","411114.0","408576.0","-2538.0","0.07096","0.0007","-0.07026","24.11","-61191.18","SELL","12","KMPR",907065,0.0,25.0,-3.56,0.0
"2026-05-26","US58844R8842","58844R884","MBIN","MBIN","MERCHANTS BANCORP","Financial Institutions","390544.0","388168.0","-2376.0","0.07206","0.0007","-0.07136","25.73","-61134.48","SELL","12","MBIN",138556,0.0,25.0,2.92,0.0
"2026-05-26","US6496048819","649604881","ADAM-D","ADAM","NEW YORK MORTGAGE TRUST INC","Financial Institutions","421168.0","418576.0","-2592.0","0.07156","0.0007","-0.07086","23.44","-60756.48","SELL","12","","","",25.0,-6.24,""
"2026-05-26","BMG9078F2067","-","TRTN","TRTN","TRITON INTERNATIONAL LTD","Industrial","427777.0","425185.0","-2592.0","0.07176","0.0007","-0.07106","23.13","-59952.96","SELL","12","","","",25.0,-7.48,""
"2026-05-26","US4461507570","446150757","HBANZ","HBAN","HUNTINGTON BANCSHARES DEPOSITARY S","Financial Institutions","474608.0","471692.0","-2916.0","0.07132","0.0007","-0.07062","20.49","-59748.84","SELL","12","HBANZ",10999,0.3,25.0,-18.04,5.41
"2026-05-26","US6496048652","649604865","ADAM-F","ADAM","NEW YORK MORTGAGE TRUST INC","Financial Institutions","397674.0","395244.0","-2430.0","0.06904","0.0007","-0.06834","24.24","-58903.2","SELL","12","","","",25.0,-3.04,""
"2026-05-26","US70509V8862","70509V886","PEB-H","PEB","PEBBLEBROOK HOTEL TRUST","Financial Institutions","536328.0","533034.0","-3294.0","0.06909","0.0007","-0.06839","17.8","-58633.2","SELL","12","PEB-PH",25698,0.1,25.0,-28.8,2.88
"2026-05-26","US30190A6091","30190A609","FG","FG","F&G ANNUITIES & LIFE INC","Financial Institutions","1027808.0","1025140.0","-2668.0","0.16124","0.0016","-0.15964","21.75","-58029.0","SELL","12","FG",890138,0.0,25.0,-13.0,0.0
"2026-05-26","US16934Q3074","16934Q307","CIM-A","CIM","CHIMERA INVESTMENT CORP","Financial Institutions","413422.0","410884.0","-2538.0","0.06477","0.0007","-0.06407","22.75","-57739.5","SELL","12","CIM-PA",8458,0.3,25.0,-9.0,2.7
"2026-05-26","USG162522670","-","BIP-13","BIP","BROOKFIELD INFRASTRUCTURE CLASS","Utility","548167.0","544819.0","-3348.0","0.06754","0.0007","-0.06684","17.11","-57284.28","SELL","12","","","",25.0,-31.56,""
"2026-05-26","US11272B1035","11272B103","BNCN","BNCN","BROOKFIELD FINANCE I UK PLC","Financial Institutions","630366.0","626532.0","-3834.0","0.0679","0.0007","-0.0672","14.92","-57203.28","SELL","12","","","",25.0,-40.32,""
"2026-05-26","BMG9078F1564","-","TRTN-E","TRTN","TRITON INTERNATIONAL LTD","Industrial","479603.0","476687.0","-2916.0","0.06648","0.0007","-0.06578","19.4","-56570.4","SELL","12","TRTN-PE",4083,0.7,25.0,-22.4,15.68
"2026-05-26","US89832Q8107","89832Q810","TFC-I","TFC","TRUIST FINANCIAL DS REPRESENTING","Financial Institutions","472828.0","469912.0","-2916.0","0.06601","0.0007","-0.06531","19.36","-56453.76","SELL","12","TFC-PI",12457,0.2,25.0,-22.56,4.51
"2026-05-26","BMG162522756","-","BIP-14","BIP","BROOKFIELD INFRASTRUCTURE PARTNERS","Utility","548167.0","544819.0","-3348.0","0.06524","0.0007","-0.06454","16.77","-56145.96","SELL","12","","","",25.0,-32.92,""
"2026-05-26","US0259328641","025932864","AFG","AFG","AMERICAN FINANCIAL GROUP INC","Financial Institutions","548163.0","544815.0","-3348.0","0.06625","0.0007","-0.06555","16.61","-55610.28","SELL","12","AFG",434528,0.0,25.0,-33.56,0.0
"2026-05-26","US9478907036","947890703","WBS-G","WBS","WEBSTER FINANCIAL CORPORATION","Financial Institutions","369979.0","367711.0","-2268.0","0.06399","0.0007","-0.06329","24.44","-55429.92","SELL","12","WBS-PG",6226,0.4,25.0,-2.24,0.9
"2026-05-26","US8163005031","816300503","SIGI-B","SIGI","SELECTIVE INS GROUP DS REPSTG IN","Financial Institutions","548167.0","544819.0","-3348.0","0.06592","0.0007","-0.06522","16.52","-55308.96","SELL","12","","","",25.0,-33.92,""
"2026-05-26","US3765468836","376546883","GAIN","GAIN","GLADSTONE INVESTMENT CORP","Financial Institutions","368767.0","366499.0","-2268.0","0.0639","0.0006","-0.0633","24.19","-54862.92","SELL","12","GAIN",416601,0.0,25.0,-3.24,0.0
"2026-05-26","US3765468679","376546867","GAIN","GAIN","GLADSTONE INVESTMENT CORP","Financial Institutions","346704.0","344598.0","-2106.0","0.06357","0.0006","-0.06297","25.64","-53997.84","SELL","12","GAIN",416601,0.0,25.0,2.56,0.0
"2026-05-26","US26884U5056","26884U505","EPR-G","EPR","EPR PROPERTIES","Financial Institutions","427777.0","425185.0","-2592.0","0.06316","0.0006","-0.06256","20.78","-53861.76","SELL","12","EPR-PG",9046,0.3,25.0,-16.88,5.06
"2026-05-26","US9478905055","947890505","WBS-F","WBS","WEBSTER FINANCIAL DRC CORP","Financial Institutions","411114.0","408576.0","-2538.0","0.06314","0.0006","-0.06254","21.07","-53475.66","SELL","12","WBS-PF",10174,0.2,25.0,-15.72,3.14
"2026-05-26","US0082528359","008252835","AMG","AMG","AFFILIATED MANAGERS GROUP INC.","Financial Institutions","570192.0","566682.0","-3510.0","0.06236","0.0006","-0.06176","15.04","-52790.4","SELL","12","AMG",315519,0.0,25.0,-39.84,0.0
"2026-05-26","MHY8564M1131","-","TGP","TGP","TEEKAY LNG PARTNERS LP","Industrial","337977.0","335925.0","-2052.0","0.06209","0.0006","-0.06149","25.55","-52428.6","SELL","12","","","",25.0,2.2,""
"2026-05-26","US90187B2007","90187B200","TWO-A","TWO","TWO HARBORS INVESTMENT CORP","Financial Institutions","346032.0","343926.0","-2106.0","0.06166","0.0006","-0.06106","24.59","-51786.54","SELL","12","TWO-PA",19075,0.1,25.0,-1.64,0.16
"2026-05-26","US25401T5048","25401T504","DBRG-H","DBRG","DIGITALBRIDGE GROUP .125 CUMULATIV","Financial Institutions","580566.0","577002.0","-3564.0","0.06749","0.0006","-0.06689","14.34","-51107.76","SELL","12","DBRG-PH",20405,0.2,25.0,-42.64,8.53
"2026-05-26","BMG162491499","-","BPY-A-1","BPY","BROOKFIELD PROPERTY PARTNERS LP","Industrial","524679.0","521493.0","-3186.0","0.05968","0.0006","-0.05908","15.97","-50880.42","SELL","12","","","",25.0,-36.12,""
"2026-05-26","US68003D3035","68003D303","ONB-C","ONB","OLD NATIONAL BANCORP DEP SHS EACH","Financial Institutions","335740.0","333688.0","-2052.0","0.05975","0.0006","-0.05915","24.78","-50848.56","SELL","12","","","",25.0,-0.88,""
"2026-05-26","US8964427046","896442704","TRIN","TRIN","TRINITY CAPITAL INC","Financial Institutions","326659.0","324661.0","-1998.0","0.05966","0.0006","-0.05906","25.4","-50749.2","SELL","12","TRIN",1045913,0.0,25.0,1.6,0.0
"2026-05-26","US0259328724","025932872","AFG","AFG","AMERICAN FINANCIAL GROUP INC","Financial Institutions","411078.0","408540.0","-2538.0","0.06036","0.0006","-0.05976","19.88","-50455.44","SELL","12","AFG",434528,0.0,25.0,-20.48,0.0
"2026-05-26","US9197942066","919794206","VLY-A","VLY","VALLEY NATIONAL BANCORP","Financial Institutions","327887.0","325889.0","-1998.0","0.05956","0.0006","-0.05896","25.2","-50349.6","SELL","12","","","",25.0,0.8,""
"2026-05-26","US6496048165","649604816","ADAM","ADAM","NEW YORK MORTGAGE TRUST INC","Financial Institutions","315157.0","313213.0","-1944.0","0.05806","0.0006","-0.05746","25.68","-49921.92","SELL","12","ADAM",819444,0.0,25.0,2.72,0.0
"2026-05-26","US0084922097","008492209","ADC-A","ADC","AGREE REALTY CORP","Financial Institutions","479641.0","476725.0","-2916.0","0.05938","0.0006","-0.05878","17.09","-49834.44","SELL","12","ADC-PA",13626,0.2,25.0,-31.64,6.33
"2026-05-26","MHY271831213","-","GSL","GSL","GLOBAL SHIP LEASE INC","Industrial","298708.0","296872.0","-1836.0","0.05775","0.0006","-0.05715","27.1","-49755.6","SELL","12","GSL",334770,0.0,25.0,8.4,0.0
"2026-05-26","US28852N3070","28852N307","EFC-B","EFC","ELLINGTON FINANCIAL INC","Financial Institutions","330292.0","328294.0","-1998.0","0.05852","0.0006","-0.05792","24.77","-49490.46","SELL","12","EFC-PB",4029,0.5,25.0,-0.92,0.46
"2026-05-26","US26884U3077","26884U307","EPR-E","EPR","EPR PROPERTIES","Financial Institutions","245623.0","244111.0","-1512.0","0.05764","0.0006","-0.05704","32.7","-49442.4","SELL","12","EPR-PE",3166,0.5,25.0,30.8,0.0
"2026-05-26","US8964426055","896442605","TRIN","TRIN","TRINITY CAPITAL INC","Financial Institutions","319663.0","317719.0","-1944.0","0.05815","0.0006","-0.05755","25.41","-49397.04","SELL","12","TRIN",1045913,0.0,25.0,1.64,0.0
"2026-05-26","US26817Q8785","26817Q878","DX-C","DX","DYNEX CAPITAL INC","Financial Institutions","305623.0","303733.0","-1890.0","0.05703","0.0006","-0.05643","26.11","-49347.9","SELL","12","DX-PC",7347,0.3,25.0,4.44,0.0
"2026-05-26","US5977423038","597742303","MSBI","MSBI","MIDLAND STATES BANCORP INC","Financial Institutions","315193.0","313249.0","-1944.0","0.05723","0.0006","-0.05663","25.38","-49338.72","SELL","12","MSBI",155416,0.0,25.0,1.52,0.0
"2026-05-26","US90187B8871","90187B887","TWO","TWO","TWO HARBORS INVESTMENT CORP","Financial Institutions","315175.0","313231.0","-1944.0","0.05713","0.0006","-0.05653","25.38","-49338.72","SELL","12","TWO",2295985,0.0,25.0,1.52,0.0
"2026-05-26","US64944P3073","64944P307","FLG","NYCB","NEW YORK COMMUNITY CAPITAL TRUST V","Financial Institutions","198687.0","197499.0","-1188.0","0.05914","0.0006","-0.05854","41.52","-49325.76","SELL","12","FLG",4380029,0.0,25.0,66.08,0.0
"2026-05-26","US75574U8383","75574U838","RC","RC","READY CAPITAL CORP","Financial Institutions","356274.0","354114.0","-2160.0","0.05776","0.0006","-0.05716","22.76","-49161.6","SELL","12","RC",1689962,0.0,25.0,-8.96,0.0
"2026-05-26","US3137452005","313745200","FRT-C","FRT","FEDERAL REALTY INVESTMENT DEPOSITA","Financial Institutions","411114.0","408576.0","-2538.0","0.05726","0.0006","-0.05666","19.36","-49135.68","SELL","12","FRT-PC",7898,0.3,25.0,-22.56,6.77
"2026-05-26","US6475513080","647551308","NMFC","NMFC","NEW MOUNTAIN FINANCE CORP","Financial Institutions","315174.0","313230.0","-1944.0","0.05698","0.0006","-0.05638","25.27","-49124.88","SELL","12","NMFC",570242,0.0,25.0,1.08,0.0
"2026-05-26","BMG162582313","-","BEPUCN","BEPUCN","BROOKFIELD RENEWABLE PARTNERS LP","Utility","547775.0","545075.0","-2700.0","0.07214","0.0007","-0.07144","18.0","-48600.0","SELL","12","","","",25.0,-28.0,""
"2026-05-26","US70509V7047","70509V704","PEB-F","PEB","PEBBLEBROOK HOTEL TRUST","Financial Institutions","403630.0","401146.0","-2484.0","0.05793","0.0006","-0.05733","19.55","-48562.2","SELL","12","PEB-PF",18886,0.1,25.0,-21.8,2.18
"2026-05-26","US20786W5031","20786W503","CNOB-A","CNOB","CONNECTONE BANCORP INC","Financial Institutions","315192.0","313248.0","-1944.0","0.05653","0.0006","-0.05593","24.85","-48308.4","SELL","12","","","",25.0,-0.6,""
"2026-05-26","US8660826053","866082605","INN-E","INN","SUMMIT HOTEL PROPERTIES INC","Financial Institutions","438541.0","435841.0","-2700.0","0.05753","0.0006","-0.05693","17.65","-47655.0","SELL","12","INN-PE",7916,0.3,25.0,-29.4,8.82
"2026-05-26","US02665T8687","02665T868","AMH-H","AMH","AMERICAN HOMES 4 RENT","Financial Institutions","315195.0","313251.0","-1944.0","0.05512","0.0006","-0.05452","24.46","-47550.24","SELL","12","AMH-PH",6357,0.3,25.0,-2.16,0.65
"2026-05-26","US2635343070","263534307","CTVA","CTVA","E I DU PONT DE NEMOURS AND CO","Industrial","114621.0","113919.0","-702.0","0.05594","0.0006","-0.05534","67.47","-47363.94","SELL","12","CTVA",3323524,0.0,25.0,169.88,0.0
"2026-05-26","US64828T3005","64828T300","RITM-A","RITM","NEW RESIDENTIAL INVESTMENT CORP","Financial Institutions","300115.0","298279.0","-1836.0","0.05445","0.0006","-0.05385","25.41","-46652.76","SELL","12","RITM-PA",14904,0.1,25.0,1.64,0.0
"2026-05-26","US70931T3014","70931T301","PMT-A","PMT","PENNYMAC MORTGAGE INVESTMENT TRUST","Financial Institutions","327896.0","325898.0","-1998.0","0.05452","0.0006","-0.05392","23.15","-46253.7","SELL","12","PMT-PA",5579,0.4,25.0,-7.4,2.96
"2026-05-26","US02665T8760","02665T876","AMH-G","AMH","AMERICAN HOMES 4 RENT","Financial Institutions","315193.0","313249.0","-1944.0","0.05298","0.0005","-0.05248","23.48","-45645.12","SELL","12","AMH-PG",3179,0.6,25.0,-6.08,3.65
"2026-05-26","US70931T8062","70931T806","PMT","PMT","PENNYMAC MORTGAGE INVESTMENT TRUST","Financial Institutions","287779.0","285997.0","-1782.0","0.05285","0.0005","-0.05235","25.55","-45530.1","SELL","12","PMT",1012603,0.0,25.0,2.2,0.0
"2026-05-26","US0605055914","060505591","BAC","BAC","BANK OF AMERICA DEPOSITORY SHARES","Financial Institutions","371135.0","368867.0","-2268.0","0.05471","0.0005","-0.05421","20.0","-45360.0","SELL","12","BAC",32593563,0.0,25.0,-20.0,0.0
"2026-05-26","US7588498714","758849871","REG-B","REG","REGENCY CENTERS SERIES B CUMULAT","Financial Institutions","327896.0","325898.0","-1998.0","0.05306","0.0005","-0.05256","22.7","-45354.6","SELL","12","","","",25.0,-9.2,""
"2026-05-26","KYG3730V1398","-","FTAI-C","FTAI","FTAI AVIATION FIXED RATE RESET C","Industrial","287815.0","286033.0","-1782.0","0.05286","0.0005","-0.05236","25.44","-45334.08","SELL","12","","","",25.0,1.76,""
"2026-05-26","US68003D2045","68003D204","ONB-A","ONB","OLD NATIONAL BANCORP","Financial Institutions","296004.0","294168.0","-1836.0","0.05255","0.0005","-0.05205","24.68","-45312.48","SELL","12","","","",25.0,-1.28,""
"2026-05-26","US7588498896","758849889","REG-A","REG","REGENCY CENTERS SERIES A CUMULAT","Financial Institutions","315193.0","313249.0","-1944.0","0.05284","0.0005","-0.05234","23.2","-45100.8","SELL","12","","","",25.0,-7.2,""
"2026-05-26","US74460W4877","74460W487","PSA-O","PSA","PUBLIC STORAGE","Financial Institutions","484665.0","481695.0","-2970.0","0.05332","0.0005","-0.05282","15.15","-44995.5","SELL","12","PSA-PO",15056,0.2,25.0,-39.4,7.88
"2026-05-26","US3205178656","320517865","FHN-F","FHN","FIRST HORIZON CORP (TENNESSEE)","Financial Institutions","411078.0","408540.0","-2538.0","0.05295","0.0005","-0.05245","17.56","-44567.28","SELL","12","FHN-PF",7223,0.4,25.0,-29.76,11.9
"2026-05-26","US3793784097","379378409","GNL-B","GNL","GLOBAL NET LEASE INC","Financial Institutions","334679.0","332627.0","-2052.0","0.05222","0.0005","-0.05172","21.7","-44528.4","SELL","12","GNL-PB",5922,0.3,25.0,-13.2,3.96
"2026-05-26","US0259328070","025932807","AFG","AFG","AMERICAN FINANCIAL GROUP INC","Financial Institutions","342601.0","340495.0","-2106.0","0.05237","0.0005","-0.05187","21.07","-44373.42","SELL","12","AFG",434528,0.0,25.0,-15.72,0.0
"2026-05-26","US80349A8027","80349A802","SAR","SAR","SARATOGA INVESTMENT CORP","Financial Institutions","289142.0","287360.0","-1782.0","0.05235","0.0005","-0.05185","24.9","-44371.8","SELL","12","SAR",100691,0.0,25.0,-0.4,0.0
"2026-05-26","US12621E3018","12621E301","CNO","CNO","CNO FINANCIAL GROUP INC","Financial Institutions","411078.0","408540.0","-2538.0","0.05284","0.0005","-0.05234","17.39","-44135.82","SELL","12","CNO",652713,0.0,25.0,-30.44,0.0
"2026-05-26","US22948Q2003","22948Q200","CTO-A","CTO","CTO REALTY GROWTH INC","Financial Institutions","335953.0","333901.0","-2052.0","0.0534","0.0005","-0.0529","21.42","-43953.84","SELL","12","CTO-PA",3207,0.6,25.0,-14.32,8.59
"2026-05-26","US53803X4025","53803X402","LOB-A","LOB","LIVE OAK BANCSHARES INC","Financial Institutions","285132.0","283404.0","-1728.0","0.05161","0.0005","-0.05111","25.3","-43718.4","SELL","12","LOB-PA",6053,0.3,25.0,1.2,0.0
"2026-05-26","US9197943056","919794305","VLY-B","VLY","VALLEY NATL NON CUM PERP PREF SERI","Financial Institutions","285132.0","283404.0","-1728.0","0.0512","0.0005","-0.0507","25.12","-43407.36","SELL","12","","","",25.0,0.48,""
"2026-05-26","US8043958797","804395879","BFS-E","BFS","SAUL CENTERS INC","Financial Institutions","313559.0","311657.0","-1902.0","0.052","0.0005","-0.0515","22.8","-43365.6","SELL","12","BFS-PE",3515,0.5,25.0,-8.8,4.4
"2026-05-26","US25432X2018","25432X201","DCOM","DCOM","DIME COMMUNITY BANCSHARES CUMULATI","Financial Institutions","377725.0","375403.0","-2322.0","0.05191","0.0005","-0.05141","18.54","-43049.88","SELL","12","DCOM",296297,0.0,25.0,-25.84,0.0
"2026-05-26","US2298993070","229899307","CFR-B","CFR","CULLEN FROST BANKERS DRC INC","Financial Institutions","411078.0","408540.0","-2538.0","0.05046","0.0005","-0.04996","16.95","-43019.1","SELL","12","CFR-PB",10724,0.2,25.0,-32.2,6.44
"2026-05-26","US28852N4060","28852N406","EFC-C","EFC","ELLINGTON FINANCIAL INC","Financial Institutions","274075.0","272401.0","-1674.0","0.05039","0.0005","-0.04989","25.5","-42687.0","SELL","12","EFC-PC",1660,1.0,25.0,2.0,0.0
"2026-05-26","US73317H2067","73317H206","BPOP","BPOP","POPULAR CAPITAL TRUST II","Financial Institutions","276882.0","275208.0","-1674.0","0.05043","0.0005","-0.04993","25.22","-42218.28","SELL","12","BPOP",471726,0.0,25.0,0.88,0.0
"2026-05-26","US00489Q3002","00489Q300","ACR-D","ACR","ACRES COMMERCIAL REALTY CORP","Financial Institutions","308834.0","306944.0","-1890.0","0.04898","0.0005","-0.04848","22.31","-42165.9","SELL","12","ACR-PD",4135,0.5,25.0,-10.76,5.38
"2026-05-26","US29364P1030","29364P103","ETR","ETR","ENTERGY NEW ORLEANS INC","Utility","313558.0","311656.0","-1902.0","0.04986","0.0005","-0.04936","21.85","-41558.7","SELL","12","ETR",3777542,0.0,25.0,-12.6,0.0
"2026-05-26","US3131488278","313148827","AGMPP","FAMCA","FEDERAL AGRIC MTG NON CUMULATIVE P","Agency","285132.0","283404.0","-1728.0","0.04931","0.0005","-0.04881","24.01","-41489.28","SELL","12","","","",25.0,-3.96,""
"2026-05-26","US16208T2015","16208T201","CLDT-A","CLDT","CHATHAM LODGING TRUST","Financial Institutions","342108.0","340002.0","-2106.0","0.0491","0.0005","-0.0486","19.69","-41467.14","SELL","12","CLDT-PA",21538,0.1,25.0,-21.24,2.12
"2026-05-26","US6943082064","694308206","PCG-A","PCG","PACIFIC GAS & ELEC CO","Utility","300193.0","298357.0","-1836.0","0.04869","0.0005","-0.04819","22.45","-41218.2","SELL","12","PCG-PA",5732,0.3,25.0,-10.2,3.06
"2026-05-26","US7580758578","758075857","RWT","RWT","REDWOOD TRUST INC","Financial Institutions","274057.0","272383.0","-1674.0","0.04992","0.0005","-0.04942","24.49","-40996.26","SELL","12","RWT",1099618,0.0,25.0,-2.04,0.0
"2026-05-26","US5290433094","529043309","LXP-C","LXP","LXP INDUSTRIAL TRUST","Financial Institutions","137904.0","137040.0","-864.0","0.04629","0.0005","-0.04579","46.08","-39813.12","SELL","12","LXP-PC",1725,0.5,25.0,84.32,0.0
"2026-05-26","US20451Q2030","20451Q203","CODI-A","CODI","COMPASS DIVERSIFIED HOLDINGS","Financial Institutions","320452.0","318508.0","-1944.0","0.04797","0.0005","-0.04747","20.41","-39677.04","SELL","12","CODI-PA",5730,0.3,25.0,-18.36,5.51
"2026-05-26","US3131488435","313148843","FAMCA","FAMCA","FEDERAL AGRICULTURAL MORTGAGE CORP","Agency","328854.0","326856.0","-1998.0","0.04465","0.0005","-0.04415","18.95","-37862.1","SELL","12","","","",25.0,-24.2,""
"2026-05-26","US74348T5653","74348T565","PSEC-A","PSEC","PROSPECT CAPITAL CORP","Financial Institutions","359754.0","357540.0","-2214.0","0.045","0.0004","-0.0446","17.01","-37660.14","SELL","12","PSEC-PA",5584,0.4,25.0,-31.96,12.78
"2026-05-26","US3131488351","313148835","FAMCA","FAMCA","FEDERAL AGRICULTURAL MORTGAGE NO","Agency","342601.0","340495.0","-2106.0","0.04312","0.0004","-0.04272","17.76","-37402.56","SELL","12","","","",25.0,-28.96,""
"2026-05-26","US74460W4463","74460W446","PSA-Q","PSA","PUBLIC STORAGE","Financial Institutions","393974.0","391544.0","-2430.0","0.04368","0.0004","-0.04328","15.3","-37179.0","SELL","12","PSA-PQ",10945,0.2,25.0,-38.8,7.76
"2026-05-26","US0454872047","045487204","ASB-E","ASB","ASSOCIATED BANC DEPOSITARY SHARES","Financial Institutions","285124.0","283396.0","-1728.0","0.04338","0.0004","-0.04298","21.16","-36564.48","SELL","12","ASB-PE",3577,0.5,25.0,-15.36,7.68
"2026-05-26","US9116847024","911684702","UZA","AD","UNITED STATES CELLULAR CORPORATION","Industrial","301750.0","299914.0","-1836.0","0.04335","0.0004","-0.04295","19.66","-36095.76","SELL","12","","","",25.0,-21.36,""
"2026-05-26","US14040H7742","14040H774","COF-K","COF","CAPITAL ONE FINANCIAL CORPORATION","Financial Institutions","342601.0","340495.0","-2106.0","0.0434","0.0004","-0.043","16.99","-35780.94","SELL","12","COF-PK",9430,0.2,25.0,-32.04,6.41
"2026-05-26","US70509V6056","70509V605","PEB-E","PEB","PEBBLEBROOK HOTEL TRUST","Financial Institutions","292201.0","290419.0","-1782.0","0.04198","0.0004","-0.04158","19.7","-35105.4","SELL","12","PEB-PE",8809,0.2,25.0,-21.2,4.24
"2026-05-26","US3131488682","313148868","FAMCA","FAMCA","FEDERAL AGRICULTURAL MORTGAGE CORP","Agency","274056.0","272382.0","-1674.0","0.04056","0.0004","-0.04016","20.59","-34467.66","SELL","12","","","",25.0,-17.64,""
"2026-05-26","US80349A8514","80349A851","SAR","SAR","SARATOGA INVESTMENT CORP","Financial Institutions","274100.0","272750.0","-1350.0","0.05006","0.0005","-0.04956","25.27","-34114.5","SELL","12","SAR",100692,0.0,25.0,1.08,0.0
"2026-05-26","US3765468596","376546859","GAIN","GAIN","GLADSTONE INVESTMENT CORP","Financial Institutions","285825.0","284475.0","-1350.0","0.05177","0.0005","-0.05127","25.24","-34074.0","SELL","12","GAIN",416602,0.0,25.0,0.96,0.0
"2026-05-26","US00489Q2012","00489Q201","ACR-C","ACR","ACRES COMMERCIAL REALTY .625 FIXED","Financial Institutions","328500.0","327150.0","-1350.0","0.05925","0.0006","-0.05865","25.24","-34074.0","SELL","12","ACR-PC",5843,0.2,25.0,0.96,0.0
"2026-05-26","US55272X7066","55272X706","MFA","MFA","MFA FINANCIAL INC","Financial Institutions","329525.0","328175.0","-1350.0","0.05947","0.0006","-0.05887","25.12","-33912.0","SELL","12","MFA",1353797,0.0,25.0,0.48,0.0
"2026-05-26","US0454874027","045487402","ASB-F","ASB","ASSOCIATED BANC-CORP","Financial Institutions","274057.0","272383.0","-1674.0","0.04042","0.0004","-0.04002","20.18","-33781.32","SELL","12","ASB-PF",3777,0.4,25.0,-19.28,7.71
"2026-05-26","US56029Q4082","56029Q408","MHLD","MHLD","MAIDEN HOLDINGS NORTH AMERICA LTD","Financial Institutions","417921.0","415383.0","-2538.0","0.0419","0.0004","-0.0415","13.15","-33374.7","SELL","12","","","",25.0,-47.4,""
"2026-05-26","US78163D4079","78163D407","RWAY","RWAY","RUNWAY GROWTH FINANCE","Financial Institutions","274100.0","272750.0","-1350.0","0.04924","0.0005","-0.04874","24.63","-33250.5","SELL","12","RWAY",664416,0.0,25.0,-1.48,0.0
"2026-05-26","US9116848840","911684884","UZC","AD","UNITED STATES CELLULAR CORPORATION","Industrial","298070.0","296234.0","-1836.0","0.03827","0.0004","-0.03787","17.79","-32662.44","SELL","12","","","",25.0,-28.84,""
"2026-05-26","US5835432023","583543202","SLNH-A","SLNH","SOLUNA HOLDINGS INC","Industrial","373888.0","371188.0","-2700.0","0.02938","0.0003","-0.02908","11.89","-32103.0","SELL","12","","","",25.0,-52.44,""
"2026-05-26","US8660827044","866082704","INN-F","INN","SUMMIT HOTEL PROPERTIES INC","Financial Institutions","285140.0","283412.0","-1728.0","0.03561","0.0003","-0.03531","16.7","-28857.6","SELL","12","INN-PF",10398,0.2,25.0,-33.2,6.64
"2026-05-26","US8678928040","867892804","SHO-H","SHO","SUNSTONE HOTEL INVESTORS INC","Financial Institutions","311511.0","310161.0","-1350.0","0.04818","0.0005","-0.04768","21.35","-28822.5","SELL","12","SHO-PH",21725,0.1,25.0,-14.6,1.46
"2026-05-26","US75574U8870","75574U887","RC-E","RC","READY CAPITAL CORP","Financial Institutions","315157.0","313213.0","-1944.0","0.02936","0.0003","-0.02906","12.88","-25038.72","SELL","12","RC-PE",7081,0.3,25.0,-48.48,14.54
"2026-05-26","US5602923022","560292302","MHLD","MHLD","MAIDEN HOLDINGS LTD","Financial Institutions","323604.0","321606.0","-1998.0","0.03019","0.0003","-0.02989","12.53","-25034.94","SELL","12","","","",25.0,-49.88,""
"2026-05-26","US10482B2007","10482B200","BHR-B","BHR","BRAEMAR HOTEL & RESORTS INC","Financial Institutions","224982.0","223632.0","-1350.0","0.0242","0.0002","-0.024","15.07","-20344.5","SELL","12","BHR-PB",5780,0.2,25.0,-39.72,7.94
"2026-05-26","US74913G8814","74913G881","CTL","CTL","QWEST CORP","Industrial","2691284.0","2691284.0","0.0","0.3743","0.0038","-0.3705","19.38","0.0","UNCHANGED","12","","","","","",""
"2026-05-26","US0389238504","038923850","ABR-F","ABR","ARBOR REALTY TRUST INC","Financial Institutions","777196.0","777196.0","0.0","0.12901","0.0013","-0.12771","23.37","0.0","UNCHANGED","12","","","","","",""
"2026-05-26","US29452E2000","29452E200","EQH-A","EQH","EQUITABLE HLDNGS DRC REPRESENTING","Financial Institutions","2192816.0","2192816.0","0.0","0.31111","0.0031","-0.30801","19.66","0.0","UNCHANGED","12","","","","","",""
"2026-05-26","US7443208886","744320888","PRU","PRU","PRUDENTIAL FINANCIAL INC","Financial Institutions","1381235.0","1381235.0","0.0","0.16732","0.0016","-0.16572","16.3","0.0","UNCHANGED","12","","","","","",""
"2026-05-26","US29452E4089","29452E408","EQH-C","EQH","EQUITABLE HOLDINGS INC","Financial Institutions","822331.0","822331.0","0.0","0.09613","0.001","-0.09513","16.34","0.0","UNCHANGED","12","","","","","",""
"2026-05-26","US7443208704","744320870","PRU","PRU","PRUDENTIAL FINANCIAL INC","Financial Institutions","828782.0","828782.0","0.0","0.14179","0.0014","-0.14039","23.03","0.0","UNCHANGED","12","","","","","",""
"2026-05-26","US9388243076","938824307","WAFD-A","WAFD","WASHINGTON FEDERAL INC","Financial Institutions","822331.0","822331.0","0.0","0.09855","0.001","-0.09755","16.3","0.0","UNCHANGED","12","","","","","",""
"2026-05-26","US0625452075","062545207","BOH-A","BOH","BANK OF HAWAII CORP","Financial Institutions","493399.0","493399.0","0.0","0.05703","0.0006","-0.05643","16.05","0.0","UNCHANGED","12","","","","","",""
"2026-05-26","US5341878859","534187885","LNC-D","LNC","LINCOLN NATIONAL CORPORATION","Financial Institutions","1370485.0","1370485.0","0.0","0.26142","0.0026","-0.25882","26.1","0.0","UNCHANGED","12","","","","","",""
"2026-05-26","US78442P5026","78442P502","SLM-B","SLM","SLM CORP","Financial Institutions","172068.0","172068.0","0.0","0.09265","0.0009","-0.09175","74.65","0.0","UNCHANGED","12","","","","","",""
"2026-05-26","US0389238686","038923868","ABR-E","ABR","ARBOR REALTY TRUST INC","Financial Institutions","394047.0","394047.0","0.0","0.04683","0.0005","-0.04633","16.35","0.0","UNCHANGED","12","","","","","",""
"2026-05-26","US3602713089","360271308","FULT-A","FULT","FULTON FINANCIAL CORPORATION","Financial Institutions","548221.0","548221.0","0.0","0.07282","0.0008","-0.07202","18.75","0.0","UNCHANGED","12","","","","","",""
"2026-05-26","US0389238769","038923876","ABR-D","ABR","ARBOR REALTY TRUST INC","Financial Institutions","630421.0","630421.0","0.0","0.07573","0.0008","-0.07493","16.48","0.0","UNCHANGED","12","","","","","",""
"2026-05-26","US7244795065","724479506","PBI","PBI","PITNEY BOWES INC","Industrial","957402.0","957402.0","0.0","0.14951","0.0015","-0.14801","21.21","0.0","UNCHANGED","12","","","","","",""
"2026-05-26","US74913G8731","74913G873","CTL","CTL","QWEST CORP","Industrial","1818042.0","1818042.0","0.0","0.25507","0.0026","-0.25247","19.4","0.0","UNCHANGED","12","","","","","",""
"2026-05-26","US34988VAF31","34988VAF3","FOSL","FOSL","FOSSIL GROUP INC","Industrial","1174925.0","1174925.0","0.0","0.00799","0.0001","-0.00789","92.95","0.0","UNCHANGED","12","","","","","",""
"2026-05-26","US46817M2061","46817M206","JXN","JXN","JACKSON FINANCIAL INC","Financial Institutions","1507574.0","1507574.0","0.0","0.2827","0.0028","-0.2799","25.87","0.0","UNCHANGED","12","","","","","",""
"2026-05-26","US05461T3059","05461T305","AXS-E","AXS","AXIS CAPITAL HOLDINGS LTD","Financial Institutions","1507574.0","1507574.0","0.0","0.2114","0.0022","-0.2092","19.67","0.0","UNCHANGED","12","","","","","",""
"2026-05-26","US3765493099","376549309","LAND-B","LAND","GLADSTONE LAND CORP","Financial Institutions","400235.0","400235.0","0.0","0.06012","0.0006","-0.05952","20.64","0.0","UNCHANGED","12","","","","","",""
"2026-05-26","US7443208050","744320805","PRU","PRU","PRUDENTIAL FINANCIAL INC","Financial Institutions","1560818.0","1560818.0","0.0","0.25695","0.0026","-0.25435","22.47","0.0","UNCHANGED","12","","","","","",""
"2026-05-26","US06417N2027","06417N202","OZK-A","OZK","BANK OZK","Financial Institutions","959353.0","959353.0","0.0","0.11318","0.0012","-0.11198","16.47","0.0","UNCHANGED","12","","","","","",""
"2026-05-26","US0625403078","062540307","BOH","BOH","BANK OF HAWAII CORP","Financial Institutions","452299.0","452299.0","0.0","0.08563","0.0009","-0.08473","26.41","0.0","UNCHANGED","12","","","","","",""
"2026-05-26","US17259U4022","17259U402","CION","CICC","CION INVESTMENT NOTES DUE CORP","Financial Institutions","342655.0","342655.0","0.0","0.06125","0.0006","-0.06065","25.0","0.0","UNCHANGED","12","","","","","",""
