"date","isin","cusip","ticker","ticker_raw","name","sector","prior_shares","today_shares","shares_delta","prior_weight","today_weight","weight_delta","price","dollar_flow","flow_type","gap_days","yahoo_ticker","adv_30d","overhang_days","par_value","price_vs_par_pct","signal_score"
"2026-05-11","-","-","USD","USD","USD CASH","Cash and/or Derivatives","-7869348.0","-7982592.0","-113244.0","-0.05627","-0.05716","-0.00089","100.0","-11324400.0","UNCHANGED","3","","","","","",""
"2026-05-11","US0669224778","066922477","XTSLA","XTSLA","BLK CSH FND TREASURY SL AGENCY","Cash and/or Derivatives","44397966.0","45772133.0","1374167.0","0.31748","0.32776","0.01028","1.0","1374167.0","UNCHANGED","3","","","","","",""
"2026-05-11","US0970232049","097023204","BA","BA","BOEING CO","Industrial","7920841.0","7912786.0","-8055.0","4.26447","4.26314","-0.00133","75.24","-606058.2","SELL","3","BA",6080023,0.0,25.0,200.96,0.0
"2026-05-11","US68389X2045","68389X204","ORCL-D","ORCL","ORACLE CORPORATION","Industrial","6887100.0","6879900.0","-7200.0","2.84754","2.81793","-0.02961","57.2","-411840.0","SELL","3","ORCL-PD",1523991,0.0,25.0,128.8,0.0
"2026-05-11","US5949728530","594972853","STRC","MSTR","STRATEGY INC","Industrial","3460778.0","3457259.0","-3519.0","2.47449","2.47562","0.00113","100.0","-351900.0","SELL","3","STRC",3346103,0.0,25.0,300.0,0.0
"2026-05-11","US9497468044","949746804","WFC-L","WFC","WELLS FARGO & COMPANY SERIES L","Financial Institutions","269911.0","269632.0","-279.0","2.29684","2.29816","0.00132","1190.3","-332093.7","SELL","3","WFC-PL",7395,0.0,1000.0,19.03,0.0
"2026-05-11","US0126532003","012653200","ALB","ALB","ALBEMARLE CORP","Industrial","3168348.0","3165126.0","-3222.0","1.8372","1.88998","0.05278","83.39","-268682.58","SELL","3","ALB",1937697,0.0,25.0,233.56,0.0
"2026-05-11","US0605056821","060505682","BAC-L","BAC","BANK OF AMERICA CORP","Financial Institutions","151279.0","151126.0","-153.0","1.31652","1.31022","-0.0063","1210.75","-185244.75","SELL","3","BAC-PL",8896,0.0,1000.0,21.07,0.0
"2026-05-11","US1730802014","173080201","C","C","CITIGROUP CAPITAL XIII","Financial Institutions","6187832.0","6181532.0","-6300.0","1.29957","1.29051","-0.00906","29.16","-183708.0","SELL","3","C",12483017,0.0,25.0,16.64,0.0
"2026-05-11","US5950173022","595017302","MCHP","MCHP","MICROCHIP TECHNOLOGY INCORPORATED","Industrial","2045661.0","2043582.0","-2079.0","1.22496","1.22247","-0.00249","83.54","-173679.66","SELL","3","MCHP",9251447,0.0,25.0,234.16,0.0
"2026-05-11","US42824C2089","42824C208","HPE-A","HPE","HEWLETT PACKARD ENTERPRISE CONV PR","Industrial","2066281.0","2064175.0","-2106.0","1.22963","1.21676","-0.01287","82.32","-173365.92","SELL","3","","","",25.0,229.28,""
"2026-05-11","US65339F6557","65339F655","NEE-V","NEE","NEXTERA ENERGY INC","Utility","3168338.0","3165116.0","-3222.0","1.14482","1.16132","0.0165","51.24","-165095.28","SELL","3","NEE-PV",681755,0.0,25.0,104.96,0.0
"2026-05-11","US65339F6631","65339F663","NEE-S","NEE","NEXTERA ENERGY UNITS INC","Utility","2755085.0","2752286.0","-2799.0","1.11922","1.13519","0.01597","57.6","-161222.4","SELL","3","NEE-PS",135876,0.0,25.0,130.4,0.0
"2026-05-11","US48251W5004","48251W500","KKR-D","KKR","KKR & CO INC","Financial Institutions","3564369.0","3560742.0","-3627.0","1.12505","1.10683","-0.01822","43.41","-157448.07","SELL","3","KKR-PD",238326,0.0,25.0,73.64,0.0
"2026-05-11","US8425878423","842587842","SO-A","SO","SOUTHERN COMPANY (THE)","Utility","2755085.0","2752286.0","-2799.0","0.9951","1.00019","0.00509","50.75","-142049.25","SELL","3","SOPA",2387937,0.0,25.0,103.0,0.0
"2026-05-11","US03769M3043","03769M304","APO","APO","APOLLO GLOBAL MANAGEMENT INC","Financial Institutions","1980156.0","1978140.0","-2016.0","0.96853","0.94139","-0.02714","66.46","-133983.36","SELL","3","APO",4233390,0.0,25.0,165.84,0.0
"2026-05-11","US48128B6487","48128B648","JPM-EE","JPM","JPMORGAN CHASE & CO","Financial Institutions","5096882.0","5091698.0","-5184.0","0.91482","0.91551","0.00069","25.11","-130170.24","SELL","3","","","",25.0,0.44,""
"2026-05-11","US48128B6552","48128B655","JPM-DD","JPM","JPMORGAN CHASE & CO","Financial Institutions","4673263.0","4668511.0","-4752.0","0.81272","0.81133","-0.00139","24.27","-115331.04","SELL","3","","","",25.0,-2.92,""
"2026-05-11","US65339F1194","65339F119","NEE-T","NEE","NEXTERA ENERGY UNITS INC","Utility","2066281.0","2064175.0","-2106.0","0.76892","0.77865","0.00973","52.68","-110944.08","SELL","3","NEE-PT",133569,0.0,25.0,110.72,0.0
"2026-05-11","US94988U1512","94988U151","WFC-Z","WFC","WELLS FARGO & COMPANY","Financial Institutions","5524779.0","5519154.0","-5625.0","0.75339","0.75326","-0.00013","19.06","-107212.5","SELL","3","WFC-PZ",123439,0.0,25.0,-23.76,0.0
"2026-05-11","US10950A2050","10950A205","BTSG","BTSG","BRIGHTSPRING HEALTH SERVICES UNITS","Industrial","551033.0","550475.0","-558.0","0.71604","0.71988","0.00384","182.63","-101907.54","SELL","3","BTSG",2616083,0.0,1000.0,-81.74,0.0
"2026-05-11","US48128B5232","48128B523","JPM-MM","JPM","JPMORGAN CHASE AND CO DS REPSTG  T","Financial Institutions","5510146.0","5504539.0","-5607.0","0.70175","0.69885","-0.0029","17.73","-99412.11","SELL","3","","","",25.0,-29.08,""
"2026-05-11","US48128B5497","48128B549","JPM-LL","JPM","JPMORGAN CHASE NON-CUMULATIVE PREF","Financial Institutions","5096883.0","5091699.0","-5184.0","0.69978","0.69893","-0.00085","19.17","-99377.28","SELL","3","","","",25.0,-23.32,""
"2026-05-11","US69331C3060","69331C306","PCG-A","PCG","PG&E CORPORATION","Utility","2217844.0","2215585.0","-2259.0","0.64976","0.65173","0.00197","41.08","-92799.72","SELL","3","PCG-PA",5386,0.4,25.0,64.32,0.0
"2026-05-11","US00206R7061","00206R706","T-C","T","AT&T INC","Industrial","4821366.0","4816461.0","-4905.0","0.64644","0.64736","0.00092","18.77","-92066.85","SELL","3","T-PC",172984,0.0,25.0,-24.92,0.0
"2026-05-11","US5949728795","594972879","STRF","MSTR","STRATEGY INC","Industrial","884355.0","883455.0","-900.0","0.63707","0.63957","0.0025","101.1","-90990.0","SELL","3","STRF",103067,0.0,1000.0,-89.89,0.0
"2026-05-11","US03990B3096","03990B309","ARES-B","ARES","ARES MANAGEMENT CORP","Financial Institutions","2066281.0","2064175.0","-2106.0","0.61762","0.61281","-0.00481","41.46","-87314.76","SELL","3","ARES-PB",307134,0.0,25.0,65.84,0.0
"2026-05-11","US14040H8245","14040H824","COF-I","COF","CAPITAL ONE FINANCIAL CORPORATION","Financial Institutions","4132652.0","4128449.0","-4203.0","0.56769","0.5676","-9e-05","19.2","-80697.6","SELL","3","COF-PI",95302,0.0,25.0,-23.2,0.0
"2026-05-11","US00206R3003","00206R300","T","T","AT&T INC","Industrial","3643598.0","3639890.0","-3708.0","0.56513","0.56376","-0.00137","21.63","-80204.04","SELL","3","T",36707857,0.0,25.0,-13.48,0.0
"2026-05-11","US48128B5802","48128B580","JPM-JJ","JPM","JPMORGAN CHASE DRC","Financial Institutions","4132586.0","4128383.0","-4203.0","0.5597","0.55931","-0.00039","18.92","-79520.76","SELL","3","","","",25.0,-24.32,""
"2026-05-11","US69351T8669","69351T866","PPL","PPL","PPL CORPORATION","Utility","1584338.0","1582727.0","-1611.0","0.54687","0.55171","0.00484","48.68","-78423.48","SELL","3","PPL",7461380,0.0,25.0,94.72,0.0
"2026-05-11","US5949728613","594972861","STRD","MSTR","STRATEGY INC","Industrial","965925.0","964944.0","-981.0","0.52715","0.52869","0.00154","76.52","-75066.12","SELL","3","STRD",76833,0.0,25.0,206.08,0.0
"2026-05-11","US38144G8042","38144G804","GS-D","GS","GOLDMAN SACHS GROUP INC","Financial Institutions","3719245.0","3715465.0","-3780.0","0.50931","0.51135","0.00204","19.22","-72651.6","SELL","3","GS-PD",163743,0.0,25.0,-23.12,0.0
"2026-05-11","US61762V8384","61762V838","MS-Q","MS","MORGAN STANLEY","Financial Institutions","2755085.0","2752286.0","-2799.0","0.50395","0.50492","0.00097","25.62","-71710.38","SELL","3","MS-PQ",58534,0.0,25.0,2.48,0.0
"2026-05-11","US61762V8533","61762V853","MS-P","MS","MORGAN STANLEY","Financial Institutions","2755085.0","2752286.0","-2799.0","0.49844","0.49881","0.00037","25.31","-70842.69","SELL","3","MS-PP",69339,0.0,25.0,1.24,0.0
"2026-05-11","US26441C5013","26441C501","DUK-A","DUK","DUKE ENERGY CORP","Utility","2755085.0","2752286.0","-2799.0","0.49588","0.49724","0.00136","25.23","-70618.77","SELL","3","DUK-PA",76033,0.0,25.0,0.92,0.0
"2026-05-11","US5949728878","594972887","STRK","MSTR","STRATEGY INC","Industrial","965948.0","965048.0","-900.0","0.54257","0.53984","-0.00273","78.12","-70308.0","SELL","3","STRK",149043,0.0,25.0,212.48,0.0
"2026-05-11","US61761J4067","61761J406","MS-I","MS","MORGAN STANLEY DS REPRESENTING   F","Financial Institutions","2755084.0","2752285.0","-2799.0","0.4945","0.49487","0.00037","25.11","-70282.89","SELL","3","MS-PI",63519,0.0,25.0,0.44,0.0
"2026-05-11","US61762V6065","61762V606","MS-K","MS","MORGAN STANLEY","Financial Institutions","2755084.0","2752285.0","-2799.0","0.47677","0.47733","0.00056","24.22","-67791.78","SELL","3","MS-PK",54100,0.1,25.0,-3.12,0.31
"2026-05-11","US00206R5081","00206R508","T-A","T","AT&T INC","Industrial","3306104.0","3302738.0","-3366.0","0.47448","0.47453","5e-05","20.07","-67555.62","SELL","3","T-PA",95173,0.0,25.0,-19.72,0.0
"2026-05-11","US0605052291","060505229","BAC-GG","BAC","BANK OF AMERICA CORP","Financial Institutions","2633746.0","2631064.0","-2682.0","0.47234","0.47157","-0.00077","25.03","-67130.46","SELL","3","","","",25.0,0.12,""
"2026-05-11","US0200028381","020002838","ALL-H","ALL","ALLSTATE CORPORATION (THE)","Financial Institutions","3168348.0","3165126.0","-3222.0","0.47238","0.47119","-0.00119","20.79","-66985.38","SELL","3","ALL-PH",75044,0.0,25.0,-16.84,0.0
"2026-05-11","US14040H7825","14040H782","COF-J","COF","CAPITAL ONE FINANCIAL CORPORATION","Financial Institutions","3443865.0","3440364.0","-3501.0","0.45239","0.4523","-9e-05","18.36","-64278.36","SELL","3","COF-PJ",86032,0.0,25.0,-26.56,0.0
"2026-05-11","US1167942077","116794207","BRKR","BRKR","BRUKER CORPORATION","Industrial","190138.0","189949.0","-189.0","0.46621","0.45918","-0.00703","337.59","-63804.51","SELL","3","BRKR",1899313,0.0,1000.0,-66.24,0.0
"2026-05-11","US61762V8616","61762V861","MS-O","MS","MORGAN STANLEY","Financial Institutions","3581553.0","3577908.0","-3645.0","0.44576","0.44528","-0.00048","17.38","-63350.1","SELL","3","MS-PO",78845,0.0,25.0,-30.48,0.0
"2026-05-11","US65339K8374","65339K837","NEE-U","NEE","NEXTERA ENERGY CAPITAL HOLDINGS IN","Utility","2410625.0","2408150.0","-2475.0","0.43672","0.43765","0.00093","25.38","-62815.5","SELL","3","","","",25.0,1.52,""
"2026-05-11","US06053U6010","06053U601","BAC-KK","BAC","BANK AMER DS REPRESENTING   NON CU","Financial Institutions","2762118.0","2759310.0","-2808.0","0.43651","0.43607","-0.00044","22.07","-61972.56","SELL","3","","","",25.0,-11.72,""
"2026-05-11","US94988U1280","94988U128","WFC-AA","WFC","WELLS FARGO & COMPANY","Financial Institutions","3211998.0","3208731.0","-3267.0","0.43571","0.43495","-0.00076","18.93","-61844.31","SELL","3","","","",25.0,-24.28,""
"2026-05-11","US61762V2007","61762V200","MS-E","MS","MORGAN STANLEY","Financial Institutions","2376187.0","2373766.0","-2421.0","0.43193","0.43191","-2e-05","25.41","-61517.61","SELL","3","MS-PE",63837,0.0,25.0,1.64,0.0
"2026-05-11","US61747S5047","61747S504","MS","MS","MORGAN STANLEY","Financial Institutions","3030587.0","3027500.0","-3087.0","0.42346","0.42577","0.00231","19.64","-60628.68","SELL","3","MS",5765193,0.0,25.0,-21.44,0.0
"2026-05-11","US98389B8789","98389B878","XEL","XEL","XCEL ENERGY INC","Utility","2479675.0","2477200.0","-2475.0","0.43336","0.43406","0.0007","24.47","-60563.25","SELL","3","XEL",4394843,0.0,25.0,-2.12,0.0
"2026-05-11","US95002Y4008","95002Y400","WFC-DD","WFC","WELLS FARGO & COMPANY","Financial Institutions","3431629.0","3428137.0","-3492.0","0.42575","0.42443","-0.00132","17.29","-60376.68","SELL","3","","","",25.0,-30.84,""
"2026-05-11","US61763E2072","61763E207","MS-F","MS","MORGAN STANLEY DS","Financial Institutions","2341797.0","2339412.0","-2385.0","0.42283","0.42281","-2e-05","25.24","-60197.4","SELL","3","MS-PF",97577,0.0,25.0,0.96,0.0
"2026-05-11","US04686J8615","04686J861","ATH-A","ATH","ATHENE HOLDING DS REPRESENTING   P","Financial Institutions","2376234.0","2373813.0","-2421.0","0.41834","0.41917","0.00083","24.66","-59701.86","SELL","3","ATH-PA",43521,0.1,25.0,-1.36,0.14
"2026-05-11","US55261F8648","55261F864","MTB-J","MTB","M T BK DEP INT PERP PFD STK SER J","Financial Institutions","2066281.0","2064175.0","-2106.0","0.39554","0.39642","0.00088","26.82","-56482.92","SELL","3","MTB-PJ",44646,0.0,25.0,7.28,0.0
"2026-05-11","US8425878001","842587800","SO","SO","SOUTHERN COMPANY (THE)","Utility","2755085.0","2752286.0","-2799.0","0.39717","0.39751","0.00034","20.17","-56455.83","SELL","3","SO",4724240,0.0,25.0,-19.32,0.0
"2026-05-11","US1729672428","172967242","C-II","C","CITIGROUP INC","Financial Institutions","2204051.0","2201810.0","-2241.0","0.3937","0.39479","0.00109","25.04","-56114.64","SELL","3","CPII",390,5.7,25.0,0.16,0.0
"2026-05-11","US0605051798","060505179","BAC-K","BAC","BANK OF AMERICA CORP","Financial Institutions","2095892.0","2093759.0","-2133.0","0.38293","0.38263","-0.0003","25.52","-54434.16","SELL","3","BAC-PK",40754,0.1,25.0,2.08,0.0
"2026-05-11","US59156R8503","59156R850","MET-F","MET","METLIFE INC","Financial Institutions","2755085.0","2752286.0","-2799.0","0.37984","0.38017","0.00033","19.29","-53992.71","SELL","3","MET-PF",88971,0.0,25.0,-22.84,0.0
"2026-05-11","CA67000B2030","67000B203","NOVTV","NOVT","NOVANTA TANGIBLE EQUITY UNITS INC","Industrial","871275.0","870393.0","-882.0","0.37475","0.37925","0.0045","60.85","-53669.7","SELL","3","","","",25.0,143.4,""
"2026-05-11","US9029731554","902973155","USB-B","USB","US BANCORP","Financial Institutions","2755084.0","2752285.0","-2799.0","0.37117","0.37544","0.00427","19.05","-53320.95","SELL","3","","","",25.0,-23.8,""
"2026-05-11","US06055H2022","06055H202","BAC-LL","BAC","BANK OF AMERICA CORPORATION DEPOSI","Financial Institutions","2531702.0","2529128.0","-2574.0","0.37167","0.37108","-0.00059","20.49","-52741.26","SELL","3","","","",25.0,-18.04,""
"2026-05-11","US8085136005","808513600","SCHW-D","SCHW","CHARLES SCHWAB CORPORATION (THE)","Financial Institutions","2066281.0","2064175.0","-2106.0","0.36939","0.36908","-0.00031","24.97","-52586.82","SELL","3","SCHW-PD",62266,0.0,25.0,-0.12,0.0
"2026-05-11","US0357108705","035710870","NLY-F","NLY","ANNALY CAPITAL MANAGEMENT INC","Financial Institutions","1983683.0","1981667.0","-2016.0","0.36966","0.36938","-0.00028","26.03","-52476.48","SELL","3","NLY-PF",52631,0.0,25.0,4.12,0.0
"2026-05-11","US59156R8768","59156R876","MET-E","MET","METLIFE INC","Financial Institutions","2217844.0","2215585.0","-2259.0","0.36556","0.36656","0.001","23.11","-52205.49","SELL","3","MET-PE",57896,0.0,25.0,-7.56,0.0
"2026-05-11","US95002Y2028","95002Y202","WFC-CC","WFC","WELLS FARGO & COMPANY","Financial Institutions","2882602.0","2879668.0","-2934.0","0.36403","0.36374","-0.00029","17.64","-51755.76","SELL","3","","","",25.0,-29.44,""
"2026-05-11","US7593518852","759351885","RGA","RGA","REINSURANCE GROUP OF AMERICA INCOR","Financial Institutions","1928358.0","1926333.0","-2025.0","0.3519","0.35078","-0.00112","25.43","-51495.75","SELL","3","RGA",344750,0.0,25.0,1.72,0.0
"2026-05-11","US00775V1044","00775V104","AEGON","AEGON","AEGON FUNDING CORPORATION II","Financial Institutions","2548441.0","2545849.0","-2592.0","0.35645","0.35804","0.00159","19.64","-50906.88","SELL","3","","","",25.0,-21.44,""
"2026-05-11","US48128B6222","48128B622","JPM-GG","JPM","JPMORGAN CHASE & CO","Financial Institutions","2479568.0","2477048.0","-2520.0","0.35019","0.35013","-6e-05","19.74","-49744.8","SELL","3","","","",25.0,-21.04,""
"2026-05-11","US89832Q6952","89832Q695","TFC-R","TFC","TRUIST FINANCIAL DRC CORP","Financial Institutions","2548441.0","2545849.0","-2592.0","0.33896","0.33889","-7e-05","18.59","-48185.28","SELL","3","TFC-PR",73576,0.0,25.0,-25.64,0.0
"2026-05-11","US3453708378","345370837","F","F","FORD MOTOR COMPANY","Industrial","2204052.0","2201811.0","-2241.0","0.33161","0.33188","0.00027","21.05","-47173.05","SELL","3","F",39010963,0.0,25.0,-15.8,0.0
"2026-05-11","US65339K8606","65339K860","NEE-N","NEE","NEXTERA ENERGY CAPITAL HOLDINGS IN","Utility","1894098.0","1892172.0","-1926.0","0.32452","0.32504","0.00052","23.99","-46204.74","SELL","3","","","",25.0,-4.04,""
"2026-05-11","US94988U6560","94988U656","WFC-Y","WFC","WELLS FARGO & COMPANY","Financial Institutions","1894326.0","1892400.0","-1926.0","0.32483","0.32468","-0.00015","23.96","-46146.96","SELL","3","WFC-PY",39024,0.0,25.0,-4.16,0.0
"2026-05-11","US8168516040","816851604","SRE","SRE","SEMPRA ENERGY","Utility","2086993.0","2084869.0","-2124.0","0.32265","0.32232","-0.00033","21.59","-45857.16","SELL","3","SRE",3197533,0.0,25.0,-13.64,0.0
"2026-05-11","US3453708451","345370845","F","F","FORD MOTOR COMPANY","Industrial","2066281.0","2064175.0","-2106.0","0.3196","0.32074","0.00114","21.7","-45700.2","SELL","3","F",39010963,0.0,25.0,-13.2,0.0
"2026-05-11","US0200027888","020002788","ALL-J","ALL","ALLSTATE DEP REPSTG  TH NON CUM PE","Financial Institutions","1653018.0","1651335.0","-1683.0","0.3091","0.30969","0.00059","26.19","-44077.77","SELL","3","ALL-PJ",43285,0.0,25.0,4.76,0.0
"2026-05-11","US06055H8060","06055H806","BAC-QQ","BAC","BANK OF AMERICA CORP","Financial Institutions","2517140.0","2514575.0","-2565.0","0.30851","0.30718","-0.00133","17.06","-43758.9","SELL","3","","","",25.0,-31.76,""
"2026-05-11","US03769M2052","03769M205","APO","APO","APOLLO GLOBAL MANAGEMENT INC","Financial Institutions","1653018.0","1651335.0","-1683.0","0.30792","0.30744","-0.00048","26.0","-43758.0","SELL","3","APO",4233390,0.0,25.0,4.0,0.0
"2026-05-11","US65339K8291","65339K829","NEE-Z","NEE","NEXTERA ENERGY CAPITAL HOLDINGS IN","Utility","1655889.0","1654206.0","-1683.0","0.29922","0.29826","-0.00096","25.18","-42377.94","SELL","3","","","",25.0,0.72,""
"2026-05-11","US82846H5046","82846H504","QXO","QXO","QXO INC","Industrial","792097.0","791287.0","-810.0","0.29788","0.29628","-0.0016","52.29","-42354.9","SELL","3","QXO",13687177,0.0,25.0,109.16,0.0
"2026-05-11","US4932678430","493267843","KEY","KEY","KEYCORP","Financial Institutions","1653018.0","1651335.0","-1683.0","0.29527","0.29668","0.00141","25.09","-42226.47","SELL","3","KEY",12576473,0.0,25.0,0.36,0.0
"2026-05-11","US0605051954","060505195","BAC-HH","BAC","BANK OF AMERICA DEP REPRESENTING","Financial Institutions","1650325.0","1648642.0","-1683.0","0.29479","0.29395","-0.00084","24.9","-41906.7","SELL","3","","","",25.0,-0.4,""
"2026-05-11","US2333317921","233331792","DTE-H","DTE","DTE ENERGY COMPANY","Utility","1653018.0","1651335.0","-1683.0","0.29303","0.2929","-0.00013","24.77","-41687.91","SELL","3","","","",25.0,-0.92,""
"2026-05-11","US1258968452","125896845","CMS","CMS","CMS ENERGY CORPORATION","Utility","1735708.0","1733944.0","-1764.0","0.29209","0.29315","0.00106","23.61","-41648.04","SELL","3","CMS",2898397,0.0,25.0,-5.56,0.0
"2026-05-11","US48251W6093","48251W609","KKR-T","KKR","KKR & CO INC","Financial Institutions","1625478.0","1623822.0","-1656.0","0.29338","0.29022","-0.00316","24.96","-41333.76","SELL","3","","","",25.0,-0.16,""
"2026-05-11","US38143Y6656","38143Y665","GS-A","GS","GOLDMAN SACHS GROUP INC","Financial Institutions","2066213.0","2064107.0","-2106.0","0.28723","0.28925","0.00202","19.57","-41214.42","SELL","3","GS-PA",77558,0.0,25.0,-21.72,0.0
"2026-05-11","US87165B2025","87165B202","SYF-A","SYF","SYNCHRONY FINANCIAL","Financial Institutions","2066487.0","2064462.0","-2025.0","0.29702","0.29728","0.00026","20.11","-40722.75","SELL","3","SYF-PA",65793,0.0,25.0,-19.56,0.0
"2026-05-11","US04686J8383","04686J838","ATH","ATH","ATHENE HOLDING LTD","Financial Institutions","1584145.0","1582534.0","-1611.0","0.28546","0.28568","0.00022","25.21","-40613.31","SELL","3","","","",25.0,0.84,""
"2026-05-11","US8425878670","842587867","SO","SO","SOUTHERN COMPANY (THE)","Utility","1556605.0","1555021.0","-1584.0","0.28462","0.28461","-1e-05","25.56","-40487.04","SELL","3","SO",4724240,0.0,25.0,2.24,0.0
"2026-05-11","US21871X2080","21871X208","CRBG","CRBG","COREBRIDGE FINANCIAL INC","Financial Institutions","1653018.0","1651335.0","-1683.0","0.28369","0.28379","0.0001","24.0","-40392.0","SELL","3","CRBG",7032520,0.0,25.0,-4.0,0.0
"2026-05-11","US00123Q8722","00123Q872","AGNC-F","AGNC","AGNC INVESTMENT CORP","Financial Institutions","1584145.0","1582534.0","-1611.0","0.28286","0.28307","0.00021","24.98","-40242.78","SELL","3","","","",25.0,-0.08,""
"2026-05-11","US12542R3084","12542R308","CHSINC","CHSINC","CHS CUMULATIVE REDEEMABLE PREF CLA","Industrial","1478054.0","1476551.0","-1503.0","0.27776","0.27818","0.00042","26.31","-39543.93","SELL","3","","","",25.0,5.24,""
"2026-05-11","US8794337613","879433761","TDS-VV","TDS","TELEPHONE AND DATA SYSTEMS INC","Industrial","1901005.0","1899070.0","-1935.0","0.27323","0.27306","-0.00017","20.08","-38854.8","SELL","3","","","",25.0,-19.68,""
"2026-05-11","US7838922018","783892201","EIX-M","EIX","SCE TRUST VII","Utility","1515262.0","1513723.0","-1539.0","0.26883","0.26892","9e-05","24.81","-38182.59","SELL","3","","","",25.0,-0.76,""
"2026-05-11","US3453708113","345370811","F","F","FORD MOTOR COMPANY","Industrial","1653033.0","1651350.0","-1683.0","0.26448","0.26523","0.00075","22.43","-37749.69","SELL","3","F",39010963,0.0,25.0,-10.28,0.0
"2026-05-11","US82452J3077","82452J307","FOUR","FOUR","SHIFT4 PAYMENTS INC","Industrial","688780.0","688078.0","-702.0","0.26873","0.2636","-0.00513","53.5","-37557.0","SELL","3","FOUR",1752593,0.0,25.0,114.0,0.0
"2026-05-11","US12542R8034","12542R803","CHSINC","CHSINC","CHS INC","Industrial","1425901.0","1424452.0","-1449.0","0.26337","0.26336","-1e-05","25.82","-37413.18","SELL","3","","","",25.0,3.28,""
"2026-05-11","US06055H4002","06055H400","BAC-NN","BAC","BANK OF AMERICA CORP","Financial Institutions","2080694.0","2078579.0","-2115.0","0.26231","0.2624","9e-05","17.63","-37287.45","SELL","3","","","",25.0,-29.48,""
"2026-05-11","US59156R5046","59156R504","MET-A","MET","METLIFE INC","Financial Institutions","1653441.0","1651758.0","-1683.0","0.25787","0.25879","0.00092","21.88","-36824.04","SELL","3","MET-PA",84097,0.0,25.0,-12.48,0.0
"2026-05-11","US05990K8412","05990K841","BANC-F","BANC","BANC OF CALIFORNIA INC","Financial Institutions","1408750.0","1407319.0","-1431.0","0.25809","0.25778","-0.00031","25.58","-36604.98","SELL","3","BANC-PF",53220,0.0,25.0,2.32,0.0
"2026-05-11","US87165B4005","87165B400","SYF-B","SYF","SYNCHRONY FINANCIAL","Financial Institutions","1377655.0","1376251.0","-1404.0","0.25643","0.25672","0.00029","26.05","-36574.2","SELL","3","SYF-PB",50251,0.0,25.0,4.2,0.0
"2026-05-11","US8425878837","842587883","SO-C","SO","SOUTHERN COMPANY (THE)","Utility","2066593.0","2064487.0","-2106.0","0.25669","0.25634","-0.00035","17.34","-36518.04","SELL","3","","","",25.0,-30.64,""
"2026-05-11","US7591EP8604","7591EP860","RF","RF","REGIONS FINANCIAL CORPORATION","Financial Institutions","1377781.0","1376377.0","-1404.0","0.25498","0.25566","0.00068","25.94","-36419.76","SELL","3","RF",10132240,0.0,25.0,3.76,0.0
"2026-05-11","US0200023093","020002309","ALL","ALL","ALLSTATE CORPORATION (THE)","Financial Institutions","1377704.0","1376300.0","-1404.0","0.25555","0.25436","-0.00119","25.81","-36237.24","SELL","3","ALL",1394367,0.0,25.0,3.24,0.0
"2026-05-11","US9029737593","902973759","USB-K","USB","US BANCORP","Financial Institutions","1578289.0","1576687.0","-1602.0","0.25354","0.25346","-8e-05","22.45","-35964.9","SELL","3","","","",25.0,-10.2,""
"2026-05-11","US0640588457","64058845","BK-K","BK","BANK OF NEW YORK MELLON CORP/THE","Financial Institutions","1377837.0","1376433.0","-1404.0","0.25164","0.25192","0.00028","25.56","-35886.24","SELL","3","BK-PK",30215,0.0,25.0,2.24,0.0
"2026-05-11","US04686J5074","04686J507","ATH-E","ATH","ATHENE HLDG LTD DEP SHR REPSTG   I","Financial Institutions","1377849.0","1376445.0","-1404.0","0.25125","0.25153","0.00028","25.52","-35830.08","SELL","3","ATH-PE",63765,0.0,25.0,2.08,0.0
"2026-05-11","US4932677028","493267702","KEY-E","KEY","KEYCORP","Financial Institutions","1372392.0","1370997.0","-1395.0","0.24672","0.24788","0.00116","25.25","-35223.75","SELL","3","","","",25.0,1.0,""
"2026-05-11","US7591EP7044","7591EP704","RF-C","RF","REGIONS FINANCIAL CORPORATION","Financial Institutions","1377964.0","1376560.0","-1404.0","0.24161","0.24209","0.00048","24.56","-34482.24","SELL","3","RF-PC",37488,0.0,25.0,-1.76,0.0
"2026-05-11","US89832Q7455","89832Q745","TFC-O","TFC","TRUIST FINANCIAL PERPETUAL PREF SE","Financial Institutions","1584680.0","1583069.0","-1611.0","0.24069","0.241","0.00031","21.26","-34249.86","SELL","3","TFC-PO",41003,0.0,25.0,-14.96,0.0
"2026-05-11","US26441C4024","26441C402","DUK","DUK","DUKE ENERGY CORP","Utility","1378131.0","1376727.0","-1404.0","0.23839","0.23818","-0.00021","24.16","-33920.64","SELL","3","DUK",3262213,0.0,25.0,-3.36,0.0
"2026-05-11","US12542R7044","12542R704","CHSINC","CHSINC","CHS RESET RATE CUMULATIVE REDEEMAB","Industrial","1357432.0","1356082.0","-1350.0","0.24267","0.24363","0.00096","25.09","-33871.5","SELL","3","","","",25.0,0.36,""
"2026-05-11","US55261F8499","55261F849","MTB-K","MTB","M&T BANK CORPORATION","Financial Institutions","1240950.0","1239600.0","-1350.0","0.22238","0.22262","0.00024","25.08","-33858.0","SELL","3","MTB-PK",46296,0.0,25.0,0.32,0.0
"2026-05-11","US9029737189","902973718","USB-M","USB","US BANCORP","Financial Institutions","2067320.0","2065214.0","-2106.0","0.23572","0.23528","-0.00044","15.91","-33506.46","SELL","3","","","",25.0,-36.36,""
"2026-05-11","US6494452021","649445202","FLG-A","FLG","NEW YORK COMMUNITY BANCORP INT FXD","Financial Institutions","1419656.0","1418216.0","-1440.0","0.2341","0.23418","8e-05","23.06","-33206.4","SELL","3","FLG-PA",115118,0.0,25.0,-7.76,0.0
"2026-05-11","US9182842099","918284209","VSEC","VSEC","VSE CORP","Industrial","634904.0","634256.0","-648.0","0.23141","0.22672","-0.00469","49.92","-32348.16","SELL","3","VSEC",563517,0.0,25.0,99.68,0.0
"2026-05-11","US64828T7063","64828T706","RITM-D","RITM","NEW RESIDENTIAL INVESTMENT CORP","Financial Institutions","1276327.0","1275031.0","-1296.0","0.22707","0.22734","0.00027","24.9","-32270.4","SELL","3","RITM-PD",53552,0.0,25.0,-0.4,0.0
"2026-05-11","US3167736053","316773605","FITB-I","FITB","FIFTH THIRD BANCORP DEPOSITARY SHA","Financial Institutions","1235194.0","1233934.0","-1260.0","0.22479","0.22487","8e-05","25.45","-32067.0","SELL","3","","","",25.0,1.8,""
"2026-05-11","US0357108473","035710847","NLY-I","NLY","ANNALY CAPITAL MANAGEMENT INC","Financial Institutions","1214567.0","1213334.0","-1233.0","0.22303","0.22337","0.00034","25.71","-31700.43","SELL","3","NLY-PI",73611,0.0,25.0,2.84,0.0
"2026-05-11","US14040H7585","14040H758","COF-L","COF","CAPITAL ONE FINANCIAL CORPORATION","Financial Institutions","1861112.0","1859222.0","-1890.0","0.22292","0.22273","-0.00019","16.73","-31619.7","SELL","3","COF-PL",38298,0.0,25.0,-33.08,0.0
"2026-05-11","BMG1624R1079","-","BPY","BPY","BROOKFIELD PROPERTY PREFERRED PREF","Industrial","1842076.0","1840204.0","-1872.0","0.22301","0.22256","-0.00045","16.89","-31618.08","SELL","3","","","",25.0,-32.44,""
"2026-05-11","US8574778556","857477855","STT-G","STT","STATE STREET CORP","Financial Institutions","1372392.0","1370997.0","-1395.0","0.21845","0.21941","0.00096","22.35","-31178.25","SELL","3","STT-PG",41868,0.0,25.0,-10.6,0.0
"2026-05-11","US8085138654","808513865","SCHW-J","SCHW","CHARLES SCHWAB CORPORATION (THE)","Financial Institutions","1654397.0","1652714.0","-1683.0","0.21661","0.21633","-0.00028","18.28","-30765.24","SELL","3","SCHW-PJ",72875,0.0,25.0,-26.88,0.0
"2026-05-11","US0082528276","008252827","AMG","AMG","AFFILIATED MANAGERS GROUP INC.","Financial Institutions","1240975.0","1239715.0","-1260.0","0.21413","0.21403","-0.0001","24.11","-30378.6","SELL","3","AMG",345917,0.0,25.0,-3.56,0.0
"2026-05-11","US0357108622","035710862","NLY-G","NLY","ANNALY CAPITAL MANAGEMENT INC","Financial Institutions","1166545.0","1165357.0","-1188.0","0.21155","0.21173","0.00018","25.37","-30139.56","SELL","3","NLY-PG",26538,0.0,25.0,1.48,0.0
"2026-05-11","US06055H6080","06055H608","BAC-PP","BAC","BANK OF AMERICA DRC CORP","Financial Institutions","1758286.0","1756495.0","-1791.0","0.21123","0.21068","-0.00055","16.75","-29999.25","SELL","3","BAC-PP",47121,0.0,25.0,-33.0,0.0
"2026-05-11","US97650W7020","97650W702","WTFC-F","WTFC","WINTRUST FINANCIAL CORPORATION","Financial Institutions","1171800.0","1170675.0","-1125.0","0.22163","0.22265","0.00102","26.56","-29880.0","SELL","3","","","",25.0,6.24,""
"2026-05-11","US12542R5063","12542R506","CHSINC","CHSINC","CHS INC","Industrial","1158277.0","1157098.0","-1179.0","0.20996","0.20946","-0.0005","25.28","-29805.12","SELL","3","","","",25.0,1.12,""
"2026-05-11","US1746106004","174610600","CFG-H","CFG","CITIZENS FINANCIAL GROUP INC","Financial Institutions","1103298.0","1102173.0","-1125.0","0.20663","0.20788","0.00125","26.34","-29632.5","SELL","3","CFG-PH",22971,0.0,25.0,5.36,0.0
"2026-05-11","US3167738372","316773837","FITBM","FITB","FIFTH THIRD BANCORP DEPOSITARY SHA","Financial Institutions","1103321.0","1102196.0","-1125.0","0.2075","0.20718","-0.00032","26.25","-29531.25","SELL","3","FITBM",60207,0.0,25.0,5.0,0.0
"2026-05-11","US9633202059","963320205","WHR-A","WHR","WHIRLPOOL CORPORATION","Industrial","792169.0","791359.0","-810.0","0.2152","0.20298","-0.01222","35.82","-29014.2","SELL","3","WHR-PA",241028,0.0,25.0,43.28,0.0
"2026-05-11","US74460W5528","74460W552","PSA-L","PSA","PUBLIC STORAGE","Financial Institutions","1558317.0","1556733.0","-1584.0","0.20459","0.20377","-0.00082","18.28","-28955.52","SELL","3","PSA-PL",46115,0.0,25.0,-26.88,0.0
"2026-05-11","US61762V8046","61762V804","MS-L","MS","MORGAN STANLEY","Financial Institutions","1379128.0","1377724.0","-1404.0","0.20251","0.20214","-0.00037","20.49","-28767.96","SELL","3","MS-PL",23753,0.1,25.0,-18.04,1.8
"2026-05-11","US00123Q8078","00123Q807","AGNC-E","AGNC","AGNC INVESTMENT CORP","Financial Institutions","1104771.0","1103646.0","-1125.0","0.20153","0.202","0.00047","25.56","-28755.0","SELL","3","","","",25.0,2.24,""
"2026-05-11","US1746108083","174610808","CFG-I","CFG","CITIZENS FINANCIAL GROUP INC","Financial Institutions","1103434.0","1102309.0","-1125.0","0.19916","0.19994","0.00078","25.33","-28496.25","SELL","3","CFG-PI",26576,0.0,25.0,1.32,0.0
"2026-05-11","US31959X4007","31959X400","FCNCA","FCNCA","FIRST CITIZENS BANCSHARES INC (DEL","Financial Institutions","1103456.0","1102331.0","-1125.0","0.20003","0.19958","-0.00045","25.29","-28451.25","SELL","3","FCNCA",69257,0.0,25.0,1.16,0.0
"2026-05-11","US7593518027","759351802","RGA","RGA","REINSURANCE GROUP OF AMERICA INCOR","Financial Institutions","1103440.0","1102315.0","-1125.0","0.19916","0.19915","-1e-05","25.23","-28383.75","SELL","3","RGA",344750,0.0,25.0,0.92,0.0
"2026-05-11","US3205178409","320517840","FHN-H","FHN","FIRST HORIZON CORP","Financial Institutions","1100286.0","1099170.0","-1116.0","0.1978","0.1974","-0.0004","25.08","-27989.28","SELL","3","FHN-PH",166053,0.0,25.0,0.32,0.0
"2026-05-11","US9029738666","902973866","USB-A","USB","US BANCORP","Financial Institutions","39593.0","39557.0","-36.0","0.22044","0.21933","-0.00111","774.32","-27875.52","SELL","3","USB-PA",1300,0.0,1000.0,-22.57,0.0
"2026-05-11","US8726521029","872652102","TPG","TPG","TPG OPERATING GROUP II LP","Financial Institutions","1103502.0","1102377.0","-1125.0","0.19412","0.19497","0.00085","24.7","-27787.5","SELL","3","TPG",2969317,0.0,25.0,-1.2,0.0
"2026-05-11","US87264A1051","87264A105","TMUS","TMUS","T-MOBILE USA INC","Industrial","1085574.0","1084467.0","-1107.0","0.19337","0.19359","0.00022","24.93","-27597.51","SELL","3","TMUS",6177427,0.0,25.0,-0.28,0.0
"2026-05-11","US8425874042","842587404","SO","SO","SOUTHERN COMPANY (THE)","Utility","1241535.0","1240275.0","-1260.0","0.19416","0.19414","-2e-05","21.86","-27543.6","SELL","3","SO",4724240,0.0,25.0,-12.56,0.0
"2026-05-11","US64828T5083","64828T508","RITM-C","RITM","NEW RESIDENTIAL INVESTMENT CORP","Financial Institutions","1091292.0","1090185.0","-1107.0","0.19189","0.1918","-9e-05","24.57","-27198.99","SELL","3","RITM-PC",41851,0.0,25.0,-1.72,0.0
"2026-05-11","US04686J4085","04686J408","ATH-D","ATH","ATHENE HOLDING DS REPRESENTING A","Financial Institutions","1586653.0","1585042.0","-1611.0","0.19061","0.19045","-0.00016","16.78","-27032.58","SELL","3","ATH-PD",40386,0.0,25.0,-32.88,0.0
"2026-05-11","US4932678687","493267868","KEY-G","KEY","KEYCORP","Financial Institutions","1235194.0","1233934.0","-1260.0","0.18911","0.18909","-2e-05","21.4","-26964.0","SELL","3","","","",25.0,-14.4,""
"2026-05-11","US74460W4612","74460W461","PSA-P","PSA","PUBLIC STORAGE","Financial Institutions","1665866.0","1664174.0","-1692.0","0.18893","0.18935","0.00042","15.89","-26885.88","SELL","3","PSA-PP",72484,0.0,25.0,-36.44,0.0
"2026-05-11","US8794337878","879433787","TDS-UU","TDS","TELEPHONE DATA SYS DRC INC","Industrial","1159274.0","1158095.0","-1179.0","0.18146","0.18368","0.00222","22.15","-26114.85","SELL","3","","","",25.0,-11.4,""
"2026-05-11","US72348N3070","72348N307","PNFP-B","PNFP","PINNACLE FINANCIAL PARTNERS NON CU","Financial Institutions","965987.0","965006.0","-981.0","0.18195","0.18329","0.00134","26.52","-26016.12","SELL","3","PNFP-PB",15835,0.1,25.0,6.08,0.0
"2026-05-11","US0158578080","015857808","AQNCN","AQNCN","ALGONQUIN POWER & UTILITIES CORP","Utility","966024.0","965043.0","-981.0","0.18182","0.18133","-0.00049","26.24","-25741.44","SELL","3","","","",25.0,4.96,""
"2026-05-11","US06055H8714","06055H871","BAC-SS","BAC","BANK OF AMERICA CORP","Financial Institutions","1318209.0","1316868.0","-1341.0","0.18155","0.18095","-0.0006","19.19","-25733.79","SELL","3","","","",25.0,-23.24,""
"2026-05-11","US4932678760","493267876","KEY-F","KEY","KEYCORP","Financial Institutions","1166545.0","1165357.0","-1188.0","0.17851","0.17899","0.00048","21.45","-25482.6","SELL","3","","","",25.0,-14.2,""
"2026-05-11","US87264A2042","87264A204","TMUS","TMUS","T-MOBILE USA INC","Industrial","1106386.0","1105261.0","-1125.0","0.17627","0.17681","0.00054","22.34","-25132.5","SELL","3","TMUS",6177427,0.0,25.0,-10.64,0.0
"2026-05-11","US8935266812","893526681","TRPCN","TRPCN","TRANSCANADA PIPELINES LTD","Industrial","1021370.0","1020335.0","-1035.0","0.17587","0.1755","-0.00037","24.02","-24860.7","SELL","3","","","",25.0,-3.92,""
"2026-05-11","US87264A3032","87264A303","TMUS","TMUS","T-MOBILE USA INC","Industrial","1089782.0","1088675.0","-1107.0","0.17191","0.17353","0.00162","22.26","-24641.82","SELL","3","TMUS",6177427,0.0,25.0,-10.96,0.0
"2026-05-11","US2333318598","233331859","DTE-E","DTE","DTE ENERGY COMPANY","Utility","1104324.0","1103199.0","-1125.0","0.17223","0.17245","0.00022","21.83","-24558.75","SELL","3","","","",25.0,-12.68,""
"2026-05-11","US00123Q8318","00123Q831","AGNC-H","AGNC","AGNC INVESTMENT CORP","Financial Institutions","946950.0","945987.0","-963.0","0.17206","0.17219","0.00013","25.42","-24479.46","SELL","3","","","",25.0,1.68,""
"2026-05-11","US4165186036","416518603","HIG-G","HIG","HARTFORD FINANCIAL SERVICES GROUP","Financial Institutions","952455.0","951483.0","-972.0","0.17027","0.17033","6e-05","25.0","-24300.0","SELL","3","HIG-PG",18285,0.1,25.0,0.0,0.0
"2026-05-11","US1746104025","174610402","CFG-E","CFG","CITIZENS FINANCIAL GROUP INC","Financial Institutions","1242345.0","1241085.0","-1260.0","0.17092","0.17081","-0.00011","19.22","-24217.2","SELL","3","CFG-PE",28777,0.0,25.0,-23.12,0.0
"2026-05-11","US03939A4040","03939A404","ACGL-G","ACGL","ARCH CAPITAL GROUP LTD.","Financial Institutions","1380392.0","1378988.0","-1404.0","0.16958","0.16984","0.00026","17.2","-24148.8","SELL","3","","","",25.0,-31.2,""
"2026-05-11","US30190A2033","30190A203","FG","FG","F&G ANNUITIES & LIFE INC","Financial Institutions","946950.0","945987.0","-963.0","0.16956","0.16982","0.00026","25.07","-24142.41","SELL","3","FG",584017,0.0,25.0,0.28,0.0
"2026-05-11","US14314C1053","14314C105","CG","CG","CARLYLE FINANCE LLC","Financial Institutions","1380337.0","1378933.0","-1404.0","0.16928","0.16894","-0.00034","17.11","-24022.44","SELL","3","CG",3398857,0.0,25.0,-31.56,0.0
"2026-05-11","US12542R2094","12542R209","CHSINC","CHSINC","CHS INC. (8% CUMULATIVE REDEEMABLE","Industrial","847079.0","846215.0","-864.0","0.169","0.16827","-0.00073","27.77","-23993.28","SELL","3","","","",25.0,11.08,""
"2026-05-11","US4461508230","446150823","HBAN-H","HBAN","HUNTINGTON BANCSHARES DRC INC","Financial Institutions","1380402.0","1378998.0","-1404.0","0.1683","0.16856","0.00026","17.07","-23966.28","SELL","3","","","",25.0,-31.72,""
"2026-05-11","US78410V2007","78410V200","SCE-L","EIX","SCE TRUST VI","Financial Institutions","1311429.0","1310097.0","-1332.0","0.1688","0.16877","-3e-05","17.99","-23962.68","SELL","3","SCE-PL",18421,0.1,25.0,-28.04,2.8
"2026-05-11","US62913M2061","62913M206","NGL-B","NGL","NGL ENERGY PARTNERS LP","Industrial","929552.0","928607.0","-945.0","0.16877","0.16853","-0.00024","25.34","-23946.3","SELL","3","NGL-PB",20705,0.0,25.0,1.36,0.0
"2026-05-11","US29364D1000","29364D100","ETR","ETR","ENTERGY ARKANSAS LLC","Utility","1132038.0","1130886.0","-1152.0","0.16797","0.16808","0.00011","20.76","-23915.52","SELL","3","ETR",2969683,0.0,25.0,-16.96,0.0
"2026-05-11","US00123Q5009","00123Q500","AGNC-C","AGNC","AGNC INVESTMENT CORP","Financial Institutions","892050.0","891141.0","-909.0","0.16407","0.16444","0.00037","25.77","-23424.93","SELL","3","","","",25.0,3.08,""
"2026-05-11","US80620A2087","80620A208","EIX-N","EIX","SCE TRUST VIII","Utility","960698.0","959717.0","-981.0","0.16433","0.16356","-0.00077","23.8","-23347.8","SELL","3","","","",25.0,-4.8,""
"2026-05-11","US8629452017","862945201","ASSE-A","ASSE","STRIVE INC","Industrial","227815.0","227581.0","-234.0","0.16212","0.16198","-0.00014","99.4","-23259.6","SELL","3","","","",25.0,297.6,""
"2026-05-11","US4461507737","446150773","HBAN-J","HBAN","HUNTINGTON BANCSHARES INC","Financial Institutions","897546.0","896646.0","-900.0","0.16366","0.1643","0.00064","25.59","-23031.0","SELL","3","","","",25.0,2.36,""
"2026-05-11","US30190A6091","30190A609","FG","FG","F&G ANNUITIES & LIFE INC","Financial Institutions","1029316.0","1028272.0","-1044.0","0.15957","0.16088","0.00131","21.85","-22811.4","SELL","3","FG",584017,0.0,25.0,-12.6,0.0
"2026-05-11","US48253M1045","48253M104","KKR","KKR","KKR GROUP FINANCE CO IX LLC","Financial Institutions","1380629.0","1379279.0","-1350.0","0.16704","0.16641","-0.00063","16.85","-22747.5","SELL","3","KKR",5140547,0.0,25.0,-32.6,0.0
"2026-05-11","US74965L2007","74965L200","RLJ-A","RLJ","RLJ LODGING .95 CUMULATIVE CONVERT","Financial Institutions","883830.0","882930.0","-900.0","0.15971","0.1597","-1e-05","25.26","-22734.0","SELL","3","RLJ-PA",36354,0.0,25.0,1.04,0.0
"2026-05-11","US9029736686","902973668","USB-O","USB","US BANCORP","Financial Institutions","1242853.0","1241593.0","-1260.0","0.15873","0.15959","0.00086","17.95","-22617.0","SELL","3","","","",25.0,-28.2,""
"2026-05-11","US9027884058","902788405","UMBF","UMBF","UMB FINANCIAL CORPORATION","Financial Institutions","823468.0","822631.0","-837.0","0.15805","0.15863","0.00058","26.93","-22540.41","SELL","3","UMBF",706563,0.0,25.0,7.72,0.0
"2026-05-11","US16934Q4064","16934Q406","CIM-B","CIM","CHIMERA INVESTMENT CORP","Financial Institutions","892046.0","891137.0","-909.0","0.15705","0.15729","0.00024","24.65","-22406.85","SELL","3","CIM-PB",37335,0.0,25.0,-1.4,0.0
"2026-05-11","BMG7498P1279","-","RNR-G","RNR","RENAISSANCERE HOLDINGS LTD","Financial Institutions","1381263.0","1379859.0","-1404.0","0.15359","0.15404","0.00045","15.59","-21888.36","SELL","3","RNR-PG",27702,0.1,25.0,-37.64,3.76
"2026-05-11","US6658598569","665859856","NTRS-E","NTRS","NORTHERN TRUST CORPORATION","Financial Institutions","1097964.0","1096848.0","-1116.0","0.15122","0.15111","-0.00011","19.24","-21471.84","SELL","3","","","",25.0,-23.04,""
"2026-05-11","US0454876006","045487600","ASB","ASB","ASSOCIATED BANC-CORP","Financial Institutions","829006.0","828160.0","-846.0","0.14903","0.14967","0.00064","25.24","-21353.04","SELL","3","ASB",2143843,0.0,25.0,0.96,0.0
"2026-05-11","US9029737346","902973734","USB-L","USB","US BANCORP","Financial Institutions","1381539.0","1380135.0","-1404.0","0.14888","0.14903","0.00015","15.08","-21172.32","SELL","3","","","",25.0,-39.68,""
"2026-05-11","US10922N7075","10922N707","BHF-C","BHF","BRIGHTHOUSE FINANCIAL INC","Financial Institutions","1588862.0","1587242.0","-1620.0","0.14736","0.14764","0.00028","12.99","-21043.8","SELL","3","","","",25.0,-48.04,""
"2026-05-11","US0256768591","025676859","ANGINC","ANGINC","AMERICAN NATIONAL GROUP INC","Financial Institutions","823468.0","822631.0","-837.0","0.14662","0.14656","-6e-05","24.88","-20824.56","SELL","3","","","",25.0,-0.48,""
"2026-05-11","US3196263053","319626305","FCNCA","FCNCA","FIRST CITIZENS BANCSHARES INC.","Financial Institutions","953309.0","952337.0","-972.0","0.14479","0.14484","5e-05","21.24","-20645.28","SELL","3","FCNCA",69257,0.0,25.0,-15.04,0.0
"2026-05-11","US05580M8192","05580M819","RILYI","RILY","B. RILEY FINANCIAL INC","Financial Institutions","1057478.0","1056398.0","-1080.0","0.14322","0.14206","-0.00116","18.78","-20282.4","SELL","3","","","",25.0,-24.88,""
"2026-05-11","US9030025095","903002509","UMH-D","UMH","UMH PROPERTIES INC","Financial Institutions","890857.0","889948.0","-909.0","0.14149","0.14201","0.00052","22.29","-20261.61","SELL","3","UMH-PD",16769,0.1,25.0,-10.84,1.08
"2026-05-11","US9290892093","929089209","VOYA-B","VOYA","VOYA FINANCIAL INC","Financial Institutions","823468.0","822631.0","-837.0","0.14085","0.14202","0.00117","24.11","-20180.07","SELL","3","VOYA-PB",19594,0.0,25.0,-3.56,0.0
"2026-05-11","US0357108218","035710821","NLY-J","NLY","ANNALY CAPITAL MANAGEMENT INC","Financial Institutions","754820.0","754055.0","-765.0","0.14066","0.14079","0.00013","26.07","-19943.55","SELL","3","NLY-PJ",33349,0.0,25.0,4.28,0.0
"2026-05-11","US9576384062","957638406","WAL-A","WAL","WESTERN ALLIANCE BANCORP","Financial Institutions","823468.0","822631.0","-837.0","0.14032","0.14031","-1e-05","23.82","-19937.34","SELL","3","WAL-PA",15597,0.1,25.0,-4.72,0.47
"2026-05-11","US64828T4094","64828T409","RITM-B","RITM","NEW RESIDENTIAL INVESTMENT CORP","Financial Institutions","772739.0","771956.0","-783.0","0.13947","0.13957","0.0001","25.25","-19770.75","SELL","3","RITM-PB",38037,0.0,25.0,1.0,0.0
"2026-05-11","US2538688225","253868822","DLR-L","DLR","DIGITAL REALTY TRUST INC","Financial Institutions","946950.0","945987.0","-963.0","0.13793","0.13785","-8e-05","20.35","-19597.05","SELL","3","DLR-PL",24559,0.0,25.0,-18.6,0.0
"2026-05-11","US14040H7338","14040H733","COF-N","COF","CAPITAL ONE FINL DS REPSTG  TH PRF","Financial Institutions","1175091.0","1173894.0","-1197.0","0.13701","0.13735","0.00034","16.34","-19558.98","SELL","3","COF-PN",24718,0.0,25.0,-34.64,0.0
"2026-05-11","US91529Y6014","91529Y601","UNM","UNM","UNUM GROUP","Financial Institutions","823468.0","822631.0","-837.0","0.13826","0.13743","-0.00083","23.33","-19527.21","SELL","3","UNM",1337927,0.0,25.0,-6.68,0.0
"2026-05-11","US74460W4208","74460W420","PSA-R","PSA","PUBLIC STORAGE","Financial Institutions","1202758.0","1201534.0","-1224.0","0.13572","0.13577","5e-05","15.78","-19314.72","SELL","3","PSA-PR",30752,0.0,25.0,-36.88,0.0
"2026-05-11","US10922N3017","10922N301","BHF-A","BHF","BRIGHTHOUSE FINANCIAL INC","Financial Institutions","1175086.0","1173889.0","-1197.0","0.13403","0.13399","-4e-05","15.94","-19080.18","SELL","3","","","",25.0,-36.24,""
"2026-05-11","US04686J2006","04686J200","ATH-B","ATH","ATHENE HLDG DRC LTD","Financial Institutions","946949.0","945986.0","-963.0","0.1338","0.13399","0.00019","19.78","-19048.14","SELL","3","ATH-PB",23709,0.0,25.0,-20.88,0.0
"2026-05-11","US10922N5095","10922N509","BHF-B","BHF","BRIGHTHOUSE FINANCIAL INC","Financial Institutions","1112991.0","1111857.0","-1134.0","0.13259","0.13208","-0.00051","16.59","-18813.06","SELL","3","","","",25.0,-33.64,""
"2026-05-11","US7591EP8869","7591EP886","RF-E","RF","REGIONS FINL DRC CORP","Financial Institutions","1106194.0","1105069.0","-1125.0","0.1317","0.13159","-0.00011","16.63","-18708.75","SELL","3","RF-PE",28558,0.0,25.0,-33.48,0.0
"2026-05-11","US03939A1079","03939A107","ACGL-F","ACGL","ARCH CAPITAL GROUP LTD.","Financial Institutions","905767.0","904849.0","-918.0","0.13168","0.13198","0.0003","20.37","-18699.66","SELL","3","","","",25.0,-18.52,""
"2026-05-11","US4440973075","444097307","HPP-C","HPP","HUDSON PACIFIC PROPERTIES INC","Financial Institutions","1166545.0","1165357.0","-1188.0","0.13088","0.12893","-0.00195","15.45","-18354.6","SELL","3","HPP-PC",11467,0.1,25.0,-38.2,3.82
"2026-05-11","US55272X5086","55272X508","MFA-C","MFA","MFA FINANCIAL INC","Financial Institutions","754820.0","754055.0","-765.0","0.12873","0.12851","-0.00022","23.8","-18207.0","SELL","3","MFA-PC",22433,0.0,25.0,-4.8,0.0
"2026-05-11","US74460W6443","74460W644","PSA-H","PSA","PUBLIC STORAGE","Financial Institutions","788353.0","787552.0","-801.0","0.12746","0.12753","7e-05","22.61","-18110.61","SELL","3","PSA-PH",19624,0.0,25.0,-9.56,0.0
"2026-05-11","US1258968528","125896852","CMS","CMS","CMS ENERGY CORPORATION","Utility","768586.0","767803.0","-783.0","0.12701","0.12711","0.0001","23.12","-18102.96","SELL","3","CMS",2898397,0.0,25.0,-7.52,0.0
"2026-05-11","US25525P2065","25525P206","DHC","DHC","DIVERSIFIED HEALTHCARE .625% SENIO","Financial Institutions","960698.0","959717.0","-981.0","0.1284","0.12645","-0.00195","18.4","-18050.4","SELL","3","DHC",1428720,0.0,25.0,-26.4,0.0
"2026-05-11","US88224Q3056","88224Q305","TCBI-B","TCBI","TEXAS CAP BANCSHARES DRC INC","Financial Institutions","823468.0","822631.0","-837.0","0.12719","0.12671","-0.00048","21.51","-18003.87","SELL","3","","","",25.0,-13.96,""
"2026-05-11","US10922N2027","10922N202","BHF","BHF","BRIGHTHOUSE FINANCIAL INC","Financial Institutions","1037491.0","1036438.0","-1053.0","0.12518","0.12483","-0.00035","16.82","-17711.46","SELL","3","BHF",526273,0.0,25.0,-32.72,0.0
"2026-05-11","US55261F8721","55261F872","MTB-H","MTB","M AND T BANK PERPETUAL FIXED TO FL","Financial Institutions","686203.0","685501.0","-702.0","0.12375","0.12365","-0.0001","25.19","-17683.38","SELL","3","MTB-PH",17885,0.0,25.0,0.76,0.0
"2026-05-11","US0082528508","008252850","AMG","AMG","AFFILIATED MANAGERS GROUP INC.","Financial Institutions","830234.0","829388.0","-846.0","0.12283","0.12329","0.00046","20.76","-17562.96","SELL","3","AMG",345917,0.0,25.0,-16.96,0.0
"2026-05-11","US90187B3096","90187B309","TWO-B","TWO","TWO HARBORS INVESTMENT CORP","Financial Institutions","697113.0","696402.0","-711.0","0.12356","0.12317","-0.00039","24.7","-17561.7","SELL","3","TWO-PB",33006,0.0,25.0,-1.2,0.0
"2026-05-11","BMG053842040","-","AHL","AHL","ASPEN INSURANCE HOLDINGS LTD","Financial Institutions","826286.0","825449.0","-837.0","0.12355","0.12383","0.00028","20.95","-17535.15","SELL","3","","","",25.0,-16.2,""
"2026-05-11","US11271L1026","11271L102","BNCN","BNCN","BROOKFIELD FINANCE INC","Financial Institutions","1097964.0","1096848.0","-1116.0","0.12287","0.12292","5e-05","15.65","-17465.4","SELL","3","","","",25.0,-37.4,""
"2026-05-11","US8805913006","880591300","TVA-D","TVA","TENN VALLEY AUTHORITY","Agency","703987.0","703267.0","-720.0","0.12188","0.12187","-1e-05","24.2","-17424.0","SELL","3","","","",25.0,-3.2,""
"2026-05-11","US64828T8889","64828T888","RITM-F","RITM","RITHM CAPITAL CORP","Financial Institutions","686203.0","685501.0","-702.0","0.12029","0.12026","-3e-05","24.5","-17199.0","SELL","3","RITM-PF",45084,0.0,25.0,-2.0,0.0
"2026-05-11","US74460W6286","74460W628","PSA-I","PSA","PUBLIC STORAGE REPSTG  TH BEN INT","Financial Institutions","868064.0","867182.0","-882.0","0.12086","0.12065","-0.00021","19.43","-17137.26","SELL","3","PSA-PI",28951,0.0,25.0,-22.28,0.0
"2026-05-11","US74460W6690","74460W669","PSA-G","PSA","PUBLIC STORAGE","Financial Institutions","823468.0","822631.0","-837.0","0.12018","0.11999","-0.00019","20.37","-17049.69","SELL","3","PSA-PG",29589,0.0,25.0,-18.52,0.0
"2026-05-11","US16934Q5053","16934Q505","CIM-C","CIM","CHIMERA INVESTMENT CORP","Financial Institutions","713687.0","712958.0","-729.0","0.11917","0.11895","-0.00022","23.3","-16985.7","SELL","3","CIM-PC",41872,0.0,25.0,-6.8,0.0
"2026-05-11","US3733344408","373334440","SO","SO","GEORGIA POWER COMPANY","Utility","741102.0","740346.0","-756.0","0.11807","0.11864","0.00057","22.38","-16919.28","SELL","3","SO",4724240,0.0,25.0,-10.48,0.0
"2026-05-11","US48251K2096","48251K209","KREF-A","KREF","KKR REAL ESTATE FINANCE TRUST INC","Financial Institutions","899597.0","898679.0","-918.0","0.1183","0.11808","-0.00022","18.35","-16845.3","SELL","3","KREF-PA",26382,0.0,25.0,-26.6,0.0
"2026-05-11","US6374321056","637432105","NRUC-US","NRUC","NATIONAL RURAL UTILITIES COOPERATI","Utility","686202.0","685500.0","-702.0","0.11816","0.11761","-0.00055","23.96","-16819.92","SELL","3","","","",25.0,-4.16,""
"2026-05-11","US90187B5075","90187B507","TWO-C","TWO","TWO HARBORS INVESTMENT CORP","Financial Institutions","662957.0","662282.0","-675.0","0.11795","0.11766","-0.00029","24.81","-16746.75","SELL","3","TWO-PC",57854,0.0,25.0,-0.76,0.0
"2026-05-11","US9508108878","950810887","WSBC-B","WSBC","WESBANCO INC","Financial Institutions","631289.0","630650.0","-639.0","0.11624","0.1166","0.00036","25.82","-16498.98","SELL","3","","","",25.0,3.28,""
"2026-05-11","US0844238057","084423805","WRB","WRB","WR BERKLEY CORPORATION","Financial Institutions","830506.0","829660.0","-846.0","0.11551","0.11549","-2e-05","19.44","-16446.24","SELL","3","WRB",2041353,0.0,25.0,-22.24,0.0
"2026-05-11","US00123Q6098","00123Q609","AGNC-D","AGNC","AGNC INVESTMENT CORP","Financial Institutions","645038.0","644381.0","-657.0","0.11518","0.11522","4e-05","24.97","-16405.29","SELL","3","","","",25.0,-0.12,""
"2026-05-11","US74460W6856","74460W685","PSA-F","PSA","PUBLIC STORAGE DS REPRESENTING  TH","Financial Institutions","768586.0","767803.0","-783.0","0.11393","0.11392","-1e-05","20.72","-16223.76","SELL","3","PSA-PF",22580,0.0,25.0,-17.12,0.0
"2026-05-11","US0200028126","020002812","ALL-I","ALL","ALLSTATE CORPORATION (THE)","Financial Institutions","823468.0","822631.0","-837.0","0.11306","0.11292","-0.00014","19.17","-16045.29","SELL","3","ALL-PI",23505,0.0,25.0,-23.32,0.0
"2026-05-11","US72348N5059","72348N505","PNFP-C","PNFP","PINNACLE FINANCIAL PARTNERS DEPOSI","Financial Institutions","623162.0","622532.0","-630.0","0.11305","0.11238","-0.00067","25.21","-15882.3","SELL","3","PNFP-PC",29318,0.0,25.0,0.84,0.0
"2026-05-11","US63938C4050","63938C405","NAVI","NAVI","NAVIENT  PRCNT SENIOR NOTES EXP  D","Financial Institutions","823468.0","822631.0","-837.0","0.11076","0.11151","0.00075","18.93","-15844.41","SELL","3","NAVI",985017,0.0,25.0,-24.28,0.0
"2026-05-11","US9290428286","929042828","VNO-M","VNO","VORNADO REALTY TRUST","Financial Institutions","876956.0","876065.0","-891.0","0.11212","0.11147","-0.00065","17.77","-15833.07","SELL","3","VNO-PM",26319,0.0,25.0,-28.92,0.0
"2026-05-11","US58844R8503","58844R850","MBIN","MBIN","MERCHANTS BANCORP","Financial Institutions","631289.0","630650.0","-639.0","0.11164","0.11181","0.00017","24.76","-15821.64","SELL","3","MBIN",174613,0.0,25.0,-0.96,0.0
"2026-05-11","US3193836000","319383600","BUSE-B","BUSE","FIRST BUSEY CORPORATION","Financial Institutions","590156.0","589553.0","-603.0","0.10968","0.10961","-7e-05","25.97","-15659.91","SELL","3","","","",25.0,3.88,""
"2026-05-11","BMG053841703","-","AHL","AHL","ASPEN INSURANCE HOLDINGS LTD","Financial Institutions","617621.0","616991.0","-630.0","0.10997","0.10962","-0.00035","24.81","-15630.3","SELL","3","","","",25.0,-0.76,""
"2026-05-11","US29364W1080","29364W108","ETR","ETR","ENTERGY LOUISIANA LLC","Utility","741102.0","740346.0","-756.0","0.10959","0.10939","-0.0002","20.63","-15596.28","SELL","3","ETR",2969683,0.0,25.0,-17.48,0.0
"2026-05-11","US2836782092","283678209","KMI","KMI","EL PASO ENERGY CAPITAL TRUST I","Industrial","302634.0","302328.0","-306.0","0.10929","0.10933","4e-05","50.5","-15453.0","SELL","3","KMI",12193420,0.0,25.0,102.0,0.0
"2026-05-11","US29364N1081","29364N108","ETR","ETR","ENTERGY MISSISSIPPI INC","Utility","713686.0","712957.0","-729.0","0.10768","0.10749","-0.00019","21.06","-15352.74","SELL","3","ETR",2969683,0.0,25.0,-15.76,0.0
"2026-05-11","US75968N3098","75968N309","RNR-F","RNR","RENAISSANCERE HOLDINGS LTD","Financial Institutions","686202.0","685500.0","-702.0","0.10574","0.10589","0.00015","21.57","-15142.14","SELL","3","RNR-PF",13210,0.1,25.0,-13.72,1.37
"2026-05-11","US9290428443","929042844","VNO-L","VNO","VORNADO REALTY TRUST 5.4% CUM RED","Financial Institutions","823469.0","822632.0","-837.0","0.10582","0.10591","9e-05","17.98","-15049.26","SELL","3","VNO-PL",21747,0.0,25.0,-28.08,0.0
"2026-05-11","US49446R7118","49446R711","KIM-M","KIM","KIMCO RLTY DS REPRESENTING   CLASS","Financial Institutions","718126.0","717397.0","-729.0","0.10537","0.10521","-0.00016","20.48","-14929.92","SELL","3","KIM-PM",25987,0.0,25.0,-18.08,0.0
"2026-05-11","US0605055831","060505583","BAC-1","BAC","BANK OF AMERICA CORPORATION PFD 1","Financial Institutions","739477.0","738721.0","-756.0","0.10444","0.10423","-0.00021","19.7","-14893.2","SELL","3","","","",25.0,-21.2,""
"2026-05-11","US1170436042","117043604","BC","BC","BRUNSWICK CORPORATION","Industrial","590158.0","589555.0","-603.0","0.10403","0.10402","-1e-05","24.64","-14857.92","SELL","3","BC",771700,0.0,25.0,-1.44,0.0
"2026-05-11","US9290428104","929042810","VNO-N","VNO","VORNADO REALTY TRUST","Financial Institutions","823469.0","822632.0","-837.0","0.10476","0.10397","-0.00079","17.65","-14773.05","SELL","3","VNO-PN",27837,0.0,25.0,-29.4,0.0
"2026-05-11","US8606308703","860630870","SF-C","SF","STIFEL FINANCIAL CORP","Financial Institutions","617621.0","616991.0","-630.0","0.10246","0.10245","-1e-05","23.19","-14609.7","SELL","3","SF-PC",15945,0.0,25.0,-7.24,0.0
"2026-05-11","US37959E3009","37959E300","GL","GL","GLOBE LIFE INC","Financial Institutions","892049.0","891140.0","-909.0","0.10193","0.10235","0.00042","16.04","-14580.36","SELL","3","GL",525037,0.0,25.0,-35.84,0.0
"2026-05-11","US25406P2002","25406P200","DDS","DDS","DILLARDS CAP TR I CAP SECS 7.5%","Industrial","548973.0","548415.0","-558.0","0.1025","0.10249","-1e-05","26.1","-14563.8","SELL","3","DDS",89837,0.0,25.0,4.4,0.0
"2026-05-11","US25401T4058","25401T405","DBRG-I","DBRG","DIGITALBRIDGE GROUP .15 CUMULATIVE","Financial Institutions","886809.0","885909.0","-900.0","0.10324","0.10258","-0.00066","16.17","-14553.0","SELL","3","DBRG-PI",31629,0.0,25.0,-35.32,0.0
"2026-05-11","US6378702053","637870205","NSA-A","NSA","NATIONAL STORAGE AFFILIATES REDEEM","Financial Institutions","620110.0","619480.0","-630.0","0.10314","0.10238","-0.00076","23.08","-14540.4","SELL","3","NSA-PA",14792,0.0,25.0,-7.68,0.0
"2026-05-11","US25401T3068","25401T306","DBRG-J","DBRG","DIGITALBRIDGE GROUP INC","Financial Institutions","801210.0","800310.0","-900.0","0.0919","0.09169","-0.00021","16.0","-14400.0","SELL","3","DBRG-PJ",36880,0.0,25.0,-36.0,0.0
"2026-05-11","US35243J2006","35243J200","FBRT-E","FBRT","FRANKLIN BSP REALTY TRUST   CUMULA","Financial Institutions","708763.0","708043.0","-720.0","0.10152","0.10117","-0.00035","19.95","-14364.0","SELL","3","FBRT-PE",23560,0.0,25.0,-20.2,0.0
"2026-05-11","US72348N2080","72348N208","PNFP-A","PNFP","PINNACLE FINANCIAL PARTNERS NON CU","Financial Institutions","548962.0","548404.0","-558.0","0.10096","0.10084","-0.00012","25.68","-14329.44","SELL","3","PNFP-PA",21373,0.0,25.0,2.72,0.0
"2026-05-11","US8606308620","860630862","SF-D","SF","STIFEL FINANCIAL CORP","Financial Institutions","823468.0","822631.0","-837.0","0.10022","0.10014","-8e-05","17.0","-14229.0","SELL","3","SF-PD",22317,0.0,25.0,-32.0,0.0
"2026-05-11","US6378703044","637870304","NSA-B","NSA PR B","NATIONAL STORAGE AFFILIATES    CUM","Financial Institutions","389844.0","389394.0","-450.0","0.08737","0.08713","-0.00024","31.25","-14062.5","SELL","3","NSA-PB",27747,0.0,25.0,25.0,0.0
"2026-05-11","US78440X5077","78440X507","SLG-I","SLG","SL GREEN REALTY CORP","Financial Institutions","631290.0","630651.0","-639.0","0.09918","0.09887","-0.00031","21.9","-13994.1","SELL","3","SLG-PI",23773,0.0,25.0,-12.4,0.0
"2026-05-11","US04621X3061","04621X306","AIZ","AIZ","ASSURANT INC","Financial Institutions","686202.0","685500.0","-702.0","0.09706","0.09695","-0.00011","19.75","-13864.5","SELL","3","AIZ",398350,0.0,25.0,-21.0,0.0
"2026-05-11","US8805914095","880591409","TVA-A","TVA","TENN VALLEY AUTH","Agency","571900.0","571315.0","-585.0","0.09692","0.09696","4e-05","23.7","-13864.5","SELL","3","","","",25.0,-5.2,""
"2026-05-11","US84857L7055","84857L705","SR","SR","SPIRE INC","Utility","548973.0","548415.0","-558.0","0.09783","0.09747","-0.00036","24.82","-13849.56","SELL","3","SR",386870,0.0,25.0,-0.72,0.0
"2026-05-11","US25525P3055","25525P305","DHC","DHC","DIVERSIFIED HEALTHCARE .25% SENIOR","Financial Institutions","686203.0","685501.0","-702.0","0.09564","0.0965","0.00086","19.66","-13801.32","SELL","3","DHC",1428720,0.0,25.0,-21.36,0.0
"2026-05-11","US05554M1009","05554M100","BIP","BIP","BIP BERMUDA HOLDINGS I LTD","Financial Institutions","823468.0","822631.0","-837.0","0.09763","0.09702","-0.00061","16.47","-13785.39","SELL","3","BIP",961400,0.0,25.0,-34.12,0.0
"2026-05-11","US6740014096","674001409","OAK-B","OAK","OAKTREE CAPITAL GROUP LLC","Financial Institutions","645038.0","644381.0","-657.0","0.09732","0.09671","-0.00061","20.96","-13770.72","SELL","3","OAK-PB",9498,0.1,25.0,-16.16,1.62
"2026-05-11","US16934Q6044","16934Q604","CIM-D","CIM","CHIMERA INVESTMENT CORP","Financial Institutions","548973.0","548415.0","-558.0","0.09633","0.09637","4e-05","24.54","-13693.32","SELL","3","CIM-PD",18364,0.0,25.0,-1.84,0.0
"2026-05-11","US11259P1093","11259P109","BRBRPH","BEPUCN","BROOKFIELD BRP HOLDINGS (CANADA) I","Utility","969444.0","968544.0","-900.0","0.10489","0.10514","0.00025","15.16","-13644.0","SELL","3","","","",25.0,-39.36,""
"2026-05-11","US2333318184","233331818","DTE","DTE","DTE ENERGY CO","Utility","768586.0","767803.0","-783.0","0.09475","0.09473","-2e-05","17.23","-13491.09","SELL","3","DTE",1223670,0.0,25.0,-31.08,0.0
"2026-05-11","US3167738604","316773860","FITB-K","FITB","FIFTH THIRD BANCORP","Financial Institutions","686202.0","685500.0","-702.0","0.09453","0.09395","-0.00058","19.14","-13436.28","SELL","3","","","",25.0,-23.44,""
"2026-05-11","US74460W5940","74460W594","PSA-J","PSA","PUBLIC STORAGE DEP SHS REPSTG  TH","Financial Institutions","710224.0","709504.0","-720.0","0.09406","0.09455","0.00049","18.61","-13399.2","SELL","3","PSA-PJ",12177,0.1,25.0,-25.56,2.56
"2026-05-11","US2538688308","253868830","DLR-K","DLR","DIGITAL REALTY TRUST INC","Financial Institutions","576390.0","575805.0","-585.0","0.09455","0.09413","-0.00042","22.83","-13355.55","SELL","3","DLR-PK",21379,0.0,25.0,-8.68,0.0
"2026-05-11","US6496048736","649604873","ADAM-E","ADAM","NEW YORK MORTGAGE TRUST INC","Financial Institutions","511674.0","511152.0","-522.0","0.09363","0.09362","-1e-05","25.58","-13352.76","SELL","3","","","",25.0,2.32,""
"2026-05-11","US3793785086","379378508","GNL-D","GNL","GLOBAL NET LEASE   CUMULATIVE REDE","Financial Institutions","544417.0","543859.0","-558.0","0.0925","0.09253","3e-05","23.76","-13258.08","SELL","3","GNL-PD",13801,0.0,25.0,-4.96,0.0
"2026-05-11","US0844238701","084423870","WRB","WRB","WR BERKLEY CORPORATION","Financial Institutions","823468.0","822631.0","-837.0","0.09292","0.09313","0.00021","15.81","-13232.97","SELL","3","WRB",2041353,0.0,25.0,-36.76,0.0
"2026-05-11","US3167738869","316773886","FITB-A","FITB","FIFTH THIRD BANCORP  DEPOSITORY SH","Financial Institutions","548973.0","548415.0","-558.0","0.09386","0.09307","-0.00079","23.7","-13224.6","SELL","3","","","",25.0,-5.2,""
"2026-05-11","US05580M7939","05580M793","RILYZ","RILY","B. RILEY FINANCIAL INC","Financial Institutions","531507.0","530967.0","-540.0","0.09122","0.09201","0.00079","24.2","-13068.0","SELL","3","RILYZ",47510,0.0,25.0,-3.2,0.0
"2026-05-11","US0082528433","008252843","AMG","AMG","AFFILIATED MANAGERS GROUP INC.","Financial Institutions","754820.0","754055.0","-765.0","0.09122","0.09152","0.0003","16.95","-12966.75","SELL","3","AMG",345917,0.0,25.0,-32.2,0.0
"2026-05-11","US70931T5092","70931T509","PMT-C","PMT","PENNYMAC MORTGAGE INVESTMENT TRUST","Financial Institutions","686203.0","685501.0","-702.0","0.09004","0.09047","0.00043","18.43","-12937.86","SELL","3","PMT-PC",27101,0.0,25.0,-26.28,0.0
"2026-05-11","US64828T8053","64828T805","RITM-E","RITM","RITHM CAPITAL CORP","Financial Institutions","521508.0","520977.0","-531.0","0.09096","0.0908","-0.00016","24.34","-12924.54","SELL","3","RITM-PE",36953,0.0,25.0,-2.64,0.0
"2026-05-11","US9290427940","929042794","VNO-O","VNO","VORNADO REALTY TRUST","Financial Institutions","823469.0","822632.0","-837.0","0.0908","0.09077","-3e-05","15.41","-12898.17","SELL","3","VNO-PO",24018,0.0,25.0,-38.36,0.0
"2026-05-11","BMG053841620","-","AHL","AHL","ASPEN INSURANCE HOLDINGS LTD","Financial Institutions","595765.0","595162.0","-603.0","0.09057","0.09035","-0.00022","21.2","-12783.6","SELL","3","","","",25.0,-15.2,""
"2026-05-11","US8606306079","860630607","SF","SF","STIFEL FINANCIAL CORP","Financial Institutions","617622.0","616992.0","-630.0","0.08961","0.08933","-0.00028","20.22","-12738.6","SELL","3","SF",1393050,0.0,25.0,-19.12,0.0
"2026-05-11","US70931T4004","70931T400","PMT-B","PMT","PENNYMAC MORTGAGE INVESTMENT TRUST","Financial Institutions","535256.0","534707.0","-549.0","0.08822","0.08833","0.00011","23.07","-12665.43","SELL","3","PMT-PB",14158,0.0,25.0,-7.72,0.0
"2026-05-11","US05580M8010","05580M801","RILYK","RILY","B. RILEY FINANCIAL INC","Financial Institutions","495503.0","494999.0","-504.0","0.08787","0.08826","0.00039","24.9","-12549.6","SELL","3","","","",25.0,-0.4,""
"2026-05-11","US70509V8037","70509V803","PEB-G","PEB","PEBBLEBROOK HOTEL TRUST","Financial Institutions","623456.0","622826.0","-630.0","0.08867","0.0888","0.00013","19.91","-12543.3","SELL","3","PEB-PG",23290,0.0,25.0,-20.36,0.0
"2026-05-11","US05580M8358","05580M835","RILYM","RILY","B. RILEY FINANCIAL INC","Financial Institutions","602828.0","602216.0","-612.0","0.08725","0.08836","0.00111","20.49","-12539.88","SELL","3","","","",25.0,-18.04,""
"2026-05-11","US1258968601","125896860","CMS","CMS","CMS ENERGY CORPORATION","Utility","548986.0","548428.0","-558.0","0.08715","0.08726","0.00011","22.22","-12398.76","SELL","3","CMS",2940637,0.0,25.0,-11.12,0.0
"2026-05-11","US49446R7373","49446R737","KIM-L","KIM","KIMCO REALTY CORPORATION","Financial Institutions","610882.0","610261.0","-621.0","0.08706","0.08652","-0.00054","19.8","-12295.8","SELL","3","KIM-PL",15618,0.0,25.0,-20.8,0.0
"2026-05-11","US70931T7072","70931T707","PMT","PMT","PENNYMAC MORTGAGE INVESTMENT TRUST","Financial Institutions","473482.0","472996.0","-486.0","0.08542","0.08559","0.00017","25.27","-12281.22","SELL","3","PMT",1178383,0.0,25.0,1.08,0.0
"2026-05-11","BMG9078F1499","-","TRTN-C","TRTN","TRITON INTERNATIONAL LTD","Industrial","480342.0","479856.0","-486.0","0.08654","0.08621","-0.00033","25.09","-12193.74","SELL","3","TRTN-PC",8604,0.1,25.0,0.36,0.0
"2026-05-11","US04911A2069","04911A206","AUB-A","AUB","ATLANTIC UNION BANKSHARES CORP","Financial Institutions","473482.0","472996.0","-486.0","0.08481","0.08496","0.00015","25.08","-12188.88","SELL","3","AUB-PA",6778,0.1,25.0,0.32,0.0
"2026-05-11","US17259U3032","17259U303","CIONI","CIONI","CION INVESTMENT CORP","Financial Institutions","475261.0","474775.0","-486.0","0.085","0.08516","0.00016","25.05","-12174.3","SELL","3","","","",25.0,0.2,""
"2026-05-11","US74460W5114","74460W511","PSA-N","PSA","PUBLIC STORAGE DEP SHS REPSTG   PF","Financial Institutions","775460.0","774668.0","-792.0","0.08501","0.08482","-0.00019","15.29","-12109.68","SELL","3","PSA-PN",37845,0.0,25.0,-38.84,0.0
"2026-05-11","US20451Q4010","20451Q401","CODI-C","CODI","COMPASS DIVERSIFIED HOLDINGS","Financial Institutions","542570.0","542021.0","-549.0","0.0852","0.08539","0.00019","22.0","-12078.0","SELL","3","CODI-PC",36234,0.0,25.0,-12.0,0.0
"2026-05-11","US74460W5783","74460W578","PSA-K","PSA","PUBLIC STORAGE","Financial Institutions","631289.0","630650.0","-639.0","0.08545","0.08528","-0.00017","18.89","-12070.71","SELL","3","PSA-PK",16950,0.0,25.0,-24.44,0.0
"2026-05-11","US05614L4077","05614L407","BW-A","BW","BABCOCK & WILCOX ENTERPRISES INC","Industrial","526265.0","525734.0","-531.0","0.08208","0.08549","0.00341","22.71","-12059.01","SELL","3","BW-PA",23904,0.0,25.0,-9.16,0.0
"2026-05-11","US31959X2027","31959X202","FCNCA","FCNCA","FIRST CITIZENS BANCSHARES   NON CU","Financial Institutions","548973.0","548415.0","-558.0","0.08444","0.08474","0.0003","21.58","-12041.64","SELL","3","FCNCA",69257,0.0,25.0,-13.68,0.0
"2026-05-11","MHY8564M2048","-","TGP-B","TGP","TEEKAY LNG PARTNERS LP","Industrial","452657.0","452198.0","-459.0","0.0828","0.08289","9e-05","25.6","-11750.4","SELL","3","","","",25.0,2.4,""
"2026-05-11","BMG9078F3057","-","TRTGV","TRTN","TRITON INTL CUM RED PERP PREF SER","Industrial","480336.0","479850.0","-486.0","0.08336","0.08295","-0.00041","24.14","-11732.04","SELL","3","","","",25.0,-3.44,""
"2026-05-11","US55272X4097","55272X409","MFA-B","MFA","MFA FINANCIAL INC","Financial Institutions","548973.0","548415.0","-558.0","0.08244","0.08245","1e-05","21.0","-11718.0","SELL","3","MFA-PB",10799,0.1,25.0,-16.0,1.6
"2026-05-11","US20451Q3020","20451Q302","CODI-B","CODI","COMPASS DIVERSIFIED HOLDINGS FIXED","Financial Institutions","516261.0","515739.0","-522.0","0.08293","0.08269","-0.00024","22.39","-11687.58","SELL","3","CODI-PB",19090,0.0,25.0,-10.44,0.0
"2026-05-11","US0844238883","084423888","WRB","WRB","WR BERKLEY CORPORATION","Financial Institutions","686202.0","685500.0","-702.0","0.0816","0.08153","-7e-05","16.61","-11660.22","SELL","3","WRB",2041353,0.0,25.0,-33.56,0.0
"2026-05-11","US11276B1098","11276B109","BIP","BIP","BROOKFIELD INFRASTRUCTURE FINANCE","Utility","686202.0","685500.0","-702.0","0.08131","0.08124","-7e-05","16.55","-11618.1","SELL","3","BIP",961400,0.0,25.0,-33.8,0.0
"2026-05-11","US38741L3050","38741L305","GPMT-A","GPMT","GRANITE POINT MORTGAGE TRUST INC","Financial Institutions","564758.0","564182.0","-576.0","0.08057","0.0808","0.00023","20.0","-11520.0","SELL","3","GPMT-PA",7460,0.1,25.0,-20.0,2.0
"2026-05-11","US2538688555","253868855","DLR-J","DLR","DIGITAL REALTY TRUST INC","Financial Institutions","548973.0","548415.0","-558.0","0.08071","0.08105","0.00034","20.64","-11517.12","SELL","3","DLR-PJ",17988,0.0,25.0,-17.44,0.0
"2026-05-11","US58844R7026","58844R702","MBIN-C","MBIN","MERCHANTS BANCORP","Financial Institutions","538484.0","537935.0","-549.0","0.08048","0.0807","0.00022","20.95","-11501.55","SELL","3","","","",25.0,-16.2,""
"2026-05-11","US78407R2040","78407R204","SCE-J","EIX","SCE TRUST II CUM TRUST SECS P","Utility","603873.0","603261.0","-612.0","0.08088","0.08108","0.0002","18.77","-11487.24","SELL","3","","","",25.0,-24.92,""
"2026-05-11","US11259P2083","11259P208","BRBRPH","BEPUCN","BROOKFIELD BRP HOLDINGS (CANADA) I","Utility","713686.0","712957.0","-729.0","0.07992","0.08041","0.00049","15.75","-11481.75","SELL","3","","","",25.0,-37.0,""
"2026-05-11","US46131B5066","46131B506","IVR-C","IVR","INVESCO MORTGAGE CAPITAL INC","Financial Institutions","467464.0","466987.0","-477.0","0.07979","0.08042","0.00063","24.05","-11471.85","SELL","3","IVR-PC",20235,0.0,25.0,-3.8,0.0
"2026-05-11","US04914Y4098","04914Y409","ATLC","ATLC","ATLANTICUS HOLDINGS CORP","Financial Institutions","458860.0","458410.0","-450.0","0.08347","0.08361","0.00014","25.47","-11461.5","SELL","3","ATLC",69767,0.0,25.0,1.88,0.0
"2026-05-11","US10922N8891","10922N889","BHF-D","BHF","BRIGHTHOUSE FINANCIAL INC","Financial Institutions","960698.0","959717.0","-981.0","0.07948","0.07924","-0.00024","11.53","-11310.93","SELL","3","","","",25.0,-53.88,""
"2026-05-11","US16934Q8693","16934Q869","CIM","CIM","CHIMERA INVESTMENT CORP","Financial Institutions","341114.0","340664.0","-450.0","0.06151","0.06129","-0.00022","25.13","-11308.5","SELL","3","CIM",710060,0.0,25.0,0.52,0.0
"2026-05-11","BMG9078F1648","-","TRTN-D","TRTN","TRITON INTERNATIONAL LTD","Industrial","411775.0","411325.0","-450.0","0.07317","0.07336","0.00019","24.91","-11209.5","SELL","3","TRTN-PD",4883,0.1,25.0,-0.36,0.04
"2026-05-11","BMG162491648","-","BPY-A","BPY","BROOKFIELD PROPERTY PARTNERS LP","Industrial","789111.0","788310.0","-801.0","0.07922","0.07891","-0.00031","13.98","-11197.98","SELL","3","","","",25.0,-44.08,""
"2026-05-11","US0605058157","060505815","BAC-E","BAC","BANK OF AMERICA CORP PREF STOCK","Financial Institutions","563189.0","562613.0","-576.0","0.07793","0.07816","0.00023","19.4","-11174.4","SELL","3","BAC-PE",22284,0.0,25.0,-22.4,0.0
"2026-05-11","US0844237067","084423706","WRB","WRB","WR BERKLEY CORPORATION","Financial Institutions","507808.0","507295.0","-513.0","0.07858","0.0789","0.00032","21.72","-11142.36","SELL","3","WRB",2041353,0.0,25.0,-13.12,0.0
"2026-05-11","US1258968379","125896837","CMS-C","CMS","CMS ENERGY CORPORATION","Utility","631289.0","630650.0","-639.0","0.07805","0.07835","0.0003","17.35","-11086.65","SELL","3","CMS-PC",25766,0.0,25.0,-30.6,0.0
"2026-05-11","US11276B2088","11276B208","BIP","BIP","BROOKFIELD INFRASTRUCTURE FINANCE","Utility","433662.0","433221.0","-441.0","0.07805","0.07771","-0.00034","25.05","-11047.05","SELL","3","BIP",963773,0.0,25.0,0.2,0.0
"2026-05-11","US9197944047","919794404","VLY-C","VLY","VALLEY NATIONAL BANCORP","Financial Institutions","411725.0","411302.0","-423.0","0.07667","0.07657","-0.0001","26.0","-10998.0","SELL","3","","","",25.0,4.0,""
"2026-05-11","US4461507810","446150781","HBAN-C","HBAN","HUNTINGTON BANCSHARES INC","Financial Institutions","480271.0","479785.0","-486.0","0.07724","0.0777","0.00046","22.61","-10988.46","SELL","3","","","",25.0,-9.56,""
"2026-05-11","US38144X6094","38144X609","GS-C","GS","GOLDMAN SACHS GROUP INC","Financial Institutions","548973.0","548415.0","-558.0","0.07678","0.07732","0.00054","19.69","-10987.02","SELL","3","GS-PC",27997,0.0,25.0,-21.24,0.0
"2026-05-11","US2333318267","233331826","DTE-G","DTE","DTE ENERGY COMPANY","Utility","631235.0","630596.0","-639.0","0.07732","0.07712","-0.0002","17.08","-10914.12","SELL","3","","","",25.0,-31.68,""
"2026-05-11","US74460W3960","74460W396","PSA-S","PSA","PUBLIC STORAGE DEPOSITARY SHS EACH","Financial Institutions","686319.0","685644.0","-675.0","0.07931","0.07929","-2e-05","16.15","-10901.25","SELL","3","PSA-PS",28520,0.0,25.0,-35.4,0.0
"2026-05-11","US3793783008","379378300","GNL-A","GNL","GLOBAL NET LEASE PREF SERIES A INC","Financial Institutions","466608.0","466131.0","-477.0","0.07628","0.07626","-2e-05","22.85","-10899.45","SELL","3","GNL-PA",7566,0.1,25.0,-8.6,0.86
"2026-05-11","US4101204067","410120406","HWC","HWC","HANCOCK WHITNEY CORP","Financial Institutions","473481.0","472995.0","-486.0","0.07632","0.07566","-0.00066","22.34","-10857.24","SELL","3","HWC",812053,0.0,25.0,-10.64,0.0
"2026-05-11","US0605056250","060505625","BAC-02","BAC","BANK OF AMERICA CORP","Financial Institutions","544049.0","543491.0","-558.0","0.07567","0.07569","2e-05","19.45","-10853.1","SELL","3","","","",25.0,-22.2,""
"2026-05-11","US5303075031","530307503","LBRDA","LBRDA","LIBERTY BROADBAND CUM REDEEMABLE P","Industrial","492947.0","492443.0","-504.0","0.07808","0.07581","-0.00227","21.5","-10836.0","SELL","3","LBRDA",196407,0.0,25.0,-14.0,0.0
"2026-05-11","BMG162491564","-","BPY-A2","BPY","BROOKFIELD PROPERTY PARTNERS LP","Industrial","686203.0","685501.0","-702.0","0.07591","0.07569","-0.00022","15.42","-10824.84","SELL","3","","","",25.0,-38.32,""
"2026-05-11","US0423156068","042315606","ARR-C","ARR","ARMOUR RESIDENTIAL REIT INC","Financial Institutions","506619.0","506106.0","-513.0","0.07608","0.07614","6e-05","21.01","-10778.13","SELL","3","ARR-PC",18085,0.0,25.0,-15.96,0.0
"2026-05-11","US87266M2061","87266M206","TRTX-C","TRTX","TPG RE FIN TR PREF SERIES C INC TR","Financial Institutions","552404.0","551846.0","-558.0","0.07553","0.07607","0.00054","19.25","-10741.5","SELL","3","TRTX-PC",11209,0.0,25.0,-23.0,0.0
"2026-05-11","US8606307069","860630706","SF-B","SF","STIFEL FINANCIAL CORP","Financial Institutions","439191.0","438741.0","-450.0","0.07476","0.07455","-0.00021","23.73","-10678.5","SELL","3","SF-PB",9448,0.0,25.0,-5.08,0.0
"2026-05-11","US6740013007","674001300","OAK-A","OAK","OAKTREE CAPITAL GROUP LLC","Financial Institutions","494091.0","493587.0","-504.0","0.07473","0.07424","-0.00049","21.0","-10584.0","SELL","3","OAK-PA",10561,0.0,25.0,-16.0,0.0
"2026-05-11","US11259P3073","11259P307","BRBRPH","BEPUCN","BROOKFIELD BRP HOLDINGS (CANADA) I","Utility","411725.0","411302.0","-423.0","0.07331","0.07366","0.00035","25.01","-10579.23","SELL","3","","","",25.0,0.04,""
"2026-05-11","US00123Q8565","00123Q856","AGNCL","AGNC","AGNC INVESTMENT CORP","Financial Institutions","411689.0","411266.0","-423.0","0.07359","0.07345","-0.00014","24.94","-10549.62","SELL","3","AGNCL",17477,0.0,25.0,-0.24,0.0
"2026-05-11","US3205174028","320517402","FHN-E","FHN","FIRST HORIZON NATIONAL CORP","Financial Institutions","411724.0","411301.0","-423.0","0.07328","0.07298","-0.0003","24.78","-10481.94","SELL","3","FHN-PE",5687,0.1,25.0,-0.88,0.09
"2026-05-11","US04208T2078","04208T207","AHH-A","AHH","ARMADA HOFFLER PROPERTIES INC","Financial Institutions","469635.0","469158.0","-477.0","0.07375","0.0734","-0.00035","21.85","-10422.45","SELL","3","","","",25.0,-12.6,""
"2026-05-11","US0259328807","025932880","AFG","AFG","AMERICAN FINANCIAL GROUP INC","Financial Institutions","548973.0","548415.0","-558.0","0.07325","0.07324","-1e-05","18.65","-10406.7","SELL","3","AFG",484033,0.0,25.0,-25.4,0.0
"2026-05-11","US74460W5379","74460W537","PSA-M","PSA","PUBLIC STORAGE","Financial Institutions","631235.0","630596.0","-639.0","0.07317","0.07351","0.00034","16.28","-10402.92","SELL","3","PSA-PM",10976,0.1,25.0,-34.88,3.49
"2026-05-11","US04914Y3009","04914Y300","ATLC","ATLC","ATLANTICUS HOLDINGS CORP","Financial Institutions","406784.0","406370.0","-414.0","0.07281","0.07278","-3e-05","25.01","-10354.14","SELL","3","ATLC",69767,0.0,25.0,0.04,0.0
"2026-05-11","US26884U2087","26884U208","EPR-C","EPR","EPR PROPERTIES 5.75% CUM CONV PREF","Financial Institutions","384877.0","384481.0","-396.0","0.07131","0.07183","0.00052","26.09","-10331.64","SELL","3","EPR-PC",3276,0.1,25.0,4.36,0.0
"2026-05-11","BMG9078F1317","-","TRTN-B","TRTN","TRITON INTERNATIONAL LTD","Industrial","394613.0","394208.0","-405.0","0.07173","0.07192","0.00019","25.48","-10319.4","SELL","3","TRTN-PB",5677,0.1,25.0,1.92,0.0
"2026-05-11","US4461507570","446150757","HBANZ","HBAN","HUNTINGTON BANCSHARES DEPOSITARY S","Financial Institutions","475310.0","474824.0","-486.0","0.07195","0.0716","-0.00035","21.06","-10235.16","SELL","3","HBANZ",12467,0.0,25.0,-15.76,0.0
"2026-05-11","US4884013081","488401308","KMPR","KMPR","KEMPER CORP","Financial Institutions","411725.0","411302.0","-423.0","0.0709","0.07098","8e-05","24.1","-10194.3","SELL","3","KMPR",786657,0.0,25.0,-3.6,0.0
"2026-05-11","US6496048819","649604881","ADAM-D","ADAM","NEW YORK MORTGAGE TRUST INC","Financial Institutions","421792.0","421360.0","-432.0","0.07064","0.07109","0.00045","23.56","-10177.92","SELL","3","","","",25.0,-5.76,""
"2026-05-11","US58844R8842","58844R884","MBIN","MBIN","MERCHANTS BANCORP","Financial Institutions","391116.0","390720.0","-396.0","0.07115","0.0714","0.00025","25.52","-10105.92","SELL","3","MBIN",174613,0.0,25.0,2.08,0.0
"2026-05-11","BMG9078F2067","-","TRTN","TRTN","TRITON INTERNATIONAL LTD","Industrial","428401.0","427969.0","-432.0","0.0723","0.07119","-0.00111","23.23","-10035.36","SELL","3","","","",25.0,-7.08,""
"2026-05-11","US6496048652","649604865","ADAM-F","ADAM","NEW YORK MORTGAGE TRUST INC","Financial Institutions","398259.0","397854.0","-405.0","0.06903","0.06906","3e-05","24.24","-9817.2","SELL","3","","","",25.0,-3.04,""
"2026-05-11","US70509V8862","70509V886","PEB-H","PEB","PEBBLEBROOK HOTEL TRUST","Financial Institutions","537121.0","536572.0","-549.0","0.06887","0.0687","-0.00017","17.88","-9816.12","SELL","3","PEB-PH",15856,0.0,25.0,-28.48,0.0
"2026-05-11","USG162522670","-","BIP-13","BIP","BROOKFIELD INFRASTRUCTURE   CLASS","Utility","548973.0","548415.0","-558.0","0.06795","0.06798","3e-05","17.31","-9658.98","SELL","3","","","",25.0,-30.76,""
"2026-05-11","US25401T5048","25401T504","DBRG-H","DBRG","DIGITALBRIDGE GROUP .125 CUMULATIV","Financial Institutions","581424.0","580830.0","-594.0","0.06819","0.06759","-0.0006","16.25","-9652.5","SELL","3","DBRG-PH",16370,0.0,25.0,-35.0,0.0
"2026-05-11","US11272B1035","11272B103","BNCN","BNCN","BROOKFIELD FINANCE I UK PLC","Financial Institutions","631289.0","630650.0","-639.0","0.06771","0.06774","3e-05","15.0","-9585.0","SELL","3","","","",25.0,-40.0,""
"2026-05-11","US0259328641","025932864","AFG","AFG","AMERICAN FINANCIAL GROUP INC","Financial Institutions","548969.0","548411.0","-558.0","0.06662","0.06668","6e-05","16.98","-9474.84","SELL","3","AFG",484033,0.0,25.0,-32.08,0.0
"2026-05-11","US8163005031","816300503","SIGI-B","SIGI","SELECTIVE INS GROUP DS REPSTG   IN","Financial Institutions","548973.0","548415.0","-558.0","0.06599","0.06611","0.00012","16.84","-9396.72","SELL","3","","","",25.0,-32.64,""
"2026-05-11","US89832Q8107","89832Q810","TFC-I","TFC","TRUIST FINANCIAL DS REPRESENTING","Financial Institutions","473530.0","473044.0","-486.0","0.06552","0.06527","-0.00025","19.27","-9365.22","SELL","3","TFC-PI",15991,0.0,25.0,-22.92,0.0
"2026-05-11","BMG9078F1564","-","TRTN-E","TRTN","TRITON INTERNATIONAL LTD","Industrial","480305.0","479819.0","-486.0","0.0666","0.06617","-0.00043","19.26","-9360.36","SELL","3","TRTN-PE",7444,0.1,25.0,-22.96,2.3
"2026-05-11","US9478907036","947890703","WBS-G","WBS","WEBSTER FINANCIAL CORPORATION","Financial Institutions","370525.0","370147.0","-378.0","0.06399","0.06478","0.00079","24.44","-9238.32","SELL","3","WBS-PG",9452,0.0,25.0,-2.24,0.0
"2026-05-11","BMG162522756","-","BIP-14","BIP","BROOKFIELD INFRASTRUCTURE PARTNERS","Utility","548973.0","548415.0","-558.0","0.06481","0.06491","0.0001","16.53","-9223.74","SELL","3","","","",25.0,-33.88,""
"2026-05-11","US3765468836","376546883","GAIN","GAIN","GLADSTONE INVESTMENT CORP","Financial Institutions","369313.0","368935.0","-378.0","0.06415","0.06393","-0.00022","24.2","-9147.6","SELL","3","GAIN",334713,0.0,25.0,-3.2,0.0
"2026-05-11","US16934Q3074","16934Q307","CIM-A","CIM","CHIMERA INVESTMENT CORP","Financial Institutions","414033.0","413610.0","-423.0","0.06386","0.06382","-4e-05","21.55","-9115.65","SELL","3","CIM-PA",8836,0.0,25.0,-13.8,0.0
"2026-05-11","US9478905055","947890505","WBS-F","WBS","WEBSTER FINANCIAL DRC CORP","Financial Institutions","411725.0","411302.0","-423.0","0.06318","0.06306","-0.00012","21.41","-9056.43","SELL","3","WBS-PF",12974,0.0,25.0,-14.36,0.0
"2026-05-11","US3765468679","376546867","GAIN","GAIN","GLADSTONE INVESTMENT CORP","Financial Institutions","347211.0","346860.0","-351.0","0.06344","0.06336","-8e-05","25.51","-8954.01","SELL","3","GAIN",334713,0.0,25.0,2.04,0.0
"2026-05-11","US0082528359","008252835","AMG","AMG","AFFILIATED MANAGERS GROUP INC.","Financial Institutions","571037.0","570452.0","-585.0","0.06186","0.06205","0.00019","15.19","-8886.15","SELL","3","AMG",345917,0.0,25.0,-39.24,0.0
"2026-05-11","US26884U5056","26884U505","EPR-G","EPR","EPR PROPERTIES","Financial Institutions","428401.0","427969.0","-432.0","0.06206","0.06285","0.00079","20.51","-8860.32","SELL","3","EPR-PG",10078,0.0,25.0,-17.96,0.0
"2026-05-11","MHY8564M1131","-","TGP","TGP","TEEKAY LNG PARTNERS LP","Industrial","338471.0","338129.0","-342.0","0.06209","0.06212","3e-05","25.66","-8775.72","SELL","3","","","",25.0,2.64,""
"2026-05-11","US0259328724","025932872","AFG","AFG","AMERICAN FINANCIAL GROUP INC","Financial Institutions","411689.0","411266.0","-423.0","0.0602","0.06034","0.00014","20.49","-8667.27","SELL","3","AFG",484033,0.0,25.0,-18.04,0.0
"2026-05-11","US90187B2007","90187B200","TWO-A","TWO","TWO HARBORS INVESTMENT CORP","Financial Institutions","346539.0","346188.0","-351.0","0.06158","0.06098","-0.0006","24.6","-8634.6","SELL","3","TWO-PA",35554,0.0,25.0,-1.6,0.0
"2026-05-11","US68003D3035","68003D303","ONB-C","ONB","OLD NATIONAL BANCORP DEP SHS EACH","Financial Institutions","336234.0","335892.0","-342.0","0.05977","0.05979","2e-05","24.86","-8502.12","SELL","3","","","",25.0,-0.56,""
"2026-05-11","US8964427046","896442704","TRIN","TRIN","TRINITY CAPITAL INC","Financial Institutions","327140.0","326807.0","-333.0","0.05944","0.05949","5e-05","25.42","-8464.86","SELL","3","TRIN",1237577,0.0,25.0,1.68,0.0
"2026-05-11","US9197942066","919794206","VLY-A","VLY","VALLEY NATIONAL BANCORP","Financial Institutions","328368.0","328035.0","-333.0","0.05938","0.05938","0.0","25.28","-8418.24","SELL","3","","","",25.0,1.12,""
"2026-05-11","US8660826053","866082605","INN-E","INN","SUMMIT HOTEL PROPERTIES INC","Financial Institutions","439191.0","438741.0","-450.0","0.05885","0.05853","-0.00032","18.63","-8383.5","SELL","3","INN-PE",8396,0.1,25.0,-25.48,2.55
"2026-05-11","US6496048165","649604816","ADAM","ADAM","NEW YORK MORTGAGE TRUST INC","Financial Institutions","315625.0","315301.0","-324.0","0.05812","0.05811","-1e-05","25.74","-8339.76","SELL","3","ADAM",779267,0.0,25.0,2.96,0.0
"2026-05-11","MHY271831213","-","GSL","GSL","GLOBAL SHIP LEASE INC","Industrial","299150.0","298844.0","-306.0","0.05778","0.0583","0.00052","27.25","-8338.5","SELL","3","GSL",274013,0.0,25.0,9.0,0.0
"2026-05-11","BMG162491499","-","BPY-A-1","BPY","BROOKFIELD PROPERTY PARTNERS LP","Industrial","525446.0","524915.0","-531.0","0.05918","0.05882","-0.00036","15.65","-8310.15","SELL","3","","","",25.0,-37.4,""
"2026-05-11","US0084922097","008492209","ADC-A","ADC","AGREE REALTY CORP","Financial Institutions","480343.0","479857.0","-486.0","0.05867","0.05869","2e-05","17.08","-8300.88","SELL","3","ADC-PA",15804,0.0,25.0,-31.68,0.0
"2026-05-11","US26884U3077","26884U307","EPR-E","EPR","EPR PROPERTIES","Financial Institutions","245987.0","245735.0","-252.0","0.05777","0.05796","0.00019","32.94","-8300.88","SELL","3","EPR-PE",2944,0.1,25.0,31.76,0.0
"2026-05-11","US70509V7047","70509V704","PEB-F","PEB","PEBBLEBROOK HOTEL TRUST","Financial Institutions","404228.0","403814.0","-414.0","0.05752","0.0578","0.00028","19.99","-8275.86","SELL","3","PEB-PF",11600,0.0,25.0,-20.04,0.0
"2026-05-11","US3137452005","313745200","FRT-C","FRT","FEDERAL REALTY INVESTMENT DEPOSITA","Financial Institutions","411725.0","411302.0","-423.0","0.05774","0.05761","-0.00013","19.56","-8273.88","SELL","3","FRT-PC",9886,0.0,25.0,-21.76,0.0
"2026-05-11","US64944P3073","64944P307","FLG","NYCB","NEW YORK COMMUNITY CAPITAL TRUST V","Financial Institutions","198973.0","198775.0","-198.0","0.05926","0.05934","8e-05","41.69","-8254.62","SELL","3","FLG",4768987,0.0,25.0,66.76,0.0
"2026-05-11","US5977423038","597742303","MSBI","MSBI","MIDLAND STATES BANCORP INC","Financial Institutions","315661.0","315337.0","-324.0","0.05742","0.05738","-4e-05","25.41","-8232.84","SELL","3","MSBI",161923,0.0,25.0,1.64,0.0
"2026-05-11","US8964426055","896442605","TRIN","TRIN","TRINITY CAPITAL INC","Financial Institutions","320131.0","319807.0","-324.0","0.05821","0.05819","-2e-05","25.41","-8232.84","SELL","3","TRIN",1237577,0.0,25.0,1.64,0.0
"2026-05-11","US28852N3070","28852N307","EFC-B","EFC","ELLINGTON FINANCIAL INC","Financial Institutions","330773.0","330440.0","-333.0","0.0584","0.05839","-1e-05","24.68","-8218.44","SELL","3","EFC-PB",7191,0.0,25.0,-1.28,0.0
"2026-05-11","BMG162582313","-","BEPUCN","BEPUCN","BROOKFIELD RENEWABLE PARTNERS LP","Utility","548425.0","547975.0","-450.0","0.07236","0.07161","-0.00075","18.25","-8212.5","SELL","3","","","",25.0,-27.0,""
"2026-05-11","US90187B8871","90187B887","TWO","TWO","TWO HARBORS INVESTMENT CORP","Financial Institutions","315643.0","315319.0","-324.0","0.05717","0.05721","4e-05","25.34","-8210.16","SELL","3","TWO",2875930,0.0,25.0,1.36,0.0
"2026-05-11","US6475513080","647551308","NMFC","NMFC","NEW MOUNTAIN FINANCE CORP","Financial Institutions","315642.0","315318.0","-324.0","0.05699","0.05699","0.0","25.24","-8177.76","SELL","3","NMFC",779957,0.0,25.0,0.96,0.0
"2026-05-11","US20786W5031","20786W503","CNOB-A","CNOB","CONNECTONE BANCORP INC","Financial Institutions","315660.0","315336.0","-324.0","0.05641","0.05641","0.0","24.98","-8093.52","SELL","3","","","",25.0,-0.08,""
"2026-05-11","US26817Q8785","26817Q878","DX-C","DX","DYNEX CAPITAL INC","Financial Institutions","306078.0","305763.0","-315.0","0.05647","0.05622","-0.00025","25.68","-8089.2","SELL","3","DX-PC",10149,0.0,25.0,2.72,0.0
"2026-05-11","US75574U8383","75574U838","RC","RC","READY CAPITAL CORP","Financial Institutions","356794.0","356434.0","-360.0","0.05728","0.0573","2e-05","22.45","-8082.0","SELL","3","RC",1507900,0.0,25.0,-10.2,0.0
"2026-05-11","US2635343070","263534307","CTVA","CTVA","E I DU PONT DE NEMOURS AND CO","Industrial","114790.0","114673.0","-117.0","0.05601","0.05597","-4e-05","68.16","-7974.72","SELL","3","CTVA",3759623,0.0,25.0,172.64,0.0
"2026-05-11","US2256552082","225655208","CCABDC","FCRX","CRESCENT CAPITAL BDC   NOTES DUE I","Financial Institutions","306364.0","306049.0","-315.0","0.05499","0.0552","0.00021","25.19","-7934.85","SELL","3","","","",25.0,0.76,""
"2026-05-11","US02665T8687","02665T868","AMH-H","AMH","AMERICAN HOMES 4 RENT","Financial Institutions","315663.0","315339.0","-324.0","0.05388","0.05433","0.00045","24.06","-7795.44","SELL","3","AMH-PH",7275,0.0,25.0,-3.76,0.0
"2026-05-11","US64828T3005","64828T300","RITM-A","RITM","NEW RESIDENTIAL INVESTMENT CORP","Financial Institutions","300557.0","300251.0","-306.0","0.05427","0.05437","0.0001","25.29","-7738.74","SELL","3","RITM-PA",17628,0.0,25.0,1.16,0.0
"2026-05-11","US70931T3014","70931T301","PMT-A","PMT","PENNYMAC MORTGAGE INVESTMENT TRUST","Financial Institutions","328377.0","328044.0","-333.0","0.05455","0.05456","1e-05","23.23","-7735.59","SELL","3","PMT-PA",6157,0.1,25.0,-7.08,0.71
"2026-05-11","US0605055914","060505591","BAC","BAC","BANK OF AMERICA DEPOSITORY SHARES","Financial Institutions","371681.0","371303.0","-378.0","0.05403","0.05413","0.0001","20.36","-7696.08","SELL","3","BAC",33424160,0.0,25.0,-18.56,0.0
"2026-05-11","US12621E3018","12621E301","CNO","CNO","CNO FINANCIAL GROUP INC","Financial Institutions","411689.0","411266.0","-423.0","0.05349","0.0533","-0.00019","18.1","-7656.3","SELL","3","CNO",681130,0.0,25.0,-27.6,0.0
"2026-05-11","US70931T8062","70931T806","PMT","PMT","PENNYMAC MORTGAGE INVESTMENT TRUST","Financial Institutions","288208.0","287911.0","-297.0","0.05292","0.05292","0.0","25.67","-7623.99","SELL","3","PMT",1178383,0.0,25.0,2.68,0.0
"2026-05-11","US74460W4877","74460W487","PSA-O","PSA","PUBLIC STORAGE","Financial Institutions","485380.0","484885.0","-495.0","0.05359","0.05337","-0.00022","15.37","-7608.15","SELL","3","PSA-PO",19088,0.0,25.0,-38.52,0.0
"2026-05-11","US3205178656","320517865","FHN-F","FHN","FIRST HORIZON CORP (TENNESSEE)","Financial Institutions","411689.0","411266.0","-423.0","0.05293","0.05271","-0.00022","17.9","-7571.7","SELL","3","FHN-PF",10522,0.0,25.0,-28.4,0.0
"2026-05-11","US68003D2045","68003D204","ONB-A","ONB","OLD NATIONAL BANCORP","Financial Institutions","296446.0","296140.0","-306.0","0.05237","0.05244","7e-05","24.73","-7567.38","SELL","3","","","",25.0,-1.08,""
"2026-05-11","KYG3730V1398","-","FTAI-C","FTAI","FTAI AVIATION   FIXED RATE RESET C","Industrial","288244.0","287947.0","-297.0","0.0524","0.05237","-3e-05","25.4","-7543.8","SELL","3","","","",25.0,1.6,""
"2026-05-11","US0259328070","025932807","AFG","AFG","AMERICAN FINANCIAL GROUP INC","Financial Institutions","343108.0","342757.0","-351.0","0.05263","0.0526","-3e-05","21.43","-7521.93","SELL","3","AFG",484033,0.0,25.0,-14.28,0.0
"2026-05-11","US7588498896","758849889","REG-A","REG","REGENCY CENTERS   SERIES A CUMULAT","Financial Institutions","315661.0","315337.0","-324.0","0.05289","0.05241","-0.00048","23.21","-7520.04","SELL","3","","","",25.0,-7.16,""
"2026-05-11","US7588498714","758849871","REG-B","REG","REGENCY CENTERS   SERIES B CUMULAT","Financial Institutions","328377.0","328044.0","-333.0","0.05192","0.05304","0.00112","22.58","-7519.14","SELL","3","","","",25.0,-9.68,""
"2026-05-11","US80349A8027","80349A802","SAR","SAR","SARATOGA INVESTMENT CORP","Financial Institutions","289571.0","289274.0","-297.0","0.05199","0.05201","2e-05","25.11","-7457.67","SELL","3","SAR",112463,0.0,25.0,0.44,0.0
"2026-05-11","US02665T8760","02665T876","AMH-G","AMH","AMERICAN HOMES 4 RENT","Financial Institutions","315661.0","315337.0","-324.0","0.05218","0.05181","-0.00037","22.95","-7435.8","SELL","3","AMH-PG",3540,0.1,25.0,-8.2,0.82
"2026-05-11","US22948Q2003","22948Q200","CTO-A","CTO","CTO REALTY GROWTH INC","Financial Institutions","336447.0","336105.0","-342.0","0.05257","0.05232","-0.00025","21.74","-7435.08","SELL","3","CTO-PA",2200,0.2,25.0,-13.04,2.61
"2026-05-11","US3793784097","379378409","GNL-B","GNL","GLOBAL NET LEASE INC","Financial Institutions","335173.0","334831.0","-342.0","0.05184","0.05179","-5e-05","21.6","-7387.2","SELL","3","GNL-PB",7751,0.0,25.0,-13.6,0.0
"2026-05-11","US25432X2018","25432X201","DCOM","DCOM","DIME COMMUNITY BANCSHARES CUMULATI","Financial Institutions","378284.0","377897.0","-387.0","0.05207","0.05133","-0.00074","18.97","-7341.39","SELL","3","DCOM",307583,0.0,25.0,-24.12,0.0
"2026-05-11","US53803X4025","53803X402","LOB-A","LOB","LIVE OAK BANCSHARES INC","Financial Institutions","285548.0","285260.0","-288.0","0.0518","0.05172","-8e-05","25.32","-7292.16","SELL","3","LOB-PA",9494,0.0,25.0,1.28,0.0
"2026-05-11","US2298993070","229899307","CFR-B","CFR","CULLEN FROST BANKERS DRC INC","Financial Institutions","411689.0","411266.0","-423.0","0.05064","0.05045","-0.00019","17.13","-7245.99","SELL","3","CFR-PB",12430,0.0,25.0,-31.48,0.0
"2026-05-11","US9197943056","919794305","VLY-B","VLY","VALLEY NATL NON CUM PERP PREF SERI","Financial Institutions","285548.0","285260.0","-288.0","0.05095","0.05123","0.00028","25.08","-7223.04","SELL","3","","","",25.0,0.32,""
"2026-05-11","US8043958797","804395879","BFS-E","BFS","SAUL CENTERS INC","Financial Institutions","314014.0","313699.0","-315.0","0.05187","0.05113","-0.00074","22.76","-7169.4","SELL","3","BFS-PE",5102,0.1,25.0,-8.96,0.9
"2026-05-11","US28852N4060","28852N406","EFC-C","EFC","ELLINGTON FINANCIAL INC","Financial Institutions","274478.0","274199.0","-279.0","0.05023","0.05024","1e-05","25.59","-7139.61","SELL","3","EFC-PC",4015,0.1,25.0,2.36,0.0
"2026-05-11","US16208T2015","16208T201","CLDT-A","CLDT","CHATHAM LODGING TRUST","Financial Institutions","342615.0","342264.0","-351.0","0.05008","0.0498","-0.00028","20.32","-7132.32","SELL","3","CLDT-PA",10799,0.0,25.0,-18.72,0.0
"2026-05-11","US7580758578","758075857","RWT","RWT","REDWOOD TRUST INC","Financial Institutions","274460.0","274181.0","-279.0","0.05007","0.04987","-0.0002","25.4","-7086.6","SELL","3","RWT",1276150,0.0,25.0,1.6,0.0
"2026-05-11","US73317H2067","73317H206","BPOP","BPOP","POPULAR CAPITAL TRUST II","Financial Institutions","277285.0","277006.0","-279.0","0.05013","0.05024","0.00011","25.33","-7067.07","SELL","3","BPOP",503727,0.0,25.0,1.32,0.0
"2026-05-11","US6943082064","694308206","PCG-A","PCG","PACIFIC GAS & ELEC CO","Utility","300635.0","300329.0","-306.0","0.04898","0.04933","0.00035","22.94","-7019.64","SELL","3","PCG-PA",5361,0.1,25.0,-8.24,0.82
"2026-05-11","US00489Q3002","00489Q300","ACR-D","ACR","ACRES COMMERCIAL REALTY CORP","Financial Institutions","309289.0","308974.0","-315.0","0.04886","0.04887","1e-05","22.09","-6958.35","SELL","3","ACR-PD",5264,0.1,25.0,-11.64,1.16
"2026-05-11","US3131488278","313148827","AGMPP","FAMCA","FEDERAL AGRIC MTG NON CUMULATIVE P","Agency","285548.0","285260.0","-288.0","0.04948","0.04935","-0.00013","24.16","-6958.08","SELL","3","","","",25.0,-3.36,""
"2026-05-11","US29364P1030","29364P103","ETR","ETR","ENTERGY NEW ORLEANS INC","Utility","314013.0","313698.0","-315.0","0.0496","0.0496","0.0","22.08","-6955.2","SELL","3","ETR",3485770,0.0,25.0,-11.68,0.0
"2026-05-11","US20451Q2030","20451Q203","CODI-A","CODI","COMPASS DIVERSIFIED HOLDINGS","Financial Institutions","320920.0","320596.0","-324.0","0.04714","0.04775","0.00061","20.8","-6739.2","SELL","3","CODI-PA",8578,0.0,25.0,-16.8,0.0
"2026-05-11","US5290433094","529043309","LXP-C","LXP","LXP INDUSTRIAL TRUST","Financial Institutions","138112.0","137968.0","-144.0","0.04578","0.04571","-7e-05","46.27","-6662.88","SELL","3","LXP-PC",1985,0.1,25.0,85.08,0.0
"2026-05-11","US74348T5653","74348T565","PSEC-A","PSEC","PROSPECT CAPITAL CORP","Financial Institutions","360287.0","359918.0","-369.0","0.04681","0.04562","-0.00119","17.7","-6531.3","SELL","3","PSEC-PA",8262,0.0,25.0,-29.2,0.0
"2026-05-11","US3131488435","313148843","FAMCA","FAMCA","FEDERAL AGRICULTURAL MORTGAGE CORP","Agency","329335.0","329002.0","-333.0","0.0447","0.04474","4e-05","18.99","-6323.67","SELL","3","","","",25.0,-24.04,""
"2026-05-11","US74460W4463","74460W446","PSA-Q","PSA","PUBLIC STORAGE","Financial Institutions","394559.0","394154.0","-405.0","0.04401","0.0438","-0.00021","15.52","-6285.6","SELL","3","PSA-PQ",14521,0.0,25.0,-37.92,0.0
"2026-05-11","US14040H7742","14040H774","COF-K","COF","CAPITAL ONE FINANCIAL CORPORATION","Financial Institutions","343108.0","342757.0","-351.0","0.04355","0.04366","0.00011","17.79","-6244.29","SELL","3","COF-PK",9127,0.0,25.0,-28.84,0.0
"2026-05-11","US3131488351","313148835","FAMCA","FAMCA","FEDERAL AGRICULTURAL MORTGAGE   NO","Agency","343108.0","342757.0","-351.0","0.04337","0.04317","-0.0002","17.59","-6174.09","SELL","3","","","",25.0,-29.64,""
"2026-05-11","US9116847024","911684702","UZA","AD","UNITED STATES CELLULAR CORPORATION","Industrial","302192.0","301886.0","-306.0","0.04402","0.04358","-0.00044","20.16","-6168.96","SELL","3","","","",25.0,-19.36,""
"2026-05-11","US0454872047","045487204","ASB-E","ASB","ASSOCIATED BANC DEPOSITARY SHARES","Financial Institutions","285540.0","285252.0","-288.0","0.04335","0.04338","3e-05","21.24","-6117.12","SELL","3","ASB-PE",3271,0.1,25.0,-15.04,1.5
"2026-05-11","US70509V6056","70509V605","PEB-E","PEB","PEBBLEBROOK HOTEL TRUST","Financial Institutions","292630.0","292333.0","-297.0","0.04164","0.04187","0.00023","20.0","-5940.0","SELL","3","PEB-PE",17735,0.0,25.0,-20.0,0.0
"2026-05-11","US3131488682","313148868","FAMCA","FAMCA","FEDERAL AGRICULTURAL MORTGAGE CORP","Agency","274459.0","274180.0","-279.0","0.04057","0.04039","-0.00018","20.57","-5739.03","SELL","3","","","",25.0,-17.72,""
"2026-05-11","US80349A8514","80349A851","SAR","SAR","SARATOGA INVESTMENT CORP","Financial Institutions","274425.0","274200.0","-225.0","0.04984","0.05001","0.00017","25.47","-5730.75","SELL","3","SAR",112463,0.0,25.0,1.88,0.0
"2026-05-11","US0454874027","045487402","ASB-F","ASB","ASSOCIATED BANC-CORP","Financial Institutions","274460.0","274181.0","-279.0","0.04033","0.04027","-6e-05","20.51","-5722.29","SELL","3","ASB-PF",4985,0.1,25.0,-17.96,1.8
"2026-05-11","US3765468596","376546859","GAIN","GAIN","GLADSTONE INVESTMENT CORP","Financial Institutions","286150.0","285925.0","-225.0","0.05173","0.05188","0.00015","25.34","-5701.5","SELL","3","GAIN",334713,0.0,25.0,1.36,0.0
"2026-05-11","US55272X7066","55272X706","MFA","MFA","MFA FINANCIAL INC","Financial Institutions","329850.0","329625.0","-225.0","0.05925","0.05936","0.00011","25.15","-5658.75","SELL","3","MFA",1430127,0.0,25.0,0.6,0.0
"2026-05-11","US00489Q2012","00489Q201","ACR-C","ACR","ACRES COMMERCIAL REALTY .625 FIXED","Financial Institutions","328825.0","328600.0","-225.0","0.05907","0.05908","1e-05","25.11","-5649.75","SELL","3","ACR-PC",7545,0.0,25.0,0.44,0.0
"2026-05-11","US78163D4079","78163D407","RWAY","RWAY","RUNWAY GROWTH FINANCE","Financial Institutions","274425.0","274200.0","-225.0","0.0492","0.04916","-4e-05","25.04","-5634.0","SELL","3","RWAY",722297,0.0,25.0,0.16,0.0
"2026-05-11","US56029Q4082","56029Q408","MHLD","MHLD","MAIDEN HOLDINGS NORTH AMERICA LTD","Financial Institutions","418532.0","418109.0","-423.0","0.04115","0.03985","-0.0013","13.31","-5630.13","SELL","3","","","",25.0,-46.76,""
"2026-05-11","US9116848840","911684884","UZC","AD","UNITED STATES CELLULAR CORPORATION","Industrial","298512.0","298206.0","-306.0","0.03879","0.03869","-0.0001","18.12","-5544.72","SELL","3","","","",25.0,-27.52,""
"2026-05-11","US8660827044","866082704","INN-F","INN","SUMMIT HOTEL PROPERTIES INC","Financial Institutions","285556.0","285268.0","-288.0","0.03608","0.03575","-0.00033","17.5","-5040.0","SELL","3","INN-PF",4711,0.1,25.0,-30.0,3.0
"2026-05-11","US8678928040","867892804","SHO-H","SHO","SUNSTONE HOTEL INVESTORS INC","Financial Institutions","311836.0","311611.0","-225.0","0.04832","0.04759","-0.00073","21.33","-4799.25","SELL","3","SHO-PH",12395,0.0,25.0,-14.68,0.0
"2026-05-11","US5835432023","583543202","SLNH-A","SLNH","SOLUNA HOLDINGS INC","Industrial","374538.0","374088.0","-450.0","0.02611","0.02596","-0.00015","9.69","-4360.5","SELL","3","","","",25.0,-61.24,""
"2026-05-11","US75574U8870","75574U887","RC-E","RC","READY CAPITAL CORP","Financial Institutions","315625.0","315301.0","-324.0","0.03069","0.02994","-0.00075","13.26","-4296.24","SELL","3","RC-PE",10602,0.0,25.0,-46.96,0.0
"2026-05-11","US5602923022","560292302","MHLD","MHLD","MAIDEN HOLDINGS LTD","Financial Institutions","324085.0","323752.0","-333.0","0.02901","0.02905","4e-05","12.53","-4172.49","SELL","3","","","",25.0,-49.88,""
"2026-05-11","US10482B2007","10482B200","BHR-B","BHR","BRAEMAR HOTEL & RESORTS INC","Financial Institutions","225307.0","225082.0","-225.0","0.02423","0.02418","-5e-05","15.0","-3375.0","SELL","3","BHR-PB",7646,0.0,25.0,-40.0,0.0
"2026-05-11","US7443208050","744320805","PRU","PRU","PRUDENTIAL FINANCIAL INC","Financial Institutions","1560818.0","1560818.0","0.0","0.25637","0.25672","0.00035","22.97","0.0","UNCHANGED","3","","","","","",""
"2026-05-11","US05461T3059","05461T305","AXS-E","AXS","AXIS CAPITAL HOLDINGS LTD","Financial Institutions","1507574.0","1507574.0","0.0","0.21259","0.21256","-3e-05","19.69","0.0","UNCHANGED","3","","","","","",""
"2026-05-11","US0389238686","038923868","ABR-E","ABR","ARBOR REALTY TRUST INC","Financial Institutions","394047.0","394047.0","0.0","0.04765","0.0474","-0.00025","16.8","0.0","UNCHANGED","3","","","","","",""
"2026-05-11","US5341878859","534187885","LNC-D","LNC","LINCOLN NATIONAL CORPORATION","Financial Institutions","1370485.0","1370485.0","0.0","0.26078","0.26183","0.00105","26.68","0.0","UNCHANGED","3","","","","","",""
"2026-05-11","US0389238769","038923876","ABR-D","ABR","ARBOR REALTY TRUST INC","Financial Institutions","630421.0","630421.0","0.0","0.07677","0.07611","-0.00066","16.86","0.0","UNCHANGED","3","","","","","",""
"2026-05-11","US06417N2027","06417N202","OZK-A","OZK","BANK OZK","Financial Institutions","959353.0","959353.0","0.0","0.11388","0.11369","-0.00019","16.55","0.0","UNCHANGED","3","","","","","",""
"2026-05-11","US46817M2061","46817M206","JXN","JXN","JACKSON FINANCIAL INC","Financial Institutions","1507574.0","1507574.0","0.0","0.2818","0.28262","0.00082","26.18","0.0","UNCHANGED","3","","","","","",""
"2026-05-11","US9388243076","938824307","WAFD-A","WAFD","WASHINGTON FEDERAL INC","Financial Institutions","822331.0","822331.0","0.0","0.09797","0.09875","0.00078","16.77","0.0","UNCHANGED","3","","","","","",""
"2026-05-11","US0625403078","062540307","BOH","BOH","BANK OF HAWAII CORP","Financial Institutions","452299.0","452299.0","0.0","0.08594","0.08609","0.00015","26.58","0.0","UNCHANGED","3","","","","","",""
"2026-05-11","US7244795065","724479506","PBI","PBI","PITNEY BOWES INC","Industrial","957402.0","957402.0","0.0","0.14576","0.14808","0.00232","21.6","0.0","UNCHANGED","3","","","","","",""
"2026-05-11","US0625452075","062545207","BOH-A","BOH","BANK OF HAWAII CORP","Financial Institutions","493399.0","493399.0","0.0","0.05723","0.05734","0.00011","16.23","0.0","UNCHANGED","3","","","","","",""
"2026-05-11","US29452E4089","29452E408","EQH-C","EQH","EQUITABLE HOLDINGS INC","Financial Institutions","822331.0","822331.0","0.0","0.09656","0.09651","-5e-05","16.39","0.0","UNCHANGED","3","","","","","",""
"2026-05-11","US74913G8731","74913G873","CTL","CTL","QWEST CORP","Industrial","1818042.0","1818042.0","0.0","0.25416","0.25451","0.00035","19.55","0.0","UNCHANGED","3","","","","","",""
"2026-05-11","US0389238504","038923850","ABR-F","ABR","ARBOR REALTY TRUST INC","Financial Institutions","777196.0","777196.0","0.0","0.12994","0.12939","-0.00055","23.25","0.0","UNCHANGED","3","","","","","",""
"2026-05-11","US29452E2000","29452E200","EQH-A","EQH","EQUITABLE HLDNGS  DRC REPRESENTING","Financial Institutions","2192816.0","2192816.0","0.0","0.31345","0.31451","0.00106","20.03","0.0","UNCHANGED","3","","","","","",""
"2026-05-11","US17259U4022","17259U402","CION","CICC","CION INVESTMENT   NOTES DUE CORP","Financial Institutions","342655.0","342655.0","0.0","0.06135","0.06146","0.00011","25.05","0.0","UNCHANGED","3","","","","","",""
"2026-05-11","US3765493099","376549309","LAND-B","LAND","GLADSTONE LAND CORP","Financial Institutions","400235.0","400235.0","0.0","0.06087","0.06119","0.00032","21.35","0.0","UNCHANGED","3","","","","","",""
"2026-05-11","US78442P5026","78442P502","SLM-B","SLM","SLM CORP","Financial Institutions","172068.0","172068.0","0.0","0.09217","0.09227","0.0001","74.89","0.0","UNCHANGED","3","","","","","",""
"2026-05-11","US7443208704","744320870","PRU","PRU","PRUDENTIAL FINANCIAL INC","Financial Institutions","828782.0","828782.0","0.0","0.14141","0.14154","0.00013","23.85","0.0","UNCHANGED","3","","","","","",""
"2026-05-11","US3602713089","360271308","FULT-A","FULT","FULTON FINANCIAL CORPORATION","Financial Institutions","548221.0","548221.0","0.0","0.07186","0.0718","-6e-05","18.29","0.0","UNCHANGED","3","","","","","",""
"2026-05-11","US7443208886","744320888","PRU","PRU","PRUDENTIAL FINANCIAL INC","Financial Institutions","1381235.0","1381235.0","0.0","0.16761","0.16814","0.00053","17.0","0.0","UNCHANGED","3","","","","","",""
"2026-05-11","US74913G8814","74913G881","CTL","CTL","QWEST CORP","Industrial","2691284.0","2691284.0","0.0","0.37335","0.37386","0.00051","19.4","0.0","UNCHANGED","3","","","","","",""
"2026-05-11","US34988VAF31","34988VAF3","FOSL","FOSL","FOSSIL GROUP INC","Industrial","1174925.0","1174925.0","0.0","0.00809","0.00803","-6e-05","94.26","0.0","UNCHANGED","3","","","","","",""
