"date","isin","cusip","ticker","ticker_raw","name","sector","prior_shares","today_shares","shares_delta","prior_weight","today_weight","weight_delta","price","dollar_flow","flow_type","gap_days","yahoo_ticker","adv_30d","overhang_days","par_value","price_vs_par_pct","signal_score"
"2026-05-04","-","-","USD","USD","USD CASH","Cash and/or Derivatives","-62932676.0","-59262993.0","3669683.0","-0.4534","-0.42951","0.02389","100.0","366968300.0","UNCHANGED","3","","","","","",""
"2026-05-04","US0970232049","097023204","BA","BA","BOEING CO","Industrial","7933371.0","7911891.0","-21480.0","4.12156","4.03342","-0.08814","70.34","-1510903.2","SELL","3","BA",6828637,0.0,25.0,181.36,0.0
"2026-05-04","US68389X2045","68389X204","ORCL-D","ORCL","ORACLE CORPORATION","Industrial","6898300.0","6879100.0","-19200.0","2.54659","2.66783","0.12124","53.51","-1027392.0","SELL","3","ORCL-PD",1305149,0.0,25.0,114.04,0.0
"2026-05-04","US5949728530","594972853","STRC","MSTR","STRATEGY INC","Industrial","3466252.0","3456868.0","-9384.0","2.49379","2.50413","0.01034","99.95","-937930.8","SELL","3","STRC",3226277,0.0,25.0,299.8,0.0
"2026-05-04","US9497468044","949746804","WFC-L","WFC","WELLS FARGO & COMPANY SERIES L","Financial Institutions","270345.0","269601.0","-744.0","2.32363","2.31392","-0.00971","1184.23","-881067.12","SELL","3","WFC-PL",11024,0.1,1000.0,18.42,0.0
"2026-05-04","US0126532003","012653200","ALB","ALB","ALBEMARLE CORP","Industrial","3173360.0","3164768.0","-8592.0","1.7714","1.75031","-0.02109","76.31","-655655.52","SELL","3","ALB",2029817,0.0,25.0,205.24,0.0
"2026-05-04","US0605056821","060505682","BAC-L","BAC","BANK OF AMERICA CORP","Financial Institutions","151517.0","151109.0","-408.0","1.33614","1.33354","-0.0026","1217.66","-496805.28","SELL","3","BAC-PL",10575,0.0,1000.0,21.77,0.0
"2026-05-04","US1730802014","173080201","C","C","CITIGROUP CAPITAL XIII","Financial Institutions","6197632.0","6180832.0","-16800.0","1.31319","1.317","0.00381","29.4","-493920.0","SELL","3","C",13090230,0.0,25.0,17.6,0.0
"2026-05-04","US5950173022","595017302","MCHP","MCHP","MICROCHIP TECHNOLOGY INCORPORATED","Industrial","2048895.0","2043351.0","-5544.0","1.17501","1.19526","0.02025","80.71","-447456.24","SELL","3","MCHP",8956007,0.0,25.0,222.84,0.0
"2026-05-04","US65339F6557","65339F655","NEE-V","NEE","NEXTERA ENERGY INC","Utility","3173350.0","3164758.0","-8592.0","1.18497","1.18044","-0.00453","51.47","-442230.24","SELL","3","NEE-PV",688275,0.0,25.0,105.88,0.0
"2026-05-04","US42824C2089","42824C208","HPE-A","HPE","HEWLETT PACKARD ENTERPRISE CONV PR","Industrial","2069557.0","2063941.0","-5616.0","1.13855","1.15121","0.01266","76.96","-432207.36","SELL","3","","","",25.0,207.84,""
"2026-05-04","US65339F6631","65339F663","NEE-S","NEE","NEXTERA ENERGY UNITS INC","Utility","2759439.0","2751975.0","-7464.0","1.15745","1.15183","-0.00562","57.75","-431046.0","SELL","3","NEE-PS",84221,0.1,25.0,131.0,0.0
"2026-05-04","US48251W5004","48251W500","KKR-D","KKR","KKR & CO INC","Financial Institutions","3570011.0","3560339.0","-9672.0","1.14481","1.13433","-0.01048","43.96","-425181.12","SELL","3","KKR-PD",402144,0.0,25.0,75.84,0.0
"2026-05-04","US8425878423","842587842","SO-A","SO","SOUTHERN COMPANY (THE)","Utility","2759439.0","2751975.0","-7464.0","1.0322","1.03016","-0.00204","51.65","-385515.6","SELL","3","SOPA",2400640,0.0,25.0,106.6,0.0
"2026-05-04","US03769M3043","03769M304","APO","APO","APOLLO GLOBAL MANAGEMENT INC","Financial Institutions","1983292.0","1977916.0","-5376.0","0.95077","0.9507","-7e-05","66.32","-356536.32","SELL","3","APO",4684990,0.0,25.0,165.28,0.0
"2026-05-04","US48128B6487","48128B648","JPM-EE","JPM","JPMORGAN CHASE & CO","Financial Institutions","5104946.0","5091122.0","-13824.0","0.93345","0.92135","-0.0121","24.97","-345185.28","SELL","3","","","",25.0,-0.12,""
"2026-05-04","US48128B6552","48128B655","JPM-DD","JPM","JPMORGAN CHASE & CO","Financial Institutions","4680655.0","4667983.0","-12672.0","0.83799","0.82346","-0.01453","24.34","-308436.48","SELL","3","","","",25.0,-2.64,""
"2026-05-04","US65339F1194","65339F119","NEE-T","NEE","NEXTERA ENERGY UNITS INC","Utility","2069557.0","2063941.0","-5616.0","0.79695","0.78398","-0.01297","52.41","-294334.56","SELL","3","NEE-PT",95719,0.1,25.0,109.64,0.0
"2026-05-04","US94988U1512","94988U151","WFC-Z","WFC","WELLS FARGO & COMPANY","Financial Institutions","5533529.0","5518529.0","-15000.0","0.75866","0.75752","-0.00114","18.94","-284100.0","SELL","3","WFC-PZ",140854,0.1,25.0,-24.24,2.42
"2026-05-04","US48128B5232","48128B523","JPM-MM","JPM","JPMORGAN CHASE AND CO DS REPSTG  T","Financial Institutions","5518868.0","5503916.0","-14952.0","0.7153","0.70605","-0.00925","17.7","-264650.4","SELL","3","","","",25.0,-29.2,""
"2026-05-04","US10950A2050","10950A205","BTSG","BTSG","BRIGHTSPRING HEALTH SERVICES UNITS","Industrial","551901.0","550413.0","-1488.0","0.69439","0.70763","0.01324","177.39","-263956.32","SELL","3","BTSG",2445020,0.0,1000.0,-82.26,0.0
"2026-05-04","US48128B5497","48128B549","JPM-LL","JPM","JPMORGAN CHASE NON-CUMULATIVE PREF","Financial Institutions","5104947.0","5091123.0","-13824.0","0.71498","0.70328","-0.0117","19.06","-263485.44","SELL","3","","","",25.0,-23.76,""
"2026-05-04","US69331C3060","69331C306","PCG-A","PCG","PG&E CORPORATION","Utility","2221358.0","2215334.0","-6024.0","0.66608","0.65732","-0.00876","40.94","-246622.56","SELL","3","PCG-PA",5781,1.0,25.0,63.76,0.0
"2026-05-04","US00206R7061","00206R706","T-C","T","AT&T INC","Industrial","4828996.0","4815916.0","-13080.0","0.65407","0.65444","0.00037","18.75","-245250.0","SELL","3","T-PC",185140,0.1,25.0,-25.0,2.5
"2026-05-04","US5949728795","594972879","STRF","MSTR","STRATEGY INC","Industrial","885755.0","883355.0","-2400.0","0.64453","0.64566","0.00113","100.85","-242040.0","SELL","3","STRF",111483,0.0,1000.0,-89.92,0.0
"2026-05-04","US03990B3096","03990B309","ARES-B","ARES","ARES MANAGEMENT CORP","Financial Institutions","2069557.0","2063941.0","-5616.0","0.59283","0.59879","0.00596","40.03","-224808.48","SELL","3","ARES-PB",311328,0.0,25.0,60.12,0.0
"2026-05-04","US69351T8669","69351T866","PPL","PPL","PPL CORPORATION","Utility","1586844.0","1582548.0","-4296.0","0.56568","0.5705","0.00482","49.74","-213683.04","SELL","3","PPL",6732340,0.0,25.0,98.96,0.0
"2026-05-04","US00206R3003","00206R300","T","T","AT&T INC","Industrial","3649366.0","3639478.0","-9888.0","0.56765","0.56949","0.00184","21.59","-213481.92","SELL","3","T",41953437,0.0,25.0,-13.64,0.0
"2026-05-04","US14040H8245","14040H824","COF-I","COF","CAPITAL ONE FINANCIAL CORPORATION","Financial Institutions","4139190.0","4127982.0","-11208.0","0.56839","0.56664","-0.00175","18.94","-212279.52","SELL","3","COF-PI",97888,0.1,25.0,-24.24,2.42
"2026-05-04","US48128B5802","48128B580","JPM-JJ","JPM","JPMORGAN CHASE DRC","Financial Institutions","4139124.0","4127916.0","-11208.0","0.57136","0.56185","-0.00951","18.78","-210486.24","SELL","3","","","",25.0,-24.88,""
"2026-05-04","US5949728613","594972861","STRD","MSTR","STRATEGY INC","Industrial","967451.0","964835.0","-2616.0","0.53802","0.54012","0.0021","77.24","-202059.84","SELL","3","STRD",83947,0.0,25.0,208.96,0.0
"2026-05-04","US38144G8042","38144G804","GS-D","GS","GOLDMAN SACHS GROUP INC","Financial Institutions","3725125.0","3715045.0","-10080.0","0.51099","0.51104","5e-05","18.98","-191318.4","SELL","3","GS-PD",176557,0.1,25.0,-24.08,2.41
"2026-05-04","US61762V8384","61762V838","MS-Q","MS","MORGAN STANLEY","Financial Institutions","2759439.0","2751975.0","-7464.0","0.50795","0.5082","0.00025","25.48","-190182.72","SELL","3","MS-PQ",62503,0.1,25.0,1.92,0.0
"2026-05-04","US61762V8533","61762V853","MS-P","MS","MORGAN STANLEY","Financial Institutions","2759439.0","2751975.0","-7464.0","0.50119","0.50182","0.00063","25.16","-187794.24","SELL","3","MS-PP",69023,0.1,25.0,0.64,0.0
"2026-05-04","US61761J4067","61761J406","MS-I","MS","MORGAN STANLEY DS REPRESENTING   F","Financial Institutions","2759438.0","2751974.0","-7464.0","0.4988","0.49956","0.00076","25.05","-186973.2","SELL","3","MS-PI",67305,0.1,25.0,0.2,0.0
"2026-05-04","US5949728878","594972887","STRK","MSTR","STRATEGY INC","Industrial","967348.0","964948.0","-2400.0","0.55539","0.54409","-0.0113","77.8","-186720.0","SELL","3","STRK",144153,0.0,25.0,211.2,0.0
"2026-05-04","US26441C5013","26441C501","DUK-A","DUK","DUKE ENERGY CORP","Utility","2759439.0","2751975.0","-7464.0","0.49602","0.49783","0.00181","24.96","-186301.44","SELL","3","DUK-PA",78960,0.1,25.0,-0.16,0.02
"2026-05-04","US61762V6065","61762V606","MS-K","MS","MORGAN STANLEY","Financial Institutions","2759438.0","2751974.0","-7464.0","0.4823","0.48267","0.00037","24.2","-180628.8","SELL","3","MS-PK",58256,0.1,25.0,-3.2,0.32
"2026-05-04","US00206R5081","00206R508","T-A","T","AT&T INC","Industrial","3311340.0","3302364.0","-8976.0","0.4769","0.47701","0.00011","19.93","-178891.68","SELL","3","T-PA",92354,0.1,25.0,-20.28,2.03
"2026-05-04","US0605052291","060505229","BAC-GG","BAC","BANK OF AMERICA CORP","Financial Institutions","2637918.0","2630766.0","-7152.0","0.47494","0.4759","0.00096","24.96","-178513.92","SELL","3","","","",25.0,-0.16,""
"2026-05-04","US0200028381","020002838","ALL-H","ALL","ALLSTATE CORPORATION (THE)","Financial Institutions","3173360.0","3164768.0","-8592.0","0.476","0.47365","-0.00235","20.65","-177424.8","SELL","3","ALL-PH",83869,0.1,25.0,-17.4,1.74
"2026-05-04","US14040H7825","14040H782","COF-J","COF","CAPITAL ONE FINANCIAL CORPORATION","Financial Institutions","3449311.0","3439975.0","-9336.0","0.45328","0.4525","-0.00078","18.15","-169448.4","SELL","3","COF-PJ",94793,0.1,25.0,-27.4,2.74
"2026-05-04","US61762V8616","61762V861","MS-O","MS","MORGAN STANLEY","Financial Institutions","3587223.0","3577503.0","-9720.0","0.44866","0.44726","-0.0014","17.25","-167670.0","SELL","3","MS-PO",79433,0.1,25.0,-31.0,3.1
"2026-05-04","US65339K8374","65339K837","NEE-U","NEE","NEXTERA ENERGY CAPITAL HOLDINGS IN","Utility","2414475.0","2407875.0","-6600.0","0.44427","0.43977","-0.0045","25.2","-166320.0","SELL","3","","","",25.0,0.8,""
"2026-05-04","US06053U6010","06053U601","BAC-KK","BAC","BANK AMER DS REPRESENTING   NON CU","Financial Institutions","2766486.0","2758998.0","-7488.0","0.43909","0.43791","-0.00118","21.9","-163987.2","SELL","3","","","",25.0,-12.4,""
"2026-05-04","US94988U1280","94988U128","WFC-AA","WFC","WELLS FARGO & COMPANY","Financial Institutions","3217080.0","3208368.0","-8712.0","0.43922","0.43715","-0.00207","18.8","-163785.6","SELL","3","","","",25.0,-24.8,""
"2026-05-04","US61762V2007","61762V200","MS-E","MS","MORGAN STANLEY","Financial Institutions","2379953.0","2373497.0","-6456.0","0.43535","0.43607","0.00072","25.35","-163659.6","SELL","3","MS-PE",68446,0.1,25.0,1.4,0.0
"2026-05-04","US98389B8789","98389B878","XEL","XEL","XCEL ENERGY INC","Utility","2483525.0","2476925.0","-6600.0","0.43658","0.43712","0.00054","24.35","-160710.0","SELL","3","XEL",4424173,0.0,25.0,-2.6,0.0
"2026-05-04","US61763E2072","61763E207","MS-F","MS","MORGAN STANLEY DS","Financial Institutions","2345507.0","2339147.0","-6360.0","0.42668","0.42756","0.00088","25.22","-160399.2","SELL","3","MS-PF",76907,0.1,25.0,0.88,0.0
"2026-05-04","US95002Y4008","95002Y400","WFC-DD","WFC","WELLS FARGO & COMPANY","Financial Institutions","3437061.0","3427749.0","-9312.0","0.42889","0.42705","-0.00184","17.19","-160073.28","SELL","3","","","",25.0,-31.24,""
"2026-05-04","US61747S5047","61747S504","MS","MS","MORGAN STANLEY","Financial Institutions","3035389.0","3027157.0","-8232.0","0.42469","0.42431","-0.00038","19.34","-159206.88","SELL","3","MS",6361427,0.0,25.0,-22.64,0.0
"2026-05-04","US04686J8615","04686J861","ATH-A","ATH","ATHENE HOLDING DS REPRESENTING   P","Financial Institutions","2380000.0","2373544.0","-6456.0","0.4177","0.41802","0.00032","24.3","-156880.8","SELL","3","ATH-PA",51044,0.1,25.0,-2.8,0.28
"2026-05-04","US1729672428","172967242","C-II","C","CITIGROUP INC","Financial Institutions","2207537.0","2201561.0","-5976.0","0.40445","0.404","-0.00045","25.32","-151312.32","SELL","3","CPII",323,18.5,25.0,1.28,0.0
"2026-05-04","US8425878001","842587800","SO","SO","SOUTHERN COMPANY (THE)","Utility","2759439.0","2751975.0","-7464.0","0.3994","0.3995","0.0001","20.03","-149503.92","SELL","3","SO",4535447,0.0,25.0,-19.88,0.0
"2026-05-04","US55261F8648","55261F864","MTB-J","MTB","M T BK DEP INT PERP PFD STK SER J","Financial Institutions","2069557.0","2063941.0","-5616.0","0.39691","0.39715","0.00024","26.55","-149104.8","SELL","3","MTB-PJ",48067,0.1,25.0,6.2,0.0
"2026-05-04","US0605051798","060505179","BAC-K","BAC","BANK OF AMERICA CORP","Financial Institutions","2099210.0","2093522.0","-5688.0","0.38974","0.39131","0.00157","25.79","-146693.52","SELL","3","BAC-PK",43066,0.1,25.0,3.16,0.0
"2026-05-04","US1167942077","116794207","BRKR","BRKR","BRUKER CORPORATION","Industrial","190432.0","189928.0","-504.0","0.40129","0.39988","-0.00141","290.5","-146412.0","SELL","3","BRKR",1988337,0.0,1000.0,-70.95,0.0
"2026-05-04","US59156R8503","59156R850","MET-F","MET","METLIFE INC","Financial Institutions","2759439.0","2751975.0","-7464.0","0.37972","0.38095","0.00123","19.1","-142562.4","SELL","3","MET-PF",101329,0.1,25.0,-23.6,2.36
"2026-05-04","US06055H2022","06055H202","BAC-LL","BAC","BANK OF AMERICA CORPORATION DEPOSI","Financial Institutions","2535706.0","2528842.0","-6864.0","0.37471","0.37426","-0.00045","20.42","-140162.88","SELL","3","","","",25.0,-18.32,""
"2026-05-04","US0357108705","035710870","NLY-F","NLY","ANNALY CAPITAL MANAGEMENT INC","Financial Institutions","1986819.0","1981443.0","-5376.0","0.37188","0.37294","0.00106","25.97","-139614.72","SELL","3","NLY-PF",56567,0.1,25.0,3.88,0.0
"2026-05-04","US8085136005","808513600","SCHW-D","SCHW","CHARLES SCHWAB CORPORATION (THE)","Financial Institutions","2069557.0","2063941.0","-5616.0","0.37022","0.37187","0.00165","24.86","-139613.76","SELL","3","SCHW-PD",63778,0.1,25.0,-0.56,0.06
"2026-05-04","US9029731554","902973155","USB-B","USB","US BANCORP","Financial Institutions","2759438.0","2751974.0","-7464.0","0.37336","0.37287","-0.00049","18.7","-139576.8","SELL","3","","","",25.0,-25.2,""
"2026-05-04","US7593518852","759351885","RGA","RGA","REINSURANCE GROUP OF AMERICA INCOR","Financial Institutions","1931508.0","1926108.0","-5400.0","0.35485","0.35541","0.00056","25.46","-137484.0","SELL","3","RGA",299527,0.0,25.0,1.84,0.0
"2026-05-04","US59156R8768","59156R876","MET-E","MET","METLIFE INC","Financial Institutions","2221358.0","2215334.0","-6024.0","0.36393","0.36479","0.00086","22.72","-136865.28","SELL","3","MET-PE",59181,0.1,25.0,-9.12,0.91
"2026-05-04","US95002Y2028","95002Y202","WFC-CC","WFC","WELLS FARGO & COMPANY","Financial Institutions","2887166.0","2879342.0","-7824.0","0.36661","0.36498","-0.00163","17.49","-136841.76","SELL","3","","","",25.0,-30.04,""
"2026-05-04","US00775V1044","00775V104","AEGON","AEGON","AEGON FUNDING CORPORATION II","Financial Institutions","2552473.0","2545561.0","-6912.0","0.36172","0.35994","-0.00178","19.51","-134853.12","SELL","3","","","",25.0,-21.96,""
"2026-05-04","CA67000B2030","67000B203","NOVTV","NOVT","NOVANTA TANGIBLE EQUITY UNITS INC","Industrial","872647.0","870295.0","-2352.0","0.35346","0.3547","0.00124","56.23","-132252.96","SELL","3","","","",25.0,124.92,""
"2026-05-04","US48128B6222","48128B622","JPM-GG","JPM","JPMORGAN CHASE & CO","Financial Institutions","2483488.0","2476768.0","-6720.0","0.35803","0.35327","-0.00476","19.68","-132249.6","SELL","3","","","",25.0,-21.28,""
"2026-05-04","US74913G8814","74913G881","CTL","CTL","QWEST CORP","Industrial","2697364.0","2690068.0","-7296.0","0.35349","0.35288","-0.00061","18.1","-132057.6","SELL","3","","","",25.0,-27.6,""
"2026-05-04","US89832Q6952","89832Q695","TFC-R","TFC","TRUIST FINANCIAL DRC CORP","Financial Institutions","2552473.0","2545561.0","-6912.0","0.34443","0.34481","0.00038","18.69","-129185.28","SELL","3","TFC-PR",73356,0.1,25.0,-25.24,2.52
"2026-05-04","US65339K8606","65339K860","NEE-N","NEE","NEXTERA ENERGY CAPITAL HOLDINGS IN","Utility","1897094.0","1891958.0","-5136.0","0.32748","0.32827","0.00079","23.94","-122955.84","SELL","3","","","",25.0,-4.24,""
"2026-05-04","US3453708378","345370837","F","F","FORD MOTOR COMPANY","Industrial","2207538.0","2201562.0","-5976.0","0.3289","0.32726","-0.00164","20.51","-122567.76","SELL","3","F",41825443,0.0,25.0,-17.96,0.0
"2026-05-04","US94988U6560","94988U656","WFC-Y","WFC","WELLS FARGO & COMPANY","Financial Institutions","1897322.0","1892186.0","-5136.0","0.32725","0.32666","-0.00059","23.82","-122339.52","SELL","3","WFC-PY",40117,0.1,25.0,-4.72,0.47
"2026-05-04","US8168516040","816851604","SRE","SRE","SEMPRA ENERGY","Utility","2090297.0","2084633.0","-5664.0","0.32529","0.32574","0.00045","21.56","-122115.84","SELL","3","SRE",3415987,0.0,25.0,-13.76,0.0
"2026-05-04","US3453708451","345370845","F","F","FORD MOTOR COMPANY","Industrial","2069557.0","2063941.0","-5616.0","0.3158","0.31428","-0.00152","21.01","-117992.16","SELL","3","F",41825443,0.0,25.0,-15.96,0.0
"2026-05-04","US0200027888","020002788","ALL-J","ALL","ALLSTATE DEP REPSTG  TH NON CUM PE","Financial Institutions","1655636.0","1651148.0","-4488.0","0.3118","0.31221","0.00041","26.09","-117091.92","SELL","3","ALL-PJ",44972,0.1,25.0,4.36,0.0
"2026-05-04","US06055H8060","06055H806","BAC-QQ","BAC","BANK OF AMERICA CORP","Financial Institutions","2521130.0","2514290.0","-6840.0","0.31024","0.30978","-0.00046","17.0","-116280.0","SELL","3","","","",25.0,-32.0,""
"2026-05-04","US82846H5046","82846H504","QXO","QXO","QXO INC","Industrial","793357.0","791197.0","-2160.0","0.31477","0.3077","-0.00707","53.66","-115905.6","SELL","3","QXO",12391757,0.0,25.0,114.64,0.0
"2026-05-04","US03769M2052","03769M205","APO","APO","APOLLO GLOBAL MANAGEMENT INC","Financial Institutions","1655636.0","1651148.0","-4488.0","0.30751","0.30886","0.00135","25.81","-115835.28","SELL","3","APO",4684990,0.0,25.0,3.24,0.0
"2026-05-04","US65339K8291","65339K829","NEE-Z","NEE","NEXTERA ENERGY CAPITAL HOLDINGS IN","Utility","1658507.0","1654019.0","-4488.0","0.30087","0.30161","0.00074","25.16","-112918.08","SELL","3","","","",25.0,0.64,""
"2026-05-04","US4932678430","493267843","KEY","KEY","KEYCORP","Financial Institutions","1655636.0","1651148.0","-4488.0","0.29963","0.29965","2e-05","25.04","-112379.52","SELL","3","KEY",13424617,0.0,25.0,0.16,0.0
"2026-05-04","US0605051954","060505195","BAC-HH","BAC","BANK OF AMERICA DEP REPRESENTING","Financial Institutions","1652943.0","1648455.0","-4488.0","0.29653","0.29605","-0.00048","24.78","-111212.64","SELL","3","","","",25.0,-0.88,""
"2026-05-04","US48251W6093","48251W609","KKR-T","KKR","KKR & CO INC","Financial Institutions","1628054.0","1623638.0","-4416.0","0.29593","0.29619","0.00026","25.17","-111150.72","SELL","3","","","",25.0,0.68,""
"2026-05-04","US2333317921","233331792","DTE-H","DTE","DTE ENERGY COMPANY","Utility","1655636.0","1651148.0","-4488.0","0.29451","0.29522","0.00071","24.67","-110718.96","SELL","3","","","",25.0,-1.32,""
"2026-05-04","US87165B2025","87165B202","SYF-A","SYF","SYNCHRONY FINANCIAL","Financial Institutions","2069637.0","2064237.0","-5400.0","0.30582","0.30595","0.00013","20.45","-110430.0","SELL","3","SYF-PA",64295,0.1,25.0,-18.2,1.82
"2026-05-04","US1258968452","125896845","CMS","CMS","CMS ENERGY CORPORATION","Utility","1738452.0","1733748.0","-4704.0","0.29158","0.29215","0.00057","23.25","-109368.0","SELL","3","CMS",2741643,0.0,25.0,-7.0,0.0
"2026-05-04","US38143Y6656","38143Y665","GS-A","GS","GOLDMAN SACHS GROUP INC","Financial Institutions","2069489.0","2063873.0","-5616.0","0.28701","0.28749","0.00048","19.22","-107939.52","SELL","3","GS-PA",78570,0.1,25.0,-23.12,2.31
"2026-05-04","US04686J8383","04686J838","ATH","ATH","ATHENE HOLDING LTD","Financial Institutions","1586651.0","1582355.0","-4296.0","0.28749","0.28797","0.00048","25.11","-107872.56","SELL","3","","","",25.0,0.44,""
"2026-05-04","US8425878670","842587867","SO","SO","SOUTHERN COMPANY (THE)","Utility","1559069.0","1554845.0","-4224.0","0.28654","0.28713","0.00059","25.48","-107627.52","SELL","3","SO",4535447,0.0,25.0,1.92,0.0
"2026-05-04","US21871X2080","21871X208","CRBG","CRBG","COREBRIDGE FINANCIAL INC","Financial Institutions","1655636.0","1651148.0","-4488.0","0.28413","0.28589","0.00176","23.89","-107218.32","SELL","3","CRBG",5904710,0.0,25.0,-4.44,0.0
"2026-05-04","US00123Q8722","00123Q872","AGNC-F","AGNC","AGNC INVESTMENT CORP","Financial Institutions","1586651.0","1582355.0","-4296.0","0.28464","0.28533","0.00069","24.88","-106884.48","SELL","3","","","",25.0,-0.48,""
"2026-05-04","US12542R3084","12542R308","CHSINC","CHSINC","CHS CUMULATIVE REDEEMABLE PREF CLA","Industrial","1480392.0","1476384.0","-4008.0","0.27901","0.2796","0.00059","26.13","-104729.04","SELL","3","","","",25.0,4.52,""
"2026-05-04","US82452J3077","82452J307","FOUR","FOUR","SHIFT4 PAYMENTS INC","Industrial","689872.0","688000.0","-1872.0","0.28166","0.27674","-0.00492","55.5","-103896.0","SELL","3","FOUR",1969967,0.0,25.0,122.0,0.0
"2026-05-04","US7838922018","783892201","EIX-M","EIX","SCE TRUST VII","Utility","1517656.0","1513552.0","-4104.0","0.27477","0.27413","-0.00064","24.99","-102558.96","SELL","3","","","",25.0,-0.04,""
"2026-05-04","US8794337613","879433761","TDS-VV","TDS","TELEPHONE AND DATA SYSTEMS INC","Industrial","1904015.0","1898855.0","-5160.0","0.27067","0.27263","0.00196","19.81","-102219.6","SELL","3","","","",25.0,-20.76,""
"2026-05-04","US12542R8034","12542R803","CHSINC","CHSINC","CHS INC","Industrial","1428155.0","1424291.0","-3864.0","0.26464","0.26478","0.00014","25.65","-99111.6","SELL","3","","","",25.0,2.6,""
"2026-05-04","US06055H4002","06055H400","BAC-NN","BAC","BANK OF AMERICA CORP","Financial Institutions","2083984.0","2078344.0","-5640.0","0.26433","0.26435","2e-05","17.55","-98982.0","SELL","3","","","",25.0,-29.8,""
"2026-05-04","US3453708113","345370811","F","F","FORD MOTOR COMPANY","Industrial","1655651.0","1651163.0","-4488.0","0.2635","0.26375","0.00025","22.04","-98915.52","SELL","3","F",41825443,0.0,25.0,-11.84,0.0
"2026-05-04","US87165B4005","87165B400","SYF-B","SYF","SYNCHRONY FINANCIAL","Financial Institutions","1379839.0","1376095.0","-3744.0","0.26165","0.2624","0.00075","26.31","-98504.64","SELL","3","SYF-PB",53129,0.1,25.0,5.24,0.0
"2026-05-04","US05990K8412","05990K841","BANC-F","BANC","BANC OF CALIFORNIA INC","Financial Institutions","1410976.0","1407160.0","-3816.0","0.26115","0.26139","0.00024","25.63","-97804.08","SELL","3","BANC-PF",54268,0.1,25.0,2.52,0.0
"2026-05-04","US0200023093","020002309","ALL","ALL","ALLSTATE CORPORATION (THE)","Financial Institutions","1379888.0","1376144.0","-3744.0","0.25848","0.25892","0.00044","25.96","-97194.24","SELL","3","ALL",1366547,0.0,25.0,3.84,0.0
"2026-05-04","US8425878837","842587883","SO-C","SO","SOUTHERN COMPANY (THE)","Utility","2069869.0","2064253.0","-5616.0","0.25828","0.25792","-0.00036","17.24","-96819.84","SELL","3","","","",25.0,-31.04,""
"2026-05-04","US59156R5046","59156R504","MET-A","MET","METLIFE INC","Financial Institutions","1656059.0","1651571.0","-4488.0","0.25509","0.25663","0.00154","21.44","-96222.72","SELL","3","MET-PA",155988,0.0,25.0,-14.24,0.0
"2026-05-04","US7591EP8604","7591EP860","RF","RF","REGIONS FINANCIAL CORPORATION","Financial Institutions","1379965.0","1376221.0","-3744.0","0.25531","0.25614","0.00083","25.68","-96145.92","SELL","3","RF",11794747,0.0,25.0,2.72,0.0
"2026-05-04","US0640588457","64058845","BK-K","BK","BANK OF NEW YORK MELLON CORP/THE","Financial Institutions","1380021.0","1376277.0","-3744.0","0.25343","0.25465","0.00122","25.53","-95584.32","SELL","3","BK-PK",32317,0.1,25.0,2.12,0.0
"2026-05-04","US04686J5074","04686J507","ATH-E","ATH","ATHENE HLDG LTD DEP SHR REPSTG   I","Financial Institutions","1380033.0","1376289.0","-3744.0","0.25393","0.25436","0.00043","25.5","-95472.0","SELL","3","ATH-PE",69141,0.1,25.0,2.0,0.0
"2026-05-04","US9029737593","902973759","USB-K","USB","US BANCORP","Financial Institutions","1580781.0","1576509.0","-4272.0","0.25267","0.25297","0.0003","22.14","-94582.08","SELL","3","","","",25.0,-11.44,""
"2026-05-04","US4932677028","493267702","KEY-E","KEY","KEYCORP","Financial Institutions","1374562.0","1370842.0","-3720.0","0.24788","0.24868","0.0008","25.03","-93111.6","SELL","3","","","",25.0,0.12,""
"2026-05-04","US7591EP7044","7591EP704","RF-C","RF","REGIONS FINANCIAL CORPORATION","Financial Institutions","1380148.0","1376404.0","-3744.0","0.24371","0.2449","0.00119","24.55","-91915.2","SELL","3","RF-PC",41097,0.1,25.0,-1.8,0.18
"2026-05-04","US89832Q7455","89832Q745","TFC-O","TFC","TRUIST FINANCIAL PERPETUAL PREF SE","Financial Institutions","1587186.0","1582890.0","-4296.0","0.24608","0.24527","-0.00081","21.38","-91848.48","SELL","3","TFC-PO",41715,0.1,25.0,-14.48,1.45
"2026-05-04","US74913G8731","74913G873","CTL","CTL","QWEST CORP","Industrial","1822162.0","1817218.0","-4944.0","0.24405","0.24352","-0.00053","18.49","-91414.56","SELL","3","","","",25.0,-26.04,""
"2026-05-04","US12542R7044","12542R704","CHSINC","CHSINC","CHS RESET RATE CUMULATIVE REDEEMAB","Industrial","1359532.0","1355932.0","-3600.0","0.24409","0.24568","0.00159","25.0","-90000.0","SELL","3","","","",25.0,0.0,""
"2026-05-04","US55261F8499","55261F849","MTB-K","MTB","M&T BANK CORPORATION","Financial Institutions","1243050.0","1239450.0","-3600.0","0.22407","0.2243","0.00023","24.97","-89892.0","SELL","3","MTB-PK",49771,0.1,25.0,-0.12,0.01
"2026-05-04","US26441C4024","26441C402","DUK","DUK","DUKE ENERGY CORP","Utility","1380315.0","1376571.0","-3744.0","0.23927","0.23894","-0.00033","23.95","-89668.8","SELL","3","DUK",3650833,0.0,25.0,-4.2,0.0
"2026-05-04","US9029737189","902973718","USB-M","USB","US BANCORP","Financial Institutions","2070596.0","2064980.0","-5616.0","0.23719","0.23721","2e-05","15.85","-89013.6","SELL","3","","","",25.0,-36.6,""
"2026-05-04","US6494452021","649445202","FLG-A","FLG","NEW YORK COMMUNITY BANCORP INT FXD","Financial Institutions","1421896.0","1418056.0","-3840.0","0.23449","0.23618","0.00169","22.98","-88243.2","SELL","3","FLG-PA",141498,0.0,25.0,-8.08,0.0
"2026-05-04","US64828T7063","64828T706","RITM-D","RITM","NEW RESIDENTIAL INVESTMENT CORP","Financial Institutions","1278343.0","1274887.0","-3456.0","0.22859","0.2297","0.00111","24.86","-85916.16","SELL","3","RITM-PD",57606,0.1,25.0,-0.56,0.06
"2026-05-04","US9633202059","963320205","WHR-A","WHR","WHIRLPOOL CORPORATION","Industrial","793429.0","791269.0","-2160.0","0.23608","0.2267","-0.00938","39.53","-85384.8","SELL","3","WHR-PA",281465,0.0,25.0,58.12,0.0
"2026-05-04","US3167736053","316773605","FITB-I","FITB","FIFTH THIRD BANCORP DEPOSITARY SHA","Financial Institutions","1237154.0","1233794.0","-3360.0","0.22639","0.22677","0.00038","25.36","-85209.6","SELL","3","","","",25.0,1.44,""
"2026-05-04","US0357108473","035710847","NLY-I","NLY","ANNALY CAPITAL MANAGEMENT INC","Financial Institutions","1216485.0","1213197.0","-3288.0","0.22489","0.22536","0.00047","25.63","-84271.44","SELL","3","NLY-PI",101929,0.0,25.0,2.52,0.0
"2026-05-04","BMG1624R1079","-","BPY","BPY","BROOKFIELD PROPERTY PREFERRED PREF","Industrial","1844988.0","1839996.0","-4992.0","0.22251","0.22457","0.00206","16.84","-84065.28","SELL","3","","","",25.0,-32.64,""
"2026-05-04","US14040H7585","14040H758","COF-L","COF","CAPITAL ONE FINANCIAL CORPORATION","Financial Institutions","1864052.0","1859012.0","-5040.0","0.22428","0.22314","-0.00114","16.56","-83462.4","SELL","3","COF-PL",41344,0.1,25.0,-33.76,3.38
"2026-05-04","US8574778556","857477855","STT-G","STT","STATE STREET CORP","Financial Institutions","1374562.0","1370842.0","-3720.0","0.22074","0.22012","-0.00062","22.16","-82435.2","SELL","3","STT-PG",44638,0.1,25.0,-11.36,1.14
"2026-05-04","US8085138654","808513865","SCHW-J","SCHW","CHARLES SCHWAB CORPORATION (THE)","Financial Institutions","1657015.0","1652527.0","-4488.0","0.21847","0.21858","0.00011","18.25","-81906.0","SELL","3","SCHW-PJ",74852,0.1,25.0,-27.0,2.7
"2026-05-04","US0082528276","008252827","AMG","AMG","AFFILIATED MANAGERS GROUP INC.","Financial Institutions","1242935.0","1239575.0","-3360.0","0.21501","0.21489","-0.00012","23.92","-80371.2","SELL","3","AMG",367317,0.0,25.0,-4.32,0.0
"2026-05-04","US0357108622","035710862","NLY-G","NLY","ANNALY CAPITAL MANAGEMENT INC","Financial Institutions","1168393.0","1165225.0","-3168.0","0.21238","0.21281","0.00043","25.2","-79833.6","SELL","3","NLY-PG",27968,0.1,25.0,0.8,0.0
"2026-05-04","US06055H6080","06055H608","BAC-PP","BAC","BANK OF AMERICA DRC CORP","Financial Institutions","1761072.0","1756296.0","-4776.0","0.21265","0.21206","-0.00059","16.66","-79568.16","SELL","3","BAC-PP",45090,0.1,25.0,-33.36,3.34
"2026-05-04","US12542R5063","12542R506","CHSINC","CHSINC","CHS INC","Industrial","1160111.0","1156967.0","-3144.0","0.21113","0.21173","0.0006","25.25","-79386.0","SELL","3","","","",25.0,1.0,""
"2026-05-04","US97650W7020","97650W702","WTFC-F","WTFC","WINTRUST FINANCIAL CORPORATION","Financial Institutions","1173550.0","1170550.0","-3000.0","0.22346","0.22364","0.00018","26.36","-79080.0","SELL","3","","","",25.0,5.44,""
"2026-05-04","US9182842099","918284209","VSEC","VSEC","VSE CORP","Industrial","635912.0","634184.0","-1728.0","0.21157","0.20729","-0.00428","45.1","-77932.8","SELL","3","VSEC",780763,0.0,25.0,80.4,0.0
"2026-05-04","US1746106004","174610600","CFG-H","CFG","CITIZENS FINANCIAL GROUP INC","Financial Institutions","1105048.0","1102048.0","-3000.0","0.20636","0.20647","0.00011","25.85","-77550.0","SELL","3","CFG-PH",25129,0.1,25.0,3.4,0.0
"2026-05-04","US3167738372","316773837","FITBM","FITB","FIFTH THIRD BANCORP DEPOSITARY SHA","Financial Institutions","1105071.0","1102071.0","-3000.0","0.20549","0.20591","0.00042","25.78","-77340.0","SELL","3","FITBM",56703,0.1,25.0,3.12,0.0
"2026-05-04","US74460W5528","74460W552","PSA-L","PSA","PUBLIC STORAGE","Financial Institutions","1560781.0","1556557.0","-4224.0","0.20702","0.20622","-0.0008","18.28","-77214.72","SELL","3","PSA-PL",42097,0.1,25.0,-26.88,2.69
"2026-05-04","US00123Q8078","00123Q807","AGNC-E","AGNC","AGNC INVESTMENT CORP","Financial Institutions","1106521.0","1103521.0","-3000.0","0.20321","0.20354","0.00033","25.45","-76350.0","SELL","3","","","",25.0,1.8,""
"2026-05-04","US61762V8046","61762V804","MS-L","MS","MORGAN STANLEY","Financial Institutions","1381312.0","1377568.0","-3744.0","0.20361","0.20347","-0.00014","20.38","-76302.72","SELL","3","MS-PL",23839,0.2,25.0,-18.48,3.7
"2026-05-04","US7593518027","759351802","RGA","RGA","REINSURANCE GROUP OF AMERICA INCOR","Financial Institutions","1105190.0","1102190.0","-3000.0","0.20049","0.20146","0.00097","25.22","-75660.0","SELL","3","RGA",299527,0.0,25.0,0.88,0.0
"2026-05-04","US31959X4007","31959X400","FCNCA","FCNCA","FIRST CITIZENS BANCSHARES INC (DEL","Financial Institutions","1105206.0","1102206.0","-3000.0","0.20065","0.2013","0.00065","25.2","-75600.0","SELL","3","FCNCA",80883,0.0,25.0,0.8,0.0
"2026-05-04","US1746108083","174610808","CFG-I","CFG","CITIZENS FINANCIAL GROUP INC","Financial Institutions","1105184.0","1102184.0","-3000.0","0.20041","0.20026","-0.00015","25.07","-75210.0","SELL","3","CFG-PI",28845,0.1,25.0,0.28,0.0
"2026-05-04","US8726521029","872652102","TPG","TPG","TPG OPERATING GROUP II LP","Financial Institutions","1105252.0","1102252.0","-3000.0","0.19883","0.20004","0.00121","25.04","-75120.0","SELL","3","TPG",2972470,0.0,25.0,0.16,0.0
"2026-05-04","US9029738666","902973866","USB-A","USB","US BANCORP","Financial Institutions","39649.0","39553.0","-96.0","0.22446","0.22306","-0.0014","778.13","-74700.48","SELL","3","USB-PA",1322,0.1,1000.0,-22.19,2.22
"2026-05-04","US3205178409","320517840","FHN-H","FHN","FIRST HORIZON CORP","Financial Institutions","1102022.0","1099046.0","-2976.0","0.1992","0.19953","0.00033","25.05","-74548.8","SELL","3","FHN-PH",194808,0.0,25.0,0.2,0.0
"2026-05-04","US87264A1051","87264A105","TMUS","TMUS","T-MOBILE USA INC","Industrial","1087296.0","1084344.0","-2952.0","0.19545","0.19506","-0.00039","24.82","-73268.64","SELL","3","TMUS",6279287,0.0,25.0,-0.72,0.0
"2026-05-04","US8425874042","842587404","SO","SO","SOUTHERN COMPANY (THE)","Utility","1243495.0","1240135.0","-3360.0","0.19459","0.19459","0.0","21.65","-72744.0","SELL","3","SO",4535447,0.0,25.0,-13.4,0.0
"2026-05-04","US64828T5083","64828T508","RITM-C","RITM","NEW RESIDENTIAL INVESTMENT CORP","Financial Institutions","1093014.0","1090062.0","-2952.0","0.1945","0.19443","-7e-05","24.61","-72648.72","SELL","3","RITM-PC",44619,0.1,25.0,-1.56,0.16
"2026-05-04","US74460W4612","74460W461","PSA-P","PSA","PUBLIC STORAGE","Financial Institutions","1668498.0","1663986.0","-4512.0","0.19065","0.19139","0.00074","15.87","-71605.44","SELL","3","PSA-PP",76407,0.1,25.0,-36.52,3.65
"2026-05-04","US4932678687","493267868","KEY-G","KEY","KEYCORP","Financial Institutions","1237154.0","1233794.0","-3360.0","0.19095","0.19046","-0.00049","21.3","-71568.0","SELL","3","","","",25.0,-14.8,""
"2026-05-04","US04686J4085","04686J408","ATH-D","ATH","ATHENE HOLDING DS REPRESENTING A","Financial Institutions","1589159.0","1584863.0","-4296.0","0.1912","0.19067","-0.00053","16.6","-71313.6","SELL","3","ATH-PD",41428,0.1,25.0,-33.6,3.36
"2026-05-04","US72348N3070","72348N307","PNFP-B","PNFP","PINNACLE FINANCIAL PARTNERS NON CU","Financial Institutions","967513.0","964897.0","-2616.0","0.18277","0.18343","0.00066","26.23","-68617.68","SELL","3","PNFP-PB",15665,0.2,25.0,4.92,0.0
"2026-05-04","US06055H8714","06055H871","BAC-SS","BAC","BANK OF AMERICA CORP","Financial Institutions","1320295.0","1316719.0","-3576.0","0.18254","0.18256","2e-05","19.13","-68408.88","SELL","3","","","",25.0,-23.48,""
"2026-05-04","US0158578080","015857808","AQNCN","AQNCN","ALGONQUIN POWER & UTILITIES CORP","Utility","967550.0","964934.0","-2616.0","0.1818","0.18239","0.00059","26.08","-68225.28","SELL","3","","","",25.0,4.32,""
"2026-05-04","US87264A2042","87264A204","TMUS","TMUS","T-MOBILE USA INC","Industrial","1108136.0","1105136.0","-3000.0","0.17684","0.18005","0.00321","22.48","-67440.0","SELL","3","TMUS",6279287,0.0,25.0,-10.08,0.0
"2026-05-04","US8794337878","879433787","TDS-UU","TDS","TELEPHONE DATA SYS DRC INC","Industrial","1161108.0","1157964.0","-3144.0","0.17935","0.17977","0.00042","21.42","-67344.48","SELL","3","","","",25.0,-14.32,""
"2026-05-04","US4932678760","493267876","KEY-F","KEY","KEYCORP","Financial Institutions","1168393.0","1165225.0","-3168.0","0.1809","0.17895","-0.00195","21.19","-67129.92","SELL","3","","","",25.0,-15.24,""
"2026-05-04","US8935266812","893526681","TRPCN","TRPCN","TRANSCANADA PIPELINES LTD","Industrial","1022980.0","1020220.0","-2760.0","0.17674","0.17783","0.00109","24.05","-66378.0","SELL","3","","","",25.0,-3.8,""
"2026-05-04","US87264A3032","87264A303","TMUS","TMUS","T-MOBILE USA INC","Industrial","1091504.0","1088552.0","-2952.0","0.17379","0.17538","0.00159","22.23","-65622.96","SELL","3","TMUS",6279287,0.0,25.0,-11.08,0.0
"2026-05-04","US00123Q8318","00123Q831","AGNC-H","AGNC","AGNC INVESTMENT CORP","Financial Institutions","948448.0","945880.0","-2568.0","0.17445","0.17502","0.00057","25.53","-65561.04","SELL","3","","","",25.0,2.12,""
"2026-05-04","US2333318598","233331859","DTE-E","DTE","DTE ENERGY COMPANY","Utility","1106074.0","1103074.0","-3000.0","0.173","0.17364","0.00064","21.72","-65160.0","SELL","3","","","",25.0,-13.12,""
"2026-05-04","US4165186036","416518603","HIG-G","HIG","HARTFORD FINANCIAL SERVICES GROUP","Financial Institutions","953967.0","951375.0","-2592.0","0.17093","0.17107","0.00014","24.81","-64307.52","SELL","3","HIG-PG",20903,0.1,25.0,-0.76,0.08
"2026-05-04","US1746104025","174610402","CFG-E","CFG","CITIZENS FINANCIAL GROUP INC","Financial Institutions","1244305.0","1240945.0","-3360.0","0.17338","0.17187","-0.00151","19.11","-64209.6","SELL","3","CFG-PE",28852,0.1,25.0,-23.56,2.36
"2026-05-04","US03939A4040","03939A404","ACGL-G","ACGL","ARCH CAPITAL GROUP LTD.","Financial Institutions","1382576.0","1378832.0","-3744.0","0.17083","0.17118","0.00035","17.13","-64134.72","SELL","3","","","",25.0,-31.48,""
"2026-05-04","US14314C1053","14314C105","CG","CG","CARLYLE FINANCE LLC","Financial Institutions","1382521.0","1378777.0","-3744.0","0.17052","0.17108","0.00056","17.12","-64097.28","SELL","3","CG",3159290,0.0,25.0,-31.52,0.0
"2026-05-04","US30190A2033","30190A203","FG","FG","F&G ANNUITIES & LIFE INC","Financial Institutions","948448.0","945880.0","-2568.0","0.17049","0.17104","0.00055","24.95","-64071.6","SELL","3","FG",596330,0.0,25.0,-0.2,0.0
"2026-05-04","US62913M2061","62913M206","NGL-B","NGL","NGL ENERGY PARTNERS LP","Industrial","931022.0","928502.0","-2520.0","0.16937","0.17039","0.00102","25.32","-63806.4","SELL","3","NGL-PB",20350,0.1,25.0,1.28,0.0
"2026-05-04","US78410V2007","78410V200","SCE-L","EIX","SCE TRUST VI","Financial Institutions","1313501.0","1309949.0","-3552.0","0.17034","0.17051","0.00017","17.96","-63793.92","SELL","3","SCE-PL",17855,0.2,25.0,-28.16,5.63
"2026-05-04","US12542R2094","12542R209","CHSINC","CHSINC","CHS INC. (8% CUMULATIVE REDEEMABLE","Industrial","848423.0","846119.0","-2304.0","0.16877","0.16974","0.00097","27.68","-63774.72","SELL","3","","","",25.0,10.72,""
"2026-05-04","US29364D1000","29364D100","ETR","ETR","ENTERGY ARKANSAS LLC","Utility","1133830.0","1130758.0","-3072.0","0.16852","0.16964","0.00112","20.7","-63590.4","SELL","3","ETR",3005220,0.0,25.0,-17.2,0.0
"2026-05-04","US4461508230","446150823","HBAN-H","HBAN","HUNTINGTON BANCSHARES DRC INC","Financial Institutions","1382586.0","1378842.0","-3744.0","0.16944","0.16899","-0.00045","16.91","-63311.04","SELL","3","","","",25.0,-32.36,""
"2026-05-04","US80620A2087","80620A208","EIX-N","EIX","SCE TRUST VIII","Utility","962224.0","959608.0","-2616.0","0.16568","0.16657","0.00089","23.95","-62653.2","SELL","3","","","",25.0,-4.2,""
"2026-05-04","US00123Q5009","00123Q500","AGNC-C","AGNC","AGNC INVESTMENT CORP","Financial Institutions","893464.0","891040.0","-2424.0","0.16591","0.1661","0.00019","25.72","-62345.28","SELL","3","","","",25.0,2.88,""
"2026-05-04","US8629452017","862945201","ASSE-A","ASSE","STRIVE INC","Industrial","228179.0","227555.0","-624.0","0.16316","0.1638","0.00064","99.32","-61975.68","SELL","3","","","",25.0,297.28,""
"2026-05-04","US4461507737","446150773","HBAN-J","HBAN","HUNTINGTON BANCSHARES INC","Financial Institutions","898946.0","896546.0","-2400.0","0.16548","0.16544","-4e-05","25.46","-61104.0","SELL","3","","","",25.0,1.84,""
"2026-05-04","US74965L2007","74965L200","RLJ-A","RLJ","RLJ LODGING .95 CUMULATIVE CONVERT","Financial Institutions","885230.0","882830.0","-2400.0","0.16065","0.1613","0.00065","25.21","-60504.0","SELL","3","RLJ-PA",36467,0.1,25.0,0.84,0.0
"2026-05-04","US48253M1045","48253M104","KKR","KKR","KKR GROUP FINANCE CO IX LLC","Financial Institutions","1382729.0","1379129.0","-3600.0","0.16826","0.16762","-0.00064","16.77","-60372.0","SELL","3","KKR",5519143,0.0,25.0,-32.92,0.0
"2026-05-04","US9029736686","902973668","USB-O","USB","US BANCORP","Financial Institutions","1244842.0","1241458.0","-3384.0","0.16009","0.16052","0.00043","17.84","-60370.56","SELL","3","","","",25.0,-28.64,""
"2026-05-04","US30190A6091","30190A609","FG","FG","F&G ANNUITIES & LIFE INC","Financial Institutions","1030940.0","1028156.0","-2784.0","0.15977","0.15999","0.00022","21.47","-59772.48","SELL","3","FG",596330,0.0,25.0,-14.12,0.0
"2026-05-04","US16934Q4064","16934Q406","CIM-B","CIM","CHIMERA INVESTMENT CORP","Financial Institutions","893460.0","891036.0","-2424.0","0.15803","0.15809","6e-05","24.48","-59339.52","SELL","3","CIM-PB",42873,0.1,25.0,-2.08,0.21
"2026-05-04","US9027884058","902788405","UMBF","UMBF","UMB FINANCIAL CORPORATION","Financial Institutions","824770.0","822538.0","-2232.0","0.15747","0.15833","0.00086","26.56","-59281.92","SELL","3","UMBF",692223,0.0,25.0,6.24,0.0
"2026-05-04","BMG7498P1279","-","RNR-G","RNR","RENAISSANCERE HOLDINGS LTD","Financial Institutions","1383447.0","1379703.0","-3744.0","0.15449","0.15529","0.0008","15.53","-58144.32","SELL","3","RNR-PG",28714,0.1,25.0,-37.88,3.79
"2026-05-04","US6658598569","665859856","NTRS-E","NTRS","NORTHERN TRUST CORPORATION","Financial Institutions","1099700.0","1096724.0","-2976.0","0.15161","0.15206","0.00045","19.13","-56930.88","SELL","3","","","",25.0,-23.48,""
"2026-05-04","US0454876006","045487600","ASB","ASB","ASSOCIATED BANC-CORP","Financial Institutions","830322.0","828066.0","-2256.0","0.15003","0.14986","-0.00017","24.97","-56332.32","SELL","3","ASB",2359007,0.0,25.0,-0.12,0.0
"2026-05-04","US9029737346","902973734","USB-L","USB","US BANCORP","Financial Institutions","1383723.0","1379979.0","-3744.0","0.14994","0.14972","-0.00022","14.97","-56047.68","SELL","3","","","",25.0,-40.12,""
"2026-05-04","US0256768591","025676859","ANGINC","ANGINC","AMERICAN NATIONAL GROUP INC","Financial Institutions","824770.0","822538.0","-2232.0","0.1482","0.14856","0.00036","24.92","-55621.44","SELL","3","","","",25.0,-0.32,""
"2026-05-04","US10922N7075","10922N707","BHF-C","BHF","BRIGHTHOUSE FINANCIAL INC","Financial Institutions","1591382.0","1587062.0","-4320.0","0.14939","0.14711","-0.00228","12.79","-55252.8","SELL","3","","","",25.0,-48.84,""
"2026-05-04","US3196263053","319626305","FCNCA","FCNCA","FIRST CITIZENS BANCSHARES INC.","Financial Institutions","954821.0","952229.0","-2592.0","0.14618","0.14583","-0.00035","21.13","-54768.96","SELL","3","FCNCA",80883,0.0,25.0,-15.48,0.0
"2026-05-04","US9030025095","903002509","UMH-D","UMH","UMH PROPERTIES INC","Financial Institutions","892271.0","889847.0","-2424.0","0.14168","0.14233","0.00065","22.07","-53497.68","SELL","3","UMH-PD",17508,0.1,25.0,-11.72,1.17
"2026-05-04","US9290892093","929089209","VOYA-B","VOYA","VOYA FINANCIAL INC","Financial Institutions","824770.0","822538.0","-2232.0","0.14231","0.14218","-0.00013","23.85","-53233.2","SELL","3","VOYA-PB",20141,0.1,25.0,-4.6,0.46
"2026-05-04","US05580M8192","05580M819","RILYI","RILY","B. RILEY FINANCIAL INC","Financial Institutions","1059158.0","1056278.0","-2880.0","0.14163","0.14147","-0.00016","18.48","-53222.4","SELL","3","","","",25.0,-26.08,""
"2026-05-04","US9576384062","957638406","WAL-A","WAL","WESTERN ALLIANCE BANCORP","Financial Institutions","824770.0","822538.0","-2232.0","0.14184","0.142","0.00016","23.82","-53166.24","SELL","3","WAL-PA",13983,0.2,25.0,-4.72,0.94
"2026-05-04","US0357108218","035710821","NLY-J","NLY","ANNALY CAPITAL MANAGEMENT INC","Financial Institutions","756010.0","753970.0","-2040.0","0.14232","0.1424","8e-05","26.06","-53162.4","SELL","3","NLY-PJ",37811,0.1,25.0,4.24,0.0
"2026-05-04","US64828T4094","64828T409","RITM-B","RITM","NEW RESIDENTIAL INVESTMENT CORP","Financial Institutions","773957.0","771869.0","-2088.0","0.13996","0.14002","6e-05","25.03","-52262.64","SELL","3","RITM-PB",47737,0.0,25.0,0.12,0.0
"2026-05-04","US91529Y6014","91529Y601","UNM","UNM","UNUM GROUP","Financial Institutions","824770.0","822538.0","-2232.0","0.13952","0.1395","-2e-05","23.4","-52228.8","SELL","3","UNM",1680053,0.0,25.0,-6.4,0.0
"2026-05-04","US14040H7338","14040H733","COF-N","COF","CAPITAL ONE FINL DS REPSTG  TH PRF","Financial Institutions","1176953.0","1173761.0","-3192.0","0.13737","0.13722","-0.00015","16.13","-51486.96","SELL","3","COF-PN",26058,0.1,25.0,-35.48,3.55
"2026-05-04","US74460W4208","74460W420","PSA-R","PSA","PUBLIC STORAGE","Financial Institutions","1204662.0","1201398.0","-3264.0","0.1367","0.13731","0.00061","15.77","-51473.28","SELL","3","PSA-PR",32182,0.1,25.0,-36.92,3.69
"2026-05-04","US2538688225","253868822","DLR-L","DLR","DIGITAL REALTY TRUST INC","Financial Institutions","948448.0","945880.0","-2568.0","0.13769","0.13731","-0.00038","20.03","-51437.04","SELL","3","DLR-PL",27500,0.1,25.0,-19.88,1.99
"2026-05-04","US10922N3017","10922N301","BHF-A","BHF","BRIGHTHOUSE FINANCIAL INC","Financial Institutions","1176948.0","1173756.0","-3192.0","0.13567","0.1339","-0.00177","15.74","-50242.08","SELL","3","","","",25.0,-37.04,""
"2026-05-04","US7591EP8869","7591EP886","RF-E","RF","REGIONS FINL DRC CORP","Financial Institutions","1107944.0","1104944.0","-3000.0","0.13386","0.13382","-4e-05","16.71","-50130.0","SELL","3","RF-PE",29677,0.1,25.0,-33.16,3.32
"2026-05-04","US10922N5095","10922N509","BHF-B","BHF","BRIGHTHOUSE FINANCIAL INC","Financial Institutions","1114755.0","1111731.0","-3024.0","0.1342","0.13254","-0.00166","16.45","-49744.8","SELL","3","","","",25.0,-34.2,""
"2026-05-04","US04686J2006","04686J200","ATH-B","ATH","ATHENE HLDG DRC LTD","Financial Institutions","948447.0","945879.0","-2568.0","0.1329","0.13214","-0.00076","19.27","-49485.36","SELL","3","ATH-PB",31260,0.1,25.0,-22.92,2.29
"2026-05-04","US03939A1079","03939A107","ACGL-F","ACGL","ARCH CAPITAL GROUP LTD.","Financial Institutions","907195.0","904747.0","-2448.0","0.13307","0.13213","-0.00094","20.15","-49327.2","SELL","3","","","",25.0,-19.4,""
"2026-05-04","US55272X5086","55272X508","MFA-C","MFA","MFA FINANCIAL INC","Financial Institutions","756010.0","753970.0","-2040.0","0.13004","0.13005","1e-05","23.8","-48552.0","SELL","3","MFA-PC",25056,0.1,25.0,-4.8,0.48
"2026-05-04","US88224Q3056","88224Q305","TCBI-B","TCBI","TEXAS CAP BANCSHARES DRC INC","Financial Institutions","824770.0","822538.0","-2232.0","0.12823","0.12775","-0.00048","21.43","-47831.76","SELL","3","","","",25.0,-14.28,""
"2026-05-04","US74460W6443","74460W644","PSA-H","PSA","PUBLIC STORAGE","Financial Institutions","789599.0","787463.0","-2136.0","0.12771","0.12758","-0.00013","22.36","-47760.96","SELL","3","PSA-PH",22991,0.1,25.0,-10.56,1.06
"2026-05-04","US1258968528","125896852","CMS","CMS","CMS ENERGY CORPORATION","Utility","769804.0","767716.0","-2088.0","0.12689","0.12725","0.00036","22.87","-47752.56","SELL","3","CMS",2741643,0.0,25.0,-8.52,0.0
"2026-05-04","US10922N2027","10922N202","BHF","BHF","BRIGHTHOUSE FINANCIAL INC","Financial Institutions","1039129.0","1036321.0","-2808.0","0.12742","0.12757","0.00015","16.98","-47679.84","SELL","3","BHF",531260,0.0,25.0,-32.08,0.0
"2026-05-04","BMG053842040","-","AHL","AHL","ASPEN INSURANCE HOLDINGS LTD","Financial Institutions","827588.0","825356.0","-2232.0","0.1273","0.12655","-0.00075","21.16","-47229.12","SELL","3","","","",25.0,-15.36,""
"2026-05-04","US25525P2065","25525P206","DHC","DHC","DIVERSIFIED HEALTHCARE .625% SENIO","Financial Institutions","962224.0","959608.0","-2616.0","0.12381","0.12491","0.0011","17.96","-46983.36","SELL","3","DHC",1735110,0.0,25.0,-28.16,0.0
"2026-05-04","US55261F8721","55261F872","MTB-H","MTB","M AND T BANK PERPETUAL FIXED TO FL","Financial Institutions","687295.0","685423.0","-1872.0","0.12414","0.12454","0.0004","25.07","-46931.04","SELL","3","MTB-PH",20158,0.1,25.0,0.28,0.0
"2026-05-04","US90187B3096","90187B309","TWO-B","TWO","TWO HARBORS INVESTMENT CORP","Financial Institutions","698219.0","696323.0","-1896.0","0.12345","0.1247","0.00125","24.71","-46850.16","SELL","3","TWO-PB",36638,0.1,25.0,-1.16,0.12
"2026-05-04","US11271L1026","11271L102","BNCN","BNCN","BROOKFIELD FINANCE INC","Financial Institutions","1099700.0","1096724.0","-2976.0","0.12526","0.12487","-0.00039","15.71","-46752.96","SELL","3","","","",25.0,-37.16,""
"2026-05-04","US8805913006","880591300","TVA-D","TVA","TENN VALLEY AUTHORITY","Agency","705107.0","703187.0","-1920.0","0.12294","0.12338","0.00044","24.21","-46483.2","SELL","3","","","",25.0,-3.16,""
"2026-05-04","US0082528508","008252850","AMG","AMG","AFFILIATED MANAGERS GROUP INC.","Financial Institutions","831550.0","829294.0","-2256.0","0.12228","0.12291","0.00063","20.45","-46135.2","SELL","3","AMG",367317,0.0,25.0,-18.2,0.0
"2026-05-04","US64828T8889","64828T888","RITM-F","RITM","RITHM CAPITAL CORP","Financial Institutions","687295.0","685423.0","-1872.0","0.12265","0.12191","-0.00074","24.54","-45938.88","SELL","3","RITM-PF",31313,0.1,25.0,-1.84,0.18
"2026-05-04","US4440973075","444097307","HPP-C","HPP","HUDSON PACIFIC PROPERTIES INC","Financial Institutions","1168393.0","1165225.0","-3168.0","0.11953","0.12178","0.00225","14.42","-45682.56","SELL","3","HPP-PC",11895,0.3,25.0,-42.32,12.7
"2026-05-04","US74460W6690","74460W669","PSA-G","PSA","PUBLIC STORAGE","Financial Institutions","824770.0","822538.0","-2232.0","0.12122","0.12084","-0.00038","20.27","-45242.64","SELL","3","PSA-PG",28458,0.1,25.0,-18.92,1.89
"2026-05-04","US74460W6286","74460W628","PSA-I","PSA","PUBLIC STORAGE REPSTG  TH BEN INT","Financial Institutions","869436.0","867084.0","-2352.0","0.12083","0.12064","-0.00019","19.2","-45158.4","SELL","3","PSA-PI",29504,0.1,25.0,-23.2,2.32
"2026-05-04","US6374321056","637432105","NRUC-US","NRUC","NATIONAL RURAL UTILITIES COOPERATI","Utility","687294.0","685422.0","-1872.0","0.1182","0.11843","0.00023","23.84","-44628.48","SELL","3","","","",25.0,-4.64,""
"2026-05-04","US90187B5075","90187B507","TWO-C","TWO","TWO HARBORS INVESTMENT CORP","Financial Institutions","664007.0","662207.0","-1800.0","0.11845","0.11898","0.00053","24.79","-44622.0","SELL","3","TWO-PC",63666,0.0,25.0,-0.84,0.0
"2026-05-04","US3733344408","373334440","SO","SO","GEORGIA POWER COMPANY","Utility","742278.0","740262.0","-2016.0","0.11911","0.11862","-0.00049","22.11","-44573.76","SELL","3","SO",4535447,0.0,25.0,-11.56,0.0
"2026-05-04","US16934Q5053","16934Q505","CIM-C","CIM","CHIMERA INVESTMENT CORP","Financial Institutions","714821.0","712877.0","-1944.0","0.11835","0.11842","7e-05","22.92","-44556.48","SELL","3","CIM-PC",43164,0.0,25.0,-8.32,0.0
"2026-05-04","US48251K2096","48251K209","KREF-A","KREF","KKR REAL ESTATE FINANCE TRUST INC","Financial Institutions","901025.0","898577.0","-2448.0","0.11814","0.11742","-0.00072","18.03","-44137.44","SELL","3","KREF-PA",25117,0.1,25.0,-27.88,2.79
"2026-05-04","US0844238057","084423805","WRB","WRB","WR BERKLEY CORPORATION","Financial Institutions","831822.0","829566.0","-2256.0","0.11659","0.11658","-1e-05","19.39","-43743.84","SELL","3","WRB",2370783,0.0,25.0,-22.44,0.0
"2026-05-04","US9508108878","950810887","WSBC-B","WSBC","WESBANCO INC","Financial Institutions","632283.0","630579.0","-1704.0","0.11826","0.11722","-0.00104","25.65","-43707.6","SELL","3","","","",25.0,2.6,""
"2026-05-04","US00123Q6098","00123Q609","AGNC-D","AGNC","AGNC INVESTMENT CORP","Financial Institutions","646060.0","644308.0","-1752.0","0.11669","0.11632","-0.00037","24.91","-43642.32","SELL","3","","","",25.0,-0.36,""
"2026-05-04","US74460W6856","74460W685","PSA-F","PSA","PUBLIC STORAGE DS REPRESENTING  TH","Financial Institutions","769804.0","767716.0","-2088.0","0.11444","0.11401","-0.00043","20.49","-42783.12","SELL","3","PSA-PF",24323,0.1,25.0,-18.04,1.8
"2026-05-04","US0200028126","020002812","ALL-I","ALL","ALLSTATE CORPORATION (THE)","Financial Institutions","824770.0","822538.0","-2232.0","0.11421","0.11392","-0.00029","19.11","-42653.52","SELL","3","ALL-PI",23706,0.1,25.0,-23.56,2.36
"2026-05-04","US72348N5059","72348N505","PNFP-C","PNFP","PINNACLE FINANCIAL PARTNERS DEPOSI","Financial Institutions","624142.0","622462.0","-1680.0","0.11291","0.11348","0.00057","25.15","-42252.0","SELL","3","PNFP-PC",36633,0.0,25.0,0.6,0.0
"2026-05-04","US58844R8503","58844R850","MBIN","MBIN","MERCHANTS BANCORP","Financial Institutions","632283.0","630579.0","-1704.0","0.11033","0.11197","0.00164","24.5","-41748.0","SELL","3","MBIN",196253,0.0,25.0,-2.0,0.0
"2026-05-04","US3193836000","319383600","BUSE-B","BUSE","FIRST BUSEY CORPORATION","Financial Institutions","591094.0","589486.0","-1608.0","0.11047","0.11079","0.00032","25.93","-41695.44","SELL","3","","","",25.0,3.72,""
"2026-05-04","BMG053841703","-","AHL","AHL","ASPEN INSURANCE HOLDINGS LTD","Financial Institutions","618601.0","616921.0","-1680.0","0.1103","0.11035","5e-05","24.68","-41462.4","SELL","3","","","",25.0,-1.28,""
"2026-05-04","US29364W1080","29364W108","ETR","ETR","ENTERGY LOUISIANA LLC","Utility","742278.0","740262.0","-2016.0","0.10979","0.10985","6e-05","20.48","-41287.68","SELL","3","ETR",3005220,0.0,25.0,-18.08,0.0
"2026-05-04","US2836782092","283678209","KMI","KMI","EL PASO ENERGY CAPITAL TRUST I","Industrial","303110.0","302294.0","-816.0","0.11078","0.11066","-0.00012","50.51","-41216.16","SELL","3","KMI",13535960,0.0,25.0,102.04,0.0
"2026-05-04","US63938C4050","63938C405","NAVI","NAVI","NAVIENT  PRCNT SENIOR NOTES EXP  D","Financial Institutions","824770.0","822538.0","-2232.0","0.10942","0.10981","0.00039","18.42","-41113.44","SELL","3","NAVI",1038537,0.0,25.0,-26.32,0.0
"2026-05-04","US9290428286","929042828","VNO-M","VNO","VORNADO REALTY TRUST","Financial Institutions","878342.0","875966.0","-2376.0","0.11049","0.10913","-0.00136","17.19","-40843.44","SELL","3","VNO-PM",26074,0.1,25.0,-31.24,3.12
"2026-05-04","US29364N1081","29364N108","ETR","ETR","ENTERGY MISSISSIPPI INC","Utility","714820.0","712876.0","-1944.0","0.10841","0.10845","4e-05","20.99","-40804.56","SELL","3","ETR",3005220,0.0,25.0,-16.04,0.0
"2026-05-04","US25401T3068","25401T306","DBRG-J","DBRG","DIGITALBRIDGE GROUP INC","Financial Institutions","802610.0","800210.0","-2400.0","0.09975","0.0983","-0.00145","16.95","-40680.0","SELL","3","DBRG-PJ",27289,0.1,25.0,-32.2,3.22
"2026-05-04","US25401T4058","25401T405","DBRG-I","DBRG","DIGITALBRIDGE GROUP .15 CUMULATIVE","Financial Institutions","888209.0","885809.0","-2400.0","0.10943","0.10869","-0.00074","16.93","-40632.0","SELL","3","DBRG-PI",31738,0.1,25.0,-32.28,3.23
"2026-05-04","US75968N3098","75968N309","RNR-F","RNR","RENAISSANCERE HOLDINGS LTD","Financial Institutions","687294.0","685422.0","-1872.0","0.1072","0.1069","-0.0003","21.52","-40285.44","SELL","3","RNR-PF",14725,0.1,25.0,-13.92,1.39
"2026-05-04","US0605055831","060505583","BAC-1","BAC","BANK OF AMERICA CORPORATION PFD 1","Financial Institutions","740653.0","738637.0","-2016.0","0.10389","0.10428","0.00039","19.48","-39271.68","SELL","3","","","",25.0,-22.08,""
"2026-05-04","US49446R7118","49446R711","KIM-M","KIM","KIMCO RLTY DS REPRESENTING   CLASS","Financial Institutions","719260.0","717316.0","-1944.0","0.10442","0.10496","0.00054","20.19","-39249.36","SELL","3","KIM-PM",27484,0.1,25.0,-19.24,1.92
"2026-05-04","US1170436042","117043604","BC","BC","BRUNSWICK CORPORATION","Industrial","591096.0","589488.0","-1608.0","0.10382","0.10386","4e-05","24.31","-39090.48","SELL","3","BC",856733,0.0,25.0,-2.76,0.0
"2026-05-04","US9290428443","929042844","VNO-L","VNO","VORNADO REALTY TRUST 5.4% CUM RED","Financial Institutions","824771.0","822539.0","-2232.0","0.10577","0.10421","-0.00156","17.48","-39015.36","SELL","3","VNO-PL",21285,0.1,25.0,-30.08,3.01
"2026-05-04","US8606308703","860630870","SF-C","SF","STIFEL FINANCIAL CORP","Financial Institutions","618601.0","616921.0","-1680.0","0.10344","0.1036","0.00016","23.17","-38925.6","SELL","3","SF-PC",16926,0.1,25.0,-7.32,0.73
"2026-05-04","US25406P2002","25406P200","DDS","DDS","DILLARDS CAP TR I CAP SECS 7.5%","Industrial","549841.0","548353.0","-1488.0","0.10319","0.10365","0.00046","26.08","-38807.04","SELL","3","DDS",94397,0.0,25.0,4.32,0.0
"2026-05-04","US37959E3009","37959E300","GL","GL","GLOBE LIFE INC","Financial Institutions","893463.0","891039.0","-2424.0","0.10222","0.10268","0.00046","15.9","-38541.6","SELL","3","GL",525593,0.0,25.0,-36.4,0.0
"2026-05-04","US9290428104","929042810","VNO-N","VNO","VORNADO REALTY TRUST","Financial Institutions","824771.0","822539.0","-2232.0","0.10399","0.10277","-0.00122","17.24","-38479.68","SELL","3","VNO-PN",27067,0.1,25.0,-31.04,3.1
"2026-05-04","US6378702053","637870205","NSA-A","NSA","NATIONAL STORAGE AFFILIATES REDEEM","Financial Institutions","621090.0","619410.0","-1680.0","0.1031","0.1028","-0.0003","22.9","-38472.0","SELL","3","NSA-PA",18657,0.1,25.0,-8.4,0.84
"2026-05-04","US35243J2006","35243J200","FBRT-E","FBRT","FRANKLIN BSP REALTY TRUST   CUMULA","Financial Institutions","709883.0","707963.0","-1920.0","0.10167","0.10257","0.0009","19.99","-38380.8","SELL","3","FBRT-PE",21451,0.1,25.0,-20.04,2.0
"2026-05-04","US72348N2080","72348N208","PNFP-A","PNFP","PINNACLE FINANCIAL PARTNERS NON CU","Financial Institutions","549830.0","548342.0","-1488.0","0.10177","0.10162","-0.00015","25.57","-38048.16","SELL","3","PNFP-PA",21604,0.1,25.0,2.28,0.0
"2026-05-04","US6378703044","637870304","NSA-B","NSA PR B","NATIONAL STORAGE AFFILIATES    CUM","Financial Institutions","390544.0","389344.0","-1200.0","0.09282","0.08889","-0.00393","31.5","-37800.0","SELL","3","NSA-PB",34612,0.0,25.0,26.0,0.0
"2026-05-04","US8606308620","860630862","SF-D","SF","STIFEL FINANCIAL CORP","Financial Institutions","824770.0","822538.0","-2232.0","0.10102","0.10072","-0.0003","16.9","-37720.8","SELL","3","SF-PD",22512,0.1,25.0,-32.4,3.24
"2026-05-04","US8805914095","880591409","TVA-A","TVA","TENN VALLEY AUTH","Agency","572810.0","571250.0","-1560.0","0.09838","0.09862","0.00024","23.82","-37159.2","SELL","3","","","",25.0,-4.72,""
"2026-05-04","US84857L7055","84857L705","SR","SR","SPIRE INC","Utility","549841.0","548353.0","-1488.0","0.09856","0.09908","0.00052","24.93","-37095.84","SELL","3","SR",357430,0.0,25.0,-0.28,0.0
"2026-05-04","US05554M1009","05554M100","BIP","BIP","BIP BERMUDA HOLDINGS I LTD","Financial Institutions","824770.0","822538.0","-2232.0","0.09858","0.09896","0.00038","16.6","-37051.2","SELL","3","BIP",944337,0.0,25.0,-33.6,0.0
"2026-05-04","US04621X3061","04621X306","AIZ","AIZ","ASSURANT INC","Financial Institutions","687294.0","685422.0","-1872.0","0.09745","0.09662","-0.00083","19.45","-36410.4","SELL","3","AIZ",343357,0.0,25.0,-22.2,0.0
"2026-05-04","US16934Q6044","16934Q604","CIM-D","CIM","CHIMERA INVESTMENT CORP","Financial Institutions","549841.0","548353.0","-1488.0","0.09682","0.09717","0.00035","24.45","-36381.6","SELL","3","CIM-PD",21076,0.1,25.0,-2.2,0.22
"2026-05-04","US78440X5077","78440X507","SLG-I","SLG","SL GREEN REALTY CORP","Financial Institutions","632284.0","630580.0","-1704.0","0.09726","0.09757","0.00031","21.35","-36380.4","SELL","3","SLG-PI",27288,0.1,25.0,-14.6,1.46
"2026-05-04","US11259P1093","11259P109","BRBRPH","BEPUCN","BROOKFIELD BRP HOLDINGS (CANADA) I","Utility","970844.0","968444.0","-2400.0","0.10548","0.10546","-2e-05","15.03","-36072.0","SELL","3","","","",25.0,-39.88,""
"2026-05-04","US6740014096","674001409","OAK-B","OAK","OAKTREE CAPITAL GROUP LLC","Financial Institutions","646060.0","644308.0","-1752.0","0.09584","0.09554","-0.0003","20.46","-35845.92","SELL","3","OAK-PB",9219,0.2,25.0,-18.16,3.63
"2026-05-04","US2333318184","233331818","DTE","DTE","DTE ENERGY CO","Utility","769804.0","767716.0","-2088.0","0.09534","0.09548","0.00014","17.16","-35830.08","SELL","3","DTE",1085900,0.0,25.0,-31.36,0.0
"2026-05-04","US2538688308","253868830","DLR-K","DLR","DIGITAL REALTY TRUST INC","Financial Institutions","577300.0","575740.0","-1560.0","0.09553","0.0957","0.00017","22.93","-35770.8","SELL","3","DLR-PK",23451,0.1,25.0,-8.28,0.83
"2026-05-04","US3167738604","316773860","FITB-K","FITB","FIFTH THIRD BANCORP","Financial Institutions","687294.0","685422.0","-1872.0","0.09502","0.09488","-0.00014","19.1","-35755.2","SELL","3","","","",25.0,-23.6,""
"2026-05-04","US25525P3055","25525P305","DHC","DHC","DIVERSIFIED HEALTHCARE .25% SENIOR","Financial Institutions","687295.0","685423.0","-1872.0","0.09413","0.09483","0.0007","19.09","-35736.48","SELL","3","DHC",1735110,0.0,25.0,-23.64,0.0
"2026-05-04","US74460W5940","74460W594","PSA-J","PSA","PUBLIC STORAGE DEP SHS REPSTG  TH","Financial Institutions","711344.0","709424.0","-1920.0","0.09504","0.09516","0.00012","18.51","-35539.2","SELL","3","PSA-PJ",15795,0.1,25.0,-25.96,2.6
"2026-05-04","US6496048736","649604873","ADAM-E","ADAM","NEW YORK MORTGAGE TRUST INC","Financial Institutions","512486.0","511094.0","-1392.0","0.09388","0.09442","0.00054","25.49","-35482.08","SELL","3","","","",25.0,1.96,""
"2026-05-04","US0844238701","084423870","WRB","WRB","WR BERKLEY CORPORATION","Financial Institutions","824770.0","822538.0","-2232.0","0.09365","0.09407","0.00042","15.78","-35220.96","SELL","3","WRB",2370783,0.0,25.0,-36.88,0.0
"2026-05-04","US3793785086","379378508","GNL-D","GNL","GLOBAL NET LEASE   CUMULATIVE REDE","Financial Institutions","545285.0","543797.0","-1488.0","0.09252","0.09301","0.00049","23.6","-35116.8","SELL","3","GNL-PD",13075,0.1,25.0,-5.6,0.56
"2026-05-04","US3167738869","316773886","FITB-A","FITB","FIFTH THIRD BANCORP  DEPOSITORY SH","Financial Institutions","549841.0","548353.0","-1488.0","0.09345","0.09335","-0.0001","23.49","-34953.12","SELL","3","","","",25.0,-6.04,""
"2026-05-04","US70931T4004","70931T400","PMT-B","PMT","PENNYMAC MORTGAGE INVESTMENT TRUST","Financial Institutions","536110.0","534646.0","-1464.0","0.09189","0.09207","0.00018","23.76","-34784.64","SELL","3","PMT-PB",11835,0.1,25.0,-4.96,0.5
"2026-05-04","US64828T8053","64828T805","RITM-E","RITM","RITHM CAPITAL CORP","Financial Institutions","522334.0","520918.0","-1416.0","0.09246","0.09257","0.00011","24.52","-34720.32","SELL","3","RITM-PE",43287,0.0,25.0,-1.92,0.0
"2026-05-04","US70931T5092","70931T509","PMT-C","PMT","PENNYMAC MORTGAGE INVESTMENT TRUST","Financial Institutions","687295.0","685423.0","-1872.0","0.09101","0.09185","0.00084","18.49","-34613.28","SELL","3","PMT-PC",26263,0.1,25.0,-26.04,2.6
"2026-05-04","US05580M7939","05580M793","RILYZ","RILY","B. RILEY FINANCIAL INC","Financial Institutions","532347.0","530907.0","-1440.0","0.09186","0.09208","0.00022","23.93","-34459.2","SELL","3","RILYZ",40323,0.0,25.0,-4.28,0.0
"2026-05-04","BMG053841620","-","AHL","AHL","ASPEN INSURANCE HOLDINGS LTD","Financial Institutions","596703.0","595095.0","-1608.0","0.09264","0.09204","-0.0006","21.34","-34314.72","SELL","3","","","",25.0,-14.64,""
"2026-05-04","US0082528433","008252843","AMG","AMG","AFFILIATED MANAGERS GROUP INC.","Financial Institutions","756010.0","753970.0","-2040.0","0.09161","0.09169","8e-05","16.78","-34231.2","SELL","3","AMG",367317,0.0,25.0,-32.88,0.0
"2026-05-04","US8606306079","860630607","SF","SF","STIFEL FINANCIAL CORP","Financial Institutions","618602.0","616922.0","-1680.0","0.08968","0.08996","0.00028","20.12","-33801.6","SELL","3","SF",1428997,0.0,25.0,-19.52,0.0
"2026-05-04","US9290427940","929042794","VNO-O","VNO","VORNADO REALTY TRUST","Financial Institutions","824771.0","822539.0","-2232.0","0.08973","0.0893","-0.00043","14.98","-33435.36","SELL","3","VNO-PO",24130,0.1,25.0,-40.08,4.01
"2026-05-04","US70509V8037","70509V803","PEB-G","PEB","PEBBLEBROOK HOTEL TRUST","Financial Institutions","624436.0","622756.0","-1680.0","0.08971","0.08964","-7e-05","19.86","-33364.8","SELL","3","PEB-PG",9887,0.2,25.0,-20.56,4.11
"2026-05-04","US05580M8010","05580M801","RILYK","RILY","B. RILEY FINANCIAL INC","Financial Institutions","496287.0","494943.0","-1344.0","0.08832","0.08878","0.00046","24.75","-33264.0","SELL","3","RILYK",25450,0.1,25.0,-1.0,0.1
"2026-05-04","US05580M8358","05580M835","RILYM","RILY","B. RILEY FINANCIAL INC","Financial Institutions","603780.0","602148.0","-1632.0","0.08809","0.08794","-0.00015","20.15","-32884.8","SELL","3","","","",25.0,-19.4,""
"2026-05-04","US1258968601","125896860","CMS","CMS","CMS ENERGY CORPORATION","Utility","549854.0","548366.0","-1488.0","0.08723","0.08747","0.00024","22.01","-32750.88","SELL","3","CMS",2960153,0.0,25.0,-11.96,0.0
"2026-05-04","US49446R7373","49446R737","KIM-L","KIM","KIMCO REALTY CORPORATION","Financial Institutions","611848.0","610192.0","-1656.0","0.08702","0.08721","0.00019","19.72","-32656.32","SELL","3","KIM-PL",13652,0.1,25.0,-21.12,2.11
"2026-05-04","US70931T7072","70931T707","PMT","PMT","PENNYMAC MORTGAGE INVESTMENT TRUST","Financial Institutions","474238.0","472942.0","-1296.0","0.08627","0.08634","7e-05","25.19","-32646.24","SELL","3","PMT",1148207,0.0,25.0,0.76,0.0
"2026-05-04","US17259U3032","17259U303","CIONI","CIONI","CION INVESTMENT CORP","Financial Institutions","476017.0","474721.0","-1296.0","0.08639","0.08636","-3e-05","25.1","-32529.6","SELL","3","","","",25.0,0.4,""
"2026-05-04","BMG9078F1499","-","TRTN-C","TRTN","TRITON INTERNATIONAL LTD","Industrial","481098.0","479802.0","-1296.0","0.08665","0.08693","0.00028","25.0","-32400.0","SELL","3","TRTN-PC",8106,0.2,25.0,0.0,0.0
"2026-05-04","US04911A2069","04911A206","AUB-A","AUB","ATLANTIC UNION BANKSHARES CORP","Financial Institutions","474238.0","472942.0","-1296.0","0.08508","0.08538","0.0003","24.91","-32283.36","SELL","3","AUB-PA",6982,0.2,25.0,-0.36,0.07
"2026-05-04","US74460W5114","74460W511","PSA-N","PSA","PUBLIC STORAGE DEP SHS REPSTG   PF","Financial Institutions","776692.0","774580.0","-2112.0","0.08506","0.08533","0.00027","15.2","-32102.4","SELL","3","PSA-PN",43732,0.0,25.0,-39.2,0.0
"2026-05-04","US74460W5783","74460W578","PSA-K","PSA","PUBLIC STORAGE","Financial Institutions","632283.0","630579.0","-1704.0","0.08564","0.08569","5e-05","18.75","-31950.0","SELL","3","PSA-PK",17758,0.1,25.0,-25.0,2.5
"2026-05-04","US31959X2027","31959X202","FCNCA","FCNCA","FIRST CITIZENS BANCSHARES   NON CU","Financial Institutions","549841.0","548353.0","-1488.0","0.08572","0.08517","-0.00055","21.43","-31887.84","SELL","3","FCNCA",80883,0.0,25.0,-14.28,0.0
"2026-05-04","US20451Q4010","20451Q401","CODI-C","CODI","COMPASS DIVERSIFIED HOLDINGS","Financial Institutions","543424.0","541960.0","-1464.0","0.08441","0.08508","0.00067","21.66","-31710.24","SELL","3","CODI-PC",34377,0.0,25.0,-13.36,0.0
"2026-05-04","BMG9078F3057","-","TRTGV","TRTN","TRITON INTL CUM RED PERP PREF SER","Industrial","481092.0","479796.0","-1296.0","0.08475","0.08464","-0.00011","24.34","-31544.64","SELL","3","","","",25.0,-2.64,""
"2026-05-04","MHY8564M2048","-","TGP-B","TGP","TEEKAY LNG PARTNERS LP","Industrial","453371.0","452147.0","-1224.0","0.08338","0.08378","0.0004","25.57","-31297.68","SELL","3","","","",25.0,2.28,""
"2026-05-04","US11276B1098","11276B109","BIP","BIP","BROOKFIELD INFRASTRUCTURE FINANCE","Utility","687294.0","685422.0","-1872.0","0.08245","0.08257","0.00012","16.62","-31112.64","SELL","3","BIP",944337,0.0,25.0,-33.52,0.0
"2026-05-04","US55272X4097","55272X409","MFA-B","MFA","MFA FINANCIAL INC","Financial Institutions","549841.0","548353.0","-1488.0","0.08295","0.08294","-1e-05","20.87","-31054.56","SELL","3","MFA-PB",10812,0.1,25.0,-16.52,1.65
"2026-05-04","US0844238883","084423888","WRB","WRB","WR BERKLEY CORPORATION","Financial Institutions","687294.0","685422.0","-1872.0","0.082","0.08192","-8e-05","16.49","-30869.28","SELL","3","WRB",2370783,0.0,25.0,-34.04,0.0
"2026-05-04","US2538688555","253868855","DLR-J","DLR","DIGITAL REALTY TRUST INC","Financial Institutions","549841.0","548353.0","-1488.0","0.08133","0.08155","0.00022","20.52","-30533.76","SELL","3","DLR-PJ",18355,0.1,25.0,-17.92,1.79
"2026-05-04","US04914Y4098","04914Y409","ATLC","ATLC","ATLANTICUS HOLDINGS CORP","Financial Institutions","459560.0","458360.0","-1200.0","0.0839","0.08425","0.00035","25.36","-30432.0","SELL","3","ATLC",65787,0.0,25.0,1.44,0.0
"2026-05-04","US20451Q3020","20451Q302","CODI-B","CODI","COMPASS DIVERSIFIED HOLDINGS FIXED","Financial Institutions","517073.0","515681.0","-1392.0","0.08177","0.0817","-7e-05","21.86","-30429.12","SELL","3","CODI-PB",19953,0.1,25.0,-12.56,1.26
"2026-05-04","US38741L3050","38741L305","GPMT-A","GPMT","GRANITE POINT MORTGAGE TRUST INC","Financial Institutions","565654.0","564118.0","-1536.0","0.0813","0.08075","-0.00055","19.75","-30336.0","SELL","3","GPMT-PA",8205,0.2,25.0,-21.0,4.2
"2026-05-04","US05614L4077","05614L407","BW-A","BW","BABCOCK & WILCOX ENTERPRISES INC","Industrial","527091.0","525675.0","-1416.0","0.08134","0.08142","8e-05","21.37","-30259.92","SELL","3","BW-PA",22971,0.1,25.0,-14.52,1.45
"2026-05-04","US78407R2040","78407R204","SCE-J","EIX","SCE TRUST II CUM TRUST SECS P","Utility","604825.0","603193.0","-1632.0","0.08133","0.08105","-0.00028","18.54","-30257.28","SELL","3","","","",25.0,-25.84,""
"2026-05-04","US16934Q8693","16934Q869","CIM","CIM","CHIMERA INVESTMENT CORP","Financial Institutions","341814.0","340614.0","-1200.0","0.06171","0.06221","0.0005","25.2","-30240.0","SELL","3","CIM",806707,0.0,25.0,0.8,0.0
"2026-05-04","US11259P2083","11259P208","BRBRPH","BEPUCN","BROOKFIELD BRP HOLDINGS (CANADA) I","Utility","714820.0","712876.0","-1944.0","0.0808","0.08034","-0.00046","15.55","-30229.2","SELL","3","","","",25.0,-37.8,""
"2026-05-04","US10922N8891","10922N889","BHF-D","BHF","BRIGHTHOUSE FINANCIAL INC","Financial Institutions","962224.0","959608.0","-2616.0","0.08146","0.08033","-0.00113","11.55","-30214.8","SELL","3","","","",25.0,-53.8,""
"2026-05-04","US58844R7026","58844R702","MBIN-C","MBIN","MERCHANTS BANCORP","Financial Institutions","539338.0","537874.0","-1464.0","0.07966","0.08011","0.00045","20.55","-30085.2","SELL","3","","","",25.0,-17.8,""
"2026-05-04","US46131B5066","46131B506","IVR-C","IVR","INVESCO MORTGAGE CAPITAL INC","Financial Institutions","468206.0","466934.0","-1272.0","0.08001","0.07966","-0.00035","23.54","-29942.88","SELL","3","IVR-PC",18653,0.1,25.0,-5.84,0.58
"2026-05-04","BMG162491648","-","BPY-A","BPY","BROOKFIELD PROPERTY PARTNERS LP","Industrial","790357.0","788221.0","-2136.0","0.0796","0.07981","0.00021","13.97","-29839.92","SELL","3","","","",25.0,-44.12,""
"2026-05-04","BMG9078F1648","-","TRTN-D","TRTN","TRITON INTERNATIONAL LTD","Industrial","412475.0","411275.0","-1200.0","0.07352","0.07392","0.0004","24.8","-29760.0","SELL","3","TRTN-PD",4913,0.2,25.0,-0.8,0.16
"2026-05-04","US0844237067","084423706","WRB","WRB","WR BERKLEY CORPORATION","Financial Institutions","508606.0","507238.0","-1368.0","0.07919","0.07963","0.00044","21.66","-29630.88","SELL","3","WRB",2370783,0.0,25.0,-13.36,0.0
"2026-05-04","US9197944047","919794404","VLY-C","VLY","VALLEY NATIONAL BANCORP","Financial Institutions","412383.0","411255.0","-1128.0","0.07769","0.07812","0.00043","26.21","-29564.88","SELL","3","","","",25.0,4.84,""
"2026-05-04","US0605058157","060505815","BAC-E","BAC","BANK OF AMERICA CORP PREF STOCK","Financial Institutions","564085.0","562549.0","-1536.0","0.07847","0.07845","-2e-05","19.24","-29552.64","SELL","3","BAC-PE",24148,0.1,25.0,-23.04,2.3
"2026-05-04","US1258968379","125896837","CMS-C","CMS","CMS ENERGY CORPORATION","Utility","632283.0","630579.0","-1704.0","0.07881","0.07833","-0.00048","17.14","-29206.56","SELL","3","CMS-PC",27880,0.1,25.0,-31.44,3.14
"2026-05-04","US74460W3960","74460W396","PSA-S","PSA","PUBLIC STORAGE DEPOSITARY SHS EACH","Financial Institutions","687369.0","685569.0","-1800.0","0.07993","0.0803","0.00037","16.16","-29088.0","SELL","3","PSA-PS",31579,0.1,25.0,-35.36,3.54
"2026-05-04","US5303075031","530307503","LBRDA","LBRDA","LIBERTY BROADBAND CUM REDEEMABLE P","Industrial","493731.0","492387.0","-1344.0","0.07776","0.07722","-0.00054","21.64","-29084.16","SELL","3","LBRDA",178770,0.0,25.0,-13.44,0.0
"2026-05-04","US11276B2088","11276B208","BIP","BIP","BROOKFIELD INFRASTRUCTURE FINANCE","Utility","434348.0","433172.0","-1176.0","0.07748","0.07754","6e-05","24.7","-29047.2","SELL","3","BIP",1021527,0.0,25.0,-1.2,0.0
"2026-05-04","US2333318267","233331826","DTE-G","DTE","DTE ENERGY COMPANY","Utility","632229.0","630525.0","-1704.0","0.07793","0.0777","-0.00023","17.0","-28968.0","SELL","3","","","",25.0,-32.0,""
"2026-05-04","US4101204067","410120406","HWC","HWC","HANCOCK WHITNEY CORP","Financial Institutions","474237.0","472941.0","-1296.0","0.07626","0.07623","-3e-05","22.24","-28823.04","SELL","3","HWC",892910,0.0,25.0,-11.04,0.0
"2026-05-04","US3793783008","379378300","GNL-A","GNL","GLOBAL NET LEASE PREF SERIES A INC","Financial Institutions","467350.0","466078.0","-1272.0","0.0761","0.07634","0.00024","22.6","-28747.2","SELL","3","GNL-PA",7345,0.2,25.0,-9.6,1.92
"2026-05-04","US0423156068","042315606","ARR-C","ARR","ARMOUR RESIDENTIAL REIT INC","Financial Institutions","507417.0","506049.0","-1368.0","0.07677","0.07702","0.00025","21.0","-28728.0","SELL","3","ARR-PC",17193,0.1,25.0,-16.0,1.6
"2026-05-04","US38144X6094","38144X609","GS-C","GS","GOLDMAN SACHS GROUP INC","Financial Institutions","549841.0","548353.0","-1488.0","0.07677","0.07666","-0.00011","19.29","-28703.52","SELL","3","GS-PC",28771,0.1,25.0,-22.84,2.28
"2026-05-04","US4461507810","446150781","HBAN-C","HBAN","HUNTINGTON BANCSHARES INC","Financial Institutions","481027.0","479731.0","-1296.0","0.07687","0.07698","0.00011","22.14","-28693.44","SELL","3","","","",25.0,-11.44,""
"2026-05-04","BMG162491564","-","BPY-A2","BPY","BROOKFIELD PROPERTY PARTNERS LP","Industrial","687295.0","685423.0","-1872.0","0.07581","0.07613","0.00032","15.32","-28679.04","SELL","3","","","",25.0,-38.72,""
"2026-05-04","US0605056250","060505625","BAC-02","BAC","BANK OF AMERICA CORP","Financial Institutions","544917.0","543429.0","-1488.0","0.07569","0.0757","1e-05","19.22","-28599.36","SELL","3","","","",25.0,-23.12,""
"2026-05-04","US8606307069","860630706","SF-B","SF","STIFEL FINANCIAL CORP","Financial Institutions","439891.0","438691.0","-1200.0","0.07467","0.07523","0.00056","23.66","-28392.0","SELL","3","SF-PB",9700,0.1,25.0,-5.36,0.54
"2026-05-04","US11259P3073","11259P307","BRBRPH","BEPUCN","BROOKFIELD BRP HOLDINGS (CANADA) I","Utility","412383.0","411255.0","-1128.0","0.07451","0.07475","0.00024","25.08","-28290.24","SELL","3","","","",25.0,0.32,""
"2026-05-04","US00123Q8565","00123Q856","AGNCL","AGNC","AGNC INVESTMENT CORP","Financial Institutions","412347.0","411219.0","-1128.0","0.07446","0.07451","5e-05","25.0","-28200.0","SELL","3","AGNCL",20350,0.1,25.0,0.0,0.0
"2026-05-04","US6740013007","674001300","OAK-A","OAK","OAKTREE CAPITAL GROUP LLC","Financial Institutions","494875.0","493531.0","-1344.0","0.07416","0.07422","6e-05","20.75","-27888.0","SELL","3","OAK-PA",10804,0.1,25.0,-17.0,1.7
"2026-05-04","US0259328807","025932880","AFG","AFG","AMERICAN FINANCIAL GROUP INC","Financial Institutions","549841.0","548353.0","-1488.0","0.07428","0.07432","4e-05","18.7","-27825.6","SELL","3","AFG",559630,0.0,25.0,-25.2,0.0
"2026-05-04","US3205174028","320517402","FHN-E","FHN","FIRST HORIZON NATIONAL CORP","Financial Institutions","412382.0","411254.0","-1128.0","0.07362","0.07341","-0.00021","24.63","-27782.64","SELL","3","FHN-PE",6285,0.2,25.0,-1.48,0.3
"2026-05-04","US04914Y3009","04914Y300","ATLC","ATLC","ATLANTICUS HOLDINGS CORP","Financial Institutions","407428.0","406324.0","-1104.0","0.07335","0.07362","0.00027","25.0","-27600.0","SELL","3","ATLC",65787,0.0,25.0,0.0,0.0
"2026-05-04","US74460W5379","74460W537","PSA-M","PSA","PUBLIC STORAGE","Financial Institutions","632229.0","630525.0","-1704.0","0.07406","0.07394","-0.00012","16.18","-27570.72","SELL","3","PSA-PM",14460,0.1,25.0,-35.28,3.53
"2026-05-04","US87266M2061","87266M206","TRTX-C","TRTX","TPG RE FIN TR PREF SERIES C INC TR","Financial Institutions","553272.0","551784.0","-1488.0","0.07308","0.07368","0.0006","18.42","-27408.96","SELL","3","TRTX-PC",12220,0.1,25.0,-26.32,2.63
"2026-05-04","BMG9078F1317","-","TRTN-B","TRTN","TRITON INTERNATIONAL LTD","Industrial","395243.0","394163.0","-1080.0","0.07236","0.07243","7e-05","25.36","-27388.8","SELL","3","TRTN-PB",6364,0.2,25.0,1.44,0.0
"2026-05-04","US4461507570","446150757","HBANZ","HBAN","HUNTINGTON BANCSHARES DEPOSITARY S","Financial Institutions","476066.0","474770.0","-1296.0","0.07251","0.07226","-0.00025","21.0","-27216.0","SELL","3","HBANZ",13597,0.1,25.0,-16.0,1.6
"2026-05-04","US6496048819","649604881","ADAM-D","ADAM","NEW YORK MORTGAGE TRUST INC","Financial Institutions","422464.0","421312.0","-1152.0","0.07229","0.07206","-0.00023","23.6","-27187.2","SELL","3","","","",25.0,-5.6,""
"2026-05-04","BMG9078F2067","-","TRTN","TRTN","TRITON INTERNATIONAL LTD","Industrial","429073.0","427921.0","-1152.0","0.07286","0.07285","-1e-05","23.49","-27060.48","SELL","3","","","",25.0,-6.04,""
"2026-05-04","US04208T2078","04208T207","AHH-A","AHH","ARMADA HOFFLER PROPERTIES INC","Financial Institutions","470377.0","469105.0","-1272.0","0.07323","0.07215","-0.00108","21.22","-26991.84","SELL","3","","","",25.0,-15.12,""
"2026-05-04","US4884013081","488401308","KMPR","KMPR","KEMPER CORP","Financial Institutions","412383.0","411255.0","-1128.0","0.07086","0.07118","0.00032","23.88","-26936.64","SELL","3","KMPR",1056787,0.0,25.0,-4.48,0.0
"2026-05-04","US58844R8842","58844R884","MBIN","MBIN","MERCHANTS BANCORP","Financial Institutions","391732.0","390676.0","-1056.0","0.07174","0.07178","4e-05","25.35","-26769.6","SELL","3","MBIN",196253,0.0,25.0,1.4,0.0
"2026-05-04","US25401T5048","25401T504","DBRG-H","DBRG","DIGITALBRIDGE GROUP .125 CUMULATIV","Financial Institutions","582348.0","580764.0","-1584.0","0.07229","0.07105","-0.00124","16.88","-26737.92","SELL","3","DBRG-PH",16286,0.1,25.0,-32.48,3.25
"2026-05-04","US6496048652","649604865","ADAM-F","ADAM","NEW YORK MORTGAGE TRUST INC","Financial Institutions","398889.0","397809.0","-1080.0","0.06953","0.0696","7e-05","24.14","-26071.2","SELL","3","","","",25.0,-3.44,""
"2026-05-04","US70509V8862","70509V886","PEB-H","PEB","PEBBLEBROOK HOTEL TRUST","Financial Institutions","537975.0","536511.0","-1464.0","0.06938","0.06917","-0.00021","17.79","-26044.56","SELL","3","PEB-PH",13865,0.1,25.0,-28.84,2.88
"2026-05-04","US26884U2087","26884U208","EPR-C","EPR","EPR PROPERTIES 5.75% CUM CONV PREF","Financial Institutions","385493.0","384437.0","-1056.0","0.06896","0.06868","-0.00028","24.65","-26030.4","SELL","3","EPR-PC",4501,0.2,25.0,-1.4,0.28
"2026-05-04","US11272B1035","11272B103","BNCN","BNCN","BROOKFIELD FINANCE I UK PLC","Financial Institutions","632283.0","630579.0","-1704.0","0.06965","0.0696","-5e-05","15.23","-25951.92","SELL","3","","","",25.0,-39.08,""
"2026-05-04","BMG9078F1564","-","TRTN-E","TRTN","TRITON INTERNATIONAL LTD","Industrial","481061.0","479765.0","-1296.0","0.06774","0.06784","0.0001","19.51","-25284.96","SELL","3","TRTN-PE",7562,0.2,25.0,-21.96,4.39
"2026-05-04","USG162522670","-","BIP-13","BIP","BROOKFIELD INFRASTRUCTURE   CLASS","Utility","549841.0","548353.0","-1488.0","0.06754","0.06736","-0.00018","16.95","-25221.6","SELL","3","","","",25.0,-32.2,""
"2026-05-04","US89832Q8107","89832Q810","TFC-I","TFC","TRUIST FINANCIAL DS REPRESENTING","Financial Institutions","474286.0","472990.0","-1296.0","0.06557","0.06599","0.00042","19.25","-24948.0","SELL","3","TFC-PI",17855,0.1,25.0,-23.0,2.3
"2026-05-04","US0259328641","025932864","AFG","AFG","AMERICAN FINANCIAL GROUP INC","Financial Institutions","549837.0","548349.0","-1488.0","0.06639","0.06637","-2e-05","16.7","-24849.6","SELL","3","AFG",559630,0.0,25.0,-33.2,0.0
"2026-05-04","US8163005031","816300503","SIGI-B","SIGI","SELECTIVE INS GROUP DS REPSTG   IN","Financial Institutions","549841.0","548353.0","-1488.0","0.06584","0.06583","-1e-05","16.57","-24656.16","SELL","3","","","",25.0,-33.72,""
"2026-05-04","US9478907036","947890703","WBS-G","WBS","WEBSTER FINANCIAL CORPORATION","Financial Institutions","371113.0","370105.0","-1008.0","0.06545","0.06521","-0.00024","24.31","-24504.48","SELL","3","WBS-PG",10702,0.1,25.0,-2.76,0.28
"2026-05-04","US3765468836","376546883","GAIN","GAIN","GLADSTONE INVESTMENT CORP","Financial Institutions","369901.0","368893.0","-1008.0","0.06412","0.06457","0.00045","24.15","-24343.2","SELL","3","GAIN",368400,0.0,25.0,-3.4,0.0
"2026-05-04","US16934Q3074","16934Q307","CIM-A","CIM","CHIMERA INVESTMENT CORP","Financial Institutions","414691.0","413563.0","-1128.0","0.06468","0.0642","-0.00048","21.42","-24161.76","SELL","3","CIM-PA",9263,0.1,25.0,-14.32,1.43
"2026-05-04","BMG162522756","-","BIP-14","BIP","BROOKFIELD INFRASTRUCTURE PARTNERS","Utility","549841.0","548353.0","-1488.0","0.06491","0.0645","-0.00041","16.23","-24150.24","SELL","3","","","",25.0,-35.08,""
"2026-05-04","US9478905055","947890505","WBS-F","WBS","WEBSTER FINANCIAL DRC CORP","Financial Institutions","412383.0","411255.0","-1128.0","0.06293","0.06325","0.00032","21.22","-23936.16","SELL","3","WBS-PF",12296,0.1,25.0,-15.12,1.51
"2026-05-04","US3765468679","376546867","GAIN","GAIN","GLADSTONE INVESTMENT CORP","Financial Institutions","347757.0","346821.0","-936.0","0.06364","0.06387","0.00023","25.41","-23783.76","SELL","3","GAIN",368400,0.0,25.0,1.64,0.0
"2026-05-04","US0082528359","008252835","AMG","AMG","AFFILIATED MANAGERS GROUP INC.","Financial Institutions","571947.0","570387.0","-1560.0","0.06247","0.06238","-9e-05","15.09","-23540.4","SELL","3","AMG",367317,0.0,25.0,-39.64,0.0
"2026-05-04","MHY8564M1131","-","TGP","TGP","TEEKAY LNG PARTNERS LP","Industrial","339003.0","338091.0","-912.0","0.06252","0.06275","0.00023","25.61","-23356.32","SELL","3","","","",25.0,2.44,""
"2026-05-04","US90187B2007","90187B200","TWO-A","TWO","TWO HARBORS INVESTMENT CORP","Financial Institutions","347085.0","346149.0","-936.0","0.06151","0.06194","0.00043","24.69","-23109.84","SELL","3","TWO-PA",39007,0.0,25.0,-1.24,0.0
"2026-05-04","US26884U5056","26884U505","EPR-G","EPR","EPR PROPERTIES","Financial Institutions","429073.0","427921.0","-1152.0","0.06108","0.06212","0.00104","20.03","-23074.56","SELL","3","EPR-PG",9472,0.1,25.0,-19.88,1.99
"2026-05-04","US0259328724","025932872","AFG","AFG","AMERICAN FINANCIAL GROUP INC","Financial Institutions","412347.0","411219.0","-1128.0","0.0606","0.06077","0.00017","20.39","-22999.92","SELL","3","AFG",559630,0.0,25.0,-18.44,0.0
"2026-05-04","US68003D3035","68003D303","ONB-C","ONB","OLD NATIONAL BANCORP DEP SHS EACH","Financial Institutions","336766.0","335854.0","-912.0","0.06087","0.06129","0.00042","25.18","-22964.16","SELL","3","","","",25.0,0.72,""
"2026-05-04","BMG162491499","-","BPY-A-1","BPY","BROOKFIELD PROPERTY PARTNERS LP","Industrial","526272.0","524856.0","-1416.0","0.0607","0.06071","1e-05","15.96","-22599.36","SELL","3","","","",25.0,-36.16,""
"2026-05-04","US8964427046","896442704","TRIN","TRIN","TRINITY CAPITAL INC","Financial Institutions","327658.0","326770.0","-888.0","0.05979","0.06004","0.00025","25.35","-22510.8","SELL","3","TRIN",1185413,0.0,25.0,1.4,0.0
"2026-05-04","US9197942066","919794206","VLY-A","VLY","VALLEY NATIONAL BANCORP","Financial Institutions","328886.0","327998.0","-888.0","0.05976","0.05974","-2e-05","25.13","-22315.44","SELL","3","","","",25.0,0.52,""
"2026-05-04","US8660826053","866082605","INN-E","INN","SUMMIT HOTEL PROPERTIES INC","Financial Institutions","439891.0","438691.0","-1200.0","0.05838","0.05868","0.0003","18.45","-22140.0","SELL","3","INN-PE",7448,0.2,25.0,-26.2,5.24
"2026-05-04","US6496048165","649604816","ADAM","ADAM","NEW YORK MORTGAGE TRUST INC","Financial Institutions","316129.0","315265.0","-864.0","0.05844","0.05854","0.0001","25.62","-22135.68","SELL","3","ADAM",877870,0.0,25.0,2.48,0.0
"2026-05-04","BMG162582313","-","BEPUCN","BEPUCN","BROOKFIELD RENEWABLE PARTNERS LP","Utility","549125.0","547925.0","-1200.0","0.07299","0.07315","0.00016","18.42","-22104.0","SELL","3","","","",25.0,-26.32,""
"2026-05-04","US0084922097","008492209","ADC-A","ADC","AGREE REALTY CORP","Financial Institutions","481099.0","479803.0","-1296.0","0.0592","0.05929","9e-05","17.05","-22096.8","SELL","3","ADC-PA",18242,0.1,25.0,-31.8,3.18
"2026-05-04","US3137452005","313745200","FRT-C","FRT","FEDERAL REALTY INVESTMENT DEPOSITA","Financial Institutions","412383.0","411255.0","-1128.0","0.05878","0.05805","-0.00073","19.48","-21973.44","SELL","3","FRT-PC",12348,0.1,25.0,-22.08,2.21
"2026-05-04","US8964426055","896442605","TRIN","TRIN","TRINITY CAPITAL INC","Financial Institutions","320635.0","319771.0","-864.0","0.05856","0.05894","0.00038","25.43","-21971.52","SELL","3","TRIN",1185413,0.0,25.0,1.72,0.0
"2026-05-04","US90187B8871","90187B887","TWO","TWO","TWO HARBORS INVESTMENT CORP","Financial Institutions","316147.0","315283.0","-864.0","0.05776","0.05797","0.00021","25.37","-21919.68","SELL","3","TWO",3490967,0.0,25.0,1.48,0.0
"2026-05-04","US70509V7047","70509V704","PEB-F","PEB","PEBBLEBROOK HOTEL TRUST","Financial Institutions","404872.0","403768.0","-1104.0","0.05808","0.05791","-0.00017","19.79","-21848.16","SELL","3","PEB-PF",9035,0.1,25.0,-20.84,2.08
"2026-05-04","US6475513080","647551308","NMFC","NMFC","NEW MOUNTAIN FINANCE CORP","Financial Institutions","316146.0","315282.0","-864.0","0.05747","0.05763","0.00016","25.22","-21790.08","SELL","3","NMFC",898090,0.0,25.0,0.88,0.0
"2026-05-04","MHY271831213","-","GSL","GSL","GLOBAL SHIP LEASE INC","Industrial","299626.0","298810.0","-816.0","0.05783","0.05782","-1e-05","26.7","-21787.2","SELL","3","GSL",295750,0.0,25.0,6.8,0.0
"2026-05-04","US28852N3070","28852N307","EFC-B","EFC","ELLINGTON FINANCIAL INC","Financial Institutions","331291.0","330403.0","-888.0","0.05841","0.05874","0.00033","24.53","-21782.64","SELL","3","EFC-PB",7787,0.1,25.0,-1.88,0.19
"2026-05-04","US64944P3073","64944P307","FLG","NYCB","NEW YORK COMMUNITY CAPITAL TRUST V","Financial Institutions","199281.0","198753.0","-528.0","0.05888","0.05923","0.00035","41.12","-21711.36","SELL","3","FLG",5255807,0.0,25.0,64.48,0.0
"2026-05-04","US5977423038","597742303","MSBI","MSBI","MIDLAND STATES BANCORP INC","Financial Institutions","316165.0","315301.0","-864.0","0.05754","0.05731","-0.00023","25.08","-21669.12","SELL","3","MSBI",160287,0.0,25.0,0.32,0.0
"2026-05-04","US20786W5031","20786W503","CNOB-A","CNOB","CONNECTONE BANCORP INC","Financial Institutions","316164.0","315300.0","-864.0","0.05656","0.05717","0.00061","25.02","-21617.28","SELL","3","","","",25.0,0.08,""
"2026-05-04","US26817Q8785","26817Q878","DX-C","DX","DYNEX CAPITAL INC","Financial Institutions","306568.0","305728.0","-840.0","0.05709","0.05691","-0.00018","25.68","-21571.2","SELL","3","DX-PC",11975,0.1,25.0,2.72,0.0
"2026-05-04","US26884U3077","26884U307","EPR-E","EPR","EPR PROPERTIES","Financial Institutions","246379.0","245707.0","-672.0","0.05753","0.05693","-0.0006","31.97","-21483.84","SELL","3","EPR-PE",2093,0.3,25.0,27.88,0.0
"2026-05-04","US75574U8383","75574U838","RC","RC","READY CAPITAL CORP","Financial Institutions","357354.0","356394.0","-960.0","0.05764","0.05752","-0.00012","22.27","-21379.2","SELL","3","RC",1612657,0.0,25.0,-10.92,0.0
"2026-05-04","US2635343070","263534307","CTVA","CTVA","E I DU PONT DE NEMOURS AND CO","Industrial","114972.0","114660.0","-312.0","0.05712","0.05681","-0.00031","68.36","-21328.32","SELL","3","CTVA",3800497,0.0,25.0,173.44,0.0
"2026-05-04","US70931T3014","70931T301","PMT-A","PMT","PENNYMAC MORTGAGE INVESTMENT TRUST","Financial Institutions","328895.0","328007.0","-888.0","0.0567","0.0567","0.0","23.85","-21178.8","SELL","3","PMT-PA",5607,0.2,25.0,-4.6,0.92
"2026-05-04","US2256552082","225655208","CCABDC","FCRX","CRESCENT CAPITAL BDC   NOTES DUE I","Financial Institutions","306854.0","306014.0","-840.0","0.05542","0.0556","0.00018","25.07","-21058.8","SELL","3","","","",25.0,0.28,""
"2026-05-04","US64828T3005","64828T300","RITM-A","RITM","NEW RESIDENTIAL INVESTMENT CORP","Financial Institutions","301033.0","300217.0","-816.0","0.05481","0.05498","0.00017","25.27","-20620.32","SELL","3","RITM-PA",19009,0.0,25.0,1.08,0.0
"2026-05-04","US68003D2045","68003D204","ONB-A","ONB","OLD NATIONAL BANCORP","Financial Institutions","296922.0","296106.0","-816.0","0.05337","0.05395","0.00058","25.14","-20514.24","SELL","3","","","",25.0,0.56,""
"2026-05-04","US02665T8687","02665T868","AMH-H","AMH","AMERICAN HOMES 4 RENT","Financial Institutions","316167.0","315303.0","-864.0","0.0541","0.05425","0.00015","23.74","-20511.36","SELL","3","AMH-PH",7551,0.1,25.0,-5.04,0.5
"2026-05-04","US70931T8062","70931T806","PMT","PMT","PENNYMAC MORTGAGE INVESTMENT TRUST","Financial Institutions","288670.0","287878.0","-792.0","0.05341","0.05352","0.00011","25.65","-20314.8","SELL","3","PMT",1148207,0.0,25.0,2.6,0.0
"2026-05-04","US0605055914","060505591","BAC","BAC","BANK OF AMERICA DEPOSITORY SHARES","Financial Institutions","372269.0","371261.0","-1008.0","0.05361","0.054","0.00039","20.07","-20230.56","SELL","3","BAC",35519640,0.0,25.0,-19.72,0.0
"2026-05-04","US12621E3018","12621E301","CNO","CNO","CNO FINANCIAL GROUP INC","Financial Institutions","412347.0","411219.0","-1128.0","0.05303","0.05335","0.00032","17.9","-20191.2","SELL","3","CNO",670407,0.0,25.0,-28.4,0.0
"2026-05-04","US74460W4877","74460W487","PSA-O","PSA","PUBLIC STORAGE","Financial Institutions","486150.0","484830.0","-1320.0","0.05362","0.05362","0.0","15.26","-20143.2","SELL","3","PSA-PO",17356,0.1,25.0,-38.96,3.9
"2026-05-04","KYG3730V1398","-","FTAI-C","FTAI","FTAI AVIATION   FIXED RATE RESET C","Industrial","288706.0","287914.0","-792.0","0.05275","0.05302","0.00027","25.41","-20124.72","SELL","3","","","",25.0,1.64,""
"2026-05-04","US3205178656","320517865","FHN-F","FHN","FIRST HORIZON CORP (TENNESSEE)","Financial Institutions","412347.0","411219.0","-1128.0","0.05288","0.05305","0.00017","17.8","-20078.4","SELL","3","FHN-PF",9266,0.1,25.0,-28.8,2.88
"2026-05-04","US25432X2018","25432X201","DCOM","DCOM","DIME COMMUNITY BANCSHARES CUMULATI","Financial Institutions","378886.0","377854.0","-1032.0","0.0526","0.05299","0.00039","19.35","-19969.2","SELL","3","DCOM",302640,0.0,25.0,-22.6,0.0
"2026-05-04","US0259328070","025932807","AFG","AFG","AMERICAN FINANCIAL GROUP INC","Financial Institutions","343654.0","342718.0","-936.0","0.05276","0.05298","0.00022","21.33","-19964.88","SELL","3","AFG",559630,0.0,25.0,-14.68,0.0
"2026-05-04","US7588498896","758849889","REG-A","REG","REGENCY CENTERS   SERIES A CUMULAT","Financial Institutions","316165.0","315301.0","-864.0","0.05266","0.05279","0.00013","23.1","-19958.4","SELL","3","","","",25.0,-7.6,""
"2026-05-04","US80349A8027","80349A802","SAR","SAR","SARATOGA INVESTMENT CORP","Financial Institutions","290033.0","289241.0","-792.0","0.05232","0.05262","0.0003","25.1","-19879.2","SELL","3","SAR",108740,0.0,25.0,0.4,0.0
"2026-05-04","US3793784097","379378409","GNL-B","GNL","GLOBAL NET LEASE INC","Financial Institutions","335705.0","334793.0","-912.0","0.05248","0.05275","0.00027","21.74","-19826.88","SELL","3","GNL-PB",7732,0.1,25.0,-13.04,1.3
"2026-05-04","US7588498714","758849871","REG-B","REG","REGENCY CENTERS   SERIES B CUMULAT","Financial Institutions","328895.0","328007.0","-888.0","0.05232","0.05289","0.00057","22.25","-19758.0","SELL","3","","","",25.0,-11.0,""
"2026-05-04","US02665T8760","02665T876","AMH-G","AMH","AMERICAN HOMES 4 RENT","Financial Institutions","316165.0","315301.0","-864.0","0.05196","0.05194","-2e-05","22.73","-19638.72","SELL","3","AMH-PG",3955,0.2,25.0,-9.08,1.82
"2026-05-04","US53803X4025","53803X402","LOB-A","LOB","LIVE OAK BANCSHARES INC","Financial Institutions","285996.0","285228.0","-768.0","0.05221","0.05216","-5e-05","25.23","-19376.64","SELL","3","LOB-PA",12093,0.1,25.0,0.92,0.0
"2026-05-04","US16208T2015","16208T201","CLDT-A","CLDT","CHATHAM LODGING TRUST","Financial Institutions","343161.0","342225.0","-936.0","0.05027","0.05095","0.00068","20.54","-19225.44","SELL","3","CLDT-PA",9524,0.1,25.0,-17.84,1.78
"2026-05-04","US9197943056","919794305","VLY-B","VLY","VALLEY NATL NON CUM PERP PREF SERI","Financial Institutions","285996.0","285228.0","-768.0","0.05145","0.05168","0.00023","25.0","-19200.0","SELL","3","","","",25.0,0.0,""
"2026-05-04","US2298993070","229899307","CFR-B","CFR","CULLEN FROST BANKERS DRC INC","Financial Institutions","412347.0","411219.0","-1128.0","0.05071","0.0507","-1e-05","17.01","-19187.28","SELL","3","CFR-PB",11718,0.1,25.0,-31.96,3.2
"2026-05-04","US22948Q2003","22948Q200","CTO-A","CTO","CTO REALTY GROWTH INC","Financial Institutions","336979.0","336067.0","-912.0","0.05195","0.05117","-0.00078","21.01","-19161.12","SELL","3","CTO-PA",2243,0.4,25.0,-15.96,6.38
"2026-05-04","US28852N4060","28852N406","EFC-C","EFC","ELLINGTON FINANCIAL INC","Financial Institutions","274912.0","274168.0","-744.0","0.0506","0.05062","2e-05","25.48","-18957.12","SELL","3","EFC-PC",4219,0.2,25.0,1.92,0.0
"2026-05-04","US7580758578","758075857","RWT","RWT","REDWOOD TRUST INC","Financial Institutions","274894.0","274150.0","-744.0","0.04997","0.05031","0.00034","25.32","-18838.08","SELL","3","RWT",1552307,0.0,25.0,1.28,0.0
"2026-05-04","US73317H2067","73317H206","BPOP","BPOP","POPULAR CAPITAL TRUST II","Financial Institutions","277719.0","276975.0","-744.0","0.05042","0.05065","0.00023","25.23","-18771.12","SELL","3","BPOP",524953,0.0,25.0,0.92,0.0
"2026-05-04","US3131488278","313148827","AGMPP","FAMCA","FEDERAL AGRIC MTG NON CUMULATIVE P","Agency","285996.0","285228.0","-768.0","0.05009","0.05024","0.00015","24.31","-18670.08","SELL","3","","","",25.0,-2.76,""
"2026-05-04","US8043958797","804395879","BFS-E","BFS","SAUL CENTERS INC","Financial Institutions","314504.0","313664.0","-840.0","0.05039","0.05049","0.0001","22.21","-18656.4","SELL","3","BFS-PE",4733,0.2,25.0,-11.16,2.23
"2026-05-04","US29364P1030","29364P103","ETR","ETR","ENTERGY NEW ORLEANS INC","Utility","314503.0","313663.0","-840.0","0.05005","0.05003","-2e-05","22.01","-18488.4","SELL","3","ETR",3129613,0.0,25.0,-11.96,0.0
"2026-05-04","US6943082064","694308206","PCG-A","PCG","PACIFIC GAS & ELEC CO","Utility","301111.0","300295.0","-816.0","0.04939","0.04875","-0.00064","22.4","-18278.4","SELL","3","PCG-PA",6282,0.1,25.0,-10.4,1.04
"2026-05-04","US00489Q3002","00489Q300","ACR-D","ACR","ACRES COMMERCIAL REALTY CORP","Financial Institutions","309779.0","308939.0","-840.0","0.04838","0.04868","0.0003","21.74","-18261.6","SELL","3","ACR-PD",5204,0.2,25.0,-13.04,2.61
"2026-05-04","US20451Q2030","20451Q203","CODI-A","CODI","COMPASS DIVERSIFIED HOLDINGS","Financial Institutions","321424.0","320560.0","-864.0","0.04777","0.04821","0.00044","20.75","-17928.0","SELL","3","CODI-PA",8344,0.1,25.0,-17.0,1.7
"2026-05-04","US5290433094","529043309","LXP-C","LXP","LXP INDUSTRIAL TRUST","Financial Institutions","138336.0","137952.0","-384.0","0.04663","0.04651","-0.00012","46.52","-17863.68","SELL","3","LXP-PC",1887,0.2,25.0,86.08,0.0
"2026-05-04","US74348T5653","74348T565","PSEC-A","PSEC","PROSPECT CAPITAL CORP","Financial Institutions","360861.0","359877.0","-984.0","0.04643","0.04695","0.00052","18.0","-17712.0","SELL","3","PSEC-PA",7780,0.1,25.0,-28.0,2.8
"2026-05-04","US3131488435","313148843","FAMCA","FAMCA","FEDERAL AGRICULTURAL MORTGAGE CORP","Agency","329853.0","328965.0","-888.0","0.04558","0.04579","0.00021","19.2","-17049.6","SELL","3","","","",25.0,-23.2,""
"2026-05-04","US74460W4463","74460W446","PSA-Q","PSA","PUBLIC STORAGE","Financial Institutions","395189.0","394109.0","-1080.0","0.0442","0.04436","0.00016","15.53","-16772.4","SELL","3","PSA-PQ",14970,0.1,25.0,-37.88,3.79
"2026-05-04","US3131488351","313148835","FAMCA","FAMCA","FEDERAL AGRICULTURAL MORTGAGE   NO","Agency","343654.0","342718.0","-936.0","0.04388","0.04367","-0.00021","17.58","-16454.88","SELL","3","","","",25.0,-29.68,""
"2026-05-04","US14040H7742","14040H774","COF-K","COF","CAPITAL ONE FINANCIAL CORPORATION","Financial Institutions","343654.0","342718.0","-936.0","0.0438","0.04357","-0.00023","17.54","-16417.44","SELL","3","COF-PK",9812,0.1,25.0,-29.84,2.98
"2026-05-04","US9116847024","911684702","UZA","AD","UNITED STATES CELLULAR CORPORATION","Industrial","302668.0","301852.0","-816.0","0.04416","0.04395","-0.00021","20.09","-16393.44","SELL","3","","","",25.0,-19.64,""
"2026-05-04","US0454872047","045487204","ASB-E","ASB","ASSOCIATED BANC DEPOSITARY SHARES","Financial Institutions","285988.0","285220.0","-768.0","0.04337","0.04349","0.00012","21.04","-16158.72","SELL","3","ASB-PE",3193,0.2,25.0,-15.84,3.17
"2026-05-04","US70509V6056","70509V605","PEB-E","PEB","PEBBLEBROOK HOTEL TRUST","Financial Institutions","293092.0","292300.0","-792.0","0.04206","0.04195","-0.00011","19.8","-15681.6","SELL","3","PEB-PE",15100,0.1,25.0,-20.8,2.08
"2026-05-04","US3131488682","313148868","FAMCA","FAMCA","FEDERAL AGRICULTURAL MORTGAGE CORP","Agency","274893.0","274149.0","-744.0","0.04095","0.04095","0.0","20.61","-15333.84","SELL","3","","","",25.0,-17.56,""
"2026-05-04","US3765468596","376546859","GAIN","GAIN","GLADSTONE INVESTMENT CORP","Financial Institutions","286500.0","285900.0","-600.0","0.05253","0.05259","6e-05","25.38","-15228.0","SELL","3","GAIN",368400,0.0,25.0,1.52,0.0
"2026-05-04","US78163D4079","78163D407","RWAY","RWAY","RUNWAY GROWTH FINANCE","Financial Institutions","274775.0","274175.0","-600.0","0.04997","0.05035","0.00038","25.34","-15204.0","SELL","3","RWAY",681813,0.0,25.0,1.36,0.0
"2026-05-04","US80349A8514","80349A851","SAR","SAR","SARATOGA INVESTMENT CORP","Financial Institutions","274775.0","274175.0","-600.0","0.05038","0.05033","-5e-05","25.33","-15198.0","SELL","3","SAR",108740,0.0,25.0,1.32,0.0
"2026-05-04","US0454874027","045487402","ASB-F","ASB","ASSOCIATED BANC-CORP","Financial Institutions","274894.0","274150.0","-744.0","0.0405","0.04053","3e-05","20.4","-15177.6","SELL","3","ASB-PF",6753,0.1,25.0,-18.4,1.84
"2026-05-04","US00489Q2012","00489Q201","ACR-C","ACR","ACRES COMMERCIAL REALTY .625 FIXED","Financial Institutions","329175.0","328575.0","-600.0","0.05972","0.05972","0.0","25.08","-15048.0","SELL","3","ACR-PC",8276,0.1,25.0,0.32,0.0
"2026-05-04","US55272X7066","55272X706","MFA","MFA","MFA FINANCIAL INC","Financial Institutions","330200.0","329600.0","-600.0","0.05959","0.05974","0.00015","25.01","-15006.0","SELL","3","MFA",1400333,0.0,25.0,0.04,0.0
"2026-05-04","US56029Q4082","56029Q408","MHLD","MHLD","MAIDEN HOLDINGS NORTH AMERICA LTD","Financial Institutions","419190.0","418062.0","-1128.0","0.04118","0.04015","-0.00103","13.25","-14946.0","SELL","3","","","",25.0,-47.0,""
"2026-05-04","US9116848840","911684884","UZC","AD","UNITED STATES CELLULAR CORPORATION","Industrial","298988.0","298172.0","-816.0","0.03895","0.03886","-9e-05","17.98","-14671.68","SELL","3","","","",25.0,-28.08,""
"2026-05-04","US8660827044","866082704","INN-F","INN","SUMMIT HOTEL PROPERTIES INC","Financial Institutions","286004.0","285236.0","-768.0","0.03637","0.03618","-0.00019","17.5","-13440.0","SELL","3","INN-PF",3463,0.2,25.0,-30.0,6.0
"2026-05-04","US8678928040","867892804","SHO-H","SHO","SUNSTONE HOTEL INVESTORS INC","Financial Institutions","312186.0","311586.0","-600.0","0.04708","0.04706","-2e-05","20.84","-12504.0","SELL","3","SHO-PH",9868,0.1,25.0,-16.64,1.66
"2026-05-04","US5602923022","560292302","MHLD","MHLD","MAIDEN HOLDINGS LTD","Financial Institutions","324603.0","323715.0","-888.0","0.02923","0.02909","-0.00014","12.4","-11011.2","SELL","3","","","",25.0,-50.4,""
"2026-05-04","US75574U8870","75574U887","RC-E","RC","READY CAPITAL CORP","Financial Institutions","316129.0","315265.0","-864.0","0.02894","0.02905","0.00011","12.72","-10990.08","SELL","3","RC-PE",10190,0.1,25.0,-49.12,4.91
"2026-05-04","US5835432023","583543202","SLNH-A","SLNH","SOLUNA HOLDINGS INC","Industrial","375238.0","374038.0","-1200.0","0.02438","0.02448","0.0001","9.03","-10836.0","SELL","3","","","",25.0,-63.88,""
"2026-05-04","US10482B2007","10482B200","BHR-B","BHR","BRAEMAR HOTEL & RESORTS INC","Financial Institutions","225657.0","225057.0","-600.0","0.02435","0.02425","-0.0001","14.87","-8922.0","SELL","3","BHR-PB",10321,0.1,25.0,-40.52,4.05
"2026-05-04","US7443208704","744320870","PRU","PRU","PRUDENTIAL FINANCIAL INC","Financial Institutions","828782.0","828782.0","0.0","0.14307","0.14338","0.00031","23.87","0.0","UNCHANGED","3","","","","","",""
"2026-05-04","US0625403078","062540307","BOH","BOH","BANK OF HAWAII CORP","Financial Institutions","452299.0","452299.0","0.0","0.08626","0.08674","0.00048","26.46","0.0","UNCHANGED","3","","","","","",""
"2026-05-04","US05461T3059","05461T305","AXS-E","AXS","AXIS CAPITAL HOLDINGS LTD","Financial Institutions","1507574.0","1507574.0","0.0","0.21354","0.21547","0.00193","19.72","0.0","UNCHANGED","3","","","","","",""
"2026-05-04","US29452E2000","29452E200","EQH-A","EQH","EQUITABLE HLDNGS  DRC REPRESENTING","Financial Institutions","2192816.0","2192816.0","0.0","0.31281","0.3134","0.00059","19.72","0.0","UNCHANGED","3","","","","","",""
"2026-05-04","US0669224778","066922477","XTSLA","XTSLA","BLK CSH FND TREASURY SL AGENCY","Cash and/or Derivatives","101960773.0","101960773.0","0.0","0.73458","0.73897","0.00439","1.0","0.0","UNCHANGED","3","","","","","",""
"2026-05-04","US78442P5026","78442P502","SLM-B","SLM","SLM CORP","Financial Institutions","172068.0","172068.0","0.0","0.09294","0.09351","0.00057","74.98","0.0","UNCHANGED","3","","","","","",""
"2026-05-04","US34988VAF31","34988VAF3","FOSL","FOSL","FOSSIL GROUP INC","Industrial","1174925.0","1174925.0","0.0","0.00804","0.00808","4e-05","93.85","0.0","UNCHANGED","3","","","","","",""
"2026-05-04","US7244795065","724479506","PBI","PBI","PITNEY BOWES INC","Industrial","957402.0","957402.0","0.0","0.14602","0.14606","4e-05","21.05","0.0","UNCHANGED","3","","","","","",""
"2026-05-04","US0389238504","038923850","ABR-F","ABR","ARBOR REALTY TRUST INC","Financial Institutions","777196.0","777196.0","0.0","0.13103","0.13102","-1e-05","23.26","0.0","UNCHANGED","3","","","","","",""
"2026-05-04","US0389238769","038923876","ABR-D","ABR","ARBOR REALTY TRUST INC","Financial Institutions","630421.0","630421.0","0.0","0.07676","0.07717","0.00041","16.89","0.0","UNCHANGED","3","","","","","",""
"2026-05-04","US3602713089","360271308","FULT-A","FULT","FULTON FINANCIAL CORPORATION","Financial Institutions","548221.0","548221.0","0.0","0.07327","0.07339","0.00012","18.47","0.0","UNCHANGED","3","","","","","",""
"2026-05-04","US5341878859","534187885","LNC-D","LNC","LINCOLN NATIONAL CORPORATION","Financial Institutions","1370485.0","1370485.0","0.0","0.26274","0.26461","0.00187","26.64","0.0","UNCHANGED","3","","","","","",""
"2026-05-04","US9388243076","938824307","WAFD-A","WAFD","WASHINGTON FEDERAL INC","Financial Institutions","822331.0","822331.0","0.0","0.09775","0.09858","0.00083","16.54","0.0","UNCHANGED","3","","","","","",""
"2026-05-04","US0625452075","062545207","BOH-A","BOH","BANK OF HAWAII CORP","Financial Institutions","493399.0","493399.0","0.0","0.05752","0.05786","0.00034","16.18","0.0","UNCHANGED","3","","","","","",""
"2026-05-04","US0389238686","038923868","ABR-E","ABR","ARBOR REALTY TRUST INC","Financial Institutions","394047.0","394047.0","0.0","0.04794","0.04798","4e-05","16.8","0.0","UNCHANGED","3","","","","","",""
"2026-05-04","US46817M2061","46817M206","JXN","JXN","JACKSON FINANCIAL INC","Financial Institutions","1507574.0","1507574.0","0.0","0.28544","0.28572","0.00028","26.15","0.0","UNCHANGED","3","","","","","",""
"2026-05-04","US7443208050","744320805","PRU","PRU","PRUDENTIAL FINANCIAL INC","Financial Institutions","1560818.0","1560818.0","0.0","0.25819","0.25882","0.00063","22.88","0.0","UNCHANGED","3","","","","","",""
"2026-05-04","US06417N2027","06417N202","OZK-A","OZK","BANK OZK","Financial Institutions","959353.0","959353.0","0.0","0.11432","0.11514","0.00082","16.56","0.0","UNCHANGED","3","","","","","",""
"2026-05-04","US3765493099","376549309","LAND-B","LAND","GLADSTONE LAND CORP","Financial Institutions","400235.0","400235.0","0.0","0.06084","0.0615","0.00066","21.2","0.0","UNCHANGED","3","","","","","",""
"2026-05-04","US29452E4089","29452E408","EQH-C","EQH","EQUITABLE HOLDINGS INC","Financial Institutions","822331.0","822331.0","0.0","0.09669","0.09715","0.00046","16.3","0.0","UNCHANGED","3","","","","","",""
"2026-05-04","US17259U4022","17259U402","CION","CICC","CION INVESTMENT   NOTES DUE CORP","Financial Institutions","342655.0","342655.0","0.0","0.06219","0.06258","0.00039","25.2","0.0","UNCHANGED","3","","","","","",""
"2026-05-04","US7443208886","744320888","PRU","PRU","PRUDENTIAL FINANCIAL INC","Financial Institutions","1381235.0","1381235.0","0.0","0.16818","0.16938","0.0012","16.92","0.0","UNCHANGED","3","","","","","",""
