"date","isin","cusip","ticker","ticker_raw","name","sector","prior_shares","today_shares","shares_delta","prior_weight","today_weight","weight_delta","price","dollar_flow","flow_type","gap_days","yahoo_ticker","adv_30d","overhang_days","par_value","price_vs_par_pct","signal_score"
"2026-05-06","-","-","USD","USD","USD CASH","Cash and/or Derivatives","-69933482.0","-7158785.0","62774697.0","-0.5056","-0.05141","0.45419","100.0","6277469700.0","UNCHANGED","1","","","","","",""
"2026-05-06","US0669224778","066922477","XTSLA","XTSLA","BLK CSH FND TREASURY SL AGENCY","Cash and/or Derivatives","111775464.0","49315161.0","-62460303.0","0.80811","0.35416","-0.45395","1.0","-62460303.0","UNCHANGED","1","","","","","",""
"2026-05-06","US0970232049","097023204","BA","BA","BOEING CO","Industrial","7907416.0","7915471.0","8055.0","4.07383","4.15257","0.07874","73.05","588417.75","BUY","1","BA",6080023,0.0,25.0,192.2,0.0
"2026-05-06","US68389X2045","68389X204","ORCL-D","ORCL","ORACLE CORPORATION","Industrial","6875100.0","6882300.0","7200.0","2.71838","2.81727","0.09889","57.0","410400.0","BUY","1","ORCL-PD",1523991,0.0,25.0,128.0,0.0
"2026-05-06","US5949728530","594972853","STRC","MSTR","STRATEGY INC","Industrial","3454913.0","3458432.0","3519.0","2.49681","2.48295","-0.01386","99.97","351794.43","BUY","1","STRC",3346103,0.0,25.0,299.88,0.0
"2026-05-06","US9497468044","949746804","WFC-L","WFC","WELLS FARGO & COMPANY SERIES L","Financial Institutions","269446.0","269725.0","279.0","2.31425","2.31264","-0.00161","1193.9","333098.1","BUY","1","WFC-PL",11024,0.0,1000.0,19.39,0.0
"2026-05-06","US0126532003","012653200","ALB","ALB","ALBEMARLE CORP","Industrial","3162978.0","3166200.0","3222.0","1.77383","1.75221","-0.02162","77.06","248287.32","BUY","1","ALB",1937697,0.0,25.0,208.24,0.0
"2026-05-06","US0605056821","060505682","BAC-L","BAC","BANK OF AMERICA CORP","Financial Institutions","151024.0","151177.0","153.0","1.33523","1.33263","-0.0026","1227.45","187799.85","BUY","1","BAC-PL",10575,0.0,1000.0,22.75,0.0
"2026-05-06","US1730802014","173080201","C","C","CITIGROUP CAPITAL XIII","Financial Institutions","6177332.0","6183632.0","6300.0","1.31436","1.30605","-0.00831","29.41","185283.0","BUY","1","C",13090230,0.0,25.0,17.64,0.0
"2026-05-06","US5950173022","595017302","MCHP","MCHP","MICROCHIP TECHNOLOGY INCORPORATED","Industrial","2042196.0","2044275.0","2079.0","1.22649","1.27329","0.0468","86.73","180311.67","BUY","1","MCHP",9251447,0.0,25.0,246.92,0.0
"2026-05-06","US42824C2089","42824C208","HPE-A","HPE","HEWLETT PACKARD ENTERPRISE CONV PR","Industrial","2062771.0","2064877.0","2106.0","1.1868","1.20249","0.01569","81.09","170775.54","BUY","1","","","",25.0,224.36,""
"2026-05-06","US65339F6557","65339F655","NEE-V","NEE","NEXTERA ENERGY INC","Utility","3162968.0","3166190.0","3222.0","1.1843","1.16988","-0.01442","51.45","165771.9","BUY","1","NEE-PV",681755,0.0,25.0,105.8,0.0
"2026-05-06","US65339F6631","65339F663","NEE-S","NEE","NEXTERA ENERGY UNITS INC","Utility","2750420.0","2753219.0","2799.0","1.1575","1.14463","-0.01287","57.89","162034.11","BUY","1","NEE-PS",135876,0.0,25.0,131.56,0.0
"2026-05-06","US48251W5004","48251W500","KKR-D","KKR","KKR & CO INC","Financial Institutions","3558324.0","3561951.0","3627.0","1.12679","1.11812","-0.00867","43.71","158536.17","BUY","1","KKR-PD",402144,0.0,25.0,74.84,0.0
"2026-05-06","US8425878423","842587842","SO-A","SO","SOUTHERN COMPANY (THE)","Utility","2750420.0","2753219.0","2799.0","1.02944","1.00405","-0.02539","50.78","142133.22","BUY","1","SOPA",2387937,0.0,25.0,103.12,0.0
"2026-05-06","US03769M3043","03769M304","APO","APO","APOLLO GLOBAL MANAGEMENT INC","Financial Institutions","1976796.0","1978812.0","2016.0","0.95926","0.94261","-0.01665","66.33","133721.28","BUY","1","APO",4684990,0.0,25.0,165.32,0.0
"2026-05-06","US48128B6487","48128B648","JPM-EE","JPM","JPMORGAN CHASE & CO","Financial Institutions","5088242.0","5093426.0","5184.0","0.91893","0.91776","-0.00117","25.09","130066.56","BUY","1","","","",25.0,0.36,""
"2026-05-06","US48128B6552","48128B655","JPM-DD","JPM","JPMORGAN CHASE & CO","Financial Institutions","4665343.0","4670095.0","4752.0","0.81962","0.81633","-0.00329","24.34","115663.68","BUY","1","","","",25.0,-2.64,""
"2026-05-06","US65339F1194","65339F119","NEE-T","NEE","NEXTERA ENERGY UNITS INC","Utility","2062771.0","2064877.0","2106.0","0.79234","0.78223","-0.01011","52.75","111091.5","BUY","1","NEE-PT",133569,0.0,25.0,111.0,0.0
"2026-05-06","US94988U1512","94988U151","WFC-Z","WFC","WELLS FARGO & COMPANY","Financial Institutions","5515404.0","5521029.0","5625.0","0.75523","0.75493","-0.0003","19.04","107100.0","BUY","1","WFC-PZ",140854,0.0,25.0,-23.84,0.0
"2026-05-06","US48128B5232","48128B523","JPM-MM","JPM","JPMORGAN CHASE AND CO DS REPSTG  T","Financial Institutions","5500801.0","5506408.0","5607.0","0.70193","0.70152","-0.00041","17.74","99468.18","BUY","1","","","",25.0,-29.04,""
"2026-05-06","US48128B5497","48128B549","JPM-LL","JPM","JPMORGAN CHASE NON-CUMULATIVE PREF","Financial Institutions","5088243.0","5093427.0","5184.0","0.70115","0.70158","0.00043","19.18","99429.12","BUY","1","","","",25.0,-23.28,""
"2026-05-06","US10950A2050","10950A205","BTSG","BTSG","BRIGHTSPRING HEALTH SERVICES UNITS","Industrial","550103.0","550661.0","558.0","0.68072","0.6936","0.01288","175.39","97867.62","BUY","1","BTSG",2616083,0.0,1000.0,-82.46,0.0
"2026-05-06","US69331C3060","69331C306","PCG-A","PCG","PG&E CORPORATION","Utility","2214079.0","2216338.0","2259.0","0.66126","0.65482","-0.00644","41.14","92935.26","BUY","1","PCG-PA",5386,0.4,25.0,64.56,0.0
"2026-05-06","US00206R7061","00206R706","T-C","T","AT&T INC","Industrial","4813191.0","4818096.0","4905.0","0.65072","0.64774","-0.00298","18.72","91821.6","BUY","1","T-PC",172984,0.0,25.0,-25.12,0.0
"2026-05-06","US5949728795","594972879","STRF","MSTR","STRATEGY INC","Industrial","882855.0","883755.0","900.0","0.64217","0.63893","-0.00324","100.67","90603.0","BUY","1","STRF",103067,0.0,1000.0,-89.93,0.0
"2026-05-06","US03990B3096","03990B309","ARES-B","ARES","ARES MANAGEMENT CORP","Financial Institutions","2062771.0","2064877.0","2106.0","0.60772","0.61022","0.0025","41.15","86661.9","BUY","1","ARES-PB",311328,0.0,25.0,64.6,0.0
"2026-05-06","US14040H8245","14040H824","COF-I","COF","CAPITAL ONE FINANCIAL CORPORATION","Financial Institutions","4125647.0","4129850.0","4203.0","0.56761","0.56797","0.00036","19.15","80487.45","BUY","1","COF-PI",97888,0.0,25.0,-23.4,0.0
"2026-05-06","US00206R3003","00206R300","T","T","AT&T INC","Industrial","3637418.0","3641126.0","3708.0","0.5675","0.56691","-0.00059","21.68","80389.44","BUY","1","T",36707857,0.0,25.0,-13.28,0.0
"2026-05-06","US48128B5802","48128B580","JPM-JJ","JPM","JPMORGAN CHASE DRC","Financial Institutions","4125581.0","4129784.0","4203.0","0.55985","0.55965","-0.0002","18.87","79310.61","BUY","1","","","",25.0,-24.52,""
"2026-05-06","US69351T8669","69351T866","PPL","PPL","PPL CORPORATION","Utility","1581653.0","1583264.0","1611.0","0.56729","0.55965","-0.00764","49.22","79293.42","BUY","1","PPL",7461380,0.0,25.0,96.88,0.0
"2026-05-06","US5949728613","594972861","STRD","MSTR","STRATEGY INC","Industrial","964290.0","965271.0","981.0","0.532","0.52719","-0.00481","76.05","74605.05","BUY","1","STRD",76833,0.0,25.0,204.2,0.0
"2026-05-06","US38144G8042","38144G804","GS-D","GS","GOLDMAN SACHS GROUP INC","Financial Institutions","3712945.0","3716725.0","3780.0","0.50976","0.50982","6e-05","19.1","72198.0","BUY","1","GS-PD",176557,0.0,25.0,-23.6,0.0
"2026-05-06","US61762V8384","61762V838","MS-Q","MS","MORGAN STANLEY","Financial Institutions","2750420.0","2753219.0","2799.0","0.50726","0.50499","-0.00227","25.54","71486.46","BUY","1","MS-PQ",62503,0.0,25.0,2.16,0.0
"2026-05-06","US61762V8533","61762V853","MS-P","MS","MORGAN STANLEY","Financial Institutions","2750420.0","2753219.0","2799.0","0.50092","0.50143","0.00051","25.36","70982.64","BUY","1","MS-PP",69023,0.0,25.0,1.44,0.0
"2026-05-06","US61761J4067","61761J406","MS-I","MS","MORGAN STANLEY DS REPRESENTING   F","Financial Institutions","2750419.0","2753218.0","2799.0","0.49901","0.49728","-0.00173","25.15","70394.85","BUY","1","MS-PI",67305,0.0,25.0,0.6,0.0
"2026-05-06","US5949728878","594972887","STRK","MSTR","STRATEGY INC","Industrial","964448.0","965348.0","900.0","0.54387","0.5411","-0.00277","78.05","70245.0","BUY","1","STRK",149043,0.0,25.0,212.2,0.0
"2026-05-06","US26441C5013","26441C501","DUK-A","DUK","DUKE ENERGY CORP","Utility","2750420.0","2753219.0","2799.0","0.49672","0.49471","-0.00201","25.02","70030.98","BUY","1","DUK-PA",76033,0.0,25.0,0.08,0.0
"2026-05-06","US61762V6065","61762V606","MS-K","MS","MORGAN STANLEY","Financial Institutions","2750419.0","2753218.0","2799.0","0.48062","0.47869","-0.00193","24.21","67763.79","BUY","1","MS-PK",58256,0.0,25.0,-3.16,0.0
"2026-05-06","US00206R5081","00206R508","T-A","T","AT&T INC","Industrial","3300494.0","3303860.0","3366.0","0.47604","0.4762","0.00016","20.07","67555.62","BUY","1","T-PA",95173,0.0,25.0,-19.72,0.0
"2026-05-06","US0605052291","060505229","BAC-GG","BAC","BANK OF AMERICA CORP","Financial Institutions","2629276.0","2631958.0","2682.0","0.47503","0.47273","-0.0023","25.01","67076.82","BUY","1","","","",25.0,0.04,""
"2026-05-06","US0200028381","020002838","ALL-H","ALL","ALLSTATE CORPORATION (THE)","Financial Institutions","3162978.0","3166200.0","3222.0","0.47267","0.47162","-0.00105","20.74","66824.28","BUY","1","ALL-PH",83869,0.0,25.0,-17.04,0.0
"2026-05-06","US14040H7825","14040H782","COF-J","COF","CAPITAL ONE FINANCIAL CORPORATION","Financial Institutions","3438030.0","3441531.0","3501.0","0.45462","0.45403","-0.00059","18.37","64313.37","BUY","1","COF-PJ",94793,0.0,25.0,-26.52,0.0
"2026-05-06","US61762V8616","61762V861","MS-O","MS","MORGAN STANLEY","Financial Institutions","3575478.0","3579123.0","3645.0","0.44668","0.44699","0.00031","17.39","63386.55","BUY","1","MS-PO",79433,0.0,25.0,-30.44,0.0
"2026-05-06","US65339K8374","65339K837","NEE-U","NEE","NEXTERA ENERGY CAPITAL HOLDINGS IN","Utility","2406500.0","2408975.0","2475.0","0.43931","0.4377","-0.00161","25.3","62617.5","BUY","1","","","",25.0,1.2,""
"2026-05-06","US1167942077","116794207","BRKR","BRKR","BRUKER CORPORATION","Industrial","189823.0","190012.0","189.0","0.41223","0.4508","0.03857","330.36","62438.04","BUY","1","BRKR",1899313,0.0,1000.0,-66.96,0.0
"2026-05-06","US06053U6010","06053U601","BAC-KK","BAC","BANK AMER DS REPRESENTING   NON CU","Financial Institutions","2757438.0","2760246.0","2808.0","0.43659","0.4363","-0.00029","22.01","61804.08","BUY","1","","","",25.0,-11.96,""
"2026-05-06","US94988U1280","94988U128","WFC-AA","WFC","WELLS FARGO & COMPANY","Financial Institutions","3206553.0","3209820.0","3267.0","0.43653","0.43521","-0.00132","18.88","61680.96","BUY","1","","","",25.0,-24.48,""
"2026-05-06","US61762V2007","61762V200","MS-E","MS","MORGAN STANLEY","Financial Institutions","2372152.0","2374573.0","2421.0","0.43544","0.43298","-0.00246","25.39","61469.19","BUY","1","MS-PE",68446,0.0,25.0,1.56,0.0
"2026-05-06","US95002Y4008","95002Y400","WFC-DD","WFC","WELLS FARGO & COMPANY","Financial Institutions","3425809.0","3429301.0","3492.0","0.42675","0.42631","-0.00044","17.31","60446.52","BUY","1","","","",25.0,-30.76,""
"2026-05-06","US98389B8789","98389B878","XEL","XEL","XCEL ENERGY INC","Utility","2475550.0","2478025.0","2475.0","0.43527","0.43423","-0.00104","24.4","60390.0","BUY","1","XEL",4394843,0.0,25.0,-2.4,0.0
"2026-05-06","US61763E2072","61763E207","MS-F","MS","MORGAN STANLEY DS","Financial Institutions","2337822.0","2340207.0","2385.0","0.4266","0.42402","-0.00258","25.23","60173.55","BUY","1","MS-PF",76907,0.0,25.0,0.92,0.0
"2026-05-06","US61747S5047","61747S504","MS","MS","MORGAN STANLEY","Financial Institutions","3025442.0","3028529.0","3087.0","0.42303","0.42281","-0.00022","19.44","60011.28","BUY","1","MS",6361427,0.0,25.0,-22.24,0.0
"2026-05-06","US04686J8615","04686J861","ATH-A","ATH","ATHENE HOLDING DS REPRESENTING   P","Financial Institutions","2372199.0","2374620.0","2421.0","0.41735","0.41798","0.00063","24.51","59338.71","BUY","1","ATH-PA",51044,0.0,25.0,-1.96,0.0
"2026-05-06","US8425878001","842587800","SO","SO","SOUTHERN COMPANY (THE)","Utility","2750420.0","2753219.0","2799.0","0.39889","0.39723","-0.00166","20.09","56231.91","BUY","1","SO",4724240,0.0,25.0,-19.64,0.0
"2026-05-06","US55261F8648","55261F864","MTB-J","MTB","M T BK DEP INT PERP PFD STK SER J","Financial Institutions","2062771.0","2064877.0","2106.0","0.39565","0.39534","-0.00031","26.66","56145.96","BUY","1","MTB-PJ",48067,0.0,25.0,6.64,0.0
"2026-05-06","US1729672428","172967242","C-II","C","CITIGROUP INC","Financial Institutions","2200316.0","2202557.0","2241.0","0.39722","0.39526","-0.00196","24.99","56002.59","BUY","1","CPII",323,6.9,25.0,-0.04,0.28
"2026-05-06","US0605051798","060505179","BAC-K","BAC","BANK OF AMERICA CORP","Financial Institutions","2092337.0","2094470.0","2133.0","0.38771","0.38469","-0.00302","25.57","54540.81","BUY","1","BAC-PK",43066,0.0,25.0,2.28,0.0
"2026-05-06","US59156R8503","59156R850","MET-F","MET","METLIFE INC","Financial Institutions","2750420.0","2753219.0","2799.0","0.3802","0.37864","-0.00156","19.15","53600.85","BUY","1","MET-PF",101329,0.0,25.0,-23.4,0.0
"2026-05-06","CA67000B2030","67000B203","NOVTV","NOVT","NOVANTA TANGIBLE EQUITY UNITS INC","Industrial","869805.0","870687.0","882.0","0.36322","0.37599","0.01277","60.13","53034.66","BUY","1","","","",25.0,140.52,""
"2026-05-06","US06055H2022","06055H202","BAC-LL","BAC","BANK OF AMERICA CORPORATION DEPOSI","Financial Institutions","2527412.0","2529986.0","2574.0","0.37312","0.37283","-0.00029","20.52","52818.48","BUY","1","","","",25.0,-17.92,""
"2026-05-06","US8085136005","808513600","SCHW-D","SCHW","CHARLES SCHWAB CORPORATION (THE)","Financial Institutions","2062771.0","2064877.0","2106.0","0.37119","0.37102","-0.00017","25.02","52692.12","BUY","1","SCHW-PD",63778,0.0,25.0,0.08,0.0
"2026-05-06","US74913G8814","74913G881","CTL","CTL","QWEST CORP","Industrial","2688548.0","2691284.0","2736.0","0.36251","0.37206","0.00955","19.25","52668.0","BUY","1","","","",25.0,-23.0,""
"2026-05-06","US0357108705","035710870","NLY-F","NLY","ANNALY CAPITAL MANAGEMENT INC","Financial Institutions","1980323.0","1982339.0","2016.0","0.37167","0.36979","-0.00188","25.98","52375.68","BUY","1","NLY-PF",52631,0.0,25.0,3.92,0.0
"2026-05-06","US9029731554","902973155","USB-B","USB","US BANCORP","Financial Institutions","2750419.0","2753218.0","2799.0","0.37085","0.36935","-0.0015","18.68","52285.32","BUY","1","","","",25.0,-25.28,""
"2026-05-06","US95002Y2028","95002Y202","WFC-CC","WFC","WELLS FARGO & COMPANY","Financial Institutions","2877712.0","2880646.0","2934.0","0.36513","0.36472","-0.00041","17.63","51726.42","BUY","1","","","",25.0,-29.48,""
"2026-05-06","US59156R8768","59156R876","MET-E","MET","METLIFE INC","Financial Institutions","2214079.0","2216338.0","2259.0","0.36414","0.36417","3e-05","22.88","51685.92","BUY","1","MET-PE",59181,0.0,25.0,-8.48,0.0
"2026-05-06","US7593518852","759351885","RGA","RGA","REINSURANCE GROUP OF AMERICA INCOR","Financial Institutions","1924983.0","1927008.0","2025.0","0.3537","0.35137","-0.00233","25.39","51414.75","BUY","1","RGA",299527,0.0,25.0,1.56,0.0
"2026-05-06","US00775V1044","00775V104","AEGON","AEGON","AEGON FUNDING CORPORATION II","Financial Institutions","2544121.0","2546713.0","2592.0","0.35839","0.35719","-0.0012","19.53","50621.76","BUY","1","","","",25.0,-21.88,""
"2026-05-06","US48128B6222","48128B622","JPM-GG","JPM","JPMORGAN CHASE & CO","Financial Institutions","2475368.0","2477888.0","2520.0","0.35168","0.35065","-0.00103","19.7","49644.0","BUY","1","","","",25.0,-21.2,""
"2026-05-06","US89832Q6952","89832Q695","TFC-R","TFC","TRUIST FINANCIAL DRC CORP","Financial Institutions","2544121.0","2546713.0","2592.0","0.34451","0.34476","0.00025","18.85","48859.2","BUY","1","TFC-PR",73356,0.0,25.0,-24.6,0.0
"2026-05-06","US3453708378","345370837","F","F","FORD MOTOR COMPANY","Industrial","2200317.0","2202558.0","2241.0","0.32738","0.32838","0.001","20.76","46523.16","BUY","1","F",39010963,0.0,25.0,-16.96,0.0
"2026-05-06","US94988U6560","94988U656","WFC-Y","WFC","WELLS FARGO & COMPANY","Financial Institutions","1891116.0","1893042.0","1926.0","0.32554","0.32642","0.00088","24.01","46243.26","BUY","1","WFC-PY",40117,0.0,25.0,-3.96,0.0
"2026-05-06","US65339K8606","65339K860","NEE-N","NEE","NEXTERA ENERGY CAPITAL HOLDINGS IN","Utility","1890888.0","1892814.0","1926.0","0.32632","0.32502","-0.0013","23.91","46050.66","BUY","1","","","",25.0,-4.36,""
"2026-05-06","US8168516040","816851604","SRE","SRE","SEMPRA ENERGY","Utility","2083453.0","2085577.0","2124.0","0.32385","0.32277","-0.00108","21.55","45772.2","BUY","1","SRE",3197533,0.0,25.0,-13.8,0.0
"2026-05-06","US3453708451","345370845","F","F","FORD MOTOR COMPANY","Industrial","2062771.0","2064877.0","2106.0","0.31527","0.31616","0.00089","21.32","44899.92","BUY","1","F",39010963,0.0,25.0,-14.72,0.0
"2026-05-06","US82846H5046","82846H504","QXO","QXO","QXO INC","Industrial","790747.0","791557.0","810.0","0.30402","0.31317","0.00915","55.09","44622.9","BUY","1","QXO",13687177,0.0,25.0,120.36,0.0
"2026-05-06","US0200027888","020002788","ALL-J","ALL","ALLSTATE DEP REPSTG  TH NON CUM PE","Financial Institutions","1650213.0","1651896.0","1683.0","0.3121","0.31058","-0.00152","26.18","44060.94","BUY","1","ALL-PJ",44972,0.0,25.0,4.72,0.0
"2026-05-06","US06055H8060","06055H806","BAC-QQ","BAC","BANK OF AMERICA CORP","Financial Institutions","2512865.0","2515430.0","2565.0","0.30894","0.30837","-0.00057","17.07","43784.55","BUY","1","","","",25.0,-31.72,""
"2026-05-06","US03769M2052","03769M205","APO","APO","APOLLO GLOBAL MANAGEMENT INC","Financial Institutions","1650213.0","1651896.0","1683.0","0.30805","0.30714","-0.00091","25.89","43572.87","BUY","1","APO",4684990,0.0,25.0,3.56,0.0
"2026-05-06","US65339K8291","65339K829","NEE-Z","NEE","NEXTERA ENERGY CAPITAL HOLDINGS IN","Utility","1653084.0","1654767.0","1683.0","0.30105","0.29918","-0.00187","25.18","42377.94","BUY","1","","","",25.0,0.72,""
"2026-05-06","US4932678430","493267843","KEY","KEY","KEYCORP","Financial Institutions","1650213.0","1651896.0","1683.0","0.29815","0.29717","-0.00098","25.05","42159.15","BUY","1","KEY",13424617,0.0,25.0,0.2,0.0
"2026-05-06","US0605051954","060505195","BAC-HH","BAC","BANK OF AMERICA DEP REPRESENTING","Financial Institutions","1647520.0","1649203.0","1683.0","0.29587","0.2955","-0.00037","24.95","41990.85","BUY","1","","","",25.0,-0.2,""
"2026-05-06","US48251W6093","48251W609","KKR-T","KKR","KKR & CO INC","Financial Institutions","1622718.0","1624374.0","1656.0","0.29388","0.29432","0.00044","25.23","41780.88","BUY","1","","","",25.0,0.92,""
"2026-05-06","US2333317921","233331792","DTE-H","DTE","DTE ENERGY COMPANY","Utility","1650213.0","1651896.0","1683.0","0.29457","0.29302","-0.00155","24.7","41570.1","BUY","1","","","",25.0,-1.2,""
"2026-05-06","US1258968452","125896845","CMS","CMS","CMS ENERGY CORPORATION","Utility","1732768.0","1734532.0","1764.0","0.29176","0.29174","-2e-05","23.42","41312.88","BUY","1","CMS",2898397,0.0,25.0,-6.32,0.0
"2026-05-06","US87165B2025","87165B202","SYF-A","SYF","SYNCHRONY FINANCIAL","Financial Institutions","2063112.0","2065137.0","2025.0","0.29951","0.29796","-0.00155","20.09","40682.25","BUY","1","SYF-PA",64295,0.0,25.0,-19.64,0.0
"2026-05-06","US38143Y6656","38143Y665","GS-A","GS","GOLDMAN SACHS GROUP INC","Financial Institutions","2062703.0","2064809.0","2106.0","0.28603","0.2859","-0.00013","19.28","40603.68","BUY","1","GS-PA",78570,0.0,25.0,-22.88,0.0
"2026-05-06","US04686J8383","04686J838","ATH","ATH","ATHENE HOLDING LTD","Financial Institutions","1581460.0","1583071.0","1611.0","0.28698","0.28559","-0.00139","25.12","40468.32","BUY","1","","","",25.0,0.48,""
"2026-05-06","US8425878670","842587867","SO","SO","SOUTHERN COMPANY (THE)","Utility","1553965.0","1555549.0","1584.0","0.28604","0.28487","-0.00117","25.5","40392.0","BUY","1","SO",4724240,0.0,25.0,2.0,0.0
"2026-05-06","US21871X2080","21871X208","CRBG","CRBG","COREBRIDGE FINANCIAL INC","Financial Institutions","1650213.0","1651896.0","1683.0","0.28586","0.28353","-0.00233","23.9","40223.7","BUY","1","CRBG",5904710,0.0,25.0,-4.4,0.0
"2026-05-06","US00123Q8722","00123Q872","AGNC-F","AGNC","AGNC INVESTMENT CORP","Financial Institutions","1581460.0","1583071.0","1611.0","0.2855","0.2832","-0.0023","24.91","40130.01","BUY","1","","","",25.0,-0.36,""
"2026-05-06","US12542R3084","12542R308","CHSINC","CHSINC","CHS CUMULATIVE REDEEMABLE PREF CLA","Industrial","1475549.0","1477052.0","1503.0","0.2795","0.27718","-0.00232","26.13","39273.39","BUY","1","","","",25.0,4.52,""
"2026-05-06","US82452J3077","82452J307","FOUR","FOUR","SHIFT4 PAYMENTS INC","Industrial","687610.0","688312.0","702.0","0.26154","0.27262","0.01108","55.15","38715.3","BUY","1","FOUR",1969967,0.0,25.0,120.6,0.0
"2026-05-06","US8794337613","879433761","TDS-VV","TDS","TELEPHONE AND DATA SYSTEMS INC","Industrial","1897780.0","1899715.0","1935.0","0.27194","0.27149","-0.00045","19.9","38506.5","BUY","1","","","",25.0,-20.4,""
"2026-05-06","US7838922018","783892201","EIX-M","EIX","SCE TRUST VII","Utility","1512697.0","1514236.0","1539.0","0.27199","0.27132","-0.00067","24.95","38398.05","BUY","1","","","",25.0,-0.2,""
"2026-05-06","US3453708113","345370811","F","F","FORD MOTOR COMPANY","Industrial","1650228.0","1651911.0","1683.0","0.26319","0.2636","0.00041","22.22","37396.26","BUY","1","F",39010963,0.0,25.0,-11.12,0.0
"2026-05-06","US06055H4002","06055H400","BAC-NN","BAC","BANK OF AMERICA CORP","Financial Institutions","2077169.0","2079284.0","2115.0","0.26356","0.26311","-0.00045","17.62","37266.3","BUY","1","","","",25.0,-29.52,""
"2026-05-06","US12542R8034","12542R803","CHSINC","CHSINC","CHS INC","Industrial","1423486.0","1424935.0","1449.0","0.26449","0.26259","-0.0019","25.66","37181.34","BUY","1","","","",25.0,2.64,""
"2026-05-06","US59156R5046","59156R504","MET-A","MET","METLIFE INC","Financial Institutions","1650636.0","1652319.0","1683.0","0.25705","0.25821","0.00116","21.76","36622.08","BUY","1","MET-PA",155988,0.0,25.0,-12.96,0.0
"2026-05-06","US05990K8412","05990K841","BANC-F","BANC","BANC OF CALIFORNIA INC","Financial Institutions","1406365.0","1407796.0","1431.0","0.26039","0.25832","-0.00207","25.55","36562.05","BUY","1","BANC-PF",54268,0.0,25.0,2.2,0.0
"2026-05-06","US87165B4005","87165B400","SYF-B","SYF","SYNCHRONY FINANCIAL","Financial Institutions","1375315.0","1376719.0","1404.0","0.25713","0.25716","3e-05","26.01","36518.04","BUY","1","SYF-PB",53129,0.0,25.0,4.04,0.0
"2026-05-06","US8425878837","842587883","SO-C","SO","SOUTHERN COMPANY (THE)","Utility","2063083.0","2065189.0","2106.0","0.25714","0.25599","-0.00115","17.26","36349.56","BUY","1","","","",25.0,-30.96,""
"2026-05-06","US0200023093","020002309","ALL","ALL","ALLSTATE CORPORATION (THE)","Financial Institutions","1375364.0","1376768.0","1404.0","0.25764","0.25588","-0.00176","25.88","36335.52","BUY","1","ALL",1366547,0.0,25.0,3.52,0.0
"2026-05-06","US7591EP8604","7591EP860","RF","RF","REGIONS FINANCIAL CORPORATION","Financial Institutions","1375441.0","1376845.0","1404.0","0.25458","0.25412","-0.00046","25.7","36082.8","BUY","1","RF",11794747,0.0,25.0,2.8,0.0
"2026-05-06","US0640588457","64058845","BK-K","BK","BANK OF NEW YORK MELLON CORP/THE","Financial Institutions","1375497.0","1376901.0","1404.0","0.25398","0.25245","-0.00153","25.53","35844.12","BUY","1","BK-PK",32317,0.0,25.0,2.12,0.0
"2026-05-06","US9029737593","902973759","USB-K","USB","US BANCORP","Financial Institutions","1575619.0","1577221.0","1602.0","0.25277","0.25304","0.00027","22.34","35788.68","BUY","1","","","",25.0,-10.64,""
"2026-05-06","US74913G8731","74913G873","CTL","CTL","QWEST CORP","Industrial","1816188.0","1818042.0","1854.0","0.24791","0.25147","0.00356","19.26","35708.04","BUY","1","","","",25.0,-22.96,""
"2026-05-06","US04686J5074","04686J507","ATH-E","ATH","ATHENE HLDG LTD DEP SHR REPSTG   I","Financial Institutions","1375509.0","1376913.0","1404.0","0.25359","0.25136","-0.00223","25.42","35689.68","BUY","1","ATH-PE",69141,0.0,25.0,1.68,0.0
"2026-05-06","US4932677028","493267702","KEY-E","KEY","KEYCORP","Financial Institutions","1370067.0","1371462.0","1395.0","0.2481","0.24722","-0.00088","25.1","35014.5","BUY","1","","","",25.0,0.4,""
"2026-05-06","US89832Q7455","89832Q745","TFC-O","TFC","TRUIST FINANCIAL PERPETUAL PREF SE","Financial Institutions","1581995.0","1583606.0","1611.0","0.24533","0.24542","9e-05","21.58","34765.38","BUY","1","TFC-PO",41715,0.0,25.0,-13.68,0.0
"2026-05-06","US9182842099","918284209","VSEC","VSEC","VSE CORP","Industrial","633824.0","634472.0","648.0","0.21633","0.24295","0.02662","53.32","34551.36","BUY","1","VSEC",563517,0.0,25.0,113.28,0.0
"2026-05-06","US7591EP7044","7591EP704","RF-C","RF","REGIONS FINANCIAL CORPORATION","Financial Institutions","1375624.0","1377028.0","1404.0","0.24386","0.24258","-0.00128","24.53","34440.12","BUY","1","RF-PC",41097,0.0,25.0,-1.88,0.0
"2026-05-06","US12542R7044","12542R704","CHSINC","CHSINC","CHS RESET RATE CUMULATIVE REDEEMAB","Industrial","1355182.0","1356532.0","1350.0","0.24572","0.24399","-0.00173","25.05","33817.5","BUY","1","","","",25.0,0.2,""
"2026-05-06","US55261F8499","55261F849","MTB-K","MTB","M&T BANK CORPORATION","Financial Institutions","1238700.0","1240050.0","1350.0","0.22281","0.22299","0.00018","25.04","33804.0","BUY","1","MTB-PK",49771,0.0,25.0,0.16,0.0
"2026-05-06","US26441C4024","26441C402","DUK","DUK","DUKE ENERGY CORP","Utility","1375791.0","1377195.0","1404.0","0.23892","0.23786","-0.00106","24.05","33766.2","BUY","1","DUK",3262213,0.0,25.0,-3.8,0.0
"2026-05-06","US9029737189","902973718","USB-M","USB","US BANCORP","Financial Institutions","2063810.0","2065916.0","2106.0","0.23669","0.23664","-5e-05","15.95","33590.7","BUY","1","","","",25.0,-36.2,""
"2026-05-06","US6494452021","649445202","FLG-A","FLG","NEW YORK COMMUNITY BANCORP INT FXD","Financial Institutions","1417256.0","1418696.0","1440.0","0.23521","0.23372","-0.00149","22.94","33033.6","BUY","1","FLG-PA",141498,0.0,25.0,-8.24,0.0
"2026-05-06","US9633202059","963320205","WHR-A","WHR","WHIRLPOOL CORPORATION","Industrial","790819.0","791629.0","810.0","0.23156","0.23019","-0.00137","40.49","32796.9","BUY","1","WHR-PA",241028,0.0,25.0,61.96,0.0
"2026-05-06","US64828T7063","64828T706","RITM-D","RITM","NEW RESIDENTIAL INVESTMENT CORP","Financial Institutions","1274167.0","1275463.0","1296.0","0.22919","0.22826","-0.00093","24.92","32296.32","BUY","1","RITM-PD",53552,0.0,25.0,-0.32,0.0
"2026-05-06","US3167736053","316773605","FITB-I","FITB","FIFTH THIRD BANCORP DEPOSITARY SHA","Financial Institutions","1233094.0","1234354.0","1260.0","0.22635","0.22534","-0.00101","25.42","32029.2","BUY","1","","","",25.0,1.68,""
"2026-05-06","US14040H7585","14040H758","COF-L","COF","CAPITAL ONE FINANCIAL CORPORATION","Financial Institutions","1857962.0","1859852.0","1890.0","0.22298","0.22346","0.00048","16.73","31619.7","BUY","1","COF-PL",41344,0.0,25.0,-33.08,0.0
"2026-05-06","US0357108473","035710847","NLY-I","NLY","ANNALY CAPITAL MANAGEMENT INC","Financial Institutions","1212512.0","1213745.0","1233.0","0.22503","0.22349","-0.00154","25.64","31614.12","BUY","1","NLY-PI",73611,0.0,25.0,2.56,0.0
"2026-05-06","BMG1624R1079","-","BPY","BPY","BROOKFIELD PROPERTY PREFERRED PREF","Industrial","1838956.0","1840828.0","1872.0","0.22402","0.22302","-0.001","16.87","31580.64","BUY","1","","","",25.0,-32.52,""
"2026-05-06","US8574778556","857477855","STT-G","STT","STATE STREET CORP","Financial Institutions","1370067.0","1371462.0","1395.0","0.21935","0.21865","-0.0007","22.2","30969.0","BUY","1","STT-PG",44638,0.0,25.0,-11.2,0.0
"2026-05-06","US8085138654","808513865","SCHW-J","SCHW","CHARLES SCHWAB CORPORATION (THE)","Financial Institutions","1651592.0","1653275.0","1683.0","0.2178","0.21787","7e-05","18.35","30883.05","BUY","1","SCHW-PJ",74852,0.0,25.0,-26.6,0.0
"2026-05-06","US0082528276","008252827","AMG","AMG","AFFILIATED MANAGERS GROUP INC.","Financial Institutions","1238875.0","1240135.0","1260.0","0.21523","0.21464","-0.00059","24.1","30366.0","BUY","1","AMG",367317,0.0,25.0,-3.6,0.0
"2026-05-06","US06055H6080","06055H608","BAC-PP","BAC","BANK OF AMERICA DRC CORP","Financial Institutions","1755301.0","1757092.0","1791.0","0.21231","0.21174","-0.00057","16.78","30052.98","BUY","1","BAC-PP",45090,0.0,25.0,-32.88,0.0
"2026-05-06","US0357108622","035710862","NLY-G","NLY","ANNALY CAPITAL MANAGEMENT INC","Financial Institutions","1164565.0","1165753.0","1188.0","0.212","0.21111","-0.00089","25.22","29961.36","BUY","1","NLY-PG",26538,0.0,25.0,0.88,0.0
"2026-05-06","US12542R5063","12542R506","CHSINC","CHSINC","CHS INC","Industrial","1156312.0","1157491.0","1179.0","0.21175","0.21072","-0.00103","25.35","29887.65","BUY","1","","","",25.0,1.4,""
"2026-05-06","US97650W7020","97650W702","WTFC-F","WTFC","WINTRUST FINANCIAL CORPORATION","Financial Institutions","1169925.0","1171050.0","1125.0","0.2233","0.22253","-0.00077","26.46","29767.5","BUY","1","","","",25.0,5.84,""
"2026-05-06","US1746106004","174610600","CFG-H","CFG","CITIZENS FINANCIAL GROUP INC","Financial Institutions","1101423.0","1102548.0","1125.0","0.20636","0.20714","0.00078","26.16","29430.0","BUY","1","CFG-PH",25129,0.0,25.0,4.64,0.0
"2026-05-06","US3167738372","316773837","FITBM","FITB","FIFTH THIRD BANCORP DEPOSITARY SHA","Financial Institutions","1101446.0","1102571.0","1125.0","0.20601","0.20627","0.00026","26.05","29306.25","BUY","1","FITBM",56703,0.0,25.0,4.2,0.0
"2026-05-06","US74460W5528","74460W552","PSA-L","PSA","PUBLIC STORAGE","Financial Institutions","1555677.0","1557261.0","1584.0","0.20543","0.20471","-0.00072","18.3","28987.2","BUY","1","PSA-PL",46115,0.0,25.0,-26.8,0.0
"2026-05-06","US00123Q8078","00123Q807","AGNC-E","AGNC","AGNC INVESTMENT CORP","Financial Institutions","1102896.0","1104021.0","1125.0","0.20333","0.2025","-0.00083","25.54","28732.5","BUY","1","","","",25.0,2.16,""
"2026-05-06","US61762V8046","61762V804","MS-L","MS","MORGAN STANLEY","Financial Institutions","1376788.0","1378192.0","1404.0","0.20276","0.20211","-0.00065","20.42","28669.68","BUY","1","MS-PL",23839,0.1,25.0,-18.32,1.83
"2026-05-06","US31959X4007","31959X400","FCNCA","FCNCA","FIRST CITIZENS BANCSHARES INC (DEL","Financial Institutions","1101581.0","1102706.0","1125.0","0.20086","0.20035","-0.00051","25.3","28462.5","BUY","1","FCNCA",80883,0.0,25.0,1.2,0.0
"2026-05-06","US7593518027","759351802","RGA","RGA","REINSURANCE GROUP OF AMERICA INCOR","Financial Institutions","1101565.0","1102690.0","1125.0","0.20077","0.19972","-0.00105","25.22","28372.5","BUY","1","RGA",299527,0.0,25.0,0.88,0.0
"2026-05-06","US1746108083","174610808","CFG-I","CFG","CITIZENS FINANCIAL GROUP INC","Financial Institutions","1101559.0","1102684.0","1125.0","0.1999","0.19885","-0.00105","25.11","28248.75","BUY","1","CFG-PI",28845,0.0,25.0,0.44,0.0
"2026-05-06","US3205178409","320517840","FHN-H","FHN","FIRST HORIZON CORP","Financial Institutions","1098426.0","1099542.0","1116.0","0.19909","0.19836","-0.00073","25.12","28033.92","BUY","1","FHN-PH",194808,0.0,25.0,0.48,0.0
"2026-05-06","US9029738666","902973866","USB-A","USB","US BANCORP","Financial Institutions","39533.0","39569.0","36.0","0.22136","0.22009","-0.00127","774.5","27882.0","BUY","1","USB-PA",1322,0.0,1000.0,-22.55,0.0
"2026-05-06","US8726521029","872652102","TPG","TPG","TPG OPERATING GROUP II LP","Financial Institutions","1101627.0","1102752.0","1125.0","0.1976","0.19601","-0.00159","24.75","27843.75","BUY","1","TPG",2972470,0.0,25.0,-1.0,0.0
"2026-05-06","US87264A1051","87264A105","TMUS","TMUS","T-MOBILE USA INC","Industrial","1083729.0","1084836.0","1107.0","0.19502","0.19376","-0.00126","24.87","27531.09","BUY","1","TMUS",6177427,0.0,25.0,-0.52,0.0
"2026-05-06","US8425874042","842587404","SO","SO","SOUTHERN COMPANY (THE)","Utility","1239435.0","1240695.0","1260.0","0.19436","0.19397","-0.00039","21.77","27430.2","BUY","1","SO",4724240,0.0,25.0,-12.92,0.0
"2026-05-06","US64828T5083","64828T508","RITM-C","RITM","NEW RESIDENTIAL INVESTMENT CORP","Financial Institutions","1089447.0","1090554.0","1107.0","0.19415","0.19345","-0.0007","24.7","27342.9","BUY","1","RITM-PC",41851,0.0,25.0,-1.2,0.0
"2026-05-06","US04686J4085","04686J408","ATH-D","ATH","ATHENE HOLDING DS REPRESENTING A","Financial Institutions","1583968.0","1585579.0","1611.0","0.19044","0.19085","0.00041","16.76","27000.36","BUY","1","ATH-PD",41428,0.0,25.0,-32.96,0.0
"2026-05-06","US74460W4612","74460W461","PSA-P","PSA","PUBLIC STORAGE","Financial Institutions","1663046.0","1664738.0","1692.0","0.19069","0.19035","-0.00034","15.92","26936.64","BUY","1","PSA-PP",72484,0.0,25.0,-36.32,0.0
"2026-05-06","US4932678687","493267868","KEY-G","KEY","KEYCORP","Financial Institutions","1233094.0","1234354.0","1260.0","0.18956","0.18828","-0.00128","21.24","26762.4","BUY","1","","","",25.0,-15.04,""
"2026-05-06","US06055H8714","06055H871","BAC-SS","BAC","BANK OF AMERICA CORP","Financial Institutions","1315974.0","1317315.0","1341.0","0.18191","0.1824","0.00049","19.28","25854.48","BUY","1","","","",25.0,-22.88,""
"2026-05-06","US72348N3070","72348N307","PNFP-B","PNFP","PINNACLE FINANCIAL PARTNERS NON CU","Financial Institutions","964352.0","965333.0","981.0","0.18253","0.18241","-0.00012","26.31","25810.11","BUY","1","PNFP-PB",15665,0.1,25.0,5.24,0.0
"2026-05-06","US0158578080","015857808","AQNCN","AQNCN","ALGONQUIN POWER & UTILITIES CORP","Utility","964389.0","965370.0","981.0","0.18156","0.18102","-0.00054","26.11","25613.91","BUY","1","","","",25.0,4.44,""
"2026-05-06","US8794337878","879433787","TDS-UU","TDS","TELEPHONE DATA SYS DRC INC","Industrial","1157309.0","1158488.0","1179.0","0.17981","0.17871","-0.0011","21.48","25324.92","BUY","1","","","",25.0,-14.08,""
"2026-05-06","US4932678760","493267876","KEY-F","KEY","KEYCORP","Financial Institutions","1164565.0","1165753.0","1188.0","0.17851","0.17757","-0.00094","21.21","25197.48","BUY","1","","","",25.0,-15.16,""
"2026-05-06","US8935266812","893526681","TRPCN","TRPCN","TRANSCANADA PIPELINES LTD","Industrial","1019645.0","1020680.0","1035.0","0.17711","0.17578","-0.00133","23.98","24819.3","BUY","1","","","",25.0,-4.08,""
"2026-05-06","US87264A2042","87264A204","TMUS","TMUS","T-MOBILE USA INC","Industrial","1104511.0","1105636.0","1125.0","0.1768","0.175","-0.0018","22.04","24795.0","BUY","1","TMUS",6177427,0.0,25.0,-11.84,0.0
"2026-05-06","US00123Q8318","00123Q831","AGNC-H","AGNC","AGNC INVESTMENT CORP","Financial Institutions","945345.0","946308.0","963.0","0.17469","0.1733","-0.00139","25.5","24556.5","BUY","1","","","",25.0,2.0,""
"2026-05-06","US2333318598","233331859","DTE-E","DTE","DTE ENERGY COMPANY","Utility","1102449.0","1103574.0","1125.0","0.17296","0.17293","-3e-05","21.82","24547.5","BUY","1","","","",25.0,-12.72,""
"2026-05-06","US87264A3032","87264A303","TMUS","TMUS","T-MOBILE USA INC","Industrial","1087937.0","1089044.0","1107.0","0.17375","0.17238","-0.00137","22.04","24398.28","BUY","1","TMUS",6177427,0.0,25.0,-11.84,0.0
"2026-05-06","US1746104025","174610402","CFG-E","CFG","CITIZENS FINANCIAL GROUP INC","Financial Institutions","1240245.0","1241505.0","1260.0","0.17261","0.17208","-0.00053","19.3","24318.0","BUY","1","CFG-PE",28852,0.0,25.0,-22.8,0.0
"2026-05-06","US4165186036","416518603","HIG-G","HIG","HARTFORD FINANCIAL SERVICES GROUP","Financial Institutions","950835.0","951807.0","972.0","0.17083","0.17075","-8e-05","24.98","24280.56","BUY","1","HIG-PG",20903,0.0,25.0,-0.08,0.0
"2026-05-06","US30190A2033","30190A203","FG","FG","F&G ANNUITIES & LIFE INC","Financial Institutions","945345.0","946308.0","963.0","0.17148","0.1701","-0.00138","25.03","24103.89","BUY","1","FG",596330,0.0,25.0,0.12,0.0
"2026-05-06","US03939A4040","03939A404","ACGL-G","ACGL","ARCH CAPITAL GROUP LTD.","Financial Institutions","1378052.0","1379456.0","1404.0","0.17037","0.1696","-0.00077","17.12","24036.48","BUY","1","","","",25.0,-31.52,""
"2026-05-06","US12542R2094","12542R209","CHSINC","CHSINC","CHS INC. (8% CUMULATIVE REDEEMABLE","Industrial","845639.0","846503.0","864.0","0.16929","0.16864","-0.00065","27.74","23967.36","BUY","1","","","",25.0,10.96,""
"2026-05-06","US62913M2061","62913M206","NGL-B","NGL","NGL ENERGY PARTNERS LP","Industrial","927977.0","928922.0","945.0","0.17007","0.16911","-0.00096","25.35","23955.75","BUY","1","NGL-PB",20705,0.0,25.0,1.4,0.0
"2026-05-06","US4461508230","446150823","HBAN-H","HBAN","HUNTINGTON BANCSHARES DRC INC","Financial Institutions","1378062.0","1379466.0","1404.0","0.16947","0.16871","-0.00076","17.03","23910.12","BUY","1","","","",25.0,-31.88,""
"2026-05-06","US78410V2007","78410V200","SCE-L","EIX","SCE TRUST VI","Financial Institutions","1309209.0","1310541.0","1332.0","0.16971","0.16866","-0.00105","17.92","23869.44","BUY","1","SCE-PL",18421,0.1,25.0,-28.32,2.83
"2026-05-06","US29364D1000","29364D100","ETR","ETR","ENTERGY ARKANSAS LLC","Utility","1130118.0","1131270.0","1152.0","0.16831","0.16785","-0.00046","20.66","23800.32","BUY","1","ETR",2969683,0.0,25.0,-17.36,0.0
"2026-05-06","US14314C1053","14314C105","CG","CG","CARLYLE FINANCE LLC","Financial Institutions","1377997.0","1379401.0","1404.0","0.16916","0.16672","-0.00244","16.83","23629.32","BUY","1","CG",3159290,0.0,25.0,-32.68,0.0
"2026-05-06","US80620A2087","80620A208","EIX-N","EIX","SCE TRUST VIII","Utility","959063.0","960044.0","981.0","0.16599","0.16485","-0.00114","23.91","23455.71","BUY","1","","","",25.0,-4.36,""
"2026-05-06","US00123Q5009","00123Q500","AGNC-C","AGNC","AGNC INVESTMENT CORP","Financial Institutions","890535.0","891444.0","909.0","0.16598","0.16511","-0.00087","25.79","23443.11","BUY","1","","","",25.0,3.16,""
"2026-05-06","US8629452017","862945201","ASSE-A","ASSE","STRIVE INC","Industrial","227425.0","227659.0","234.0","0.16375","0.16237","-0.00138","99.31","23238.54","BUY","1","","","",25.0,297.24,""
"2026-05-06","US4461507737","446150773","HBAN-J","HBAN","HUNTINGTON BANCSHARES INC","Financial Institutions","896046.0","896946.0","900.0","0.16494","0.164","-0.00094","25.46","22914.0","BUY","1","","","",25.0,1.84,""
"2026-05-06","US74965L2007","74965L200","RLJ-A","RLJ","RLJ LODGING .95 CUMULATIVE CONVERT","Financial Institutions","882330.0","883230.0","900.0","0.16043","0.16003","-0.0004","25.23","22707.0","BUY","1","RLJ-PA",36354,0.0,25.0,0.92,0.0
"2026-05-06","US9029736686","902973668","USB-O","USB","US BANCORP","Financial Institutions","1240753.0","1242013.0","1260.0","0.16012","0.16011","-1e-05","17.95","22617.0","BUY","1","","","",25.0,-28.2,""
"2026-05-06","US30190A6091","30190A609","FG","FG","F&G ANNUITIES & LIFE INC","Financial Institutions","1027576.0","1028620.0","1044.0","0.16002","0.15978","-0.00024","21.63","22581.72","BUY","1","FG",596330,0.0,25.0,-13.48,0.0
"2026-05-06","US48253M1045","48253M104","KKR","KKR","KKR GROUP FINANCE CO IX LLC","Financial Institutions","1378379.0","1379729.0","1350.0","0.16602","0.16498","-0.00104","16.65","22477.5","BUY","1","KKR",5519143,0.0,25.0,-33.4,0.0
"2026-05-06","US9027884058","902788405","UMBF","UMBF","UMB FINANCIAL CORPORATION","Financial Institutions","822073.0","822910.0","837.0","0.15863","0.15844","-0.00019","26.81","22439.97","BUY","1","UMBF",692223,0.0,25.0,7.24,0.0
"2026-05-06","US16934Q4064","16934Q406","CIM-B","CIM","CHIMERA INVESTMENT CORP","Financial Institutions","890531.0","891440.0","909.0","0.15722","0.1571","-0.00012","24.54","22306.86","BUY","1","CIM-PB",37335,0.0,25.0,-1.84,0.0
"2026-05-06","BMG7498P1279","-","RNR-G","RNR","RENAISSANCERE HOLDINGS LTD","Financial Institutions","1378923.0","1380327.0","1404.0","0.15672","0.15524","-0.00148","15.66","21986.64","BUY","1","RNR-PG",28714,0.0,25.0,-37.36,0.0
"2026-05-06","US6658598569","665859856","NTRS-E","NTRS","NORTHERN TRUST CORPORATION","Financial Institutions","1096104.0","1097220.0","1116.0","0.15152","0.15153","1e-05","19.23","21460.68","BUY","1","","","",25.0,-23.08,""
"2026-05-06","US0454876006","045487600","ASB","ASB","ASSOCIATED BANC-CORP","Financial Institutions","827596.0","828442.0","846.0","0.14982","0.14933","-0.00049","25.1","21234.6","BUY","1","ASB",2359007,0.0,25.0,0.4,0.0
"2026-05-06","US9029737346","902973734","USB-L","USB","US BANCORP","Financial Institutions","1379199.0","1380603.0","1404.0","0.14997","0.14952","-0.00045","15.08","21172.32","BUY","1","","","",25.0,-39.68,""
"2026-05-06","US10922N7075","10922N707","BHF-C","BHF","BRIGHTHOUSE FINANCIAL INC","Financial Institutions","1586162.0","1587782.0","1620.0","0.14678","0.14721","0.00043","12.91","20914.2","BUY","1","","","",25.0,-48.36,""
"2026-05-06","US0256768591","025676859","ANGINC","ANGINC","AMERICAN NATIONAL GROUP INC","Financial Institutions","822073.0","822910.0","837.0","0.14698","0.14644","-0.00054","24.78","20740.86","BUY","1","","","",25.0,-0.88,""
"2026-05-06","US3196263053","319626305","FCNCA","FCNCA","FIRST CITIZENS BANCSHARES INC.","Financial Institutions","951689.0","952661.0","972.0","0.14518","0.14528","0.0001","21.23","20635.56","BUY","1","FCNCA",80883,0.0,25.0,-15.08,0.0
"2026-05-06","US05580M8192","05580M819","RILYI","RILY","B. RILEY FINANCIAL INC","Financial Institutions","1055678.0","1056758.0","1080.0","0.14112","0.14313","0.00201","18.86","20368.8","BUY","1","","","",25.0,-24.56,""
"2026-05-06","US9030025095","903002509","UMH-D","UMH","UMH PROPERTIES INC","Financial Institutions","889342.0","890251.0","909.0","0.14171","0.14142","-0.00029","22.12","20107.08","BUY","1","UMH-PD",16769,0.1,25.0,-11.52,1.15
"2026-05-06","US9290892093","929089209","VOYA-B","VOYA","VOYA FINANCIAL INC","Financial Institutions","822073.0","822910.0","837.0","0.14258","0.14195","-0.00063","24.02","20104.74","BUY","1","VOYA-PB",20141,0.0,25.0,-3.92,0.0
"2026-05-06","US0357108218","035710821","NLY-J","NLY","ANNALY CAPITAL MANAGEMENT INC","Financial Institutions","753545.0","754310.0","765.0","0.1423","0.14166","-0.00064","26.15","20004.75","BUY","1","NLY-PJ",33349,0.0,25.0,4.6,0.0
"2026-05-06","US9576384062","957638406","WAL-A","WAL","WESTERN ALLIANCE BANCORP","Financial Institutions","822073.0","822910.0","837.0","0.14139","0.14053","-0.00086","23.78","19903.86","BUY","1","WAL-PA",13983,0.1,25.0,-4.88,0.49
"2026-05-06","US64828T4094","64828T409","RITM-B","RITM","NEW RESIDENTIAL INVESTMENT CORP","Financial Institutions","771434.0","772217.0","783.0","0.13988","0.13959","-0.00029","25.17","19708.11","BUY","1","RITM-PB",38037,0.0,25.0,0.68,0.0
"2026-05-06","US91529Y6014","91529Y601","UNM","UNM","UNUM GROUP","Financial Institutions","822073.0","822910.0","837.0","0.1386","0.13879","0.00019","23.48","19652.76","BUY","1","UNM",1680053,0.0,25.0,-6.08,0.0
"2026-05-06","US14040H7338","14040H733","COF-N","COF","CAPITAL ONE FINL DS REPSTG  TH PRF","Financial Institutions","1173096.0","1174293.0","1197.0","0.13714","0.13746","0.00032","16.3","19511.1","BUY","1","COF-PN",26058,0.0,25.0,-34.8,0.0
"2026-05-06","US2538688225","253868822","DLR-L","DLR","DIGITAL REALTY TRUST INC","Financial Institutions","945345.0","946308.0","963.0","0.13717","0.13748","0.00031","20.23","19481.49","BUY","1","DLR-PL",24559,0.0,25.0,-19.08,0.0
"2026-05-06","US74460W4208","74460W420","PSA-R","PSA","PUBLIC STORAGE","Financial Institutions","1200718.0","1201942.0","1224.0","0.13707","0.13612","-0.00095","15.77","19302.48","BUY","1","PSA-PR",30752,0.0,25.0,-36.92,0.0
"2026-05-06","US10922N3017","10922N301","BHF-A","BHF","BRIGHTHOUSE FINANCIAL INC","Financial Institutions","1173091.0","1174288.0","1197.0","0.13281","0.13434","0.00153","15.93","19068.21","BUY","1","","","",25.0,-36.28,""
"2026-05-06","US04686J2006","04686J200","ATH-B","ATH","ATHENE HLDG DRC LTD","Financial Institutions","945344.0","946307.0","963.0","0.13269","0.13286","0.00017","19.55","18826.65","BUY","1","ATH-PB",31260,0.0,25.0,-21.8,0.0
"2026-05-06","US7591EP8869","7591EP886","RF-E","RF","REGIONS FINL DRC CORP","Financial Institutions","1104319.0","1105444.0","1125.0","0.13349","0.13266","-0.00083","16.71","18798.75","BUY","1","RF-PE",29677,0.0,25.0,-33.16,0.0
"2026-05-06","US10922N5095","10922N509","BHF-B","BHF","BRIGHTHOUSE FINANCIAL INC","Financial Institutions","1111101.0","1112235.0","1134.0","0.1317","0.13235","0.00065","16.57","18790.38","BUY","1","","","",25.0,-33.72,""
"2026-05-06","US03939A1079","03939A107","ACGL-F","ACGL","ARCH CAPITAL GROUP LTD.","Financial Institutions","904237.0","905155.0","918.0","0.13212","0.13196","-0.00016","20.3","18635.4","BUY","1","","","",25.0,-18.8,""
"2026-05-06","US55272X5086","55272X508","MFA-C","MFA","MFA FINANCIAL INC","Financial Institutions","753545.0","754310.0","765.0","0.12966","0.12898","-0.00068","23.81","18214.65","BUY","1","MFA-PC",22433,0.0,25.0,-4.76,0.0
"2026-05-06","US1258968528","125896852","CMS","CMS","CMS ENERGY CORPORATION","Utility","767281.0","768064.0","783.0","0.12692","0.12692","0.0","23.01","18016.83","BUY","1","CMS",2898397,0.0,25.0,-7.96,0.0
"2026-05-06","US88224Q3056","88224Q305","TCBI-B","TCBI","TEXAS CAP BANCSHARES DRC INC","Financial Institutions","822073.0","822910.0","837.0","0.12731","0.12703","-0.00028","21.5","17995.5","BUY","1","","","",25.0,-14.0,""
"2026-05-06","BMG053842040","-","AHL","AHL","ASPEN INSURANCE HOLDINGS LTD","Financial Institutions","824891.0","825728.0","837.0","0.12649","0.1269","0.00041","21.4","17911.8","BUY","1","","","",25.0,-14.4,""
"2026-05-06","US74460W6443","74460W644","PSA-H","PSA","PUBLIC STORAGE","Financial Institutions","787018.0","787819.0","801.0","0.12689","0.12623","-0.00066","22.31","17870.31","BUY","1","PSA-PH",19624,0.0,25.0,-10.76,0.0
"2026-05-06","US10922N2027","10922N202","BHF","BHF","BRIGHTHOUSE FINANCIAL INC","Financial Institutions","1035736.0","1036789.0","1053.0","0.12662","0.12598","-0.00064","16.92","17816.76","BUY","1","BHF",531260,0.0,25.0,-32.32,0.0
"2026-05-06","US25525P2065","25525P206","DHC","DHC","DIVERSIFIED HEALTHCARE .625% SENIO","Financial Institutions","959063.0","960044.0","981.0","0.12495","0.12417","-0.00078","18.01","17667.81","BUY","1","DHC",1428720,0.0,25.0,-27.96,0.0
"2026-05-06","US55261F8721","55261F872","MTB-H","MTB","M AND T BANK PERPETUAL FIXED TO FL","Financial Institutions","685033.0","685735.0","702.0","0.12431","0.1239","-0.00041","25.16","17662.32","BUY","1","MTB-PH",20158,0.0,25.0,0.64,0.0
"2026-05-06","US90187B3096","90187B309","TWO-B","TWO","TWO HARBORS INVESTMENT CORP","Financial Institutions","695928.0","696639.0","711.0","0.12428","0.12307","-0.00121","24.6","17490.6","BUY","1","TWO-PB",33006,0.0,25.0,-1.6,0.0
"2026-05-06","US8805913006","880591300","TVA-D","TVA","TENN VALLEY AUTHORITY","Agency","702787.0","703507.0","720.0","0.12301","0.12237","-0.00064","24.22","17438.4","BUY","1","","","",25.0,-3.12,""
"2026-05-06","US0082528508","008252850","AMG","AMG","AFFILIATED MANAGERS GROUP INC.","Financial Institutions","828824.0","829670.0","846.0","0.12314","0.1225","-0.00064","20.56","17393.76","BUY","1","AMG",367317,0.0,25.0,-17.76,0.0
"2026-05-06","US11271L1026","11271L102","BNCN","BNCN","BROOKFIELD FINANCE INC","Financial Institutions","1096104.0","1097220.0","1116.0","0.12387","0.12269","-0.00118","15.57","17376.12","BUY","1","","","",25.0,-37.72,""
"2026-05-06","US4440973075","444097307","HPP-C","HPP","HUDSON PACIFIC PROPERTIES INC","Financial Institutions","1164565.0","1165753.0","1188.0","0.122","0.12139","-0.00061","14.5","17226.0","BUY","1","HPP-PC",11467,0.1,25.0,-42.0,4.2
"2026-05-06","US64828T8889","64828T888","RITM-F","RITM","RITHM CAPITAL CORP","Financial Institutions","685033.0","685735.0","702.0","0.12159","0.1207","-0.00089","24.51","17206.02","BUY","1","RITM-PF",45084,0.0,25.0,-1.96,0.0
"2026-05-06","US74460W6690","74460W669","PSA-G","PSA","PUBLIC STORAGE","Financial Institutions","822073.0","822910.0","837.0","0.12065","0.12056","-9e-05","20.4","17074.8","BUY","1","PSA-PG",29589,0.0,25.0,-18.4,0.0
"2026-05-06","US74460W6286","74460W628","PSA-I","PSA","PUBLIC STORAGE REPSTG  TH BEN INT","Financial Institutions","866594.0","867476.0","882.0","0.12073","0.12055","-0.00018","19.35","17066.7","BUY","1","PSA-PI",28951,0.0,25.0,-22.6,0.0
"2026-05-06","US90187B5075","90187B507","TWO-C","TWO","TWO HARBORS INVESTMENT CORP","Financial Institutions","661832.0","662507.0","675.0","0.11938","0.11857","-0.00081","24.92","16821.0","BUY","1","TWO-PC",63666,0.0,25.0,-0.32,0.0
"2026-05-06","US48251K2096","48251K209","KREF-A","KREF","KKR REAL ESTATE FINANCE TRUST INC","Financial Institutions","898067.0","898985.0","918.0","0.11882","0.11815","-0.00067","18.3","16799.4","BUY","1","KREF-PA",26382,0.0,25.0,-26.8,0.0
"2026-05-06","US6374321056","637432105","NRUC-US","NRUC","NATIONAL RURAL UTILITIES COOPERATI","Utility","685032.0","685734.0","702.0","0.11814","0.11785","-0.00029","23.93","16798.86","BUY","1","","","",25.0,-4.28,""
"2026-05-06","US3733344408","373334440","SO","SO","GEORGIA POWER COMPANY","Utility","739842.0","740598.0","756.0","0.11854","0.11818","-0.00036","22.22","16798.32","BUY","1","SO",4724240,0.0,25.0,-11.12,0.0
"2026-05-06","US16934Q5053","16934Q505","CIM-C","CIM","CHIMERA INVESTMENT CORP","Financial Institutions","712472.0","713201.0","729.0","0.11827","0.11786","-0.00041","23.01","16774.29","BUY","1","CIM-PC",41872,0.0,25.0,-7.96,0.0
"2026-05-06","US9508108878","950810887","WSBC-B","WSBC","WESBANCO INC","Financial Institutions","630224.0","630863.0","639.0","0.11765","0.11698","-0.00067","25.82","16498.98","BUY","1","","","",25.0,3.28,""
"2026-05-06","US0844238057","084423805","WRB","WRB","WR BERKLEY CORPORATION","Financial Institutions","829096.0","829942.0","846.0","0.11599","0.11587","-0.00012","19.44","16446.24","BUY","1","WRB",2370783,0.0,25.0,-22.24,0.0
"2026-05-06","US00123Q6098","00123Q609","AGNC-D","AGNC","AGNC INVESTMENT CORP","Financial Institutions","643943.0","644600.0","657.0","0.1163","0.11536","-0.00094","24.92","16372.44","BUY","1","","","",25.0,-0.32,""
"2026-05-06","US74460W6856","74460W685","PSA-F","PSA","PUBLIC STORAGE DS REPRESENTING  TH","Financial Institutions","767281.0","768064.0","783.0","0.114","0.11401","1e-05","20.67","16184.61","BUY","1","PSA-PF",22580,0.0,25.0,-17.32,0.0
"2026-05-06","US0200028126","020002812","ALL-I","ALL","ALLSTATE CORPORATION (THE)","Financial Institutions","822073.0","822910.0","837.0","0.11358","0.11353","-5e-05","19.21","16078.77","BUY","1","ALL-PI",23706,0.0,25.0,-23.16,0.0
"2026-05-06","US72348N5059","72348N505","PNFP-C","PNFP","PINNACLE FINANCIAL PARTNERS DEPOSI","Financial Institutions","622112.0","622742.0","630.0","0.11339","0.11304","-0.00035","25.27","15920.1","BUY","1","PNFP-PC",36633,0.0,25.0,1.08,0.0
"2026-05-06","US58844R8503","58844R850","MBIN","MBIN","MERCHANTS BANCORP","Financial Institutions","630224.0","630863.0","639.0","0.11186","0.11159","-0.00027","24.63","15738.57","BUY","1","MBIN",196253,0.0,25.0,-1.48,0.0
"2026-05-06","US3193836000","319383600","BUSE-B","BUSE","FIRST BUSEY CORPORATION","Financial Institutions","589151.0","589754.0","603.0","0.11062","0.10991","-0.00071","25.95","15647.85","BUY","1","","","",25.0,3.8,""
"2026-05-06","US9290428286","929042828","VNO-M","VNO","VORNADO REALTY TRUST","Financial Institutions","875471.0","876362.0","891.0","0.10906","0.11033","0.00127","17.53","15619.23","BUY","1","VNO-PM",26319,0.0,25.0,-29.88,0.0
"2026-05-06","US63938C4050","63938C405","NAVI","NAVI","NAVIENT  PRCNT SENIOR NOTES EXP  D","Financial Institutions","822073.0","822910.0","837.0","0.11084","0.11031","-0.00053","18.66","15618.42","BUY","1","NAVI",1038537,0.0,25.0,-25.36,0.0
"2026-05-06","BMG053841703","-","AHL","AHL","ASPEN INSURANCE HOLDINGS LTD","Financial Institutions","616571.0","617201.0","630.0","0.11006","0.1097","-0.00036","24.75","15592.5","BUY","1","","","",25.0,-1.0,""
"2026-05-06","US29364W1080","29364W108","ETR","ETR","ENTERGY LOUISIANA LLC","Utility","739842.0","740598.0","756.0","0.10971","0.10914","-0.00057","20.52","15513.12","BUY","1","ETR",2969683,0.0,25.0,-17.92,0.0
"2026-05-06","US2836782092","283678209","KMI","KMI","EL PASO ENERGY CAPITAL TRUST I","Industrial","302124.0","302430.0","306.0","0.1107","0.10945","-0.00125","50.4","15422.4","BUY","1","KMI",13535960,0.0,25.0,101.6,0.0
"2026-05-06","US29364N1081","29364N108","ETR","ETR","ENTERGY MISSISSIPPI INC","Utility","712471.0","713200.0","729.0","0.10776","0.10741","-0.00035","20.97","15287.13","BUY","1","ETR",2969683,0.0,25.0,-16.12,0.0
"2026-05-06","US75968N3098","75968N309","RNR-F","RNR","RENAISSANCERE HOLDINGS LTD","Financial Institutions","685032.0","685734.0","702.0","0.10675","0.10657","-0.00018","21.64","15191.28","BUY","1","RNR-PF",14725,0.0,25.0,-13.44,0.0
"2026-05-06","US49446R7118","49446R711","KIM-M","KIM","KIMCO RLTY DS REPRESENTING   CLASS","Financial Institutions","716911.0","717640.0","729.0","0.10511","0.10539","0.00028","20.45","14908.05","BUY","1","KIM-PM",25987,0.0,25.0,-18.2,0.0
"2026-05-06","US25401T4058","25401T405","DBRG-I","DBRG","DIGITALBRIDGE GROUP .15 CUMULATIVE","Financial Institutions","885309.0","886209.0","900.0","0.10817","0.10506","-0.00311","16.51","14859.0","BUY","1","DBRG-PI",31629,0.0,25.0,-33.96,0.0
"2026-05-06","US0605055831","060505583","BAC-1","BAC","BANK OF AMERICA CORPORATION PFD 1","Financial Institutions","738217.0","738973.0","756.0","0.10407","0.10396","-0.00011","19.59","14810.04","BUY","1","","","",25.0,-21.64,""
"2026-05-06","US1170436042","117043604","BC","BC","BRUNSWICK CORPORATION","Industrial","589153.0","589756.0","603.0","0.10419","0.10402","-0.00017","24.56","14809.68","BUY","1","BC",856733,0.0,25.0,-1.76,0.0
"2026-05-06","US9290428443","929042844","VNO-L","VNO","VORNADO REALTY TRUST 5.4% CUM RED","Financial Institutions","822074.0","822911.0","837.0","0.10383","0.10431","0.00048","17.65","14773.05","BUY","1","VNO-PL",21747,0.0,25.0,-29.4,0.0
"2026-05-06","US9290428104","929042810","VNO-N","VNO","VORNADO REALTY TRUST","Financial Institutions","822074.0","822911.0","837.0","0.10306","0.10313","7e-05","17.45","14605.65","BUY","1","VNO-PN",27837,0.0,25.0,-30.2,0.0
"2026-05-06","US8606308703","860630870","SF-C","SF","STIFEL FINANCIAL CORP","Financial Institutions","616571.0","617201.0","630.0","0.10297","0.10248","-0.00049","23.12","14565.6","BUY","1","SF-PC",16926,0.0,25.0,-7.52,0.0
"2026-05-06","US37959E3009","37959E300","GL","GL","GLOBE LIFE INC","Financial Institutions","890534.0","891443.0","909.0","0.10269","0.10243","-0.00026","16.0","14544.0","BUY","1","GL",525593,0.0,25.0,-36.0,0.0
"2026-05-06","US6378702053","637870205","NSA-A","NSA","NATIONAL STORAGE AFFILIATES REDEEM","Financial Institutions","619060.0","619690.0","630.0","0.10305","0.10272","-0.00033","23.08","14540.4","BUY","1","NSA-PA",18657,0.0,25.0,-7.68,0.0
"2026-05-06","US25406P2002","25406P200","DDS","DDS","DILLARDS CAP TR I CAP SECS 7.5%","Industrial","548043.0","548601.0","558.0","0.10322","0.10251","-0.00071","26.02","14519.16","BUY","1","DDS",94397,0.0,25.0,4.08,0.0
"2026-05-06","US25401T3068","25401T306","DBRG-J","DBRG","DIGITALBRIDGE GROUP INC","Financial Institutions","799710.0","800610.0","900.0","0.09754","0.09274","-0.0048","16.13","14517.0","BUY","1","DBRG-PJ",36880,0.0,25.0,-35.48,0.0
"2026-05-06","US6378703044","637870304","NSA-B","NSA PR B","NATIONAL STORAGE AFFILIATES    CUM","Financial Institutions","389094.0","389544.0","450.0","0.09013","0.08949","-0.00064","31.99","14395.5","BUY","1","NSA-PB",34612,0.0,25.0,27.96,0.0
"2026-05-06","US35243J2006","35243J200","FBRT-E","FBRT","FRANKLIN BSP REALTY TRUST   CUMULA","Financial Institutions","707563.0","708283.0","720.0","0.10236","0.10168","-0.00068","19.99","14392.8","BUY","1","FBRT-PE",23560,0.0,25.0,-20.04,0.0
"2026-05-06","US72348N2080","72348N208","PNFP-A","PNFP","PINNACLE FINANCIAL PARTNERS NON CU","Financial Institutions","548032.0","548590.0","558.0","0.10143","0.10113","-0.0003","25.67","14323.86","BUY","1","PNFP-PA",21604,0.0,25.0,2.68,0.0
"2026-05-06","US8606308620","860630862","SF-D","SF","STIFEL FINANCIAL CORP","Financial Institutions","822073.0","822910.0","837.0","0.10151","0.10076","-0.00075","17.05","14270.85","BUY","1","SF-PD",22512,0.0,25.0,-31.8,0.0
"2026-05-06","US8805914095","880591409","TVA-A","TVA","TENN VALLEY AUTH","Agency","570925.0","571510.0","585.0","0.0984","0.09793","-0.00047","23.86","13958.1","BUY","1","","","",25.0,-4.56,""
"2026-05-06","US84857L7055","84857L705","SR","SR","SPIRE INC","Utility","548043.0","548601.0","558.0","0.09901","0.0985","-0.00051","25.0","13950.0","BUY","1","SR",357430,0.0,25.0,0.0,0.0
"2026-05-06","US05554M1009","05554M100","BIP","BIP","BIP BERMUDA HOLDINGS I LTD","Financial Institutions","822073.0","822910.0","837.0","0.09759","0.09751","-8e-05","16.5","13810.5","BUY","1","BIP",961400,0.0,25.0,-34.0,0.0
"2026-05-06","US04621X3061","04621X306","AIZ","AIZ","ASSURANT INC","Financial Institutions","685032.0","685734.0","702.0","0.09737","0.09687","-0.0005","19.67","13808.34","BUY","1","AIZ",343357,0.0,25.0,-21.32,0.0
"2026-05-06","US16934Q6044","16934Q604","CIM-D","CIM","CHIMERA INVESTMENT CORP","Financial Institutions","548043.0","548601.0","558.0","0.09703","0.09672","-0.00031","24.55","13698.9","BUY","1","CIM-PD",21076,0.0,25.0,-1.8,0.0
"2026-05-06","US78440X5077","78440X507","SLG-I","SLG","SL GREEN REALTY CORP","Financial Institutions","630225.0","630864.0","639.0","0.0976","0.09709","-0.00051","21.43","13693.77","BUY","1","SLG-PI",27288,0.0,25.0,-14.28,0.0
"2026-05-06","US6740014096","674001409","OAK-B","OAK","OAKTREE CAPITAL GROUP LLC","Financial Institutions","643943.0","644600.0","657.0","0.09559","0.0961","0.00051","20.76","13639.32","BUY","1","OAK-PB",9219,0.1,25.0,-16.96,1.7
"2026-05-06","US11259P1093","11259P109","BRBRPH","BEPUCN","BROOKFIELD BRP HOLDINGS (CANADA) I","Utility","967944.0","968844.0","900.0","0.10525","0.1043","-0.00095","14.99","13491.0","BUY","1","","","",25.0,-40.04,""
"2026-05-06","US2333318184","233331818","DTE","DTE","DTE ENERGY CO","Utility","767281.0","768064.0","783.0","0.09538","0.09498","-0.0004","17.22","13483.26","BUY","1","DTE",1223670,0.0,25.0,-31.12,0.0
"2026-05-06","US3167738604","316773860","FITB-K","FITB","FIFTH THIRD BANCORP","Financial Institutions","685032.0","685734.0","702.0","0.09459","0.0945","-9e-05","19.19","13471.38","BUY","1","","","",25.0,-23.24,""
"2026-05-06","US25525P3055","25525P305","DHC","DHC","DIVERSIFIED HEALTHCARE .25% SENIOR","Financial Institutions","685033.0","685735.0","702.0","0.09452","0.09406","-0.00046","19.1","13408.2","BUY","1","DHC",1428720,0.0,25.0,-23.6,0.0
"2026-05-06","US2538688308","253868830","DLR-K","DLR","DIGITAL REALTY TRUST INC","Financial Institutions","575415.0","576000.0","585.0","0.09468","0.09452","-0.00016","22.85","13367.25","BUY","1","DLR-PK",23451,0.0,25.0,-8.6,0.0
"2026-05-06","US6496048736","649604873","ADAM-E","ADAM","NEW YORK MORTGAGE TRUST INC","Financial Institutions","510804.0","511326.0","522.0","0.09428","0.09393","-0.00035","25.58","13352.76","BUY","1","","","",25.0,2.32,""
"2026-05-06","US74460W5940","74460W594","PSA-J","PSA","PUBLIC STORAGE DEP SHS REPSTG  TH","Financial Institutions","709024.0","709744.0","720.0","0.09473","0.09425","-0.00048","18.49","13312.8","BUY","1","PSA-PJ",12177,0.1,25.0,-26.04,2.6
"2026-05-06","US0844238701","084423870","WRB","WRB","WR BERKLEY CORPORATION","Financial Institutions","822073.0","822910.0","837.0","0.09417","0.0932","-0.00097","15.77","13199.49","BUY","1","WRB",2370783,0.0,25.0,-36.92,0.0
"2026-05-06","US3793785086","379378508","GNL-D","GNL","GLOBAL NET LEASE   CUMULATIVE REDE","Financial Institutions","543487.0","544045.0","558.0","0.09238","0.09221","-0.00017","23.6","13168.8","BUY","1","GNL-PD",13075,0.0,25.0,-5.6,0.0
"2026-05-06","US3167738869","316773886","FITB-A","FITB","FIFTH THIRD BANCORP  DEPOSITORY SH","Financial Institutions","548043.0","548601.0","558.0","0.09339","0.09282","-0.00057","23.56","13146.48","BUY","1","","","",25.0,-5.76,""
"2026-05-06","US64828T8053","64828T805","RITM-E","RITM","RITHM CAPITAL CORP","Financial Institutions","520623.0","521154.0","531.0","0.09229","0.09143","-0.00086","24.43","12972.33","BUY","1","RITM-PE",43287,0.0,25.0,-2.28,0.0
"2026-05-06","BMG053841620","-","AHL","AHL","ASPEN INSURANCE HOLDINGS LTD","Financial Institutions","594760.0","595363.0","603.0","0.09202","0.09176","-0.00026","21.46","12940.38","BUY","1","","","",25.0,-14.16,""
"2026-05-06","US05580M7939","05580M793","RILYZ","RILY","B. RILEY FINANCIAL INC","Financial Institutions","530607.0","531147.0","540.0","0.09172","0.09132","-0.0004","23.94","12927.6","BUY","1","RILYZ",40323,0.0,25.0,-4.24,0.0
"2026-05-06","US0082528433","008252843","AMG","AMG","AFFILIATED MANAGERS GROUP INC.","Financial Institutions","753545.0","754310.0","765.0","0.09109","0.09095","-0.00014","16.79","12844.35","BUY","1","AMG",367317,0.0,25.0,-32.84,0.0
"2026-05-06","US70931T5092","70931T509","PMT-C","PMT","PENNYMAC MORTGAGE INVESTMENT TRUST","Financial Institutions","685033.0","685735.0","702.0","0.09167","0.09002","-0.00165","18.28","12832.56","BUY","1","PMT-PC",27101,0.0,25.0,-26.88,0.0
"2026-05-06","US8606306079","860630607","SF","SF","STIFEL FINANCIAL CORP","Financial Institutions","616572.0","617202.0","630.0","0.08973","0.08976","3e-05","20.25","12757.5","BUY","1","SF",1428997,0.0,25.0,-19.0,0.0
"2026-05-06","US70931T4004","70931T400","PMT-B","PMT","PENNYMAC MORTGAGE INVESTMENT TRUST","Financial Institutions","534341.0","534890.0","549.0","0.09001","0.08789","-0.00212","22.88","12561.12","BUY","1","PMT-PB",11835,0.0,25.0,-8.48,0.0
"2026-05-06","US70509V8037","70509V803","PEB-G","PEB","PEBBLEBROOK HOTEL TRUST","Financial Institutions","622406.0","623036.0","630.0","0.0904","0.08904","-0.00136","19.9","12537.0","BUY","1","PEB-PG",9887,0.1,25.0,-20.4,2.04
"2026-05-06","US05580M8010","05580M801","RILYK","RILY","B. RILEY FINANCIAL INC","Financial Institutions","494663.0","495167.0","504.0","0.08837","0.08819","-0.00018","24.8","12499.2","BUY","1","RILYK",25450,0.0,25.0,-0.8,0.0
"2026-05-06","US9290427940","929042794","VNO-O","VNO","VORNADO REALTY TRUST","Financial Institutions","822074.0","822911.0","837.0","0.08891","0.08826","-0.00065","14.93","12496.41","BUY","1","VNO-PO",24018,0.0,25.0,-40.28,0.0
"2026-05-06","US49446R7373","49446R737","KIM-L","KIM","KIMCO REALTY CORPORATION","Financial Institutions","609847.0","610468.0","621.0","0.0873","0.08764","0.00034","19.99","12413.79","BUY","1","KIM-PL",13652,0.0,25.0,-20.04,0.0
"2026-05-06","US05580M8358","05580M835","RILYM","RILY","B. RILEY FINANCIAL INC","Financial Institutions","601808.0","602420.0","612.0","0.0885","0.08761","-0.00089","20.25","12393.0","BUY","1","","","",25.0,-19.0,""
"2026-05-06","US1258968601","125896860","CMS","CMS","CMS ENERGY CORPORATION","Utility","548056.0","548614.0","558.0","0.08701","0.08684","-0.00017","22.04","12298.32","BUY","1","CMS",2960153,0.0,25.0,-11.84,0.0
"2026-05-06","US70931T7072","70931T707","PMT","PMT","PENNYMAC MORTGAGE INVESTMENT TRUST","Financial Institutions","472672.0","473158.0","486.0","0.08625","0.08573","-0.00052","25.23","12261.78","BUY","1","PMT",1148207,0.0,25.0,0.92,0.0
"2026-05-06","BMG9078F1499","-","TRTN-C","TRTN","TRITON INTERNATIONAL LTD","Industrial","479532.0","480018.0","486.0","0.08688","0.0868","-8e-05","25.18","12237.48","BUY","1","TRTN-PC",8106,0.1,25.0,0.72,0.0
"2026-05-06","US20451Q4010","20451Q401","CODI-C","CODI","COMPASS DIVERSIFIED HOLDINGS","Financial Institutions","541655.0","542204.0","549.0","0.08615","0.08633","0.00018","22.17","12171.33","BUY","1","CODI-PC",34377,0.0,25.0,-11.32,0.0
"2026-05-06","US17259U3032","17259U303","CIONI","CIONI","CION INVESTMENT CORP","Financial Institutions","474451.0","474937.0","486.0","0.08613","0.08537","-0.00076","25.03","12164.58","BUY","1","","","",25.0,0.12,""
"2026-05-06","US04911A2069","04911A206","AUB-A","AUB","ATLANTIC UNION BANKSHARES CORP","Financial Institutions","472672.0","473158.0","486.0","0.08513","0.08495","-0.00018","25.0","12150.0","BUY","1","AUB-PA",6982,0.1,25.0,0.0,0.0
"2026-05-06","US74460W5114","74460W511","PSA-N","PSA","PUBLIC STORAGE DEP SHS REPSTG   PF","Financial Institutions","774140.0","774932.0","792.0","0.0853","0.08504","-0.00026","15.28","12101.76","BUY","1","PSA-PN",37845,0.0,25.0,-38.88,0.0
"2026-05-06","US74460W5783","74460W578","PSA-K","PSA","PUBLIC STORAGE","Financial Institutions","630224.0","630863.0","639.0","0.08552","0.0853","-0.00022","18.83","12032.37","BUY","1","PSA-PK",17758,0.0,25.0,-24.68,0.0
"2026-05-06","US31959X2027","31959X202","FCNCA","FCNCA","FIRST CITIZENS BANCSHARES   NON CU","Financial Institutions","548043.0","548601.0","558.0","0.08495","0.08463","-0.00032","21.48","11985.84","BUY","1","FCNCA",80883,0.0,25.0,-14.08,0.0
"2026-05-06","BMG9078F3057","-","TRTGV","TRTN","TRITON INTL CUM RED PERP PREF SER","Industrial","479526.0","480012.0","486.0","0.08434","0.08446","0.00012","24.5","11907.0","BUY","1","","","",25.0,-2.0,""
"2026-05-06","MHY8564M2048","-","TGP-B","TGP","TEEKAY LNG PARTNERS LP","Industrial","451892.0","452351.0","459.0","0.08369","0.08316","-0.00053","25.6","11750.4","BUY","1","","","",25.0,2.4,""
"2026-05-06","US20451Q3020","20451Q302","CODI-B","CODI","COMPASS DIVERSIFIED HOLDINGS FIXED","Financial Institutions","515391.0","515913.0","522.0","0.08347","0.08336","-0.00011","22.5","11745.0","BUY","1","CODI-PB",19953,0.0,25.0,-10.0,0.0
"2026-05-06","US55272X4097","55272X409","MFA-B","MFA","MFA FINANCIAL INC","Financial Institutions","548043.0","548601.0","558.0","0.08313","0.08274","-0.00039","21.0","11718.0","BUY","1","MFA-PB",10812,0.1,25.0,-16.0,1.6
"2026-05-06","US0844238883","084423888","WRB","WRB","WR BERKLEY CORPORATION","Financial Institutions","685032.0","685734.0","702.0","0.08127","0.08148","0.00021","16.55","11618.1","BUY","1","WRB",2370783,0.0,25.0,-33.8,0.0
"2026-05-06","US58844R7026","58844R702","MBIN-C","MBIN","MERCHANTS BANCORP","Financial Institutions","537569.0","538118.0","549.0","0.08053","0.08104","0.00051","20.97","11512.53","BUY","1","","","",25.0,-16.12,""
"2026-05-06","US2538688555","253868855","DLR-J","DLR","DIGITAL REALTY TRUST INC","Financial Institutions","548043.0","548601.0","558.0","0.08081","0.0812","0.00039","20.61","11500.38","BUY","1","DLR-PJ",18355,0.0,25.0,-17.56,0.0
"2026-05-06","US38741L3050","38741L305","GPMT-A","GPMT","GRANITE POINT MORTGAGE TRUST INC","Financial Institutions","563798.0","564374.0","576.0","0.08058","0.08084","0.00026","19.95","11491.2","BUY","1","GPMT-PA",8205,0.1,25.0,-20.2,2.02
"2026-05-06","US11276B1098","11276B109","BIP","BIP","BROOKFIELD INFRASTRUCTURE FINANCE","Utility","685032.0","685734.0","702.0","0.08157","0.08042","-0.00115","16.33","11463.66","BUY","1","BIP",961400,0.0,25.0,-34.68,0.0
"2026-05-06","US05614L4077","05614L407","BW-A","BW","BABCOCK & WILCOX ENTERPRISES INC","Industrial","525380.0","525911.0","531.0","0.08204","0.0815","-0.00054","21.58","11458.98","BUY","1","BW-PA",22971,0.0,25.0,-13.68,0.0
"2026-05-06","US04914Y4098","04914Y409","ATLC","ATLC","ATLANTICUS HOLDINGS CORP","Financial Institutions","458110.0","458560.0","450.0","0.08413","0.08375","-0.00038","25.43","11443.5","BUY","1","ATLC",65787,0.0,25.0,1.72,0.0
"2026-05-06","US78407R2040","78407R204","SCE-J","EIX","SCE TRUST II CUM TRUST SECS P","Utility","602853.0","603465.0","612.0","0.08059","0.08078","0.00019","18.64","11407.68","BUY","1","","","",25.0,-25.44,""
"2026-05-06","US11259P2083","11259P208","BRBRPH","BEPUCN","BROOKFIELD BRP HOLDINGS (CANADA) I","Utility","712471.0","713200.0","729.0","0.0801","0.07995","-0.00015","15.61","11379.69","BUY","1","","","",25.0,-37.56,""
"2026-05-06","US10922N8891","10922N889","BHF-D","BHF","BRIGHTHOUSE FINANCIAL INC","Financial Institutions","959063.0","960044.0","981.0","0.07974","0.07998","0.00024","11.6","11379.6","BUY","1","","","",25.0,-53.6,""
"2026-05-06","US46131B5066","46131B506","IVR-C","IVR","INVESCO MORTGAGE CAPITAL INC","Financial Institutions","466669.0","467146.0","477.0","0.0802","0.08001","-0.00019","23.85","11376.45","BUY","1","IVR-PC",18653,0.0,25.0,-4.6,0.0
"2026-05-06","US16934Q8693","16934Q869","CIM","CIM","CHIMERA INVESTMENT CORP","Financial Institutions","340364.0","340814.0","450.0","0.06186","0.06184","-2e-05","25.27","11371.5","BUY","1","CIM",806707,0.0,25.0,1.08,0.0
"2026-05-06","BMG162491648","-","BPY-A","BPY","BROOKFIELD PROPERTY PARTNERS LP","Industrial","787776.0","788577.0","801.0","0.07954","0.07948","-6e-05","14.04","11246.04","BUY","1","","","",25.0,-43.84,""
"2026-05-06","BMG9078F1648","-","TRTN-D","TRTN","TRITON INTERNATIONAL LTD","Industrial","411025.0","411475.0","450.0","0.07362","0.07342","-0.0002","24.84","11178.0","BUY","1","TRTN-PD",4913,0.1,25.0,-0.64,0.06
"2026-05-06","US0844237067","084423706","WRB","WRB","WR BERKLEY CORPORATION","Financial Institutions","506953.0","507466.0","513.0","0.07931","0.07912","-0.00019","21.71","11137.23","BUY","1","WRB",2370783,0.0,25.0,-13.16,0.0
"2026-05-06","US1258968379","125896837","CMS-C","CMS","CMS ENERGY CORPORATION","Utility","630224.0","630863.0","639.0","0.07837","0.07856","0.00019","17.34","11080.26","BUY","1","CMS-PC",27880,0.0,25.0,-30.64,0.0
"2026-05-06","US0605058157","060505815","BAC-E","BAC","BANK OF AMERICA CORP PREF STOCK","Financial Institutions","562229.0","562805.0","576.0","0.07806","0.07768","-0.00038","19.22","11070.72","BUY","1","BAC-PE",24148,0.0,25.0,-23.12,0.0
"2026-05-06","US5303075031","530307503","LBRDA","LBRDA","LIBERTY BROADBAND CUM REDEEMABLE P","Industrial","492107.0","492611.0","504.0","0.07745","0.07769","0.00024","21.96","11067.84","BUY","1","LBRDA",178770,0.0,25.0,-12.16,0.0
"2026-05-06","US9197944047","919794404","VLY-C","VLY","VALLEY NATIONAL BANCORP","Financial Institutions","411020.0","411443.0","423.0","0.07759","0.07697","-0.00062","26.05","11019.15","BUY","1","","","",25.0,4.2,""
"2026-05-06","US11276B2088","11276B208","BIP","BIP","BROOKFIELD INFRASTRUCTURE FINANCE","Utility","432927.0","433368.0","441.0","0.07747","0.07762","0.00015","24.94","10998.54","BUY","1","BIP",1021527,0.0,25.0,-0.24,0.0
"2026-05-06","US4461507810","446150781","HBAN-C","HBAN","HUNTINGTON BANCSHARES INC","Financial Institutions","479461.0","479947.0","486.0","0.07688","0.07755","0.00067","22.5","10935.0","BUY","1","","","",25.0,-10.0,""
"2026-05-06","US2333318267","233331826","DTE-G","DTE","DTE ENERGY COMPANY","Utility","630170.0","630809.0","639.0","0.07752","0.07742","-0.0001","17.09","10920.51","BUY","1","","","",25.0,-31.64,""
"2026-05-06","US74460W3960","74460W396","PSA-S","PSA","PUBLIC STORAGE DEPOSITARY SHS EACH","Financial Institutions","685194.0","685869.0","675.0","0.07971","0.07945","-0.00026","16.13","10887.75","BUY","1","PSA-PS",28520,0.0,25.0,-35.48,0.0
"2026-05-06","US4101204067","410120406","HWC","HWC","HANCOCK WHITNEY CORP","Financial Institutions","472671.0","473157.0","486.0","0.07593","0.07612","0.00019","22.4","10886.4","BUY","1","HWC",892910,0.0,25.0,-10.4,0.0
"2026-05-06","US3793783008","379378300","GNL-A","GNL","GLOBAL NET LEASE PREF SERIES A INC","Financial Institutions","465813.0","466290.0","477.0","0.07658","0.07628","-0.0003","22.78","10866.06","BUY","1","GNL-PA",7345,0.1,25.0,-8.88,0.89
"2026-05-06","US38144X6094","38144X609","GS-C","GS","GOLDMAN SACHS GROUP INC","Financial Institutions","548043.0","548601.0","558.0","0.07635","0.07655","0.0002","19.43","10841.94","BUY","1","GS-PC",28771,0.0,25.0,-22.28,0.0
"2026-05-06","US0605056250","060505625","BAC-02","BAC","BANK OF AMERICA CORP","Financial Institutions","543119.0","543677.0","558.0","0.07547","0.0754","-7e-05","19.31","10774.98","BUY","1","","","",25.0,-22.76,""
"2026-05-06","US0423156068","042315606","ARR-C","ARR","ARMOUR RESIDENTIAL REIT INC","Financial Institutions","505764.0","506277.0","513.0","0.07684","0.07635","-0.00049","21.0","10773.0","BUY","1","ARR-PC",17193,0.0,25.0,-16.0,0.0
"2026-05-06","BMG162491564","-","BPY-A2","BPY","BROOKFIELD PROPERTY PARTNERS LP","Industrial","685033.0","685735.0","702.0","0.07568","0.0751","-0.00058","15.25","10705.5","BUY","1","","","",25.0,-39.0,""
"2026-05-06","US8606307069","860630706","SF-B","SF","STIFEL FINANCIAL CORP","Financial Institutions","438441.0","438891.0","450.0","0.07471","0.07464","-7e-05","23.68","10656.0","BUY","1","SF-PB",9700,0.0,25.0,-5.28,0.0
"2026-05-06","US6740013007","674001300","OAK-A","OAK","OAKTREE CAPITAL GROUP LLC","Financial Institutions","493251.0","493755.0","504.0","0.07514","0.07475","-0.00039","21.08","10624.32","BUY","1","OAK-PA",10804,0.0,25.0,-15.68,0.0
"2026-05-06","US00123Q8565","00123Q856","AGNCL","AGNC","AGNC INVESTMENT CORP","Financial Institutions","410984.0","411407.0","423.0","0.0744","0.0736","-0.0008","24.91","10536.93","BUY","1","AGNCL",20350,0.0,25.0,-0.36,0.0
"2026-05-06","US11259P3073","11259P307","BRBRPH","BEPUCN","BROOKFIELD BRP HOLDINGS (CANADA) I","Utility","411020.0","411443.0","423.0","0.07429","0.07346","-0.00083","24.86","10515.78","BUY","1","","","",25.0,-0.56,""
"2026-05-06","US3205174028","320517402","FHN-E","FHN","FIRST HORIZON NATIONAL CORP","Financial Institutions","411019.0","411442.0","423.0","0.07334","0.07309","-0.00025","24.73","10460.79","BUY","1","FHN-PE",6285,0.1,25.0,-1.08,0.11
"2026-05-06","US87266M2061","87266M206","TRTX-C","TRTX","TPG RE FIN TR PREF SERIES C INC TR","Financial Institutions","551474.0","552032.0","558.0","0.0744","0.07404","-0.00036","18.68","10423.44","BUY","1","TRTX-PC",12220,0.0,25.0,-25.28,0.0
"2026-05-06","US0259328807","025932880","AFG","AFG","AMERICAN FINANCIAL GROUP INC","Financial Institutions","548043.0","548601.0","558.0","0.07393","0.0734","-0.00053","18.63","10395.54","BUY","1","AFG",559630,0.0,25.0,-25.48,0.0
"2026-05-06","US04914Y3009","04914Y300","ATLC","ATLC","ATLANTICUS HOLDINGS CORP","Financial Institutions","406094.0","406508.0","414.0","0.0734","0.0731","-0.0003","25.04","10366.56","BUY","1","ATLC",65787,0.0,25.0,0.16,0.0
"2026-05-06","US74460W5379","74460W537","PSA-M","PSA","PUBLIC STORAGE","Financial Institutions","630170.0","630809.0","639.0","0.07381","0.07348","-0.00033","16.22","10364.58","BUY","1","PSA-PM",14460,0.0,25.0,-35.12,0.0
"2026-05-06","BMG9078F1317","-","TRTN-B","TRTN","TRITON INTERNATIONAL LTD","Industrial","393938.0","394343.0","405.0","0.07231","0.07198","-0.00033","25.41","10291.05","BUY","1","TRTN-PB",6364,0.1,25.0,1.64,0.0
"2026-05-06","US4461507570","446150757","HBANZ","HBAN","HUNTINGTON BANCSHARES DEPOSITARY S","Financial Institutions","474500.0","474986.0","486.0","0.07194","0.07167","-0.00027","21.01","10210.86","BUY","1","HBANZ",13597,0.0,25.0,-15.96,0.0
"2026-05-06","US04208T2078","04208T207","AHH-A","AHH","ARMADA HOFFLER PROPERTIES INC","Financial Institutions","468840.0","469317.0","477.0","0.07233","0.07213","-0.0002","21.4","10207.8","BUY","1","","","",25.0,-14.4,""
"2026-05-06","BMG9078F2067","-","TRTN","TRTN","TRITON INTERNATIONAL LTD","Industrial","427681.0","428113.0","432.0","0.07266","0.07244","-0.00022","23.56","10177.92","BUY","1","","","",25.0,-5.76,""
"2026-05-06","US58844R8842","58844R884","MBIN","MBIN","MERCHANTS BANCORP","Financial Institutions","390456.0","390852.0","396.0","0.07166","0.07186","0.0002","25.6","10137.6","BUY","1","MBIN",196253,0.0,25.0,2.4,0.0
"2026-05-06","US4884013081","488401308","KMPR","KMPR","KEMPER CORP","Financial Institutions","411020.0","411443.0","423.0","0.07099","0.07059","-0.0004","23.89","10105.47","BUY","1","KMPR",1056787,0.0,25.0,-4.44,0.0
"2026-05-06","US6496048819","649604881","ADAM-D","ADAM","NEW YORK MORTGAGE TRUST INC","Financial Institutions","421072.0","421504.0","432.0","0.07099","0.0705","-0.00049","23.29","10061.28","BUY","1","","","",25.0,-6.84,""
"2026-05-06","US26884U2087","26884U208","EPR-C","EPR","EPR PROPERTIES 5.75% CUM CONV PREF","Financial Institutions","384217.0","384613.0","396.0","0.06847","0.06892","0.00045","24.95","9880.2","BUY","1","EPR-PC",4501,0.1,25.0,-0.2,0.02
"2026-05-06","US6496048652","649604865","ADAM-F","ADAM","NEW YORK MORTGAGE TRUST INC","Financial Institutions","397584.0","397989.0","405.0","0.0687","0.06953","0.00083","24.32","9849.6","BUY","1","","","",25.0,-2.72,""
"2026-05-06","US70509V8862","70509V886","PEB-H","PEB","PEBBLEBROOK HOTEL TRUST","Financial Institutions","536206.0","536755.0","549.0","0.06978","0.06915","-0.00063","17.94","9849.06","BUY","1","PEB-PH",13865,0.0,25.0,-28.24,0.0
"2026-05-06","US25401T5048","25401T504","DBRG-H","DBRG","DIGITALBRIDGE GROUP .125 CUMULATIV","Financial Institutions","580434.0","581028.0","594.0","0.06945","0.06906","-0.00039","16.55","9830.7","BUY","1","DBRG-PH",16370,0.0,25.0,-33.8,0.0
"2026-05-06","US11272B1035","11272B103","BNCN","BNCN","BROOKFIELD FINANCE I UK PLC","Financial Institutions","630224.0","630863.0","639.0","0.06898","0.06855","-0.00043","15.13","9668.07","BUY","1","","","",25.0,-39.48,""
"2026-05-06","USG162522670","-","BIP-13","BIP","BROOKFIELD INFRASTRUCTURE   CLASS","Utility","548043.0","548601.0","558.0","0.06698","0.06733","0.00035","17.09","9536.22","BUY","1","","","",25.0,-31.64,""
"2026-05-06","US89832Q8107","89832Q810","TFC-I","TFC","TRUIST FINANCIAL DS REPRESENTING","Financial Institutions","472720.0","473206.0","486.0","0.06599","0.06596","-3e-05","19.41","9433.26","BUY","1","TFC-PI",17855,0.0,25.0,-22.36,0.0
"2026-05-06","US0259328641","025932864","AFG","AFG","AMERICAN FINANCIAL GROUP INC","Financial Institutions","548039.0","548597.0","558.0","0.06633","0.0665","0.00017","16.88","9419.04","BUY","1","AFG",559630,0.0,25.0,-32.48,0.0
"2026-05-06","BMG9078F1564","-","TRTN-E","TRTN","TRITON INTERNATIONAL LTD","Industrial","479495.0","479981.0","486.0","0.06696","0.06663","-0.00033","19.33","9394.38","BUY","1","TRTN-PE",7562,0.1,25.0,-22.68,2.27
"2026-05-06","US8163005031","816300503","SIGI-B","SIGI","SELECTIVE INS GROUP DS REPSTG   IN","Financial Institutions","548043.0","548601.0","558.0","0.06605","0.06564","-0.00041","16.66","9296.28","BUY","1","","","",25.0,-33.36,""
"2026-05-06","BMG162522756","-","BIP-14","BIP","BROOKFIELD INFRASTRUCTURE PARTNERS","Utility","548043.0","548601.0","558.0","0.06466","0.06509","0.00043","16.52","9218.16","BUY","1","","","",25.0,-33.92,""
"2026-05-06","US9478907036","947890703","WBS-G","WBS","WEBSTER FINANCIAL CORPORATION","Financial Institutions","369895.0","370273.0","378.0","0.0651","0.06428","-0.00082","24.17","9136.26","BUY","1","WBS-PG",10702,0.0,25.0,-3.32,0.0
"2026-05-06","US3765468836","376546883","GAIN","GAIN","GLADSTONE INVESTMENT CORP","Financial Institutions","368683.0","369061.0","378.0","0.06426","0.06403","-0.00023","24.16","9132.48","BUY","1","GAIN",368400,0.0,25.0,-3.36,0.0
"2026-05-06","US16934Q3074","16934Q307","CIM-A","CIM","CHIMERA INVESTMENT CORP","Financial Institutions","413328.0","413751.0","423.0","0.06356","0.0636","4e-05","21.41","9056.43","BUY","1","CIM-PA",9263,0.0,25.0,-14.36,0.0
"2026-05-06","US9478905055","947890505","WBS-F","WBS","WEBSTER FINANCIAL DRC CORP","Financial Institutions","411020.0","411443.0","423.0","0.06312","0.06297","-0.00015","21.31","9014.13","BUY","1","WBS-PF",12296,0.0,25.0,-14.76,0.0
"2026-05-06","US3765468679","376546867","GAIN","GAIN","GLADSTONE INVESTMENT CORP","Financial Institutions","346626.0","346977.0","351.0","0.0638","0.06379","-1e-05","25.6","8985.6","BUY","1","GAIN",368400,0.0,25.0,2.4,0.0
"2026-05-06","US0082528359","008252835","AMG","AMG","AFFILIATED MANAGERS GROUP INC.","Financial Institutions","570062.0","570647.0","585.0","0.0619","0.06205","0.00015","15.14","8856.9","BUY","1","AMG",367317,0.0,25.0,-39.44,0.0
"2026-05-06","MHY8564M1131","-","TGP","TGP","TEEKAY LNG PARTNERS LP","Industrial","337901.0","338243.0","342.0","0.06266","0.06233","-0.00033","25.66","8775.72","BUY","1","","","",25.0,2.64,""
"2026-05-06","US26884U5056","26884U505","EPR-G","EPR","EPR PROPERTIES","Financial Institutions","427681.0","428113.0","432.0","0.06184","0.06232","0.00048","20.27","8756.64","BUY","1","EPR-PG",9472,0.0,25.0,-18.92,0.0
"2026-05-06","US90187B2007","90187B200","TWO-A","TWO","TWO HARBORS INVESTMENT CORP","Financial Institutions","345954.0","346305.0","351.0","0.0619","0.06165","-0.00025","24.79","8701.29","BUY","1","TWO-PA",39007,0.0,25.0,-0.84,0.0
"2026-05-06","US0259328724","025932872","AFG","AFG","AMERICAN FINANCIAL GROUP INC","Financial Institutions","410984.0","411407.0","423.0","0.06073","0.06039","-0.00034","20.44","8646.12","BUY","1","AFG",559630,0.0,25.0,-18.24,0.0
"2026-05-06","BMG162491499","-","BPY-A-1","BPY","BROOKFIELD PROPERTY PARTNERS LP","Industrial","524561.0","525092.0","531.0","0.05981","0.06083","0.00102","16.13","8565.03","BUY","1","","","",25.0,-35.48,""
"2026-05-06","US68003D3035","68003D303","ONB-C","ONB","OLD NATIONAL BANCORP DEP SHS EACH","Financial Institutions","335664.0","336006.0","342.0","0.06033","0.05999","-0.00034","24.86","8502.12","BUY","1","","","",25.0,-0.56,""
"2026-05-06","US8660826053","866082605","INN-E","INN","SUMMIT HOTEL PROPERTIES INC","Financial Institutions","438441.0","438891.0","450.0","0.05871","0.05924","0.00053","18.8","8460.0","BUY","1","INN-PE",7448,0.1,25.0,-24.8,2.48
"2026-05-06","US8964427046","896442704","TRIN","TRIN","TRINITY CAPITAL INC","Financial Institutions","326585.0","326918.0","333.0","0.05988","0.05954","-0.00034","25.36","8444.88","BUY","1","TRIN",1185413,0.0,25.0,1.44,0.0
"2026-05-06","US9197942066","919794206","VLY-A","VLY","VALLEY NATIONAL BANCORP","Financial Institutions","327813.0","328146.0","333.0","0.05994","0.05957","-0.00037","25.28","8418.24","BUY","1","","","",25.0,1.12,""
"2026-05-06","US6496048165","649604816","ADAM","ADAM","NEW YORK MORTGAGE TRUST INC","Financial Institutions","315085.0","315409.0","324.0","0.05843","0.05821","-0.00022","25.7","8326.8","BUY","1","ADAM",877870,0.0,25.0,2.8,0.0
"2026-05-06","US3137452005","313745200","FRT-C","FRT","FEDERAL REALTY INVESTMENT DEPOSITA","Financial Institutions","411020.0","411443.0","423.0","0.05806","0.05801","-5e-05","19.63","8303.49","BUY","1","FRT-PC",12348,0.0,25.0,-21.48,0.0
"2026-05-06","US0084922097","008492209","ADC-A","ADC","AGREE REALTY CORP","Financial Institutions","479533.0","480019.0","486.0","0.059","0.05881","-0.00019","17.06","8291.16","BUY","1","ADC-PA",18242,0.0,25.0,-31.76,0.0
"2026-05-06","US70509V7047","70509V704","PEB-F","PEB","PEBBLEBROOK HOTEL TRUST","Financial Institutions","403538.0","403952.0","414.0","0.0585","0.0579","-0.0006","19.96","8263.44","BUY","1","PEB-PF",9035,0.0,25.0,-20.16,0.0
"2026-05-06","BMG162582313","-","BEPUCN","BEPUCN","BROOKFIELD RENEWABLE PARTNERS LP","Utility","547675.0","548125.0","450.0","0.07163","0.072","0.00037","18.29","8230.5","BUY","1","","","",25.0,-26.84,""
"2026-05-06","US64944P3073","64944P307","FLG","NYCB","NEW YORK COMMUNITY CAPITAL TRUST V","Financial Institutions","198643.0","198841.0","198.0","0.0596","0.05926","-0.00034","41.5","8217.0","BUY","1","FLG",5255807,0.0,25.0,66.0,0.0
"2026-05-06","US8964426055","896442605","TRIN","TRIN","TRINITY CAPITAL INC","Financial Institutions","319591.0","319915.0","324.0","0.05867","0.05826","-0.00041","25.36","8216.64","BUY","1","TRIN",1185413,0.0,25.0,1.44,0.0
"2026-05-06","MHY271831213","-","GSL","GSL","GLOBAL SHIP LEASE INC","Industrial","298640.0","298946.0","306.0","0.05786","0.05762","-0.00024","26.84","8213.04","BUY","1","GSL",295750,0.0,25.0,7.36,0.0
"2026-05-06","US28852N3070","28852N307","EFC-B","EFC","ELLINGTON FINANCIAL INC","Financial Institutions","330218.0","330551.0","333.0","0.05868","0.05854","-0.00014","24.66","8211.78","BUY","1","EFC-PB",7787,0.0,25.0,-1.36,0.0
"2026-05-06","US5977423038","597742303","MSBI","MSBI","MIDLAND STATES BANCORP INC","Financial Institutions","315121.0","315445.0","324.0","0.05755","0.05739","-0.00016","25.34","8210.16","BUY","1","MSBI",160287,0.0,25.0,1.36,0.0
"2026-05-06","US90187B8871","90187B887","TWO","TWO","TWO HARBORS INVESTMENT CORP","Financial Institutions","315103.0","315427.0","324.0","0.05761","0.05731","-0.0003","25.3","8197.2","BUY","1","TWO",3490967,0.0,25.0,1.2,0.0
"2026-05-06","US6475513080","647551308","NMFC","NMFC","NEW MOUNTAIN FINANCE CORP","Financial Institutions","315102.0","315426.0","324.0","0.0575","0.05715","-0.00035","25.23","8174.52","BUY","1","NMFC",898090,0.0,25.0,0.92,0.0
"2026-05-06","US26884U3077","26884U307","EPR-E","EPR","EPR PROPERTIES","Financial Institutions","245567.0","245819.0","252.0","0.0571","0.05707","-3e-05","32.33","8147.16","BUY","1","EPR-PE",2093,0.1,25.0,29.32,0.0
"2026-05-06","US20786W5031","20786W503","CNOB-A","CNOB","CONNECTONE BANCORP INC","Financial Institutions","315120.0","315444.0","324.0","0.05668","0.05682","0.00014","25.08","8125.92","BUY","1","","","",25.0,0.32,""
"2026-05-06","US26817Q8785","26817Q878","DX-C","DX","DYNEX CAPITAL INC","Financial Institutions","305553.0","305868.0","315.0","0.05695","0.0565","-0.00045","25.72","8101.8","BUY","1","DX-PC",11975,0.0,25.0,2.88,0.0
"2026-05-06","US75574U8383","75574U838","RC","RC","READY CAPITAL CORP","Financial Institutions","356194.0","356554.0","360.0","0.05736","0.05717","-0.00019","22.32","8035.2","BUY","1","RC",1612657,0.0,25.0,-10.72,0.0
"2026-05-06","US2635343070","263534307","CTVA","CTVA","E I DU PONT DE NEMOURS AND CO","Industrial","114595.0","114712.0","117.0","0.05698","0.05632","-0.00066","68.36","7998.12","BUY","1","CTVA",3800497,0.0,25.0,173.44,0.0
"2026-05-06","US2256552082","225655208","CCABDC","FCRX","CRESCENT CAPITAL BDC   NOTES DUE I","Financial Institutions","305839.0","306154.0","315.0","0.05546","0.05519","-0.00027","25.1","7906.5","BUY","1","","","",25.0,0.4,""
"2026-05-06","US64828T3005","64828T300","RITM-A","RITM","NEW RESIDENTIAL INVESTMENT CORP","Financial Institutions","300047.0","300353.0","306.0","0.05487","0.05466","-0.00021","25.34","7754.04","BUY","1","RITM-PA",19009,0.0,25.0,1.36,0.0
"2026-05-06","US02665T8687","02665T868","AMH-H","AMH","AMERICAN HOMES 4 RENT","Financial Institutions","315123.0","315447.0","324.0","0.05418","0.05376","-0.00042","23.73","7688.52","BUY","1","AMH-PH",7551,0.0,25.0,-5.08,0.0
"2026-05-06","US70931T3014","70931T301","PMT-A","PMT","PENNYMAC MORTGAGE INVESTMENT TRUST","Financial Institutions","327822.0","328155.0","333.0","0.05522","0.05409","-0.00113","22.95","7642.35","BUY","1","PMT-PA",5607,0.1,25.0,-8.2,0.82
"2026-05-06","US0605055914","060505591","BAC","BAC","BANK OF AMERICA DEPOSITORY SHARES","Financial Institutions","371051.0","371429.0","378.0","0.05392","0.05388","-4e-05","20.2","7635.6","BUY","1","BAC",35519640,0.0,25.0,-19.2,0.0
"2026-05-06","US70931T8062","70931T806","PMT","PMT","PENNYMAC MORTGAGE INVESTMENT TRUST","Financial Institutions","287713.0","288010.0","297.0","0.05321","0.05301","-0.0002","25.63","7612.11","BUY","1","PMT",1148207,0.0,25.0,2.52,0.0
"2026-05-06","US74460W4877","74460W487","PSA-O","PSA","PUBLIC STORAGE","Financial Institutions","484555.0","485050.0","495.0","0.05363","0.05348","-0.00015","15.35","7598.25","BUY","1","PSA-PO",17356,0.0,25.0,-38.6,0.0
"2026-05-06","US3205178656","320517865","FHN-F","FHN","FIRST HORIZON CORP (TENNESSEE)","Financial Institutions","410984.0","411407.0","423.0","0.05297","0.05306","9e-05","17.96","7597.08","BUY","1","FHN-PF",9266,0.0,25.0,-28.16,0.0
"2026-05-06","US12621E3018","12621E301","CNO","CNO","CNO FINANCIAL GROUP INC","Financial Institutions","410984.0","411407.0","423.0","0.05292","0.05298","6e-05","17.93","7584.39","BUY","1","CNO",670407,0.0,25.0,-28.28,0.0
"2026-05-06","US68003D2045","68003D204","ONB-A","ONB","OLD NATIONAL BANCORP","Financial Institutions","295936.0","296242.0","306.0","0.05287","0.0527","-0.00017","24.77","7579.62","BUY","1","","","",25.0,-0.92,""
"2026-05-06","US25432X2018","25432X201","DCOM","DCOM","DIME COMMUNITY BANCSHARES CUMULATI","Financial Institutions","377639.0","378026.0","387.0","0.05324","0.05307","-0.00017","19.55","7565.85","BUY","1","DCOM",302640,0.0,25.0,-21.8,0.0
"2026-05-06","KYG3730V1398","-","FTAI-C","FTAI","FTAI AVIATION   FIXED RATE RESET C","Industrial","287749.0","288046.0","297.0","0.05276","0.05246","-0.0003","25.36","7531.92","BUY","1","","","",25.0,1.44,""
"2026-05-06","US7588498896","758849889","REG-A","REG","REGENCY CENTERS   SERIES A CUMULAT","Financial Institutions","315121.0","315445.0","324.0","0.05286","0.0526","-0.00026","23.22","7523.28","BUY","1","","","",25.0,-7.12,""
"2026-05-06","US0259328070","025932807","AFG","AFG","AMERICAN FINANCIAL GROUP INC","Financial Institutions","342523.0","342874.0","351.0","0.05288","0.0526","-0.00028","21.36","7497.36","BUY","1","AFG",559630,0.0,25.0,-14.56,0.0
"2026-05-06","US7588498714","758849871","REG-B","REG","REGENCY CENTERS   SERIES B CUMULAT","Financial Institutions","327822.0","328155.0","333.0","0.05269","0.05284","0.00015","22.42","7465.86","BUY","1","","","",25.0,-10.32,""
"2026-05-06","US80349A8027","80349A802","SAR","SAR","SARATOGA INVESTMENT CORP","Financial Institutions","289076.0","289373.0","297.0","0.0525","0.05218","-0.00032","25.11","7457.67","BUY","1","SAR",108740,0.0,25.0,0.44,0.0
"2026-05-06","US02665T8760","02665T876","AMH-G","AMH","AMERICAN HOMES 4 RENT","Financial Institutions","315121.0","315445.0","324.0","0.0516","0.05179","0.00019","22.86","7406.64","BUY","1","AMH-PG",3955,0.1,25.0,-8.56,0.86
"2026-05-06","US3793784097","379378409","GNL-B","GNL","GLOBAL NET LEASE INC","Financial Institutions","334603.0","334945.0","342.0","0.05276","0.05203","-0.00073","21.63","7397.46","BUY","1","GNL-PB",7732,0.0,25.0,-13.48,0.0
"2026-05-06","US16208T2015","16208T201","CLDT-A","CLDT","CHATHAM LODGING TRUST","Financial Institutions","342030.0","342381.0","351.0","0.05131","0.05109","-0.00022","20.78","7293.78","BUY","1","CLDT-PA",9524,0.0,25.0,-16.88,0.0
"2026-05-06","US53803X4025","53803X402","LOB-A","LOB","LIVE OAK BANCSHARES INC","Financial Institutions","285068.0","285356.0","288.0","0.05216","0.05181","-0.00035","25.28","7280.64","BUY","1","LOB-PA",12093,0.0,25.0,1.12,0.0
"2026-05-06","US2298993070","229899307","CFR-B","CFR","CULLEN FROST BANKERS DRC INC","Financial Institutions","410984.0","411407.0","423.0","0.0506","0.05055","-5e-05","17.11","7237.53","BUY","1","CFR-PB",11718,0.0,25.0,-31.56,0.0
"2026-05-06","US22948Q2003","22948Q200","CTO-A","CTO","CTO REALTY GROWTH INC","Financial Institutions","335877.0","336219.0","342.0","0.05129","0.05102","-0.00027","21.13","7226.46","BUY","1","CTO-PA",2243,0.2,25.0,-15.48,3.1
"2026-05-06","US9197943056","919794305","VLY-B","VLY","VALLEY NATL NON CUM PERP PREF SERI","Financial Institutions","285068.0","285356.0","288.0","0.05157","0.0513","-0.00027","25.03","7208.64","BUY","1","","","",25.0,0.12,""
"2026-05-06","US7580758578","758075857","RWT","RWT","REDWOOD TRUST INC","Financial Institutions","273995.0","274274.0","279.0","0.05051","0.05044","-7e-05","25.61","7145.19","BUY","1","RWT",1552307,0.0,25.0,2.44,0.0
"2026-05-06","US8043958797","804395879","BFS-E","BFS","SAUL CENTERS INC","Financial Institutions","313489.0","313804.0","315.0","0.05066","0.05071","5e-05","22.5","7087.5","BUY","1","BFS-PE",4733,0.1,25.0,-10.0,1.0
"2026-05-06","US28852N4060","28852N406","EFC-C","EFC","ELLINGTON FINANCIAL INC","Financial Institutions","274013.0","274292.0","279.0","0.05024","0.04996","-0.00028","25.36","7075.44","BUY","1","EFC-PC",4219,0.1,25.0,1.44,0.0
"2026-05-06","US73317H2067","73317H206","BPOP","BPOP","POPULAR CAPITAL TRUST II","Financial Institutions","276820.0","277099.0","279.0","0.05077","0.05029","-0.00048","25.27","7050.33","BUY","1","BPOP",524953,0.0,25.0,1.08,0.0
"2026-05-06","US3131488278","313148827","AGMPP","FAMCA","FEDERAL AGRIC MTG NON CUMULATIVE P","Agency","285068.0","285356.0","288.0","0.04977","0.04969","-8e-05","24.25","6984.0","BUY","1","","","",25.0,-3.0,""
"2026-05-06","US29364P1030","29364P103","ETR","ETR","ENTERGY NEW ORLEANS INC","Utility","313488.0","313803.0","315.0","0.04988","0.04967","-0.00021","22.04","6942.6","BUY","1","ETR",3129613,0.0,25.0,-11.84,0.0
"2026-05-06","US00489Q3002","00489Q300","ACR-D","ACR","ACRES COMMERCIAL REALTY CORP","Financial Institutions","308764.0","309079.0","315.0","0.04884","0.04861","-0.00023","21.9","6898.5","BUY","1","ACR-PD",5204,0.1,25.0,-12.4,1.24
"2026-05-06","US6943082064","694308206","PCG-A","PCG","PACIFIC GAS & ELEC CO","Utility","300125.0","300431.0","306.0","0.04882","0.04857","-0.00025","22.51","6888.06","BUY","1","PCG-PA",6282,0.0,25.0,-9.96,0.0
"2026-05-06","US20451Q2030","20451Q203","CODI-A","CODI","COMPASS DIVERSIFIED HOLDINGS","Financial Institutions","320380.0","320704.0","324.0","0.04802","0.04837","0.00035","21.0","6804.0","BUY","1","CODI-PA",8344,0.0,25.0,-16.0,0.0
"2026-05-06","US74348T5653","74348T565","PSEC-A","PSEC","PROSPECT CAPITAL CORP","Financial Institutions","359672.0","360041.0","369.0","0.04709","0.04701","-8e-05","18.18","6708.42","BUY","1","PSEC-PA",7780,0.0,25.0,-27.28,0.0
"2026-05-06","US5290433094","529043309","LXP-C","LXP","LXP INDUSTRIAL TRUST","Financial Institutions","137872.0","138016.0","144.0","0.04591","0.04578","-0.00013","46.19","6651.36","BUY","1","LXP-PC",1887,0.1,25.0,84.76,0.0
"2026-05-06","US3131488435","313148843","FAMCA","FAMCA","FEDERAL AGRICULTURAL MORTGAGE CORP","Agency","328780.0","329113.0","333.0","0.04557","0.04512","-0.00045","19.09","6356.97","BUY","1","","","",25.0,-23.64,""
"2026-05-06","US74460W4463","74460W446","PSA-Q","PSA","PUBLIC STORAGE","Financial Institutions","393884.0","394289.0","405.0","0.04405","0.04392","-0.00013","15.51","6281.55","BUY","1","PSA-PQ",14970,0.0,25.0,-37.96,0.0
"2026-05-06","US14040H7742","14040H774","COF-K","COF","CAPITAL ONE FINANCIAL CORPORATION","Financial Institutions","342523.0","342874.0","351.0","0.04353","0.04361","8e-05","17.71","6216.21","BUY","1","COF-PK",9812,0.0,25.0,-29.16,0.0
"2026-05-06","US3131488351","313148835","FAMCA","FAMCA","FEDERAL AGRICULTURAL MORTGAGE   NO","Agency","342523.0","342874.0","351.0","0.04371","0.04353","-0.00018","17.68","6205.68","BUY","1","","","",25.0,-29.28,""
"2026-05-06","US9116847024","911684702","UZA","AD","UNITED STATES CELLULAR CORPORATION","Industrial","301682.0","301988.0","306.0","0.04375","0.04361","-0.00014","20.11","6153.66","BUY","1","","","",25.0,-19.56,""
"2026-05-06","US0454872047","045487204","ASB-E","ASB","ASSOCIATED BANC DEPOSITARY SHARES","Financial Institutions","285060.0","285348.0","288.0","0.04307","0.04334","0.00027","21.15","6091.2","BUY","1","ASB-PE",3193,0.1,25.0,-15.4,1.54
"2026-05-06","US70509V6056","70509V605","PEB-E","PEB","PEBBLEBROOK HOTEL TRUST","Financial Institutions","292135.0","292432.0","297.0","0.04224","0.04198","-0.00026","19.99","5937.03","BUY","1","PEB-PE",15100,0.0,25.0,-20.04,0.0
"2026-05-06","US3765468596","376546859","GAIN","GAIN","GLADSTONE INVESTMENT CORP","Financial Institutions","285775.0","286000.0","225.0","0.05258","0.05244","-0.00014","25.53","5744.25","BUY","1","GAIN",368400,0.0,25.0,2.12,0.0
"2026-05-06","US3131488682","313148868","FAMCA","FAMCA","FEDERAL AGRICULTURAL MORTGAGE CORP","Agency","273994.0","274273.0","279.0","0.04061","0.0405","-0.00011","20.56","5736.24","BUY","1","","","",25.0,-17.76,""
"2026-05-06","US0454874027","045487402","ASB-F","ASB","ASSOCIATED BANC-CORP","Financial Institutions","273995.0","274274.0","279.0","0.04049","0.04048","-1e-05","20.55","5733.45","BUY","1","ASB-PF",6753,0.0,25.0,-17.8,0.0
"2026-05-06","US80349A8514","80349A851","SAR","SAR","SARATOGA INVESTMENT CORP","Financial Institutions","274050.0","274275.0","225.0","0.05042","0.05015","-0.00027","25.46","5728.5","BUY","1","SAR",108740,0.0,25.0,1.84,0.0
"2026-05-06","US78163D4079","78163D407","RWAY","RWAY","RUNWAY GROWTH FINANCE","Financial Institutions","274050.0","274275.0","225.0","0.04993","0.04977","-0.00016","25.27","5685.75","BUY","1","RWAY",681813,0.0,25.0,1.08,0.0
"2026-05-06","US00489Q2012","00489Q201","ACR-C","ACR","ACRES COMMERCIAL REALTY .625 FIXED","Financial Institutions","328450.0","328675.0","225.0","0.05944","0.05925","-0.00019","25.1","5647.5","BUY","1","ACR-PC",8276,0.0,25.0,0.4,0.0
"2026-05-06","US55272X7066","55272X706","MFA","MFA","MFA FINANCIAL INC","Financial Institutions","329475.0","329700.0","225.0","0.05976","0.05938","-0.00038","25.08","5643.0","BUY","1","MFA",1400333,0.0,25.0,0.32,0.0
"2026-05-06","US56029Q4082","56029Q408","MHLD","MHLD","MAIDEN HOLDINGS NORTH AMERICA LTD","Financial Institutions","417827.0","418250.0","423.0","0.04003","0.0398","-0.00023","13.25","5604.75","BUY","1","","","",25.0,-47.0,""
"2026-05-06","US9116848840","911684884","UZC","AD","UNITED STATES CELLULAR CORPORATION","Industrial","298002.0","298308.0","306.0","0.03889","0.03893","4e-05","18.17","5560.02","BUY","1","","","",25.0,-27.32,""
"2026-05-06","US8660827044","866082704","INN-F","INN","SUMMIT HOTEL PROPERTIES INC","Financial Institutions","285076.0","285364.0","288.0","0.03599","0.03611","0.00012","17.62","5074.56","BUY","1","INN-PF",3463,0.1,25.0,-29.52,2.95
"2026-05-06","US8678928040","867892804","SHO-H","SHO","SUNSTONE HOTEL INVESTORS INC","Financial Institutions","311461.0","311686.0","225.0","0.04722","0.04777","0.00055","21.34","4801.5","BUY","1","SHO-PH",9868,0.0,25.0,-14.64,0.0
"2026-05-06","US5602923022","560292302","MHLD","MHLD","MAIDEN HOLDINGS LTD","Financial Institutions","323530.0","323863.0","333.0","0.0287","0.02903","0.00033","12.48","4155.84","BUY","1","","","",25.0,-50.08,""
"2026-05-06","US75574U8870","75574U887","RC-E","RC","READY CAPITAL CORP","Financial Institutions","315085.0","315409.0","324.0","0.02903","0.02899","-4e-05","12.8","4147.2","BUY","1","RC-PE",10190,0.0,25.0,-48.8,0.0
"2026-05-06","US5835432023","583543202","SLNH-A","SLNH","SOLUNA HOLDINGS INC","Industrial","373788.0","374238.0","450.0","0.02467","0.02373","-0.00094","8.83","3973.5","BUY","1","","","",25.0,-64.68,""
"2026-05-06","US10482B2007","10482B200","BHR-B","BHR","BRAEMAR HOTEL & RESORTS INC","Financial Institutions","224932.0","225157.0","225.0","0.02444","0.02453","9e-05","15.17","3413.25","BUY","1","BHR-PB",10321,0.0,25.0,-39.32,0.0
"2026-05-06","US0389238504","038923850","ABR-F","ABR","ARBOR REALTY TRUST INC","Financial Institutions","777196.0","777196.0","0.0","0.13078","0.13055","-0.00023","23.39","0.0","UNCHANGED","1","","","","","",""
"2026-05-06","US3765493099","376549309","LAND-B","LAND","GLADSTONE LAND CORP","Financial Institutions","400235.0","400235.0","0.0","0.06134","0.06088","-0.00046","21.18","0.0","UNCHANGED","1","","","","","",""
"2026-05-06","US29452E2000","29452E200","EQH-A","EQH","EQUITABLE HLDNGS  DRC REPRESENTING","Financial Institutions","2192816.0","2192816.0","0.0","0.3158","0.31543","-0.00037","20.03","0.0","UNCHANGED","1","","","","","",""
"2026-05-06","US05461T3059","05461T305","AXS-E","AXS","AXIS CAPITAL HOLDINGS LTD","Financial Institutions","1507574.0","1507574.0","0.0","0.21417","0.21307","-0.0011","19.68","0.0","UNCHANGED","1","","","","","",""
"2026-05-06","US06417N2027","06417N202","OZK-A","OZK","BANK OZK","Financial Institutions","959353.0","959353.0","0.0","0.11486","0.11396","-0.0009","16.54","0.0","UNCHANGED","1","","","","","",""
"2026-05-06","US17259U4022","17259U402","CION","CICC","CION INVESTMENT   NOTES DUE CORP","Financial Institutions","342655.0","342655.0","0.0","0.06198","0.06159","-0.00039","25.03","0.0","UNCHANGED","1","","","","","",""
"2026-05-06","US34988VAF31","34988VAF3","FOSL","FOSL","FOSSIL GROUP INC","Industrial","1174925.0","1174925.0","0.0","0.00811","0.00801","-0.0001","93.87","0.0","UNCHANGED","1","","","","","",""
"2026-05-06","US78442P5026","78442P502","SLM-B","SLM","SLM CORP","Financial Institutions","172068.0","172068.0","0.0","0.09274","0.09211","-0.00063","74.54","0.0","UNCHANGED","1","","","","","",""
"2026-05-06","US29452E4089","29452E408","EQH-C","EQH","EQUITABLE HOLDINGS INC","Financial Institutions","822331.0","822331.0","0.0","0.0975","0.09744","-6e-05","16.5","0.0","UNCHANGED","1","","","","","",""
"2026-05-06","US3602713089","360271308","FULT-A","FULT","FULTON FINANCIAL CORPORATION","Financial Institutions","548221.0","548221.0","0.0","0.07281","0.07225","-0.00056","18.35","0.0","UNCHANGED","1","","","","","",""
"2026-05-06","US9388243076","938824307","WAFD-A","WAFD","WASHINGTON FEDERAL INC","Financial Institutions","822331.0","822331.0","0.0","0.09833","0.09862","0.00029","16.7","0.0","UNCHANGED","1","","","","","",""
"2026-05-06","US46817M2061","46817M206","JXN","JXN","JACKSON FINANCIAL INC","Financial Institutions","1507574.0","1507574.0","0.0","0.28437","0.28301","-0.00136","26.14","0.0","UNCHANGED","1","","","","","",""
"2026-05-06","US0625452075","062545207","BOH-A","BOH","BANK OF HAWAII CORP","Financial Institutions","493399.0","493399.0","0.0","0.05736","0.0574","4e-05","16.2","0.0","UNCHANGED","1","","","","","",""
"2026-05-06","US0625403078","062540307","BOH","BOH","BANK OF HAWAII CORP","Financial Institutions","452299.0","452299.0","0.0","0.08669","0.08631","-0.00038","26.57","0.0","UNCHANGED","1","","","","","",""
"2026-05-06","US7244795065","724479506","PBI","PBI","PITNEY BOWES INC","Industrial","957402.0","957402.0","0.0","0.14508","0.14281","-0.00227","20.77","0.0","UNCHANGED","1","","","","","",""
"2026-05-06","US5341878859","534187885","LNC-D","LNC","LINCOLN NATIONAL CORPORATION","Financial Institutions","1370485.0","1370485.0","0.0","0.26361","0.26239","-0.00122","26.66","0.0","UNCHANGED","1","","","","","",""
"2026-05-06","US0389238686","038923868","ABR-E","ABR","ARBOR REALTY TRUST INC","Financial Institutions","394047.0","394047.0","0.0","0.0479","0.04771","-0.00019","16.86","0.0","UNCHANGED","1","","","","","",""
"2026-05-06","US7443208704","744320870","PRU","PRU","PRUDENTIAL FINANCIAL INC","Financial Institutions","828782.0","828782.0","0.0","0.14243","0.14201","-0.00042","23.86","0.0","UNCHANGED","1","","","","","",""
"2026-05-06","US7443208050","744320805","PRU","PRU","PRUDENTIAL FINANCIAL INC","Financial Institutions","1560818.0","1560818.0","0.0","0.25824","0.25725","-0.00099","22.95","0.0","UNCHANGED","1","","","","","",""
"2026-05-06","US0389238769","038923876","ABR-D","ABR","ARBOR REALTY TRUST INC","Financial Institutions","630421.0","630421.0","0.0","0.07707","0.07701","-6e-05","17.01","0.0","UNCHANGED","1","","","","","",""
"2026-05-06","US7443208886","744320888","PRU","PRU","PRUDENTIAL FINANCIAL INC","Financial Institutions","1381235.0","1381235.0","0.0","0.16816","0.16724","-0.00092","16.86","0.0","UNCHANGED","1","","","","","",""
