"date","isin","cusip","ticker","ticker_raw","name","sector","prior_shares","today_shares","shares_delta","prior_weight","today_weight","weight_delta","price","dollar_flow","flow_type","gap_days","yahoo_ticker","adv_30d","overhang_days","par_value","price_vs_par_pct","signal_score"
"2026-06-22","-","-","USD","USD","USD CASH","Cash and/or Derivatives","1860817.0","-145110.0","-2005927.0","0.0001","0.0","-0.0001","100.0","-200592700.0","UNCHANGED","4","","","","","",""
"2026-06-22","US0970232049","097023204","BA","BA","BOEING CO","Industrial","7706463.0","7687731.0","-18732.0","0.0397","0.0396","-0.0001","68.46","-1282392.72","SELL","4","BA",6805757,0.0,25.0,173.84,0.0
"2026-06-22","US5949728530","594972853","STRC","MSTR","STRATEGY INC","Industrial","4576554.0","4565424.0","-11130.0","0.0302","0.0305","0.0003","88.79","-988232.7","SELL","4","STRC",4037397,0.0,25.0,255.16,0.0
"2026-06-22","US68389X2045","68389X204","ORCL-D","ORCL","ORACLE CORPORATION","Industrial","6700650.0","6683850.0","-16800.0","0.0271","0.026","-0.0011","51.67","-868056.0","SELL","4","ORCL-PD",752554,0.0,25.0,106.68,0.0
"2026-06-22","US0669224778","066922477","XTSLA","XTSLA","BLK CSH FND TREASURY SL AGENCY","Cash and/or Derivatives","112463756.0","113244794.0","781038.0","0.0084","0.0085","0.0001","1.0","781038.0","UNCHANGED","4","","","","","",""
"2026-06-22","US9497468044","949746804","WFC-L","WFC","WELLS FARGO & COMPANY SERIES L","Financial Institutions","265975.0","265324.0","-651.0","0.0233","0.0233","0.0","1168.01","-760374.51","SELL","4","WFC-PL",6243,0.1,1000.0,16.8,0.0
"2026-06-22","US42824C2089","42824C208","HPE-A","HPE","HEWLETT PACKARD ENTERPRISE CONV PR","Industrial","2011167.0","2006274.0","-4893.0","0.0183","0.0187","0.0004","124.03","-606878.79","SELL","4","","","",1000.0,-87.6,""
"2026-06-22","US0126532003","012653200","ALB","ALB","ALBEMARLE CORP","Industrial","3083807.0","3076310.0","-7497.0","0.0149","0.0146","-0.0003","62.98","-472161.06","SELL","4","ALB",2204958,0.0,25.0,151.92,0.0
"2026-06-22","US0605056821","060505682","BAC-L","BAC","BANK OF AMERICA CORP","Financial Institutions","152038.0","151660.0","-378.0","0.0141","0.0143","0.0002","1248.3","-471857.4","SELL","4","BAC-PL",7766,0.0,1000.0,24.83,0.0
"2026-06-22","US1730802014","173080201","C","C","CITIGROUP CAPITAL XIII","Financial Institutions","6022853.0","6008216.0","-14637.0","0.0129","0.0129","0.0","28.62","-418910.94","SELL","4","C",11069889,0.0,25.0,14.48,0.0
"2026-06-22","US5950173022","595017302","MCHP","MCHP","MICROCHIP TECHNOLOGY INCORPORATED","Industrial","1989446.0","1984616.0","-4830.0","0.0124","0.0128","0.0004","85.45","-412723.5","SELL","4","MCHP",11412945,0.0,25.0,241.8,0.0
"2026-06-22","US65339F6557","65339F655","NEE-V","NEE","NEXTERA ENERGY INC","Utility","3083807.0","3076310.0","-7497.0","0.0109","0.0108","-0.0001","46.67","-349884.99","SELL","4","NEE-PV",524900,0.0,25.0,86.68,0.0
"2026-06-22","US48251W5004","48251W500","KKR-D","KKR","KKR & CO INC","Financial Institutions","3466012.0","3457591.0","-8421.0","0.0106","0.0107","0.0001","40.92","-344587.32","SELL","4","KKR-PD",172775,0.0,25.0,63.68,0.0
"2026-06-22","US65339F6631","65339F663","NEE-S","NEECU","NEXTERA ENERGY UNITS INC","Utility","2681602.0","2675092.0","-6510.0","0.0106","0.0107","0.0001","52.88","-344248.8","SELL","4","NEE-PS",329024,0.0,25.0,111.52,0.0
"2026-06-22","US03769M3043","03769M304","APO","APO","APOLLO GLOBAL MANAGEMENT INC","Financial Institutions","1925314.0","1920631.0","-4683.0","0.0101","0.0099","-0.0002","68.55","-321019.65","SELL","4","APO",3266039,0.0,25.0,174.2,0.0
"2026-06-22","US8425878423","842587842","SO-A","SO","SOUTHERN COMPANY (THE)","Utility","2678904.0","2672394.0","-6510.0","0.0098","0.0098","0.0","48.73","-317232.3","SELL","4","SOPA",2915942,0.0,25.0,94.92,0.0
"2026-06-22","US48128B6487","48128B648","JPM-EE","JPM","JPMORGAN CHASE & CO","Financial Institutions","4960930.0","4948876.0","-12054.0","0.0094","0.0094","0.0","25.28","-304725.12","SELL","4","","","",25.0,1.12,""
"2026-06-22","US10950A2050","10950A205","BTSG","BTSG","BRIGHTSPRING HEALTH SERVICES UNITS","Industrial","535635.0","534333.0","-1302.0","0.009","0.0089","-0.0001","220.78","-287455.56","SELL","4","BTSG",3164912,0.0,1000.0,-77.92,0.0
"2026-06-22","US48128B6552","48128B655","JPM-DD","JPM","JPMORGAN CHASE & CO","Financial Institutions","4548668.0","4537622.0","-11046.0","0.0082","0.0082","0.0","24.1","-266208.6","SELL","4","","","",25.0,-3.6,""
"2026-06-22","US65339F1194","65339F119","NEE-T","NEECV","NEXTERA ENERGY UNITS INC","Utility","2008558.0","2003686.0","-4872.0","0.0075","0.0075","0.0","49.41","-240725.52","SELL","4","NEE-PT",148142,0.0,25.0,97.64,0.0
"2026-06-22","US94988U1512","94988U151","WFC-Z","WFC","WELLS FARGO & COMPANY","Financial Institutions","5349945.0","5336946.0","-12999.0","0.0075","0.0074","-0.0001","18.5","-240481.5","SELL","4","WFC-PZ",198499,0.1,25.0,-26.0,2.6
"2026-06-22","US48128B5497","48128B549","JPM-LL","JPM","JPMORGAN CHASE NON-CUMULATIVE PREF","Financial Institutions","4941757.0","4929745.0","-12012.0","0.0069","0.0069","0.0","18.67","-224264.04","SELL","4","","","",25.0,-25.32,""
"2026-06-22","US48128B5232","48128B523","JPM-MM","JPM","JPMORGAN CHASE AND CO DS REPSTG T","Financial Institutions","5342500.0","5329522.0","-12978.0","0.0069","0.0069","0.0","17.18","-222962.04","SELL","4","","","",25.0,-31.28,""
"2026-06-22","US69331C3060","69331C306","PCG-A","PCG","PG&E CORPORATION","Utility","2155415.0","2150186.0","-5229.0","0.0066","0.0066","0.0","40.96","-214179.84","SELL","4","PCG-PA",5355,1.0,25.0,63.84,0.0
"2026-06-22","US00206R7061","00206R706","T-C","T","AT&T INC","Industrial","4685521.0","4674139.0","-11382.0","0.0063","0.0063","0.0","17.76","-202144.32","SELL","4","T-PC",169449,0.1,25.0,-28.96,2.9
"2026-06-22","US03990B3096","03990B309","ARES-B","ARES","ARES MANAGEMENT CORP","Financial Institutions","2008009.0","2003137.0","-4872.0","0.0062","0.0061","-0.0001","40.12","-195464.64","SELL","4","ARES-PB",110721,0.0,25.0,60.48,0.0
"2026-06-22","US5949728795","594972879","STRF","MSTR","STRATEGY INC","Industrial","673955.0","671855.0","-2100.0","0.0046","0.0046","0.0","91.35","-191835.0","SELL","4","STRF",128008,0.0,25.0,265.4,0.0
"2026-06-22","US1167942077","116794207","BRKR","BRKR","BRUKER CORPORATION","Industrial","185061.0","184620.0","-441.0","0.0059","0.0059","0.0","421.22","-185758.02","SELL","4","BRKR",2775480,0.0,1000.0,-57.88,0.0
"2026-06-22","US48128B5802","48128B580","JPM-JJ","JPM","JPMORGAN CHASE DRC","Financial Institutions","4000449.0","3990726.0","-9723.0","0.0055","0.0055","0.0","18.37","-178611.51","SELL","4","","","",25.0,-26.52,""
"2026-06-22","US69351T8669","69351T866","PPL","PPL","PPL CORPORATION","Utility","1539151.0","1535413.0","-3738.0","0.0055","0.0055","0.0","47.54","-177704.52","SELL","4","PPL",9045697,0.0,25.0,90.16,0.0
"2026-06-22","US00206R3003","00206R300","T","T","AT&T INC","Industrial","3539914.0","3531304.0","-8610.0","0.0054","0.0055","0.0001","20.53","-176763.3","SELL","4","T",45084100,0.0,25.0,-17.88,0.0
"2026-06-22","US14040H8245","14040H824","COF-I","COF","CAPITAL ONE FINANCIAL CORPORATION","Financial Institutions","4007681.0","3997937.0","-9744.0","0.0054","0.0054","0.0","17.92","-174612.48","SELL","4","COF-PI",118270,0.1,25.0,-28.32,2.83
"2026-06-22","US61762V8384","61762V838","MS-Q","MS","MORGAN STANLEY","Financial Institutions","2665834.0","2659126.0","-6708.0","0.0051","0.0051","0.0","25.26","-169444.08","SELL","4","MS-PQ",54737,0.1,25.0,1.04,0.0
"2026-06-22","US38144G8042","38144G804","GS-D","GS","GOLDMAN SACHS GROUP INC","Financial Institutions","3620061.0","3611262.0","-8799.0","0.0052","0.0052","0.0","19.07","-167796.93","SELL","4","GS-PD",114325,0.1,25.0,-23.72,2.37
"2026-06-22","US61762V8533","61762V853","MS-P","MS","MORGAN STANLEY DS REPRESENTING F","Financial Institutions","2681603.0","2675093.0","-6510.0","0.005","0.005","0.0","24.96","-162489.6","SELL","4","MS-PP",62385,0.1,25.0,-0.16,0.02
"2026-06-22","US0605052291","060505229","BAC-GG","BAC","BANK OF AMERICA CORP","Financial Institutions","2665955.0","2659487.0","-6468.0","0.005","0.005","0.0","25.08","-162217.44","SELL","4","","","",25.0,0.32,""
"2026-06-22","US26441C5013","26441C501","DUK-A","DUK","DUKE ENERGY CORP","Utility","2676095.0","2669585.0","-6510.0","0.005","0.0049","-0.0001","24.61","-160211.1","SELL","4","DUK-PA",59391,0.1,25.0,-1.56,0.16
"2026-06-22","US61761J4067","61761J406","MS-I","MS","MORGAN STANLEY","Financial Institutions","2665594.0","2659366.0","-6228.0","0.005","0.0051","0.0001","25.42","-158315.76","SELL","4","MS-PI",54971,0.1,25.0,1.68,0.0
"2026-06-22","US61762V6065","61762V606","MS-K","MS","MORGAN STANLEY","Financial Institutions","2681603.0","2675093.0","-6510.0","0.0047","0.0048","0.0001","23.58","-153505.8","SELL","4","MS-PK",47211,0.1,25.0,-5.68,0.57
"2026-06-22","US0200028381","020002838","ALL-H","ALL","ALLSTATE CORPORATION (THE)","Financial Institutions","3077172.0","3069696.0","-7476.0","0.0047","0.0047","0.0","20.24","-151314.24","SELL","4","ALL-PH",76895,0.1,25.0,-19.04,1.9
"2026-06-22","US00206R5081","00206R508","T-A","T","AT&T INC","Industrial","3211027.0","3203215.0","-7812.0","0.0046","0.0046","0.0","19.06","-148896.72","SELL","4","T-PA",90209,0.1,25.0,-23.76,2.38
"2026-06-22","US61763E2072","61763E207","MS-F","MS","MORGAN STANLEY","Financial Institutions","2294808.0","2289222.0","-5586.0","0.0044","0.0044","0.0","25.57","-142834.02","SELL","4","MS-PF",68222,0.1,25.0,2.28,0.0
"2026-06-22","US61762V8616","61762V861","MS-O","MS","MORGAN STANLEY","Financial Institutions","3459711.0","3451311.0","-8400.0","0.0044","0.0044","0.0","16.92","-142128.0","SELL","4","MS-PO",128051,0.1,25.0,-32.32,3.23
"2026-06-22","US65339K8374","65339K837","NEE-U","NEE","NEXTERA ENERGY CAPITAL HOLDINGS IN","Utility","2335050.0","2329275.0","-5775.0","0.0043","0.0043","0.0","24.55","-141776.25","SELL","4","","","",25.0,-1.8,""
"2026-06-22","US14040H7825","14040H782","COF-J","COF","CAPITAL ONE FINANCIAL CORPORATION","Financial Institutions","3334188.0","3326082.0","-8106.0","0.0043","0.0043","0.0","17.29","-140152.74","SELL","4","COF-PJ",95580,0.1,25.0,-30.84,3.08
"2026-06-22","US61762V2007","61762V200","MS-E","MS","MORGAN STANLEY DS","Financial Institutions","2262863.0","2257361.0","-5502.0","0.0043","0.0043","0.0","25.41","-139805.82","SELL","4","MS-PE",42477,0.1,25.0,1.64,0.0
"2026-06-22","US06053U6010","06053U601","BAC-KK","BAC","BANK AMER DS REPRESENTING NON CU","Financial Institutions","2698470.0","2691918.0","-6552.0","0.0043","0.0043","0.0","21.3","-139557.6","SELL","4","","","",25.0,-14.8,""
"2026-06-22","US94988U1280","94988U128","WFC-AA","WFC","WELLS FARGO & COMPANY","Financial Institutions","3087551.0","3080054.0","-7497.0","0.0043","0.0043","0.0","18.37","-137719.89","SELL","4","","","",25.0,-26.52,""
"2026-06-22","US98389B8789","98389B878","XEL","XEL","XCEL ENERGY INC","Utility","2408275.0","2402500.0","-5775.0","0.0043","0.0043","0.0","23.73","-137040.75","SELL","4","XEL",6067282,0.0,25.0,-5.08,0.0
"2026-06-22","US61747S5047","61747S504","MS","MS","MORGAN STANLEY","Financial Institutions","2926470.0","2919351.0","-7119.0","0.0042","0.0042","0.0","19.23","-136898.37","SELL","4","MS",5607364,0.0,25.0,-23.08,0.0
"2026-06-22","CA67000B2030","67000B203","NOVTV","NOVT","NOVANTA TANGIBLE EQUITY UNITS INC","Industrial","846043.0","843985.0","-2058.0","0.0042","0.0042","0.0","65.63","-135066.54","SELL","4","","","",25.0,162.52,""
"2026-06-22","US95002Y4008","95002Y400","WFC-DD","WFC","WELLS FARGO & COMPANY","Financial Institutions","3297129.0","3289107.0","-8022.0","0.0041","0.0041","0.0","16.69","-133887.18","SELL","4","","","",25.0,-33.24,""
"2026-06-22","US04686J8615","04686J861","ATH-A","ATH","ATHENE HOLDING DS REPRESENTING P","Financial Institutions","2300104.0","2294518.0","-5586.0","0.0041","0.0041","0.0","23.78","-132835.08","SELL","4","ATH-PA",25230,0.2,25.0,-4.88,0.98
"2026-06-22","US1729672428","172967242","C-II","C","CITIGROUP INC","Financial Institutions","2145283.0","2140075.0","-5208.0","0.004","0.004","0.0","25.0","-130200.0","SELL","4","CPII",2302,2.3,25.0,0.0,0.0
"2026-06-22","US5949728878","594972887","STRK","MSTR","STRATEGY INC","Industrial","730548.0","728448.0","-2100.0","0.0033","0.0033","0.0","60.2","-126420.0","SELL","4","STRK",164519,0.0,25.0,140.8,0.0
"2026-06-22","US55261F8648","55261F864","MTB-J","MTB","M T BK DEP INT PERP PFD STK SER J","Financial Institutions","2006090.0","2001218.0","-4872.0","0.0039","0.0039","0.0","25.89","-126136.08","SELL","4","MTB-PJ",44632,0.1,25.0,3.56,0.0
"2026-06-22","US0605051798","060505179","BAC-K","BAC","BANK OF AMERICA CORP","Financial Institutions","2047544.0","2042567.0","-4977.0","0.0039","0.0039","0.0","25.31","-125967.87","SELL","4","BAC-PK",49884,0.1,25.0,1.24,0.0
"2026-06-22","US8425878001","842587800","SO","SO","SOUTHERN COMPANY (THE)","Utility","2670983.0","2664494.0","-6489.0","0.0039","0.0039","0.0","19.41","-125951.49","SELL","4","SO",6170223,0.0,25.0,-22.36,0.0
"2026-06-22","US9029731554","902973155","USB-B","USB","US BANCORP","Financial Institutions","2681603.0","2675093.0","-6510.0","0.0038","0.0038","0.0","18.7","-121737.0","SELL","4","","","",25.0,-25.2,""
"2026-06-22","US7593518852","759351885","RGA","RGA","REINSURANCE GROUP OF AMERICA INCOR","Financial Institutions","1870633.0","1865908.0","-4725.0","0.0036","0.0036","0.0","25.6","-120960.0","SELL","4","RGA",369501,0.0,25.0,2.4,0.0
"2026-06-22","US59156R8503","59156R850","MET-F","MET","METLIFE INC","Financial Institutions","2667193.0","2660704.0","-6489.0","0.0037","0.0037","0.0","18.5","-120046.5","SELL","4","MET-PF",103258,0.1,25.0,-26.0,2.6
"2026-06-22","US06055H2022","06055H202","BAC-LL","BAC","BANK OF AMERICA CORPORATION DEPOSI","Financial Institutions","2473358.0","2467352.0","-6006.0","0.0037","0.0037","0.0","19.94","-119759.64","SELL","4","","","",25.0,-20.24,""
"2026-06-22","US0357108705","035710870","NLY-F","NLY","ANNALY CAPITAL MANAGEMENT INC","Financial Institutions","1930782.0","1926099.0","-4683.0","0.0037","0.0037","0.0","25.53","-119556.99","SELL","4","NLY-PF",30503,0.2,25.0,2.12,0.0
"2026-06-22","US8085136005","808513600","SCHW-D","SCHW","CHARLES SCHWAB CORPORATION (THE)","Financial Institutions","2011168.0","2006275.0","-4893.0","0.0037","0.0037","0.0","24.28","-118802.04","SELL","4","SCHW-PD",46484,0.1,25.0,-2.88,0.29
"2026-06-22","US59156R8768","59156R876","MET-E","MET","METLIFE INC","Financial Institutions","2146923.0","2141715.0","-5208.0","0.0036","0.0036","0.0","22.07","-114940.56","SELL","4","MET-PE",62127,0.1,25.0,-11.72,1.17
"2026-06-22","US95002Y2028","95002Y202","WFC-CC","WFC","WELLS FARGO & COMPANY","Financial Institutions","2759820.0","2753121.0","-6699.0","0.0036","0.0035","-0.0001","17.12","-114686.88","SELL","4","","","",25.0,-31.52,""
"2026-06-22","US00775V1044","00775V104","AEGON","AEGON","AEGON FUNDING CORPORATION II","Financial Institutions","2480465.0","2474438.0","-6027.0","0.0035","0.0035","0.0","18.89","-113850.03","SELL","4","","","",25.0,-24.44,""
"2026-06-22","US5949728613","594972861","STRD","MSTR","STRATEGY INC","Industrial","732049.0","730264.0","-1785.0","0.0034","0.0035","0.0001","63.12","-112669.2","SELL","4","STRD",144621,0.0,25.0,152.48,0.0
"2026-06-22","US48128B6222","48128B622","JPM-GG","JPM","JPMORGAN CHASE & CO","Financial Institutions","2389706.0","2383889.0","-5817.0","0.0034","0.0035","0.0001","19.24","-111919.08","SELL","4","","","",25.0,-23.04,""
"2026-06-22","US89832Q6952","89832Q695","TFC-R","TFC","TRUIST FINANCIAL DRC CORP","Financial Institutions","2473141.0","2467135.0","-6006.0","0.0034","0.0034","0.0","18.29","-109849.74","SELL","4","TFC-PR",68571,0.1,25.0,-26.84,2.68
"2026-06-22","US3453708378","345370837","F","F","FORD MOTOR COMPANY","Industrial","2131363.0","2126176.0","-5187.0","0.0032","0.0032","0.0","20.01","-103791.87","SELL","4","F",74596273,0.0,25.0,-19.96,0.0
"2026-06-22","US8168516040","816851604","SRE","SRE","SEMPRA ENERGY","Utility","2024979.0","2020065.0","-4914.0","0.0032","0.0032","0.0","20.92","-102800.88","SELL","4","SRE",3894675,0.0,25.0,-16.32,0.0
"2026-06-22","US94988U6560","94988U656","WFC-Y","WFC","WELLS FARGO & COMPANY","Financial Institutions","1850670.0","1846176.0","-4494.0","0.0032","0.0032","0.0","22.84","-102642.96","SELL","4","WFC-PY",38754,0.1,25.0,-8.64,0.86
"2026-06-22","US0200027888","020002788","ALL-J","ALL","ALLSTATE DEP REPSTG TH NON CUM PE","Financial Institutions","1597694.0","1593809.0","-3885.0","0.0031","0.0031","0.0","26.21","-101825.85","SELL","4","ALL-PJ",32291,0.1,25.0,4.84,0.0
"2026-06-22","US06055H8060","06055H806","BAC-QQ","BAC","BANK OF AMERICA CORP","Financial Institutions","2459000.0","2453015.0","-5985.0","0.0031","0.0031","0.0","16.95","-101445.75","SELL","4","","","",25.0,-32.2,""
"2026-06-22","US3453708451","345370845","F","F","FORD MOTOR COMPANY","Industrial","1997431.0","1992580.0","-4851.0","0.0031","0.0031","0.0","20.7","-100415.7","SELL","4","F",74596273,0.0,25.0,-17.2,0.0
"2026-06-22","US65339K8606","65339K860","NEE-N","NEE","NEXTERA ENERGY CAPITAL HOLDINGS IN","Utility","1831474.0","1827022.0","-4452.0","0.0031","0.0031","0.0","22.48","-100080.96","SELL","4","","","",25.0,-10.08,""
"2026-06-22","US03769M2052","03769M205","APO","APO","APOLLO GLOBAL MANAGEMENT INC","Financial Institutions","1595895.0","1592010.0","-3885.0","0.003","0.0031","0.0001","25.45","-98873.25","SELL","4","APO",3266077,0.0,25.0,1.8,0.0
"2026-06-22","US65339K8291","65339K829","NEE-Z","NEE","NEXTERA ENERGY CAPITAL HOLDINGS IN","Utility","1598133.0","1594248.0","-3885.0","0.003","0.003","0.0","24.9","-96736.5","SELL","4","","","",25.0,-0.4,""
"2026-06-22","US0605051954","060505195","BAC-HH","BAC","BANK OF AMERICA DEP REPRESENTING","Financial Institutions","1612177.0","1608250.0","-3927.0","0.003","0.003","0.0","24.51","-96250.77","SELL","4","","","",25.0,-1.96,""
"2026-06-22","US4932678430","493267843","KEY","KEY","KEYCORP","Financial Institutions","1602535.0","1598650.0","-3885.0","0.003","0.003","0.0","24.7","-95959.5","SELL","4","KEY",11554954,0.0,25.0,-1.2,0.0
"2026-06-22","US00123Q8722","00123Q872","AGNC-F","AGNC","AGNC INVESTMENT CORP","Financial Institutions","1535089.0","1531351.0","-3738.0","0.0029","0.0029","0.0","25.25","-94384.5","SELL","4","","","",25.0,1.0,""
"2026-06-22","US48251W6093","48251W609","KKR-T","KKR","KKR & CO INC","Financial Institutions","1567842.0","1564041.0","-3801.0","0.0029","0.0029","0.0","24.77","-94150.77","SELL","4","","","",25.0,-0.92,""
"2026-06-22","US38143Y6656","38143Y665","GS-A","GS","GOLDMAN SACHS GROUP INC","Financial Institutions","2002635.0","1997763.0","-4872.0","0.0029","0.0029","0.0","19.27","-93883.44","SELL","4","GS-PA",44981,0.1,25.0,-22.92,2.29
"2026-06-22","US2333317921","233331792","DTE-H","DTE","DTE ENERGY COMPANY","Utility","1603381.0","1599475.0","-3906.0","0.0029","0.0029","0.0","23.73","-92689.38","SELL","4","","","",25.0,-5.08,""
"2026-06-22","US8425878670","842587867","SO","SO","SOUTHERN COMPANY (THE)","Utility","1504705.0","1501051.0","-3654.0","0.0028","0.0028","0.0","25.05","-91532.7","SELL","4","SO",6170223,0.0,25.0,0.2,0.0
"2026-06-22","US04686J8383","04686J838","ATH","ATH","ATHENE HOLDING LTD","Financial Institutions","1527862.0","1524145.0","-3717.0","0.0028","0.0028","0.0","24.39","-90657.63","SELL","4","","","",25.0,-2.44,""
"2026-06-22","US1258968452","125896845","CMS","CMS","CMS ENERGY CORPORATION","Utility","1683491.0","1679396.0","-4095.0","0.0028","0.0028","0.0","22.08","-90417.6","SELL","4","CMS",3126477,0.0,25.0,-11.68,0.0
"2026-06-22","US12542R3084","12542R308","CHSINC","CHSINC","CHS CUMULATIVE REDEEMABLE PREF CLA","Industrial","1431953.0","1428467.0","-3486.0","0.0028","0.0028","0.0","25.85","-90113.1","SELL","4","","","",25.0,3.4,""
"2026-06-22","US21871X2080","21871X208","CRBG","CRBG","COREBRIDGE FINANCIAL INC","Financial Institutions","1609045.0","1605139.0","-3906.0","0.0028","0.0028","0.0","22.95","-89642.7","SELL","4","CRBG",6819110,0.0,25.0,-8.2,0.0
"2026-06-22","US82846H5046","82846H504","QXO","QXO","QXO INC","Industrial","768363.0","766494.0","-1869.0","0.0029","0.0028","-0.0001","47.91","-89543.79","SELL","4","QXO",16021894,0.0,25.0,91.64,0.0
"2026-06-22","US87165B2025","87165B202","SYF-A","SYF","SYNCHRONY FINANCIAL","Financial Institutions","2005296.0","2000571.0","-4725.0","0.0028","0.0028","0.0","18.84","-89019.0","SELL","4","SYF-PA",56195,0.1,25.0,-24.64,2.46
"2026-06-22","US7838922018","783892201","EIX-M","EIX","SCE TRUST VII","Utility","1474895.0","1471304.0","-3591.0","0.0027","0.0027","0.0","24.2","-86902.2","SELL","4","","","",25.0,-3.2,""
"2026-06-22","US06055H4002","06055H400","BAC-NN","BAC","BANK OF AMERICA CORP","Financial Institutions","2032754.0","2027819.0","-4935.0","0.0027","0.0027","0.0","17.44","-86066.4","SELL","4","","","",25.0,-30.24,""
"2026-06-22","US82452J3077","82452J307","FOUR","FOUR","SHIFT4 PAYMENTS INC","Industrial","670432.0","668794.0","-1638.0","0.0027","0.0026","-0.0001","52.25","-85585.5","SELL","4","FOUR",1715508,0.0,25.0,109.0,0.0
"2026-06-22","US8794337613","879433761","TDS-VV","TDS","TELEPHONE AND DATA SYSTEMS INC","Industrial","1841362.0","1836889.0","-4473.0","0.0027","0.0026","-0.0001","19.05","-85210.65","SELL","4","","","",25.0,-23.8,""
"2026-06-22","US12542R8034","12542R803","CHSINC","CHSINC","CHS INC","Industrial","1380807.0","1377447.0","-3360.0","0.0026","0.0026","0.0","25.33","-85108.8","SELL","4","","","",25.0,1.32,""
"2026-06-22","US3453708113","345370811","F","F","FORD MOTOR COMPANY","Industrial","1600802.0","1596917.0","-3885.0","0.0026","0.0026","0.0","21.72","-84382.2","SELL","4","F",74600121,0.0,25.0,-13.12,0.0
"2026-06-22","US87165B4005","87165B400","SYF-B","SYF","SYNCHRONY FINANCIAL","Financial Institutions","1337170.0","1333915.0","-3255.0","0.0026","0.0026","0.0","25.73","-83751.15","SELL","4","SYF-PB",36140,0.1,25.0,2.92,0.0
"2026-06-22","US0200023093","020002309","ALL","ALL","ALLSTATE CORPORATION (THE)","Financial Institutions","1333846.0","1330612.0","-3234.0","0.0026","0.0026","0.0","25.81","-83469.54","SELL","4","ALL",1646382,0.0,25.0,3.24,0.0
"2026-06-22","US59156R5046","59156R504","MET-A","MET","METLIFE INC","Financial Institutions","1601377.0","1597492.0","-3885.0","0.0026","0.0026","0.0","21.41","-83177.85","SELL","4","MET-PA",36635,0.1,25.0,-14.36,1.44
"2026-06-22","US9182842099","918284209","VSEC","VSEC","VSE CORP","Industrial","613915.0","612424.0","-1491.0","0.0026","0.0026","0.0","55.61","-82914.51","SELL","4","VSEC",433934,0.0,25.0,122.44,0.0
"2026-06-22","US7591EP8604","7591EP860","RF","RF","REGIONS FINANCIAL CORPORATION","Financial Institutions","1337208.0","1333953.0","-3255.0","0.0026","0.0026","0.0","25.45","-82839.75","SELL","4","RF",10977266,0.0,25.0,1.8,0.0
"2026-06-22","US8425878837","842587883","SO-C","SO","SOUTHERN COMPANY (THE)","Utility","1995158.0","1990307.0","-4851.0","0.0025","0.0025","0.0","16.79","-81448.29","SELL","4","","","",25.0,-32.84,""
"2026-06-22","US4932677028","493267702","KEY-E","KEY","KEYCORP","Financial Institutions","1340772.0","1337517.0","-3255.0","0.0025","0.0025","0.0","24.95","-81212.25","SELL","4","","","",25.0,-0.2,""
"2026-06-22","US9029737593","902973759","USB-K","USB","US BANCORP","Financial Institutions","1541977.0","1538239.0","-3738.0","0.0025","0.0025","0.0","21.63","-80852.94","SELL","4","","","",25.0,-13.48,""
"2026-06-22","US7443208050","744320805","PRU","PRU","PRUDENTIAL FINANCIAL INC","Financial Institutions","1514623.0","1510948.0","-3675.0","0.0025","0.0025","0.0","21.99","-80813.25","SELL","4","PRU",1780641,0.0,25.0,-12.04,0.0
"2026-06-22","US04686J5074","04686J507","ATH-E","ATH","ATHENE HLDG LTD DEP SHR REPSTG I","Financial Institutions","1326612.0","1323378.0","-3234.0","0.0025","0.0025","0.0","24.95","-80688.3","SELL","4","ATH-PE",46208,0.1,25.0,-0.2,0.02
"2026-06-22","US7591EP7044","7591EP704","RF-C","RF","REGIONS FINANCIAL CORPORATION","Financial Institutions","1336955.0","1333700.0","-3255.0","0.0024","0.0024","0.0","24.21","-78803.55","SELL","4","RF-PC",22061,0.1,25.0,-3.16,0.32
"2026-06-22","US12542R7044","12542R704","CHSINC","CHSINC","CHS RESET RATE CUMULATIVE REDEEMAB","Industrial","1308607.0","1305457.0","-3150.0","0.0024","0.0024","0.0","24.67","-77710.5","SELL","4","","","",25.0,-1.32,""
"2026-06-22","US55261F8499","55261F849","MTB-K","MTB","M&T BANK CORPORATION","Financial Institutions","1201225.0","1198075.0","-3150.0","0.0022","0.0022","0.0","24.64","-77616.0","SELL","4","MTB-PK",29281,0.1,25.0,-1.44,0.14
"2026-06-22","US89832Q7455","89832Q745","TFC-O","TFC","TRUIST FINANCIAL PERPETUAL PREF SE","Financial Institutions","1537508.0","1533770.0","-3738.0","0.0024","0.0024","0.0","20.66","-77227.08","SELL","4","TFC-PO",38237,0.1,25.0,-17.36,1.74
"2026-06-22","US6494452021","649445202","FLG-A","FLG","NEW YORK COMMUNITY BANCORP INT FXD","Financial Institutions","1375420.0","1372081.0","-3339.0","0.0023","0.0024","0.0001","22.93","-76563.27","SELL","4","FLG-PA",25183,0.1,25.0,-8.28,0.83
"2026-06-22","US26441C4024","26441C402","DUK","DUK","DUKE ENERGY CORP","Utility","1336896.0","1333641.0","-3255.0","0.0023","0.0024","0.0001","23.48","-76427.4","SELL","4","DUK",3317010,0.0,25.0,-6.08,0.0
"2026-06-22","US64828T7063","64828T706","RITM-D","RITM","NEW RESIDENTIAL INVESTMENT CORP","Financial Institutions","1246951.0","1243927.0","-3024.0","0.0023","0.0023","0.0","25.04","-75720.96","SELL","4","RITM-PD",34907,0.1,25.0,0.16,0.0
"2026-06-22","US3167736053","316773605","FITB-I","FITB","FIFTH THIRD BANCORP DEPOSITARY SHA","Financial Institutions","1206634.0","1203694.0","-2940.0","0.0023","0.0023","0.0","25.73","-75646.2","SELL","4","FITB-PI",25472,0.1,25.0,2.92,0.0
"2026-06-22","US9029737189","902973718","USB-M","USB","US BANCORP","Financial Institutions","1988110.0","1983280.0","-4830.0","0.0023","0.0023","0.0","15.59","-75299.7","SELL","4","","","",25.0,-37.64,""
"2026-06-22","US0357108473","035710847","NLY-I","NLY","ANNALY CAPITAL MANAGEMENT INC","Financial Institutions","1186619.0","1183742.0","-2877.0","0.0023","0.0023","0.0","25.45","-73219.65","SELL","4","NLY-PI",36438,0.1,25.0,1.8,0.0
"2026-06-22","BMG1624R1079","-","BPY","BPY","BROOKFIELD PROPERTY PREFERRED PREF","Industrial","1799644.0","1795276.0","-4368.0","0.0022","0.0022","0.0","16.38","-71547.84","SELL","4","","","",25.0,-34.48,""
"2026-06-22","US06055H6080","06055H608","BAC-PP","BAC","BANK OF AMERICA DRC CORP","Financial Institutions","1717690.0","1713511.0","-4179.0","0.0022","0.0022","0.0","16.71","-69831.09","SELL","4","BAC-PP",54091,0.1,25.0,-33.16,3.32
"2026-06-22","US8574778556","857477855","STT-G","STT","STATE STREET CORP","Financial Institutions","1340772.0","1337517.0","-3255.0","0.0022","0.0022","0.0","21.37","-69559.35","SELL","4","STT-PG",41962,0.1,25.0,-14.52,1.45
"2026-06-22","US0357108622","035710862","NLY-G","NLY","ANNALY CAPITAL MANAGEMENT INC","Financial Institutions","1139617.0","1136845.0","-2772.0","0.0021","0.0021","0.0","25.05","-69438.6","SELL","4","NLY-PG",17054,0.2,25.0,0.2,0.0
"2026-06-22","US97650W7020","97650W702","WTFC-F","WTFC","WINTRUST FINANCIAL CORPORATION","Financial Institutions","1135825.0","1133200.0","-2625.0","0.0022","0.0022","0.0","26.16","-68670.0","SELL","4","","","",25.0,4.64,""
"2026-06-22","US14040H7585","14040H758","COF-L","COF","CAPITAL ONE FINANCIAL CORPORATION","Financial Institutions","1793194.0","1788847.0","-4347.0","0.0021","0.0021","0.0","15.67","-68117.49","SELL","4","COF-PL",57689,0.1,25.0,-37.32,3.73
"2026-06-22","US3167738372","316773837","FITBM","FITB","FIFTH THIRD BANCORP DEPOSITARY SHA","Financial Institutions","1064242.0","1061659.0","-2583.0","0.0021","0.0021","0.0","26.35","-68062.05","SELL","4","FITBM",64867,0.0,25.0,5.4,0.0
"2026-06-22","US0082528276","008252827","AMG","AMG","AFFILIATED MANAGERS GROUP INC.","Financial Institutions","1199238.0","1196319.0","-2919.0","0.0021","0.0021","0.0","23.21","-67749.99","SELL","4","AMG",321723,0.0,25.0,-7.16,0.0
"2026-06-22","US12542R5063","12542R506","CHSINC","CHSINC","CHS INC","Industrial","1113729.0","1111020.0","-2709.0","0.0021","0.0021","0.0","24.98","-67670.82","SELL","4","","","",25.0,-0.08,""
"2026-06-22","US8085138654","808513865","SCHW-J","SCHW","CHARLES SCHWAB CORPORATION (THE)","Financial Institutions","1595821.0","1591936.0","-3885.0","0.0021","0.0021","0.0","17.34","-67365.9","SELL","4","SCHW-PJ",58807,0.1,25.0,-30.64,3.06
"2026-06-22","US00123Q8078","00123Q807","AGNC-E","AGNC","AGNC INVESTMENT CORP","Financial Institutions","1079271.0","1076646.0","-2625.0","0.0021","0.0021","0.0","25.53","-67016.25","SELL","4","","","",25.0,2.12,""
"2026-06-22","US1746108083","174610808","CFG-I","CFG","CITIZENS FINANCIAL GROUP INC","Financial Institutions","1064034.0","1061451.0","-2583.0","0.002","0.002","0.0","25.3","-65349.9","SELL","4","CFG-PI",78659,0.0,25.0,1.2,0.0
"2026-06-22","US3205178409","320517840","FHN-H","FHN","FIRST HORIZON CORP","Financial Institutions","1069504.0","1066900.0","-2604.0","0.002","0.002","0.0","25.09","-65334.36","SELL","4","FHN-PH",60763,0.0,25.0,0.36,0.0
"2026-06-22","US74460W5528","74460W552","PSA-L","PSA","PUBLIC STORAGE","Financial Institutions","1500125.0","1496471.0","-3654.0","0.002","0.002","0.0","17.87","-65296.98","SELL","4","PSA-PL",38428,0.1,25.0,-28.52,2.85
"2026-06-22","US31959X4007","31959X400","FCNCA","FCNCA","FIRST CITIZENS BANCSHARES INC (DEL","Financial Institutions","1065498.0","1062915.0","-2583.0","0.002","0.002","0.0","25.12","-64884.96","SELL","4","FCNCA",65479,0.0,25.0,0.48,0.0
"2026-06-22","US9029738666","902973866","USB-A","USB","US BANCORP","Financial Institutions","38246.0","38162.0","-84.0","0.0022","0.0022","0.0","770.4","-64713.6","SELL","4","USB-PA",510,0.2,1000.0,-22.96,4.59
"2026-06-22","US1746106004","174610600","CFG-H","CFG","CITIZENS FINANCIAL GROUP INC","Financial Institutions","1063844.0","1061261.0","-2583.0","0.002","0.002","0.0","24.85","-64187.55","SELL","4","CFG-PH",27543,0.1,25.0,-0.6,0.06
"2026-06-22","US64828T5083","64828T508","RITM-C","RITM","NEW RESIDENTIAL INVESTMENT CORP","Financial Institutions","1066200.0","1063617.0","-2583.0","0.002","0.002","0.0","24.52","-63335.16","SELL","4","RITM-PC",16418,0.2,25.0,-1.92,0.38
"2026-06-22","US9633202059","963320205","WHR-A","WHR","WHIRLPOOL CORPORATION","Industrial","770292.0","768423.0","-1869.0","0.002","0.002","0.0","33.88","-63321.72","SELL","4","WHR-PA",154945,0.0,25.0,35.52,0.0
"2026-06-22","US61762V8046","61762V804","MS-L","MS","MORGAN STANLEY","Financial Institutions","1315863.0","1312671.0","-3192.0","0.0019","0.0019","0.0","19.62","-62627.04","SELL","4","MS-PL",27389,0.1,25.0,-21.52,2.15
"2026-06-22","US74460W4612","74460W461","PSA-P","PSA","PUBLIC STORAGE","Financial Institutions","1607458.0","1603552.0","-3906.0","0.0019","0.0019","0.0","15.46","-60386.76","SELL","4","PSA-PP",36766,0.1,25.0,-38.16,3.82
"2026-06-22","US87264A1051","87264A105","TMUS","TMUS","T-MOBILE USA INC","Industrial","1047916.0","1045375.0","-2541.0","0.0019","0.0019","0.0","23.72","-60272.52","SELL","4","TMUS",5158428,0.0,25.0,-5.12,0.0
"2026-06-22","US72348N3070","72348N307","PNFP-B","PNFP","PINNACLE FINANCIAL PARTNERS NON CU","Financial Institutions","935330.0","933062.0","-2268.0","0.0019","0.0019","0.0","26.49","-60079.32","SELL","4","PNFP-PB",38442,0.1,25.0,5.96,0.0
"2026-06-22","US4932678687","493267868","KEY-G","KEY","KEYCORP","Financial Institutions","1206634.0","1203694.0","-2940.0","0.0019","0.0019","0.0","20.42","-60034.8","SELL","4","","","",25.0,-18.32,""
"2026-06-22","US8425874042","842587404","SO","SO","SOUTHERN COMPANY (THE)","Utility","1194207.0","1191309.0","-2898.0","0.0019","0.0019","0.0","20.66","-59872.68","SELL","4","SO",6170363,0.0,25.0,-17.36,0.0
"2026-06-22","US06055H8714","06055H871","BAC-SS","BAC","BANK OF AMERICA CORP","Financial Institutions","1287813.0","1284684.0","-3129.0","0.0018","0.0018","0.0","18.96","-59325.84","SELL","4","","","",25.0,-24.16,""
"2026-06-22","US04686J4085","04686J408","ATH-D","ATH","ATHENE HOLDING DS REPRESENTING A","Financial Institutions","1525442.0","1521725.0","-3717.0","0.0018","0.0018","0.0","15.88","-59025.96","SELL","4","ATH-PD",36650,0.1,25.0,-36.48,3.65
"2026-06-22","US8726521029","872652102","TPG","TPG","TPG OPERATING GROUP II LP","Financial Institutions","1066878.0","1064295.0","-2583.0","0.0018","0.0018","0.0","22.76","-58789.08","SELL","4","TPG",2139115,0.0,25.0,-8.96,0.0
"2026-06-22","US0158578080","015857808","AQNCN","AQNCN","ALGONQUIN POWER & UTILITIES CORP","Utility","938519.0","936230.0","-2289.0","0.0018","0.0018","0.0","25.39","-58117.71","SELL","4","","","",25.0,1.56,""
"2026-06-22","US00123Q8318","00123Q831","AGNC-H","AGNC","AGNC INVESTMENT CORP","Financial Institutions","925122.0","922875.0","-2247.0","0.0018","0.0018","0.0","25.54","-57388.38","SELL","4","","","",25.0,2.16,""
"2026-06-22","US4932678760","493267876","KEY-F","KEY","KEYCORP","Financial Institutions","1139617.0","1136845.0","-2772.0","0.0018","0.0018","0.0","20.64","-57214.08","SELL","4","","","",25.0,-17.44,""
"2026-06-22","US8935266812","893526681","TRPCN","TRPCN","TRANSCANADA PIPELINES LTD","Industrial","992177.0","989762.0","-2415.0","0.0017","0.0017","0.0","23.43","-56583.45","SELL","4","","","",25.0,-6.28,""
"2026-06-22","US62913M2061","62913M206","NGL-B","NGL","NGL ENERGY PARTNERS LP","Industrial","908132.0","905927.0","-2205.0","0.0018","0.0017","-0.0001","25.6","-56448.0","SELL","4","NGL-PB",16073,0.1,25.0,2.4,0.0
"2026-06-22","US8794337878","879433787","TDS-UU","TDS","TELEPHONE DATA SYS DRC INC","Industrial","1122374.0","1119644.0","-2730.0","0.0018","0.0017","-0.0001","20.62","-56292.6","SELL","4","","","",25.0,-17.52,""
"2026-06-22","US4165186036","416518603","HIG-G","HIG","HARTFORD FINANCIAL SERVICES GROUP","Financial Institutions","925088.0","922841.0","-2247.0","0.0017","0.0017","0.0","24.76","-55635.72","SELL","4","HIG-PG",16294,0.1,25.0,-0.96,0.1
"2026-06-22","US00123Q5009","00123Q500","AGNC-C","AGNC","AGNC INVESTMENT CORP","Financial Institutions","871446.0","869325.0","-2121.0","0.0017","0.0017","0.0","25.81","-54743.01","SELL","4","","","",25.0,3.24,""
"2026-06-22","US87264A3032","87264A303","TMUS","TMUS","T-MOBILE USA INC","Industrial","1070626.0","1068022.0","-2604.0","0.0017","0.0017","0.0","20.81","-54189.24","SELL","4","TMUS",5158428,0.0,25.0,-16.76,0.0
"2026-06-22","US2333318598","233331859","DTE-E","DTE","DTE ENERGY COMPANY","Utility","1061891.0","1059308.0","-2583.0","0.0017","0.0017","0.0","20.88","-53933.04","SELL","4","","","",25.0,-16.48,""
"2026-06-22","US12542R2094","12542R209","CHSINC","CHSINC","CHS INC. (8% CUMULATIVE REDEEMABLE","Industrial","811229.0","809255.0","-1974.0","0.0017","0.0017","0.0","27.3","-53890.2","SELL","4","","","",25.0,9.2,""
"2026-06-22","US80620A2087","80620A208","EIX-N","EIX","SCE TRUST VIII","Utility","938462.0","936173.0","-2289.0","0.0017","0.0017","0.0","23.47","-53722.83","SELL","4","","","",25.0,-6.12,""
"2026-06-22","US29364D1000","29364D100","ETR","ETR","ENTERGY ARKANSAS LLC","Utility","1099388.0","1096721.0","-2667.0","0.0016","0.0017","0.0001","20.02","-53393.34","SELL","4","ETR",3550463,0.0,25.0,-19.92,0.0
"2026-06-22","US87264A2042","87264A204","TMUS","TMUS","T-MOBILE USA INC","Industrial","1054340.0","1051778.0","-2562.0","0.0016","0.0017","0.0001","20.84","-53392.08","SELL","4","TMUS",5158561,0.0,25.0,-16.64,0.0
"2026-06-22","US8629452017","862945201","ASSE-A","ASSE","STRIVE INC","Industrial","222511.0","221965.0","-546.0","0.0016","0.0016","0.0","97.38","-53169.48","SELL","4","","","",25.0,289.52,""
"2026-06-22","US4461507737","446150773","HBAN-J","HBAN","HUNTINGTON BANCSHARES INC","Financial Institutions","868121.0","866021.0","-2100.0","0.0016","0.0016","0.0","25.26","-53046.0","SELL","4","","","",25.0,1.04,""
"2026-06-22","US7443208886","744320888","PRU","PRU","PRUDENTIAL FINANCIAL INC","Financial Institutions","1340335.0","1337080.0","-3255.0","0.0016","0.0016","0.0","16.29","-53023.95","SELL","4","PRU",1780641,0.0,25.0,-34.84,0.0
"2026-06-22","US74965L2007","74965L200","RLJ-A","RLJ","RLJ LODGING .95 CUMULATIVE CONVERT","Financial Institutions","863430.0","861330.0","-2100.0","0.0016","0.0016","0.0","25.09","-52689.0","SELL","4","RLJ-PA",27708,0.1,25.0,0.36,0.0
"2026-06-22","US14314C1053","14314C105","CG","CG","CARLYLE FINANCE LLC","Financial Institutions","1340413.0","1337158.0","-3255.0","0.0016","0.0016","0.0","16.14","-52535.7","SELL","4","CG",3325635,0.0,25.0,-35.44,0.0
"2026-06-22","US78410V2007","78410V200","SCE-L","EIX","SCE TRUST VI","Financial Institutions","1273524.0","1270437.0","-3087.0","0.0016","0.0016","0.0","16.92","-52232.04","SELL","4","SCE-PL",21741,0.1,25.0,-32.32,3.23
"2026-06-22","US4461508230","446150823","HBAN-H","HBAN","HUNTINGTON BANCSHARES DRC INC","Financial Institutions","1329698.0","1326464.0","-3234.0","0.0016","0.0016","0.0","16.08","-52002.72","SELL","4","","","",25.0,-35.68,""
"2026-06-22","US9027884058","902788405","UMBF","UMBF","UMB FINANCIAL CORPORATION","Financial Institutions","804496.0","802543.0","-1953.0","0.0016","0.0016","0.0","26.56","-51871.68","SELL","4","UMBF",605305,0.0,25.0,6.24,0.0
"2026-06-22","US03939A4040","03939A404","ACGL-G","ACGL","ARCH CAPITAL GROUP LTD.","Financial Institutions","1332366.0","1329132.0","-3234.0","0.0016","0.0016","0.0","15.9","-51420.6","SELL","4","","","",25.0,-36.4,""
"2026-06-22","US1746104025","174610402","CFG-E","CFG","CITIZENS FINANCIAL GROUP INC","Financial Institutions","1194456.0","1191558.0","-2898.0","0.0016","0.0016","0.0","17.72","-51352.56","SELL","4","CFG-PE",46027,0.1,25.0,-29.12,2.91
"2026-06-22","US48253M1045","48253M104","KKR","KKR","KKR GROUP FINANCE CO IX LLC","Financial Institutions","1341479.0","1338329.0","-3150.0","0.0016","0.0016","0.0","16.25","-51187.5","SELL","4","KKR",4591979,0.0,25.0,-35.0,0.0
"2026-06-22","US9029736686","902973668","USB-O","USB","US BANCORP","Financial Institutions","1191261.0","1188363.0","-2898.0","0.0016","0.0016","0.0","17.54","-50830.92","SELL","4","","","",25.0,-29.84,""
"2026-06-22","US16934Q4064","16934Q406","CIM-B","CIM","CHIMERA INVESTMENT CORP","Financial Institutions","871442.0","869321.0","-2121.0","0.0015","0.0015","0.0","23.38","-49588.98","SELL","4","CIM-PB",36339,0.1,25.0,-6.48,0.65
"2026-06-22","US05580M8192","05580M819","RILYI","RILY","B. RILEY FINANCIAL INC","Financial Institutions","1021793.0","1019315.0","-2478.0","0.0015","0.0015","0.0","19.68","-48767.04","SELL","4","","","",25.0,-21.28,""
"2026-06-22","US0454876006","045487600","ASB","ASB","ASSOCIATED BANC-CORP","Financial Institutions","799114.0","797182.0","-1932.0","0.0015","0.0015","0.0","24.83","-47971.56","SELL","4","ASB",1700389,0.0,25.0,-0.68,0.0
"2026-06-22","US6658598569","665859856","NTRS-E","NTRS","NORTHERN TRUST CORPORATION","Financial Institutions","1072668.0","1070064.0","-2604.0","0.0015","0.0015","0.0","18.36","-47809.44","SELL","4","","","",25.0,-26.56,""
"2026-06-22","US0256768591","025676859","ANGINC","ANGINC","AMERICAN NATIONAL GROUP INC","Financial Institutions","804496.0","802543.0","-1953.0","0.0015","0.0015","0.0","24.42","-47692.26","SELL","4","","","",25.0,-2.32,""
"2026-06-22","US9029737346","902973734","USB-L","USB","US BANCORP","Financial Institutions","1322586.0","1319373.0","-3213.0","0.0015","0.0015","0.0","14.8","-47552.4","SELL","4","","","",25.0,-40.8,""
"2026-06-22","US9576384062","957638406","WAL-A","WAL","WESTERN ALLIANCE BANCORP","Financial Institutions","804496.0","802543.0","-1953.0","0.0014","0.0014","0.0","23.9","-46676.7","SELL","4","WAL-PA",25989,0.1,25.0,-4.4,0.44
"2026-06-22","US9030025095","903002509","UMH-D","UMH","UMH PROPERTIES INC","Financial Institutions","870253.0","868132.0","-2121.0","0.0014","0.0014","0.0","21.69","-46004.49","SELL","4","UMH-PD",20180,0.1,25.0,-13.24,1.32
"2026-06-22","US64828T4094","64828T409","RITM-B","RITM","NEW RESIDENTIAL INVESTMENT CORP","Financial Institutions","754991.0","753164.0","-1827.0","0.0014","0.0014","0.0","25.13","-45912.51","SELL","4","RITM-PB",20212,0.1,25.0,0.52,0.0
"2026-06-22","US0357108218","035710821","NLY-J","NLY","ANNALY CAPITAL MANAGEMENT INC","Financial Institutions","737480.0","735695.0","-1785.0","0.0014","0.0014","0.0","25.45","-45428.25","SELL","4","NLY-PJ",52501,0.0,25.0,1.8,0.0
"2026-06-22","US2538688225","253868822","DLR-L","DLR","DIGITAL REALTY TRUST INC","Financial Institutions","925122.0","922875.0","-2247.0","0.0014","0.0014","0.0","20.11","-45187.17","SELL","4","DLR-PL",19466,0.1,25.0,-19.56,1.96
"2026-06-22","US3196263053","319626305","FCNCA","FCNCA","FIRST CITIZENS BANCSHARES INC.","Financial Institutions","920369.0","918143.0","-2226.0","0.0014","0.0014","0.0","20.25","-45076.5","SELL","4","FCNCA",65479,0.0,25.0,-19.0,0.0
"2026-06-22","US10922N7075","10922N707","BHF-C","BHF","BRIGHTHOUSE FINANCIAL INC","Financial Institutions","1530769.0","1527052.0","-3717.0","0.0014","0.0014","0.0","12.06","-44827.02","SELL","4","","","",25.0,-51.76,""
"2026-06-22","US9290892093","929089209","VOYA-B","VOYA","VOYA FINANCIAL INC","Financial Institutions","798930.0","796998.0","-1932.0","0.0014","0.0014","0.0","23.2","-44822.4","SELL","4","VOYA-PB",15799,0.1,25.0,-7.2,0.72
"2026-06-22","US7443208704","744320870","PRU","PRU","PRUDENTIAL FINANCIAL INC","Financial Institutions","804201.0","802248.0","-1953.0","0.0014","0.0014","0.0","22.55","-44040.15","SELL","4","PRU",1780641,0.0,25.0,-9.8,0.0
"2026-06-22","US74460W4208","74460W420","PSA-R","PSA","PUBLIC STORAGE","Financial Institutions","1154839.0","1152025.0","-2814.0","0.0013","0.0013","0.0","15.46","-43504.44","SELL","4","PSA-PR",29319,0.1,25.0,-38.16,3.82
"2026-06-22","US25525P2065","25525P206","DHC","DHC","DIVERSIFIED HEALTHCARE .625% SENIO","Financial Institutions","938462.0","936173.0","-2289.0","0.0013","0.0013","0.0","18.54","-42438.06","SELL","4","DHC",1825487,0.0,25.0,-25.84,0.0
"2026-06-22","US91529Y6014","91529Y601","UNM","UNM","UNUM GROUP","Financial Institutions","798730.0","796798.0","-1932.0","0.0013","0.0013","0.0","21.94","-42388.08","SELL","4","UNM",1171655,0.0,25.0,-12.24,0.0
"2026-06-22","US14040H7338","14040H733","COF-N","COF","CAPITAL ONE FINL DS REPSTG TH PRF","Financial Institutions","1122477.0","1119747.0","-2730.0","0.0013","0.0013","0.0","15.23","-41577.9","SELL","4","COF-PN",45942,0.1,25.0,-39.08,3.91
"2026-06-22","US7591EP8869","7591EP886","RF-E","RF","REGIONS FINL DRC CORP","Financial Institutions","1064275.0","1061692.0","-2583.0","0.0013","0.0013","0.0","15.94","-41173.02","SELL","4","RF-PE",39129,0.1,25.0,-36.24,3.62
"2026-06-22","US90187B3096","90187B309","TWO-B","TWO","TWO HARBORS INVESTMENT CORP","Financial Institutions","680997.0","679338.0","-1659.0","0.0013","0.0013","0.0","24.69","-40960.71","SELL","4","TWO-PB",14084,0.1,25.0,-1.24,0.12
"2026-06-22","US55261F8721","55261F872","MTB-H","MTB","M AND T BANK PERPETUAL FIXED TO FL","Financial Institutions","670291.0","668653.0","-1638.0","0.0012","0.0013","0.0001","24.97","-40900.86","SELL","4","MTB-PH",17196,0.1,25.0,-0.12,0.01
"2026-06-22","US04686J2006","04686J200","ATH-B","ATH","ATHENE HLDG DRC LTD","Financial Institutions","911139.0","908934.0","-2205.0","0.0013","0.0013","0.0","18.52","-40836.6","SELL","4","ATH-PB",21400,0.1,25.0,-25.92,2.59
"2026-06-22","US10922N3017","10922N301","BHF-A","BHF","BRIGHTHOUSE FINANCIAL INC","Financial Institutions","1130418.0","1127667.0","-2751.0","0.0013","0.0013","0.0","14.84","-40824.84","SELL","4","","","",25.0,-40.64,""
"2026-06-22","US55272X5086","55272X508","MFA-C","MFA","MFA FINANCIAL INC","Financial Institutions","737480.0","735695.0","-1785.0","0.0013","0.0013","0.0","22.82","-40733.7","SELL","4","MFA-PC",26029,0.1,25.0,-8.72,0.87
"2026-06-22","US03939A1079","03939A107","ACGL-F","ACGL","ARCH CAPITAL GROUP LTD.","Financial Institutions","878061.0","875919.0","-2142.0","0.0013","0.0013","0.0","18.98","-40655.16","SELL","4","","","",25.0,-24.08,""
"2026-06-22","US64828T8889","64828T888","RITM-F","RITM","RITHM CAPITAL CORP","Financial Institutions","670291.0","668653.0","-1638.0","0.0012","0.0012","0.0","24.58","-40262.04","SELL","4","RITM-PF",34792,0.0,25.0,-1.68,0.0
"2026-06-22","US11271L1026","11271L102","BNCN","BNCN","BROOKFIELD FINANCE INC","Financial Institutions","1072668.0","1070064.0","-2604.0","0.0012","0.0012","0.0","15.45","-40231.8","SELL","4","","","",25.0,-38.2,""
"2026-06-22","US1258968528","125896852","CMS","CMS","CMS ENERGY CORPORATION","Utility","744971.0","743165.0","-1806.0","0.0012","0.0012","0.0","22.16","-40020.96","SELL","4","CMS",3126493,0.0,25.0,-11.36,0.0
"2026-06-22","US4440973075","444097307","HPP-C","HPP","HUDSON PACIFIC PROPERTIES INC","Financial Institutions","1139617.0","1136845.0","-2772.0","0.0013","0.0012","-0.0001","14.43","-39999.96","SELL","4","HPP-PC",9106,0.3,25.0,-42.28,12.68
"2026-06-22","US8805913006","880591300","TVA-D","TVA","TENN VALLEY AUTHORITY","Agency","682115.0","680456.0","-1659.0","0.0012","0.0012","0.0","23.89","-39633.51","SELL","4","","","",25.0,-4.44,""
"2026-06-22","US10922N5095","10922N509","BHF-B","BHF","BRIGHTHOUSE FINANCIAL INC","Financial Institutions","1070430.0","1067826.0","-2604.0","0.0012","0.0012","0.0","15.16","-39476.64","SELL","4","","","",25.0,-39.36,""
"2026-06-22","US88224Q3056","88224Q305","TCBI-B","TCBI","TEXAS CAP BANCSHARES DRC INC","Financial Institutions","798192.0","796260.0","-1932.0","0.0012","0.0012","0.0","20.4","-39412.8","SELL","4","","","",25.0,-18.4,""
"2026-06-22","US90187B5075","90187B507","TWO-C","TWO","TWO HARBORS INVESTMENT CORP","Financial Institutions","647657.0","646082.0","-1575.0","0.0012","0.0012","0.0","24.95","-39296.25","SELL","4","TWO-PC",36327,0.0,25.0,-0.2,0.0
"2026-06-22","US0082528508","008252850","AMG","AMG","AFFILIATED MANAGERS GROUP INC.","Financial Institutions","799889.0","797936.0","-1953.0","0.0012","0.0012","0.0","20.12","-39294.36","SELL","4","AMG",321725,0.0,25.0,-19.52,0.0
"2026-06-22","US74460W6443","74460W644","PSA-H","PSA","PUBLIC STORAGE","Financial Institutions","756084.0","754257.0","-1827.0","0.0012","0.0012","0.0","21.5","-39280.5","SELL","4","PSA-PH",21659,0.1,25.0,-14.0,1.4
"2026-06-22","US74460W6690","74460W669","PSA-G","PSA","PUBLIC STORAGE","Financial Institutions","795589.0","793657.0","-1932.0","0.0012","0.0012","0.0","19.93","-38504.76","SELL","4","PSA-PG",17477,0.1,25.0,-20.28,2.03
"2026-06-22","US00123Q6098","00123Q609","AGNC-D","AGNC","AGNC INVESTMENT CORP","Financial Institutions","630146.0","628613.0","-1533.0","0.0012","0.0012","0.0","25.06","-38416.98","SELL","4","","","",25.0,0.24,""
"2026-06-22","US48251K2096","48251K209","KREF-A","KREF","KKR REAL ESTATE FINANCE TRUST INC","Financial Institutions","878789.0","876647.0","-2142.0","0.0012","0.0012","0.0","17.85","-38234.7","SELL","4","KREF-PA",19498,0.1,25.0,-28.6,2.86
"2026-06-22","US74460W6286","74460W628","PSA-I","PSA","PUBLIC STORAGE REPSTG TH BEN INT","Financial Institutions","838724.0","836687.0","-2037.0","0.0012","0.0012","0.0","18.73","-38153.01","SELL","4","PSA-PI",16156,0.1,25.0,-25.08,2.51
"2026-06-22","US16934Q5053","16934Q505","CIM-C","CIM","CHIMERA INVESTMENT CORP","Financial Institutions","697163.0","695462.0","-1701.0","0.0012","0.0012","0.0","22.34","-38000.34","SELL","4","CIM-PC",15202,0.1,25.0,-10.64,1.06
"2026-06-22","US6374321056","637432105","NRUC-US","NRUC","NATIONAL RURAL UTILITIES COOPERATI","Utility","664724.0","663107.0","-1617.0","0.0012","0.0012","0.0","23.49","-37983.33","SELL","4","","","",25.0,-6.04,""
"2026-06-22","US3733344408","373334440","SO","SO","GEORGIA POWER COMPANY","Utility","717944.0","716201.0","-1743.0","0.0012","0.0012","0.0","21.77","-37945.11","SELL","4","SO",6170406,0.0,25.0,-12.92,0.0
"2026-06-22","US10922N2027","10922N202","BHF","BHF","BRIGHTHOUSE FINANCIAL INC","Financial Institutions","997335.0","994920.0","-2415.0","0.0012","0.0012","0.0","15.67","-37843.05","SELL","4","BHF",506140,0.0,25.0,-37.32,0.0
"2026-06-22","US58844R8503","58844R850","MBIN","MBIN","MERCHANTS BANCORP","Financial Institutions","611308.0","609817.0","-1491.0","0.0011","0.0011","0.0","24.76","-36917.16","SELL","4","MBIN",112690,0.0,25.0,-0.96,0.0
"2026-06-22","US9290428286","929042828","VNO-M","VNO","VORNADO REALTY TRUST","Financial Institutions","856760.0","854681.0","-2079.0","0.0011","0.0011","0.0","17.72","-36839.88","SELL","4","VNO-PM",18266,0.1,25.0,-29.12,2.91
"2026-06-22","BMG053842040","-","AHL","AHL","ASPEN INSURANCE HOLDINGS LTD","Financial Institutions","807314.0","805361.0","-1953.0","0.0011","0.0011","0.0","18.66","-36442.98","SELL","4","","","",25.0,-25.36,""
"2026-06-22","US0844238057","084423805","WRB","WRB","WR BERKLEY CORPORATION","Financial Institutions","799720.0","797767.0","-1953.0","0.0011","0.0011","0.0","18.65","-36423.45","SELL","4","WRB",2087395,0.0,25.0,-25.4,0.0
"2026-06-22","US0200028126","020002812","ALL-I","ALL","ALLSTATE CORPORATION (THE)","Financial Institutions","792480.0","790548.0","-1932.0","0.0011","0.0011","0.0","18.85","-36418.2","SELL","4","ALL-PI",21304,0.1,25.0,-24.6,2.46
"2026-06-22","US74460W6856","74460W685","PSA-F","PSA","PUBLIC STORAGE DS REPRESENTING TH","Financial Institutions","741953.0","740147.0","-1806.0","0.0011","0.0011","0.0","19.96","-36047.76","SELL","4","PSA-PF",17369,0.1,25.0,-20.16,2.02
"2026-06-22","US2836782092","283678209","KMI","KMI","EL PASO ENERGY CAPITAL TRUST I","Industrial","293005.0","292291.0","-714.0","0.0011","0.0011","0.0","50.44","-36014.16","SELL","4","KMI",9244203,0.0,25.0,101.76,0.0
"2026-06-22","US72348N5059","72348N505","PNFP-C","PNFP","PINNACLE FINANCIAL PARTNERS DEPOSI","Financial Institutions","599812.0","598363.0","-1449.0","0.0011","0.0011","0.0","24.65","-35717.85","SELL","4","PNFP-PC",9725,0.1,25.0,-1.4,0.14
"2026-06-22","US3193836000","319383600","BUSE-B","BUSE","FIRST BUSEY CORPORATION","Financial Institutions","571315.0","569929.0","-1386.0","0.0011","0.0011","0.0","25.59","-35467.74","SELL","4","","","",25.0,2.36,""
"2026-06-22","US63938C4050","63938C405","NAVI","NAVI","NAVIENT PRCNT SENIOR NOTES EXP D","Financial Institutions","797159.0","795227.0","-1932.0","0.0011","0.0011","0.0","18.1","-34969.2","SELL","4","NAVI",1109031,0.0,25.0,-27.6,0.0
"2026-06-22","US29364W1080","29364W108","ETR","ETR","ENTERGY LOUISIANA LLC","Utility","717387.0","715644.0","-1743.0","0.0011","0.0011","0.0","20.02","-34894.86","SELL","4","ETR",3550463,0.0,25.0,-19.92,0.0
"2026-06-22","US9290428443","929042844","VNO-L","VNO","VORNADO REALTY TRUST 5.4% CUM RED","Financial Institutions","804497.0","802544.0","-1953.0","0.0011","0.0011","0.0","17.65","-34470.45","SELL","4","VNO-PL",25251,0.1,25.0,-29.4,2.94
"2026-06-22","US29364N1081","29364N108","ETR","ETR","ENTERGY MISSISSIPPI INC","Utility","690750.0","689070.0","-1680.0","0.0011","0.0011","0.0","20.51","-34456.8","SELL","4","ETR",3550463,0.0,25.0,-17.96,0.0
"2026-06-22","US0605055831","060505583","BAC-1","BAC","BANK OF AMERICA CORPORATION PFD 1","Financial Institutions","722341.0","720577.0","-1764.0","0.0011","0.0011","0.0","19.43","-34274.52","SELL","4","","","",25.0,-22.28,""
"2026-06-22","US49446R7118","49446R711","KIM-M","KIM","KIMCO RLTY DS REPRESENTING CLASS","Financial Institutions","701602.0","699901.0","-1701.0","0.0011","0.0011","0.0","20.05","-34105.05","SELL","4","KIM-PM",15156,0.1,25.0,-19.8,1.98
"2026-06-22","US9290428104","929042810","VNO-N","VNO","VORNADO REALTY TRUST","Financial Institutions","804497.0","802544.0","-1953.0","0.0011","0.0011","0.0","17.41","-34001.73","SELL","4","VNO-PN",22971,0.1,25.0,-30.36,3.04
"2026-06-22","US25401T3068","25401T306","DBRG-J","DBRG","DIGITALBRIDGE GROUP INC","Financial Institutions","772060.0","769960.0","-2100.0","0.0009","0.0009","0.0","16.03","-33663.0","SELL","4","DBRG-PJ",83646,0.0,25.0,-35.88,0.0
"2026-06-22","US1170436042","117043604","BC","BC","BRUNSWICK CORPORATION","Industrial","571050.0","569664.0","-1386.0","0.001","0.001","0.0","24.27","-33638.22","SELL","4","BC",566442,0.0,25.0,-2.92,0.0
"2026-06-22","US25406P2002","25406P200","DDS","DDS","DILLARDS CAP TR I CAP SECS 7.5%","Industrial","531228.0","529947.0","-1281.0","0.001","0.001","0.0","26.16","-33510.96","SELL","4","DDS",124297,0.0,25.0,4.64,0.0
"2026-06-22","BMG053841703","-","AHL","AHL","ASPEN INSURANCE HOLDINGS LTD","Financial Institutions","597922.0","596473.0","-1449.0","0.001","0.001","0.0","23.11","-33486.39","SELL","4","","","",25.0,-7.56,""
"2026-06-22","US35243J2006","35243J200","FBRT-E","FBRT","FRANKLIN BSP REALTY TRUST CUMULA","Financial Institutions","692443.0","690763.0","-1680.0","0.001","0.001","0.0","19.54","-32827.2","SELL","4","FBRT-PE",17775,0.1,25.0,-21.84,2.18
"2026-06-22","US25401T4058","25401T405","DBRG-I","DBRG","DIGITALBRIDGE GROUP .15 CUMULATIVE","Financial Institutions","857720.0","855641.0","-2079.0","0.001","0.001","0.0","15.77","-32785.83","SELL","4","DBRG-PI",79080,0.0,25.0,-36.92,0.0
"2026-06-22","US6378702053","637870205","NSA-A","NSA","NATIONAL STORAGE AFFILIATES REDEEM","Financial Institutions","599998.0","598549.0","-1449.0","0.001","0.001","0.0","22.56","-32689.44","SELL","4","NSA-PA",7862,0.2,25.0,-9.76,1.95
"2026-06-22","US6740014096","674001409","OAK-B","OAK","OAKTREE CAPITAL GROUP LLC","Financial Institutions","630146.0","628613.0","-1533.0","0.001","0.001","0.0","21.24","-32560.92","SELL","4","OAK-PB",11819,0.1,25.0,-15.04,1.5
"2026-06-22","US37959E3009","37959E300","GL","GL","GLOBE LIFE INC","Financial Institutions","862902.0","860802.0","-2100.0","0.001","0.001","0.0","15.4","-32340.0","SELL","4","GL",539673,0.0,25.0,-38.4,0.0
"2026-06-22","US72348N2080","72348N208","PNFP-A","PNFP","PINNACLE FINANCIAL PARTNERS NON CU","Financial Institutions","531113.0","529832.0","-1281.0","0.001","0.001","0.0","25.09","-32140.29","SELL","4","PNFP-PA",6586,0.2,25.0,0.36,0.0
"2026-06-22","US78440X5077","78440X507","SLG-I","SLG","SL GREEN REALTY CORP","Financial Institutions","616806.0","615315.0","-1491.0","0.001","0.001","0.0","21.5","-32056.5","SELL","4","SLG-PI",11051,0.1,25.0,-14.0,1.4
"2026-06-22","US05554M1009","05554M100","BIP","BIP","BIP BERMUDA HOLDINGS I LTD","Financial Institutions","804496.0","802543.0","-1953.0","0.001","0.001","0.0","16.21","-31658.13","SELL","4","BIP",704188,0.0,25.0,-35.16,0.0
"2026-06-22","US8606308703","860630870","SF-C","SF","STIFEL FINANCIAL CORP","Financial Institutions","597500.0","596051.0","-1449.0","0.001","0.001","0.0","21.83","-31631.67","SELL","4","SF-PC",13000,0.1,25.0,-12.68,1.27
"2026-06-22","US8805914095","880591409","TVA-A","TVA","TENN VALLEY AUTH","Agency","552962.0","551618.0","-1344.0","0.001","0.001","0.0","23.49","-31570.56","SELL","4","","","",25.0,-6.04,""
"2026-06-22","US25525P3055","25525P305","DHC","DHC","DIVERSIFIED HEALTHCARE .25% SENIOR","Financial Institutions","670291.0","668653.0","-1638.0","0.001","0.001","0.0","18.94","-31023.72","SELL","4","DHC",1825487,0.0,25.0,-24.24,0.0
"2026-06-22","US8606308620","860630862","SF-D","SF","STIFEL FINANCIAL CORP","Financial Institutions","796406.0","794474.0","-1932.0","0.001","0.001","0.0","16.03","-30969.96","SELL","4","SF-PD",19528,0.1,25.0,-35.88,3.59
"2026-06-22","US11259P1093","11259P109","BRBRPH","BEPUCN","BROOKFIELD BRP HOLDINGS (CANADA) I","Utility","939769.0","937669.0","-2100.0","0.001","0.001","0.0","14.74","-30954.0","SELL","4","","","",25.0,-41.04,""
"2026-06-22","US6496048736","649604873","ADAM-E","ADAM","NEW YORK MORTGAGE TRUST INC","Financial Institutions","499842.0","498624.0","-1218.0","0.0009","0.001","0.0001","25.31","-30827.58","SELL","4","","","",25.0,1.24,""
"2026-06-22","US3793785086","379378508","GNL-D","GNL","GLOBAL NET LEASE CUMULATIVE REDE","Financial Institutions","531769.0","530467.0","-1302.0","0.0009","0.0009","0.0","23.56","-30675.12","SELL","4","GNL-PD",11193,0.1,25.0,-5.76,0.58
"2026-06-22","US2333318184","233331818","DTE","DTE","DTE ENERGY CO","Utility","742831.0","741025.0","-1806.0","0.0009","0.0009","0.0","16.94","-30593.64","SELL","4","DTE",1456065,0.0,25.0,-32.24,0.0
"2026-06-22","US2538688308","253868830","DLR-K","DLR","DIGITAL REALTY TRUST INC","Financial Institutions","563130.0","561765.0","-1365.0","0.0009","0.0009","0.0","22.36","-30521.4","SELL","4","DLR-PK",13235,0.1,25.0,-10.56,1.06
"2026-06-22","US84857L7055","84857L705","SR","SR","SPIRE INC","Utility","530892.0","529611.0","-1281.0","0.0009","0.001","0.0001","23.82","-30513.42","SELL","4","SR",501492,0.0,25.0,-4.72,0.0
"2026-06-22","US64828T8053","64828T805","RITM-E","RITM","RITHM CAPITAL CORP","Financial Institutions","509472.0","508233.0","-1239.0","0.0009","0.0009","0.0","24.6","-30479.4","SELL","4","RITM-PE",28476,0.0,25.0,-1.6,0.0
"2026-06-22","US3167738869","316773886","FITB-A","FITB","FIFTH THIRD BANCORP DEPOSITORY SH","Financial Institutions","530736.0","529455.0","-1281.0","0.0009","0.0009","0.0","23.77","-30449.37","SELL","4","FITB-PA",10033,0.1,25.0,-4.92,0.49
"2026-06-22","US16934Q6044","16934Q604","CIM-D","CIM","CHIMERA INVESTMENT CORP","Financial Institutions","536325.0","535023.0","-1302.0","0.0009","0.0009","0.0","23.34","-30388.68","SELL","4","CIM-PD",10639,0.1,25.0,-6.64,0.66
"2026-06-22","US05580M8358","05580M835","RILYM","RILY","B. RILEY FINANCIAL INC","Financial Institutions","582667.0","581260.0","-1407.0","0.0009","0.0009","0.0","21.56","-30334.92","SELL","4","","","",25.0,-13.76,""
"2026-06-22","US05580M7939","05580M793","RILYZ","RILY","B. RILEY FINANCIAL INC","Financial Institutions","513805.0","512566.0","-1239.0","0.0009","0.0009","0.0","24.36","-30182.04","SELL","4","RILYZ",52416,0.0,25.0,-2.56,0.0
"2026-06-22","US74460W5940","74460W594","PSA-J","PSA","PUBLIC STORAGE DEP SHS REPSTG TH","Financial Institutions","684086.0","682427.0","-1659.0","0.0009","0.0009","0.0","18.07","-29978.13","SELL","4","PSA-PJ",15603,0.1,25.0,-27.72,2.77
"2026-06-22","US3167738604","316773860","FITB-K","FITB","FIFTH THIRD BANCORP","Financial Institutions","663089.0","661472.0","-1617.0","0.0009","0.0009","0.0","18.33","-29639.61","SELL","4","FITB-PK",21239,0.1,25.0,-26.68,2.67
"2026-06-22","US0082528433","008252843","AMG","AMG","AFFILIATED MANAGERS GROUP INC.","Financial Institutions","729436.0","727672.0","-1764.0","0.0009","0.0009","0.0","16.69","-29441.16","SELL","4","AMG",321725,0.0,25.0,-33.24,0.0
"2026-06-22","US70931T5092","70931T509","PMT-C","PMT","PENNYMAC MORTGAGE INVESTMENT TRUST","Financial Institutions","670291.0","668653.0","-1638.0","0.0009","0.0009","0.0","17.9","-29320.2","SELL","4","PMT-PC",27821,0.1,25.0,-28.4,2.84
"2026-06-22","US70931T4004","70931T400","PMT-B","PMT","PENNYMAC MORTGAGE INVESTMENT TRUST","Financial Institutions","522844.0","521563.0","-1281.0","0.0009","0.0009","0.0","22.78","-29181.18","SELL","4","PMT-PB",10705,0.1,25.0,-8.88,0.89
"2026-06-22","US0844238701","084423870","WRB","WRB","WR BERKLEY CORPORATION","Financial Institutions","795975.0","794043.0","-1932.0","0.0009","0.0009","0.0","15.04","-29057.28","SELL","4","WRB",2087395,0.0,25.0,-39.84,0.0
"2026-06-22","US8606306079","860630607","SF","SF","STIFEL FINANCIAL CORP","Financial Institutions","603342.0","601872.0","-1470.0","0.0009","0.0009","0.0","19.76","-29047.2","SELL","4","SF",1342706,0.0,25.0,-20.96,0.0
"2026-06-22","US9290427940","929042794","VNO-O","VNO","VORNADO REALTY TRUST","Financial Institutions","804497.0","802544.0","-1953.0","0.0009","0.0009","0.0","14.84","-28982.52","SELL","4","VNO-PO",17328,0.1,25.0,-40.64,4.06
"2026-06-22","US05580M8010","05580M801","RILYK","RILY","B. RILEY FINANCIAL INC","Financial Institutions","478731.0","477576.0","-1155.0","0.0009","0.0009","0.0","25.01","-28886.55","SELL","4","","","",25.0,0.04,""
"2026-06-22","US05614L4077","05614L407","BW-A","BW","BABCOCK & WILCOX ENTERPRISES INC","Industrial","508309.0","507070.0","-1239.0","0.0009","0.0009","0.0","23.28","-28843.92","SELL","4","BW-PA",20879,0.1,25.0,-6.88,0.69
"2026-06-22","US70931T7072","70931T707","PMT","PMT","PENNYMAC MORTGAGE INVESTMENT TRUST","Financial Institutions","462466.0","461332.0","-1134.0","0.0009","0.0009","0.0","25.19","-28565.46","SELL","4","PMT",994186,0.0,25.0,0.76,0.0
"2026-06-22","US49446R7373","49446R737","KIM-L","KIM","KIMCO REALTY CORPORATION","Financial Institutions","596806.0","595357.0","-1449.0","0.0009","0.0009","0.0","19.61","-28414.89","SELL","4","KIM-PL",13863,0.1,25.0,-21.56,2.16
"2026-06-22","US20451Q4010","20451Q401","CODI-C","CODI","COMPASS DIVERSIFIED HOLDINGS","Financial Institutions","523918.0","522637.0","-1281.0","0.0009","0.0009","0.0","22.07","-28271.67","SELL","4","CODI-PC",10994,0.1,25.0,-11.72,1.17
"2026-06-22","BMG9078F1499","-","TRTN-C","TRTN","TRITON INTERNATIONAL LTD","Industrial","463787.0","462653.0","-1134.0","0.0008","0.0009","0.0001","24.55","-27839.7","SELL","4","TRTN-PC",11259,0.1,25.0,-1.8,0.18
"2026-06-22","US17259U3032","17259U303","CIONI","CIONI","CION INVESTMENT CORP","Financial Institutions","458910.0","457797.0","-1113.0","0.0009","0.0009","0.0","24.9","-27713.7","SELL","4","","","",25.0,-0.4,""
"2026-06-22","MHY8564M2048","-","TGP-B","TGP","TEEKAY LNG PARTNERS LP","Industrial","442253.0","441182.0","-1071.0","0.0008","0.0009","0.0001","25.81","-27642.51","SELL","4","","","",25.0,3.24,""
"2026-06-22","US20451Q3020","20451Q302","CODI-B","CODI","COMPASS DIVERSIFIED HOLDINGS FIXED","Financial Institutions","498401.0","497183.0","-1218.0","0.0008","0.0008","0.0","22.5","-27405.0","SELL","4","CODI-PB",5966,0.2,25.0,-10.0,2.0
"2026-06-22","US46131B5066","46131B506","IVR-C","IVR","INVESCO MORTGAGE CAPITAL INC","Financial Institutions","456652.0","455539.0","-1113.0","0.0008","0.0008","0.0","24.42","-27179.46","SELL","4","IVR-PC",11952,0.1,25.0,-2.32,0.23
"2026-06-22","US6378703044","637870304","NSA-B","NSA PR B","NATIONAL STORAGE AFFILIATES CUM","Financial Institutions","374794.0","373744.0","-1050.0","0.0007","0.0007","0.0","25.85","-27142.5","SELL","4","NSA-PB",3566,0.3,25.0,3.4,0.0
"2026-06-22","US31959X2027","31959X202","FCNCA","FCNCA","FIRST CITIZENS BANCSHARES NON CU","Financial Institutions","536325.0","535023.0","-1302.0","0.0008","0.0008","0.0","20.69","-26938.38","SELL","4","FCNCA",65516,0.0,25.0,-17.24,0.0
"2026-06-22","US04914Y4098","04914Y409","ATLC","ATLC","ATLANTICUS HOLDINGS CORP","Financial Institutions","443285.0","442235.0","-1050.0","0.0008","0.0009","0.0001","25.59","-26869.5","SELL","4","ATLC",110865,0.0,25.0,2.36,0.0
"2026-06-22","US74460W5114","74460W511","PSA-N","PSA","PUBLIC STORAGE DEP SHS REPSTG PF","Financial Institutions","736828.0","735043.0","-1785.0","0.0008","0.0008","0.0","15.03","-26828.55","SELL","4","PSA-PN",18438,0.1,25.0,-39.88,3.99
"2026-06-22","US74460W5783","74460W578","PSA-K","PSA","PUBLIC STORAGE","Financial Institutions","600091.0","598642.0","-1449.0","0.0008","0.0008","0.0","18.47","-26763.03","SELL","4","PSA-PK",14277,0.1,25.0,-26.12,2.61
"2026-06-22","US1258968601","125896860","CMS","CMS","CMS ENERGY CORPORATION","Utility","530236.0","528955.0","-1281.0","0.0008","0.0008","0.0","20.89","-26760.09","SELL","4","CMS",3082715,0.0,25.0,-16.44,0.0
"2026-06-22","BMG9078F3057","-","TRTGV","TRTN","TRITON INTL CUM RED PERP PREF SER","Industrial","463620.0","462486.0","-1134.0","0.0008","0.0008","0.0","23.55","-26705.7","SELL","4","","","",25.0,-5.8,""
"2026-06-22","US11276B1098","11276B109","BIP","BIP","BROOKFIELD INFRASTRUCTURE FINANCE","Utility","670290.0","668652.0","-1638.0","0.0008","0.0008","0.0","16.12","-26404.56","SELL","4","BIP",704188,0.0,25.0,-35.52,0.0
"2026-06-22","US55272X4097","55272X409","MFA-B","MFA","MFA FINANCIAL INC","Financial Institutions","536325.0","535023.0","-1302.0","0.0008","0.0008","0.0","20.19","-26287.38","SELL","4","MFA-PB",14112,0.1,25.0,-19.24,1.92
"2026-06-22","US2538688555","253868855","DLR-J","DLR","DIGITAL REALTY TRUST INC","Financial Institutions","536325.0","535023.0","-1302.0","0.0008","0.0008","0.0","20.19","-26287.38","SELL","4","DLR-PJ",8845,0.1,25.0,-19.24,1.92
"2026-06-22","US11259P2083","11259P208","BRBRPH","BEPUCN","BROOKFIELD BRP HOLDINGS (CANADA) I","Utility","697162.0","695461.0","-1701.0","0.0008","0.0008","0.0","15.45","-26280.45","SELL","4","","","",25.0,-38.2,""
"2026-06-22","BMG162491648","-","BPY-A","BPY","BROOKFIELD PROPERTY PARTNERS LP","Industrial","770955.0","769086.0","-1869.0","0.0008","0.0008","0.0","13.85","-25885.65","SELL","4","","","",25.0,-44.6,""
"2026-06-22","US3793783008","379378300","GNL-A","GNL","GLOBAL NET LEASE PREF SERIES A INC","Financial Institutions","455796.0","454683.0","-1113.0","0.0008","0.0008","0.0","23.14","-25754.82","SELL","4","GNL-PA",10585,0.1,25.0,-7.44,0.74
"2026-06-22","US11276B2088","11276B208","BIP","BIP","BROOKFIELD INFRASTRUCTURE FINANCE","Utility","423666.0","422637.0","-1029.0","0.0008","0.0008","0.0","24.97","-25694.13","SELL","4","BIP",750800,0.0,25.0,-0.12,0.0
"2026-06-22","BMG9078F1648","-","TRTN-D","TRTN","TRITON INTERNATIONAL LTD","Industrial","395950.0","394900.0","-1050.0","0.0007","0.0007","0.0","24.35","-25567.5","SELL","4","TRTN-PD",7734,0.1,25.0,-2.6,0.26
"2026-06-22","US0844238883","084423888","WRB","WRB","WR BERKLEY CORPORATION","Financial Institutions","662120.0","660503.0","-1617.0","0.0008","0.0008","0.0","15.81","-25564.77","SELL","4","WRB",2087414,0.0,25.0,-36.76,0.0
"2026-06-22","US58844R7026","58844R702","MBIN-C","MBIN","MERCHANTS BANCORP","Financial Institutions","519587.0","518327.0","-1260.0","0.0008","0.0008","0.0","20.28","-25552.8","SELL","4","","","",25.0,-18.88,""
"2026-06-22","US38144X6094","38144X609","GS-C","GS","GOLDMAN SACHS GROUP INC","Financial Institutions","536325.0","535023.0","-1302.0","0.0008","0.0008","0.0","19.58","-25493.16","SELL","4","GS-PC",14767,0.1,25.0,-21.68,2.17
"2026-06-22","US0844237067","084423706","WRB","WRB","WR BERKLEY CORPORATION","Financial Institutions","489886.0","488689.0","-1197.0","0.0008","0.0008","0.0","21.15","-25316.55","SELL","4","WRB",2087414,0.0,25.0,-15.4,0.0
"2026-06-22","US11259P3073","11259P307","BRBRPH","BEPUCN","BROOKFIELD BRP HOLDINGS (CANADA) I","Utility","402137.0","401150.0","-987.0","0.0008","0.0008","0.0","25.57","-25237.59","SELL","4","","","",25.0,2.28,""
"2026-06-22","US0605058157","060505815","BAC-E","BAC","BANK OF AMERICA CORP PREF STOCK","Financial Institutions","550133.0","548789.0","-1344.0","0.0008","0.0008","0.0","18.76","-25213.44","SELL","4","BAC-PE",21955,0.1,25.0,-24.96,2.5
"2026-06-22","US6740013007","674001300","OAK-A","OAK","OAKTREE CAPITAL GROUP LLC","Financial Institutions","482667.0","481491.0","-1176.0","0.0008","0.0008","0.0","21.4","-25166.4","SELL","4","OAK-PA",11151,0.1,25.0,-14.4,1.44
"2026-06-22","US1258968379","125896837","CMS-C","CMS","CMS ENERGY CORPORATION","Utility","608903.0","607433.0","-1470.0","0.0008","0.0008","0.0","17.0","-24990.0","SELL","4","CMS-PC",15194,0.1,25.0,-32.0,3.2
"2026-06-22","BMG162491564","-","BPY-A2","BPY","BROOKFIELD PROPERTY PARTNERS LP","Industrial","670291.0","668653.0","-1638.0","0.0008","0.0008","0.0","15.25","-24979.5","SELL","4","","","",25.0,-39.0,""
"2026-06-22","US74460W3960","74460W396","PSA-S","PSA","PUBLIC STORAGE DEPOSITARY SHS EACH","Financial Institutions","651019.0","649444.0","-1575.0","0.0008","0.0008","0.0","15.86","-24979.5","SELL","4","PSA-PS",25545,0.1,25.0,-36.56,3.66
"2026-06-22","US5303075031","530307503","LBRDA","LBRDA","LIBERTY BROADBAND CUM REDEEMABLE P","Industrial","475387.0","474232.0","-1155.0","0.0008","0.0008","0.0","21.62","-24971.1","SELL","4","LBRDA",196892,0.0,25.0,-13.52,0.0
"2026-06-22","US38741L3050","38741L305","GPMT-A","GPMT","GRANITE POINT MORTGAGE TRUST INC","Financial Institutions","551702.0","550358.0","-1344.0","0.0008","0.0008","0.0","18.54","-24917.76","SELL","4","GPMT-PA",3224,0.4,25.0,-25.84,10.34
"2026-06-22","US2333318267","233331826","DTE-G","DTE","DTE ENERGY COMPANY","Utility","608797.0","607327.0","-1470.0","0.0008","0.0008","0.0","16.94","-24901.8","SELL","4","","","",25.0,-32.24,""
"2026-06-22","US0605056250","060505625","BAC-02","BAC","BANK OF AMERICA CORP","Financial Institutions","531487.0","530185.0","-1302.0","0.0008","0.0008","0.0","19.12","-24894.24","SELL","4","","","",25.0,-23.52,""
"2026-06-22","US0423156068","042315606","ARR-C","ARR","ARMOUR RESIDENTIAL REIT INC","Financial Institutions","488458.0","487261.0","-1197.0","0.0008","0.0008","0.0","20.78","-24873.66","SELL","4","ARR-PC",16833,0.1,25.0,-16.88,1.69
"2026-06-22","US9197944047","919794404","VLY-C","VLY","VALLEY NATIONAL BANCORP","Financial Institutions","396994.0","396028.0","-966.0","0.0008","0.0008","0.0","25.7","-24826.2","SELL","4","","","",25.0,2.8,""
"2026-06-22","US04208T2078","04208T207","AHH-A","AHH","ARMADA HOFFLER PROPERTIES INC","Financial Institutions","458823.0","457710.0","-1113.0","0.0008","0.0008","0.0","22.2","-24708.6","SELL","4","","","",25.0,-11.2,""
"2026-06-22","US00123Q8565","00123Q856","AGNCL","AGNC","AGNC INVESTMENT CORP","Financial Institutions","402101.0","401114.0","-987.0","0.0007","0.0008","0.0001","25.01","-24684.87","SELL","4","AGNCL",10417,0.1,25.0,0.04,0.0
"2026-06-22","US10922N8891","10922N889","BHF-D","BHF","BRIGHTHOUSE FINANCIAL INC","Financial Institutions","926416.0","924169.0","-2247.0","0.0007","0.0008","0.0001","10.79","-24245.13","SELL","4","","","",25.0,-56.84,""
"2026-06-22","US87266M2061","87266M206","TRTX-C","TRTX","TPG RE FIN TR PREF SERIES C INC TR","Financial Institutions","539756.0","538454.0","-1302.0","0.0008","0.0008","0.0","18.59","-24204.18","SELL","4","TRTX-PC",5489,0.2,25.0,-25.64,5.13
"2026-06-22","US8606307069","860630706","SF-B","SF","STIFEL FINANCIAL CORP","Financial Institutions","428991.0","427941.0","-1050.0","0.0007","0.0007","0.0","23.01","-24160.5","SELL","4","SF-PB",10465,0.1,25.0,-7.96,0.8
"2026-06-22","US78407R2040","78407R204","SCE-J","EIX","SCE TRUST II CUM TRUST SECS P","Utility","582407.0","581000.0","-1407.0","0.0008","0.0008","0.0","17.15","-24130.05","SELL","4","","","",25.0,-31.4,""
"2026-06-22","US6496048819","649604881","ADAM-D","ADAM","NEW YORK MORTGAGE TRUST INC","Financial Institutions","412000.0","410992.0","-1008.0","0.0007","0.0007","0.0","23.93","-24121.44","SELL","4","","","",25.0,-4.28,""
"2026-06-22","US4101204067","410120406","HWC","HWC","HANCOCK WHITNEY CORP","Financial Institutions","456466.0","455353.0","-1113.0","0.0007","0.0007","0.0","21.65","-24096.45","SELL","4","HWC",896480,0.0,25.0,-13.4,0.0
"2026-06-22","US3205174028","320517402","FHN-E","FHN","FIRST HORIZON NATIONAL CORP","Financial Institutions","402136.0","401149.0","-987.0","0.0007","0.0007","0.0","24.4","-24082.8","SELL","4","FHN-PE",6285,0.2,25.0,-2.4,0.48
"2026-06-22","BMG053841620","-","AHL","AHL","ASPEN INSURANCE HOLDINGS LTD","Financial Institutions","529103.0","527822.0","-1281.0","0.0007","0.0007","0.0","18.71","-23967.51","SELL","4","","","",25.0,-25.16,""
"2026-06-22","US04914Y3009","04914Y300","ATLC","ATLC","ATLANTICUS HOLDINGS CORP","Financial Institutions","392085.0","391140.0","-945.0","0.0007","0.0007","0.0","25.21","-23823.45","SELL","4","ATLC",110865,0.0,25.0,0.84,0.0
"2026-06-22","BMG9078F1317","-","TRTN-B","TRTN","TRITON INTERNATIONAL LTD","Industrial","380171.0","379247.0","-924.0","0.0007","0.0007","0.0","25.32","-23395.68","SELL","4","TRTN-PB",7725,0.1,25.0,1.28,0.0
"2026-06-22","US4461507810","446150781","HBAN-C","HBAN","HUNTINGTON BANCSHARES INC","Financial Institutions","469255.0","468121.0","-1134.0","0.0007","0.0007","0.0","20.59","-23349.06","SELL","4","","","",25.0,-17.64,""
"2026-06-22","US58844R8842","58844R884","MBIN","MBIN","MERCHANTS BANCORP","Financial Institutions","376812.0","375888.0","-924.0","0.0007","0.0007","0.0","25.24","-23321.76","SELL","4","MBIN",112690,0.0,25.0,0.96,0.0
"2026-06-22","US74460W5379","74460W537","PSA-M","PSA","PUBLIC STORAGE","Financial Institutions","597095.0","595646.0","-1449.0","0.0007","0.0007","0.0","15.91","-23053.59","SELL","4","PSA-PM",11663,0.1,25.0,-36.36,3.64
"2026-06-22","US6496048652","649604865","ADAM-F","ADAM","NEW YORK MORTGAGE TRUST INC","Financial Institutions","389079.0","388134.0","-945.0","0.0007","0.0007","0.0","24.32","-22982.4","SELL","4","","","",25.0,-2.72,""
"2026-06-22","US0259328807","025932880","AFG","AFG","AMERICAN FINANCIAL GROUP INC","Financial Institutions","529029.0","527748.0","-1281.0","0.0007","0.0007","0.0","17.76","-22750.56","SELL","4","AFG",442207,0.0,25.0,-28.96,0.0
"2026-06-22","US26884U2087","26884U208","EPR-C","EPR","EPR PROPERTIES 5.75% CUM CONV PREF","Financial Institutions","361521.0","360639.0","-882.0","0.0007","0.0007","0.0","25.72","-22685.04","SELL","4","EPR-PC",4484,0.2,25.0,2.88,0.0
"2026-06-22","US11272B1035","11272B103","BNCN","BNCN","BROOKFIELD FINANCE I UK PLC","Financial Institutions","616805.0","615314.0","-1491.0","0.0007","0.0007","0.0","15.14","-22573.74","SELL","4","","","",25.0,-39.44,""
"2026-06-22","BMG9078F2067","-","TRTN","TRTN","TRITON INTERNATIONAL LTD","Industrial","396421.0","395455.0","-966.0","0.0007","0.0007","0.0","23.32","-22527.12","SELL","4","","","",25.0,-6.72,""
"2026-06-22","US4461507570","446150757","HBANZ","HBAN","HUNTINGTON BANCSHARES DEPOSITARY S","Financial Institutions","457790.0","456677.0","-1113.0","0.0007","0.0007","0.0","19.73","-21959.49","SELL","4","HBANZ",8250,0.1,25.0,-21.08,2.11
"2026-06-22","USG162522670","-","BIP-13","BIP","BROOKFIELD INFRASTRUCTURE CLASS","Utility","536325.0","535023.0","-1302.0","0.0007","0.0007","0.0","16.81","-21886.62","SELL","4","","","",25.0,-32.76,""
"2026-06-22","US25401T5048","25401T504","DBRG-H","DBRG","DIGITALBRIDGE GROUP .125 CUMULATIV","Financial Institutions","559062.0","557697.0","-1365.0","0.0007","0.0007","0.0","15.77","-21526.05","SELL","4","DBRG-PH",26938,0.1,25.0,-36.92,3.69
"2026-06-22","US9478907036","947890703","WBS-G","WBS","WEBSTER FINANCIAL CORPORATION","Financial Institutions","361957.0","361075.0","-882.0","0.0006","0.0006","0.0","23.9","-21079.8","SELL","4","WBS-PG",6888,0.1,25.0,-4.4,0.44
"2026-06-22","US3765468679","376546867","GAIN","GAIN","GLADSTONE INVESTMENT CORP","Financial Institutions","333877.0","333058.0","-819.0","0.0006","0.0006","0.0","25.61","-20974.59","SELL","4","GAIN",349823,0.0,25.0,2.44,0.0
"2026-06-22","US89832Q8107","89832Q810","TFC-I","TFC","TRUIST FINANCIAL DS REPRESENTING","Financial Institutions","462514.0","461380.0","-1134.0","0.0006","0.0006","0.0","18.48","-20956.32","SELL","4","TFC-PI",11541,0.1,25.0,-26.08,2.61
"2026-06-22","BMG162522756","-","BIP-14","BIP","BROOKFIELD INFRASTRUCTURE PARTNERS","Utility","536325.0","535023.0","-1302.0","0.0006","0.0006","0.0","16.09","-20949.18","SELL","4","","","",25.0,-35.64,""
"2026-06-22","US26884U5056","26884U505","EPR-G","EPR","EPR PROPERTIES","Financial Institutions","402210.0","401223.0","-987.0","0.0006","0.0006","0.0","21.15","-20875.05","SELL","4","EPR-PG",10684,0.1,25.0,-15.4,1.54
"2026-06-22","MHY8564M1131","-","TGP","TGP","TEEKAY LNG PARTNERS LP","Industrial","330719.0","329921.0","-798.0","0.0006","0.0006","0.0","25.97","-20724.06","SELL","4","","","",25.0,3.88,""
"2026-06-22","US3765468836","376546883","GAIN","GAIN","GLADSTONE INVESTMENT CORP","Financial Institutions","355209.0","354348.0","-861.0","0.0006","0.0006","0.0","23.85","-20534.85","SELL","4","GAIN",349823,0.0,25.0,-4.6,0.0
"2026-06-22","BMG9078F1564","-","TRTN-E","TRTN","TRITON INTERNATIONAL LTD","Industrial","462324.0","461211.0","-1113.0","0.0006","0.0006","0.0","18.32","-20390.16","SELL","4","TRTN-PE",5498,0.2,25.0,-26.72,5.34
"2026-06-22","US8163005031","816300503","SIGI-B","SIGI","SELECTIVE INS GROUP DS REPSTG IN","Financial Institutions","528164.0","526883.0","-1281.0","0.0006","0.0006","0.0","15.88","-20342.28","SELL","4","","","",25.0,-36.48,""
"2026-06-22","US90187B2007","90187B200","TWO-A","TWO","TWO HARBORS INVESTMENT CORP","Financial Institutions","338583.0","337764.0","-819.0","0.0006","0.0006","0.0","24.83","-20335.77","SELL","4","TWO-PA",10571,0.1,25.0,-0.68,0.07
"2026-06-22","US9478905055","947890505","WBS-F","WBS","WEBSTER FINANCIAL DRC CORP","Financial Institutions","402137.0","401150.0","-987.0","0.0006","0.0006","0.0","20.6","-20332.2","SELL","4","WBS-PF",10132,0.1,25.0,-17.6,1.76
"2026-06-22","US0259328641","025932864","AFG","AFG","AMERICAN FINANCIAL GROUP INC","Financial Institutions","528248.0","526967.0","-1281.0","0.0006","0.0006","0.0","15.87","-20329.47","SELL","4","AFG",442207,0.0,25.0,-36.52,0.0
"2026-06-22","US16934Q3074","16934Q307","CIM-A","CIM","CHIMERA INVESTMENT CORP","Financial Institutions","388848.0","387903.0","-945.0","0.0006","0.0006","0.0","21.34","-20166.3","SELL","4","CIM-PA",9999,0.1,25.0,-14.64,1.46
"2026-06-22","US68003D3035","68003D303","ONB-C","ONB","OLD NATIONAL BANCORP DEP SHS EACH","Financial Institutions","328482.0","327684.0","-798.0","0.0006","0.0006","0.0","24.84","-19822.32","SELL","4","","","",25.0,-0.64,""
"2026-06-22","MHY271831213","-","GSL","GSL","GLOBAL SHIP LEASE INC","Industrial","292214.0","291500.0","-714.0","0.0006","0.0006","0.0","27.47","-19613.58","SELL","4","GSL",367981,0.0,25.0,9.88,0.0
"2026-06-22","US3137452005","313745200","FRT-C","FRT","FEDERAL REALTY INVESTMENT DEPOSITA","Financial Institutions","402137.0","401150.0","-987.0","0.0006","0.0006","0.0","19.79","-19532.73","SELL","4","FRT-PC",8900,0.1,25.0,-20.84,2.08
"2026-06-22","US0084922097","008492209","ADC-A","ADC","AGREE REALTY CORP","Financial Institutions","469327.0","468193.0","-1134.0","0.0006","0.0006","0.0","17.15","-19448.1","SELL","4","ADC-PA",11509,0.1,25.0,-31.4,3.14
"2026-06-22","US28852N3070","28852N307","EFC-B","EFC","ELLINGTON FINANCIAL INC","Financial Institutions","323225.0","322448.0","-777.0","0.0006","0.0006","0.0","24.9","-19347.3","SELL","4","EFC-PB",2682,0.3,25.0,-0.4,0.12
"2026-06-22","US6496048165","649604816","ADAM","ADAM","NEW YORK MORTGAGE TRUST INC","Financial Institutions","308281.0","307525.0","-756.0","0.0006","0.0006","0.0","25.49","-19270.44","SELL","4","ADAM",644343,0.0,25.0,1.96,0.0
"2026-06-22","US90187B8871","90187B887","TWO","TWO","TWO HARBORS INVESTMENT CORP","Financial Institutions","308299.0","307543.0","-756.0","0.0006","0.0006","0.0","25.36","-19172.16","SELL","4","TWO",1793989,0.0,25.0,1.44,0.0
"2026-06-22","US5977423038","597742303","MSBI","MSBI","MIDLAND STATES BANCORP INC","Financial Institutions","308317.0","307561.0","-756.0","0.0006","0.0006","0.0","25.3","-19126.8","SELL","4","MSBI",131178,0.0,25.0,1.2,0.0
"2026-06-22","US0082528359","008252835","AMG","AMG","AFFILIATED MANAGERS GROUP INC.","Financial Institutions","527335.0","526054.0","-1281.0","0.0006","0.0006","0.0","14.91","-19099.71","SELL","4","AMG",321727,0.0,25.0,-40.36,0.0
"2026-06-22","US8964427046","896442704","TRIN","TRIN","TRINITY CAPITAL INC","Financial Institutions","307385.0","306629.0","-756.0","0.0006","0.0006","0.0","25.2","-19051.2","SELL","4","TRIN",1057381,0.0,25.0,0.8,0.0
"2026-06-22","US26817Q8785","26817Q878","DX-C","DX","DYNEX CAPITAL INC","Financial Institutions","298938.0","298203.0","-735.0","0.0006","0.0006","0.0","25.91","-19043.85","SELL","4","DX-PC",7851,0.1,25.0,3.64,0.0
"2026-06-22","US8964426055","896442605","TRIN","TRIN","TRINITY CAPITAL INC","Financial Institutions","314335.0","313579.0","-756.0","0.0006","0.0006","0.0","25.15","-19013.4","SELL","4","TRIN",1057381,0.0,25.0,0.6,0.0
"2026-06-22","US75574U8383","75574U838","RC","RC","READY CAPITAL CORP","Financial Institutions","348634.0","347794.0","-840.0","0.0006","0.0006","0.0","22.63","-19009.2","SELL","4","RC",1719595,0.0,25.0,-9.48,0.0
"2026-06-22","US0259328724","025932872","AFG","AFG","AMERICAN FINANCIAL GROUP INC","Financial Institutions","395357.0","394391.0","-966.0","0.0006","0.0006","0.0","19.63","-18962.58","SELL","4","AFG",442207,0.0,25.0,-21.48,0.0
"2026-06-22","US8660826053","866082605","INN-E","INN","SUMMIT HOTEL PROPERTIES INC","Financial Institutions","428991.0","427941.0","-1050.0","0.0006","0.0006","0.0","18.05","-18952.5","SELL","4","INN-PE",8233,0.1,25.0,-27.8,2.78
"2026-06-22","US64944P3073","64944P307","FLG","NYCB","NEW YORK COMMUNITY CAPITAL TRUST V","Financial Institutions","191149.0","190687.0","-462.0","0.0006","0.0006","0.0","40.95","-18918.9","SELL","4","FLG",4016800,0.0,25.0,63.8,0.0
"2026-06-22","BMG162491499","-","BPY-A-1","BPY","BROOKFIELD PROPERTY PARTNERS LP","Industrial","493453.0","492256.0","-1197.0","0.0006","0.0006","0.0","15.6","-18673.2","SELL","4","","","",25.0,-37.6,""
"2026-06-22","US6475513080","647551308","NMFC","NMFC","NEW MOUNTAIN FINANCE CORP","Financial Institutions","303015.0","302280.0","-735.0","0.0006","0.0006","0.0","25.3","-18595.5","SELL","4","NMFC",498876,0.0,25.0,1.2,0.0
"2026-06-22","US20786W5031","20786W503","CNOB-A","CNOB","CONNECTONE BANCORP INC","Financial Institutions","302926.0","302191.0","-735.0","0.0006","0.0006","0.0","25.0","-18375.0","SELL","4","","","",25.0,0.0,""
"2026-06-22","US26884U3077","26884U307","EPR-E","EPR","EPR PROPERTIES","Financial Institutions","230978.0","230411.0","-567.0","0.0006","0.0006","0.0","32.4","-18370.8","SELL","4","EPR-PE",3459,0.2,25.0,29.6,0.0
"2026-06-22","US2635343070","263534307","CTVA","CTVA","E I DU PONT DE NEMOURS AND CO","Industrial","110108.0","109835.0","-273.0","0.0006","0.0006","0.0","67.12","-18323.76","SELL","4","CTVA",3724833,0.0,25.0,168.48,0.0
"2026-06-22","US02665T8760","02665T876","AMH-G","AMH","AMERICAN HOMES 4 RENT","Financial Institutions","308319.0","307563.0","-756.0","0.0006","0.0006","0.0","24.04","-18174.24","SELL","4","AMH-PG",3640,0.2,25.0,-3.84,0.77
"2026-06-22","BMG162582313","-","BEPUCN","BEPUCN","BROOKFIELD RENEWABLE PARTNERS LP","Utility","538225.0","537175.0","-1050.0","0.0007","0.0007","0.0","17.3","-18165.0","SELL","4","","","",25.0,-30.8,""
"2026-06-22","US9197942066","919794206","VLY-A","VLY","VALLEY NATIONAL BANCORP","Financial Institutions","303020.0","302285.0","-735.0","0.0006","0.0006","0.0","24.66","-18125.1","SELL","4","","","",25.0,-1.36,""
"2026-06-22","US68003D2045","68003D204","ONB-A","ONB","OLD NATIONAL BANCORP","Financial Institutions","289510.0","288796.0","-714.0","0.0005","0.0005","0.0","24.93","-17800.02","SELL","4","","","",25.0,-0.28,""
"2026-06-22","US0605055914","060505591","BAC","BAC","BANK OF AMERICA DEPOSITORY SHARES","Financial Institutions","363113.0","362231.0","-882.0","0.0005","0.0005","0.0","19.96","-17604.72","SELL","4","BAC",36334098,0.0,25.0,-20.16,0.0
"2026-06-22","US7588498896","758849889","REG-A","REG","REGENCY CENTERS SERIES A CUMULAT","Financial Institutions","308317.0","307561.0","-756.0","0.0005","0.0005","0.0","23.26","-17584.56","SELL","4","","","",25.0,-6.96,""
"2026-06-22","US64828T3005","64828T300","RITM-A","RITM","NEW RESIDENTIAL INVESTMENT CORP","Financial Institutions","282188.0","281495.0","-693.0","0.0005","0.0005","0.0","25.33","-17553.69","SELL","4","RITM-PA",11368,0.1,25.0,1.32,0.0
"2026-06-22","US70931T8062","70931T806","PMT","PMT","PENNYMAC MORTGAGE INVESTMENT TRUST","Financial Institutions","281476.0","280783.0","-693.0","0.0005","0.0005","0.0","25.07","-17373.51","SELL","4","PMT",994209,0.0,25.0,0.28,0.0
"2026-06-22","US02665T8687","02665T868","AMH-H","AMH","AMERICAN HOMES 4 RENT","Financial Institutions","308317.0","307561.0","-756.0","0.0005","0.0005","0.0","22.96","-17357.76","SELL","4","AMH-PH",6518,0.1,25.0,-8.16,0.82
"2026-06-22","US3205178656","320517865","FHN-F","FHN","FIRST HORIZON CORP (TENNESSEE)","Financial Institutions","402101.0","401114.0","-987.0","0.0005","0.0005","0.0","17.4","-17173.8","SELL","4","FHN-PF",6355,0.2,25.0,-30.4,6.08
"2026-06-22","US70931T3014","70931T301","PMT-A","PMT","PENNYMAC MORTGAGE INVESTMENT TRUST","Financial Institutions","308319.0","307563.0","-756.0","0.0005","0.0005","0.0","22.35","-16896.6","SELL","4","PMT-PA",7336,0.1,25.0,-10.6,1.06
"2026-06-22","US7588498714","758849871","REG-B","REG","REGENCY CENTERS SERIES B CUMULAT","Financial Institutions","308323.0","307567.0","-756.0","0.0005","0.0005","0.0","22.21","-16790.76","SELL","4","","","",25.0,-11.16,""
"2026-06-22","US80349A8027","80349A802","SAR","SAR","SARATOGA INVESTMENT CORP","Financial Institutions","277502.0","276830.0","-672.0","0.0005","0.0005","0.0","24.98","-16786.56","SELL","4","SAR",92905,0.0,25.0,-0.08,0.0
"2026-06-22","US28852N4060","28852N406","EFC-C","EFC","ELLINGTON FINANCIAL INC","Financial Institutions","268154.0","267503.0","-651.0","0.0005","0.0005","0.0","25.57","-16646.07","SELL","4","EFC-PC",968,0.7,25.0,2.28,0.0
"2026-06-22","US3793784097","379378409","GNL-B","GNL","GLOBAL NET LEASE INC","Financial Institutions","314880.0","314124.0","-756.0","0.0005","0.0005","0.0","21.94","-16586.64","SELL","4","GNL-PB",5172,0.1,25.0,-12.24,1.22
"2026-06-22","US00489Q3002","00489Q300","ACR-D","ACR","ACRES COMMERCIAL REALTY CORP","Financial Institutions","302149.0","301414.0","-735.0","0.0005","0.0005","0.0","22.43","-16486.05","SELL","4","ACR-PD",3049,0.2,25.0,-10.28,2.06
"2026-06-22","US73317H2067","73317H206","BPOP","BPOP","POPULAR CAPITAL TRUST II","Financial Institutions","270961.0","270310.0","-651.0","0.0005","0.0005","0.0","25.23","-16424.73","SELL","4","BPOP",444889,0.0,25.0,0.92,0.0
"2026-06-22","US22948Q2003","22948Q200","CTO-A","CTO","CTO REALTY GROWTH INC","Financial Institutions","315931.0","315154.0","-777.0","0.0005","0.0005","0.0","21.12","-16410.24","SELL","4","CTO-PA",5401,0.1,25.0,-15.52,1.55
"2026-06-22","US2298993070","229899307","CFR-B","CFR","CULLEN FROST BANKERS DRC INC","Financial Institutions","402101.0","401114.0","-987.0","0.0005","0.0005","0.0","16.47","-16255.89","SELL","4","CFR-PB",10839,0.1,25.0,-34.12,3.41
"2026-06-22","US8043958797","804395879","BFS-E","BFS","SAUL CENTERS INC","Financial Institutions","295031.0","294317.0","-714.0","0.0005","0.0005","0.0","22.7","-16207.8","SELL","4","BFS-PE",4986,0.1,25.0,-9.2,0.92
"2026-06-22","US0259328070","025932807","AFG","AFG","AMERICAN FINANCIAL GROUP INC","Financial Institutions","328830.0","328032.0","-798.0","0.0005","0.0005","0.0","20.29","-16191.42","SELL","4","AFG",442208,0.0,25.0,-18.84,0.0
"2026-06-22","US74460W4877","74460W487","PSA-O","PSA","PUBLIC STORAGE","Financial Institutions","441116.0","440045.0","-1071.0","0.0005","0.0005","0.0","15.03","-16097.13","SELL","4","PSA-PO",23066,0.0,25.0,-39.88,0.0
"2026-06-22","US53803X4025","53803X402","LOB-A","LOB","LIVE OAK BANCSHARES INC","Financial Institutions","262923.0","262293.0","-630.0","0.0005","0.0005","0.0","25.32","-15951.6","SELL","4","LOB-PA",12100,0.1,25.0,1.28,0.0
"2026-06-22","US7580758578","758075857","RWT","RWT","REDWOOD TRUST INC","Financial Institutions","268136.0","267485.0","-651.0","0.0005","0.0005","0.0","24.21","-15760.71","SELL","4","RWT",1011663,0.0,25.0,-3.16,0.0
"2026-06-22","US16208T2015","16208T201","CLDT-A","CLDT","CHATHAM LODGING TRUST","Financial Institutions","321826.0","321049.0","-777.0","0.0005","0.0005","0.0","20.18","-15679.86","SELL","4","CLDT-PA",29474,0.0,25.0,-19.28,0.0
"2026-06-22","US20451Q2030","20451Q203","CODI-A","CODI","COMPASS DIVERSIFIED HOLDINGS","Financial Institutions","307011.0","306255.0","-756.0","0.0005","0.0005","0.0","20.72","-15664.32","SELL","4","CODI-PA",4561,0.2,25.0,-17.12,3.42
"2026-06-22","US9197943056","919794305","VLY-B","VLY","VALLEY NATL NON CUM PERP PREF SERI","Financial Institutions","262834.0","262204.0","-630.0","0.0005","0.0005","0.0","24.72","-15573.6","SELL","4","","","",25.0,-1.12,""
"2026-06-22","US25432X2018","25432X201","DCOM","DCOM","DIME COMMUNITY BANCSHARES CUMULATI","Financial Institutions","348067.0","347227.0","-840.0","0.0005","0.0005","0.0","17.99","-15111.6","SELL","4","DCOM",279077,0.0,25.0,-28.04,0.0
"2026-06-22","US3131488278","313148827","AGMPP","FAMCA","FEDERAL AGRIC MTG NON CUMULATIVE P","Agency","262617.0","261987.0","-630.0","0.0005","0.0005","0.0","23.75","-14962.5","SELL","4","","","",25.0,-5.0,""
"2026-06-22","US29364P1030","29364P103","ETR","ETR","ENTERGY NEW ORLEANS INC","Utility","288922.0","288229.0","-693.0","0.0005","0.0005","0.0","21.57","-14948.01","SELL","4","ETR",4033398,0.0,25.0,-13.72,0.0
"2026-06-22","US6943082064","694308206","PCG-A","PCG","PACIFIC GAS & ELEC CO","Utility","276335.0","275663.0","-672.0","0.0005","0.0005","0.0","21.98","-14770.56","SELL","4","PCG-PA",5252,0.1,25.0,-12.08,1.21
"2026-06-22","US5290433094","529043309","LXP-C","LXP","LXP INDUSTRIAL TRUST","Financial Institutions","129750.0","129435.0","-315.0","0.0004","0.0005","0.0001","46.33","-14593.95","SELL","4","LXP-PC",1963,0.2,25.0,85.32,0.0
"2026-06-22","US3131488435","313148843","FAMCA","FAMCA","FEDERAL AGRICULTURAL MORTGAGE CORP","Agency","314746.0","313990.0","-756.0","0.0004","0.0005","0.0001","19.14","-14469.84","SELL","4","","","",25.0,-23.44,""
"2026-06-22","US3131488351","313148835","FAMCA","FAMCA","FEDERAL AGRICULTURAL MORTGAGE NO","Agency","327576.0","326778.0","-798.0","0.0004","0.0004","0.0","17.8","-14204.4","SELL","4","","","",25.0,-28.8,""
"2026-06-22","US74348T5653","74348T565","PSEC-A","PSEC","PROSPECT CAPITAL CORP","Financial Institutions","344070.0","343230.0","-840.0","0.0004","0.0004","0.0","16.52","-13876.8","SELL","4","PSEC-PA",6660,0.1,25.0,-33.92,3.39
"2026-06-22","US74460W4463","74460W446","PSA-Q","PSA","PUBLIC STORAGE","Financial Institutions","370820.0","369917.0","-903.0","0.0004","0.0004","0.0","15.2","-13725.6","SELL","4","PSA-PQ",13253,0.1,25.0,-39.2,3.92
"2026-06-22","US3131488682","313148868","FAMCA","FAMCA","FEDERAL AGRICULTURAL MORTGAGE CORP","Agency","261631.0","261001.0","-630.0","0.0004","0.0004","0.0","21.36","-13456.8","SELL","4","","","",25.0,-14.56,""
"2026-06-22","US00489Q2012","00489Q201","ACR-C","ACR","ACRES COMMERCIAL REALTY .625 FIXED","Financial Institutions","323725.0","323200.0","-525.0","0.0006","0.0006","0.0","25.32","-13293.0","SELL","4","ACR-PC",7091,0.1,25.0,1.28,0.0
"2026-06-22","US0454874027","045487402","ASB-F","ASB","ASSOCIATED BANC DEPOSITARY SHARES","Financial Institutions","268163.0","267512.0","-651.0","0.0004","0.0004","0.0","20.35","-13247.85","SELL","4","ASB-PF",5016,0.1,25.0,-18.6,1.86
"2026-06-22","US55272X7066","55272X706","MFA","MFA","MFA FINANCIAL INC","Financial Institutions","309850.0","309325.0","-525.0","0.0006","0.0006","0.0","25.2","-13230.0","SELL","4","MFA",1377628,0.0,25.0,0.8,0.0
"2026-06-22","US16934Q8693","16934Q869","CIM","CIM","CHIMERA INVESTMENT CORP","Financial Institutions","323539.0","323014.0","-525.0","0.0006","0.0006","0.0","25.15","-13203.75","SELL","4","CIM",567932,0.0,25.0,0.6,0.0
"2026-06-22","US3765468596","376546859","GAIN","GAIN","GLADSTONE INVESTMENT CORP","Financial Institutions","263525.0","263000.0","-525.0","0.0005","0.0005","0.0","25.02","-13135.5","SELL","4","GAIN",349827,0.0,25.0,0.08,0.0
"2026-06-22","US14040H7742","14040H774","COF-K","COF","CAPITAL ONE FINANCIAL CORPORATION","Financial Institutions","316672.0","315895.0","-777.0","0.0004","0.0004","0.0","16.76","-13022.52","SELL","4","COF-PK",15759,0.0,25.0,-32.96,0.0
"2026-06-22","US80349A8514","80349A851","SAR","SAR","SARATOGA INVESTMENT CORP","Financial Institutions","263850.0","263325.0","-525.0","0.0005","0.0005","0.0","24.76","-12999.0","SELL","4","SAR",92905,0.0,25.0,-0.96,0.0
"2026-06-22","US78163D4079","78163D407","RWAY","RWAY","RUNWAY GROWTH FINANCE","Financial Institutions","263775.0","263250.0","-525.0","0.0005","0.0005","0.0","24.48","-12852.0","SELL","4","RWAY",682100,0.0,25.0,-2.08,0.0
"2026-06-22","US0454872047","045487204","ASB-E","ASB","ASSOCIATED BANC-CORP","Financial Institutions","268136.0","267485.0","-651.0","0.0004","0.0004","0.0","19.51","-12701.01","SELL","4","ASB-PE",4603,0.1,25.0,-21.96,2.2
"2026-06-22","US9116847024","911684702","UZA","AD","UNITED STATES CELLULAR CORPORATION","Industrial","276906.0","276234.0","-672.0","0.0004","0.0004","0.0","18.68","-12552.96","SELL","4","","","",25.0,-25.28,""
"2026-06-22","US56029Q4082","56029Q408","MHLD","MHLD","MAIDEN HOLDINGS NORTH AMERICA LTD","Financial Institutions","398571.0","397605.0","-966.0","0.0004","0.0004","0.0","12.25","-11833.5","SELL","4","","","",25.0,-51.0,""
"2026-06-22","US8678928040","867892804","SHO-H","SHO","SUNSTONE HOTEL INVESTORS INC","Financial Institutions","300325.0","299800.0","-525.0","0.0005","0.0005","0.0","21.85","-11471.25","SELL","4","SHO-PH",18128,0.0,25.0,-12.6,0.0
"2026-06-22","US9116848840","911684884","UZC","AD","UNITED STATES CELLULAR CORPORATION","Industrial","272595.0","271923.0","-672.0","0.0003","0.0003","0.0","16.85","-11323.2","SELL","4","","","",25.0,-32.6,""
"2026-06-22","US8660827044","866082704","INN-F","INN","SUMMIT HOTEL PROPERTIES INC","Financial Institutions","268163.0","267512.0","-651.0","0.0003","0.0003","0.0","16.74","-10897.74","SELL","4","INN-PF",15243,0.0,25.0,-33.04,0.0
"2026-06-22","US75574U8870","75574U887","RC-E","RC","READY CAPITAL CORP","Financial Institutions","308281.0","307525.0","-756.0","0.0003","0.0003","0.0","12.37","-9351.72","SELL","4","RC-PE",5991,0.1,25.0,-50.52,5.05
"2026-06-22","US5602923022","560292302","MHLD","MHLD","MAIDEN HOLDINGS LTD","Financial Institutions","284099.0","283406.0","-693.0","0.0002","0.0002","0.0","11.36","-7872.48","SELL","4","","","",25.0,-54.56,""
"2026-06-22","US10482B2007","10482B200","BHR-B","BHR","BRAEMAR HOTEL & RESORTS INC","Financial Institutions","206366.0","205862.0","-504.0","0.0002","0.0002","0.0","14.32","-7217.28","SELL","4","BHR-PB",8644,0.1,25.0,-42.72,4.27
"2026-06-22","US5835432023","583543202","SLNH-A","SLNH","SOLUNA HOLDINGS INC","Industrial","322713.0","322188.0","-525.0","0.0003","0.0003","0.0","11.03","-5790.75","SELL","4","","","",25.0,-55.88,""
"2026-06-22","US5341878859","534187885","LNC-D","LNC","LINCOLN NATIONAL CORPORATION","Financial Institutions","1362035.0","1362035.0","0.0","0.0027","0.0027","0.0","26.19","0.0","UNCHANGED","4","","","","","",""
"2026-06-22","US3765493099","376549309","LAND-B","LAND","GLADSTONE LAND CORP","Financial Institutions","393650.0","393650.0","0.0","0.0006","0.0006","0.0","20.25","0.0","UNCHANGED","4","","","","","",""
"2026-06-22","US70509V6056","70509V605","PEB-E","PEB","PEBBLEBROOK HOTEL TRUST","Financial Institutions","286558.0","286558.0","0.0","0.0004","0.0004","0.0","20.31","0.0","UNCHANGED","4","","","","","",""
"2026-06-22","US70509V8037","70509V803","PEB-G","PEB","PEBBLEBROOK HOTEL TRUST","Financial Institutions","610576.0","610576.0","0.0","0.0009","0.0009","0.0","20.49","0.0","UNCHANGED","4","","","","","",""
"2026-06-22","US04911A2069","04911A206","AUB-A","AUB","ATLANTIC UNION BANKSHARES CORP","Financial Institutions","463546.0","463546.0","0.0","0.0009","0.0009","0.0","24.73","0.0","UNCHANGED","4","","","","","",""
"2026-06-22","US74913G8814","74913G881","CTL","CTL","QWEST CORP","Industrial","2691284.0","2691284.0","0.0","0.0037","0.0036","-0.0001","17.91","0.0","UNCHANGED","4","","","","","",""
"2026-06-22","US30190A2033","30190A203","FG","FG","F&G ANNUITIES & LIFE INC","Financial Institutions","932154.0","932154.0","0.0","0.0017","0.0017","0.0","24.34","0.0","UNCHANGED","4","","","","","",""
"2026-06-22","US12621E3018","12621E301","CNO","CNO","CNO FINANCIAL GROUP INC","Financial Institutions","403041.0","403041.0","0.0","0.0005","0.0005","0.0","16.33","0.0","UNCHANGED","4","","","","","",""
"2026-06-22","US05990K8412","05990K841","BANC-F","BANC","BANC OF CALIFORNIA INC","Financial Institutions","1379494.0","1379494.0","0.0","0.0026","0.0026","0.0","25.2","0.0","UNCHANGED","4","","","","","",""
"2026-06-22","US0389238686","038923868","ABR-E","ABR","ARBOR REALTY TRUST INC","Financial Institutions","385742.0","385742.0","0.0","0.0005","0.0005","0.0","16.01","0.0","UNCHANGED","4","","","","","",""
"2026-06-22","US30190A6091","30190A609","FG","FG","F&G ANNUITIES & LIFE INC","Financial Institutions","1012645.0","1012645.0","0.0","0.0016","0.0016","0.0","21.23","0.0","UNCHANGED","4","","","","","",""
"2026-06-22","US29452E2000","29452E200","EQH-A","EQH","EQUITABLE HLDNGS DRC REPRESENTING","Financial Institutions","2172281.0","2172281.0","0.0","0.0032","0.0032","0.0","19.51","0.0","UNCHANGED","4","","","","","",""
"2026-06-22","US4884013081","488401308","KMPR","KMPR","KEMPER CORP","Financial Institutions","396996.0","396996.0","0.0","0.0007","0.0007","0.0","23.9","0.0","UNCHANGED","4","","","","","",""
"2026-06-22","US17259U4022","17259U402","CION","CICC","CION INVESTMENT NOTES DUE CORP","Financial Institutions","337169.0","337169.0","0.0","0.0006","0.0006","0.0","24.73","0.0","UNCHANGED","4","","","","","",""
"2026-06-22","US75968N3098","75968N309","RNR-F","RNR","RENAISSANCERE HOLDINGS LTD","Financial Institutions","681600.0","681600.0","0.0","0.0011","0.0011","0.0","21.11","0.0","UNCHANGED","4","","","","","",""
"2026-06-22","US29452E4089","29452E408","EQH-C","EQH","EQUITABLE HOLDINGS INC","Financial Institutions","811206.0","811206.0","0.0","0.001","0.001","0.0","16.31","0.0","UNCHANGED","4","","","","","",""
"2026-06-22","US04621X3061","04621X306","AIZ","AIZ","ASSURANT INC","Financial Institutions","671135.0","671135.0","0.0","0.0009","0.001","0.0001","18.93","0.0","UNCHANGED","4","","","","","",""
"2026-06-22","US34988VAF31","34988VAF3","FOSL","FOSL","FOSSIL GROUP INC","Industrial","1174925.0","1174925.0","0.0","0.0001","0.0001","0.0","73.55","0.0","UNCHANGED","4","","","","","",""
"2026-06-22","US9388243076","938824307","WAFD-A","WAFD","WASHINGTON FEDERAL INC","Financial Institutions","813970.0","813970.0","0.0","0.001","0.001","0.0","16.58","0.0","UNCHANGED","4","","","","","",""
"2026-06-22","US3602713089","360271308","FULT-A","FULT","FULTON FINANCIAL CORPORATION","Financial Institutions","540817.0","540817.0","0.0","0.0007","0.0007","0.0","18.28","0.0","UNCHANGED","4","","","","","",""
"2026-06-22","US70509V8862","70509V886","PEB-H","PEB","PEBBLEBROOK HOTEL TRUST","Financial Institutions","525897.0","525897.0","0.0","0.0007","0.0007","0.0","18.6","0.0","UNCHANGED","4","","","","","",""
"2026-06-22","US05461T3059","05461T305","AXS-E","AXS","AXIS CAPITAL HOLDINGS LTD","Financial Institutions","1498256.0","1498256.0","0.0","0.0022","0.0022","0.0","19.36","0.0","UNCHANGED","4","","","","","",""
"2026-06-22","US46817M2061","46817M206","JXN","JXN","JACKSON FINANCIAL INC","Financial Institutions","1498271.0","1498271.0","0.0","0.0029","0.0029","0.0","26.03","0.0","UNCHANGED","4","","","","","",""
"2026-06-22","US0389238769","038923876","ABR-D","ABR","ARBOR REALTY TRUST INC","Financial Institutions","622146.0","622146.0","0.0","0.0008","0.0008","0.0","16.13","0.0","UNCHANGED","4","","","","","",""
"2026-06-22","US06417N2027","06417N202","OZK-A","OZK","BANK OZK","Financial Institutions","951046.0","951046.0","0.0","0.0011","0.0012","0.0001","16.14","0.0","UNCHANGED","4","","","","","",""
"2026-06-22","US78442P5026","78442P502","SLM-B","SLM","SLM CORP","Financial Institutions","170236.0","170236.0","0.0","0.001","0.001","0.0","75.07","0.0","UNCHANGED","4","","","","","",""
"2026-06-22","BMG7498P1279","-","RNR-G","RNR","RENAISSANCERE HOLDINGS LTD","Financial Institutions","1362026.0","1362026.0","0.0","0.0015","0.0015","0.0","15.09","0.0","UNCHANGED","4","","","","","",""
"2026-06-22","US0625452075","062545207","BOH-A","BOH","BANK OF HAWAII CORP","Financial Institutions","484757.0","484757.0","0.0","0.0006","0.0006","0.0","15.77","0.0","UNCHANGED","4","","","","","",""
"2026-06-22","US74913G8731","74913G873","CTL","CTL","QWEST CORP","Industrial","1818042.0","1818042.0","0.0","0.0025","0.0025","0.0","18.24","0.0","UNCHANGED","4","","","","","",""
"2026-06-22","US7244795065","724479506","PBI","PBI","PITNEY BOWES INC","Industrial","950906.0","950906.0","0.0","0.0015","0.0015","0.0","20.45","0.0","UNCHANGED","4","","","","","",""
"2026-06-22","US0389238504","038923850","ABR-F","ABR","ARBOR REALTY TRUST INC","Financial Institutions","771292.0","771292.0","0.0","0.0013","0.0013","0.0","22.89","0.0","UNCHANGED","4","","","","","",""
"2026-06-22","US9508108878","950810887","WSBC-B","WSBC","WESBANCO INC","Financial Institutions","612930.0","612930.0","0.0","0.0012","0.0012","0.0","25.43","0.0","UNCHANGED","4","","","","","",""
"2026-06-22","US70509V7047","70509V704","PEB-F","PEB","PEBBLEBROOK HOTEL TRUST","Financial Institutions","395764.0","395764.0","0.0","0.0006","0.0006","0.0","20.38","0.0","UNCHANGED","4","","","","","",""
"2026-06-22","US0625403078","062540307","BOH","BOH","BANK OF HAWAII CORP","Financial Institutions","447100.0","447100.0","0.0","0.0009","0.0009","0.0","26.2","0.0","UNCHANGED","4","","","","","",""
